user_id,item_1,item_2,item_3,item_4,item_5,item_6,item_7,item_8,item_9,item_10,item_11,item_12,item_13,item_14,item_15,item_16,item_17,item_18,item_19,item_20,item_21,item_22,item_23,item_24,item_25,item_26,item_27,item_28,item_29,item_30,item_31,item_32,item_33,item_34,item_35,item_36,item_37,item_38,item_39,item_40,item_41,item_42,item_43,item_44,item_45,item_46,item_47,item_48,item_49,item_50
837,1176,1161,437,804,108,329,61,305,1162,136,434,1014,790,327,669,1119,996,319,448,1067,83,618,644,4,697,752,657,1295,438,526,384,87,981,1318,453,227,951,518,1145,234,653,299,971,95,427,1044,599,425,433,1226
1188,1177,496,233,1247,857,170,825,57,1156,862,841,1217,845,1223,331,596,262,581,566,803,799,1236,582,574,758,585,1246,60,522,1241,321,541,840,312,302,1239,792,1131,579,906,940,290,1263,944,1205,798,1128,1258,208,970
992,139,590,398,276,416,1,403,438,1211,532,1045,535,974,563,410,441,14,1173,9,531,24,1022,1031,402,1175,585,411,1204,1202,641,319,611,386,1292,279,678,224,669,1172,1312,415,389,801,1020,32,613,118,16,470,543
458,415,472,544,532,805,705,1341,491,507,9,233,730,1051,393,1315,274,364,172,616,785,469,445,714,276,553,403,1204,470,389,126,1342,487,564,1300,465,518,649,1059,438,429,1344,383,648,1008,1094,994,234,804,919,687
250,445,425,459,1052,1320,93,994,4,1041,406,1038,87,509,977,24,138,1026,417,258,468,700,800,1313,620,805,982,965,119,1007,25,159,538,281,429,270,980,447,350,315,975,599,23,180,440,1322,140,1023,381,463,649
657,1041,936,529,1120,139,79,1316,1163,911,1036,67,1096,50,934,967,1093,1016,958,964,878,1198,862,1202,535,1187,1221,1056,152,1053,402,950,933,525,403,320,912,154,1310,409,438,1226,1013,15,860,712,130,1012,968,304,891
865,1004,267,230,655,1175,149,1174,1096,225,245,460,1041,279,1076,435,683,1233,273,720,153,1073,350,684,567,634,1048,17,1027,315,996,258,1308,729,1194,253,272,1067,977,5,137,980,254,526,657,793,1343,77,1017,252,1140
142,1204,518,315,968,447,544,687,1292,472,1304,491,400,667,270,1318,965,514,416,1316,700,397,531,411,25,697,617,24,399,387,386,92,1173,1300,440,393,87,390,1202,532,378,998,110,451,1321,146,429,516,1291,507,438
902,616,1313,1052,1292,445,117,965,385,977,16,397,447,697,425,687,613,976,919,430,442,126,24,32,459,636,17,0,440,30,20,1194,258,1321,1020,380,1324,649,270,77,701,1286,141,1019,805,1311,996,143,994,427,518
506,487,910,916,921,908,586,503,552,1058,801,732,920,1143,968,998,907,1,58,970,1155,1140,923,498,774,583,1120,472,86,196,766,392,1345,1050,1310,287,566,189,1233,1014,302,1102,3,67,557,1241,570,1113,775,1259,802
823,357,530,57,66,1247,865,862,69,1205,834,879,790,1179,1275,861,376,841,61,775,754,1235,1158,817,860,928,842,372,304,873,823,1177,846,764,1240,371,90,1365,1267,282,600,1261,815,1262,179,840,578,1216,324,1023,492
339,425,687,406,965,143,258,1041,20,447,518,977,1019,28,385,470,350,430,1018,16,613,403,616,1046,968,9,93,261,140,516,142,77,1044,0,440,997,1320,703,459,1045,617,1023,976,725,427,1005,1026,468,1202,442,454
86,383,1014,472,552,233,998,653,801,1099,780,862,524,910,146,491,1031,804,60,758,50,1105,678,766,22,416,324,637,92,405,214,824,1318,1315,271,641,489,987,219,400,1236,1145,234,583,1288,202,577,1242,584,87,1141
1073,1168,715,678,1022,389,827,552,261,438,544,133,1176,815,1162,825,383,641,841,783,1312,585,331,565,139,276,1031,319,705,1247,1319,419,433,845,551,1014,22,1246,18,553,1174,805,1311,431,531,757,758,611,1177,1359,294
137,687,649,977,425,1204,1300,445,1041,1161,16,142,532,518,409,1202,1052,116,1026,77,459,34,617,381,996,991,706,1316,385,679,510,800,417,258,533,454,143,1313,140,0,1311,28,30,380,1194,509,1320,1013,1007,1019,118
1049,1259,1249,637,1271,1056,570,646,585,775,824,607,552,1236,276,393,1022,780,566,835,823,458,839,72,563,197,304,1248,92,970,854,1238,194,596,1176,1239,60,832,771,774,1258,609,1277,1190,181,827,1059,341,795,584,302
899,1175,1022,1140,276,1173,827,1340,864,1154,416,1226,724,275,620,646,1092,203,1036,310,60,1162,998,198,1058,1239,1014,741,780,434,1106,1242,1261,852,1118,316,438,1,1168,1023,399,319,585,561,1202,968,1191,532,829,862,1053
120,4,929,1295,1318,416,92,20,1176,91,15,1174,411,1014,653,544,1171,1168,1051,400,996,270,432,315,403,434,415,398,1226,1022,433,25,620,986,319,489,46,144,83,90,951,678,294,453,233,58,111,389,386,1316,455
206,445,385,406,425,1041,454,800,616,1026,350,447,1313,16,252,997,613,977,93,1052,976,141,518,1292,143,628,982,378,1324,380,258,1046,459,516,1194,1049,430,77,1204,1202,142,768,403,1293,509,268,394,1013,634,28,149
940,1204,687,425,1025,385,468,459,274,397,636,143,954,1062,986,689,9,417,440,20,1038,141,1026,463,991,1050,1052,21,447,599,1311,976,1175,1320,1007,470,628,951,1023,1063,1090,439,292,990,973,1202,43,37,387,429,1092
684,1321,261,254,1041,800,703,701,445,406,655,350,252,149,687,28,430,260,1345,706,918,616,412,628,435,1175,253,403,1165,518,93,1327,1061,768,1052,613,459,1202,148,449,1091,1296,532,991,442,691,1293,752,679,976,35
114,279,766,1129,1058,172,752,271,496,447,329,1276,1344,994,756,50,543,434,196,826,1190,233,951,1311,828,687,431,1131,753,491,281,916,391,287,506,424,1258,742,567,410,1014,1187,1015,1096,384,1154,440,1206,43,1105,1205
299,425,687,1046,24,628,253,1041,412,1019,1052,149,518,136,252,261,1038,703,350,973,93,800,442,1026,433,327,459,397,447,991,617,385,417,532,406,427,1204,634,1324,784,614,616,1194,509,994,1023,976,691,429,620,977
400,149,1327,425,424,1127,628,980,1050,239,1328,975,153,426,116,897,569,971,158,148,742,489,271,261,421,724,1237,1149,674,314,1148,1026,382,1009,626,1080,136,1068,1343,991,33,687,448,1027,540,824,436,572,1058,26,52
424,1202,514,689,423,146,1051,1226,1315,1176,468,147,617,528,752,383,167,1171,693,1174,1007,1210,993,151,138,984,1336,599,972,158,714,164,1300,1038,257,681,165,996,1068,36,516,144,91,1168,1032,654,634,660,618,971,539
726,741,1259,1366,290,923,1143,197,845,504,842,729,835,836,803,887,1153,585,603,1141,1248,1225,862,641,844,238,758,524,1105,1181,1277,539,279,581,50,1306,606,1067,308,278,274,786,203,356,837,623,1219,853,1249,970,875
201,425,445,1041,532,634,687,616,518,255,1204,1311,430,24,1292,38,1018,77,439,1052,985,258,28,1296,380,250,11,680,261,1327,138,507,1091,1173,274,997,1019,784,143,389,636,509,406,220,613,387,472,1020,1201,470,655
1095,411,143,732,425,445,142,92,383,403,700,994,1315,25,379,145,729,1204,784,518,393,691,430,805,1019,687,385,1201,1041,391,261,24,1148,1023,557,30,1044,110,616,1314,4,570,386,1320,426,94,412,968,180,1202,451
243,495,469,400,805,766,1316,576,152,1336,401,993,684,655,158,50,1354,1048,274,653,302,732,14,712,487,694,1120,954,729,464,860,698,172,1099,1168,1173,294,503,392,1172,256,514,1134,1050,556,1344,1115,319,1318,533,1022
1213,425,691,538,620,140,258,385,4,986,687,800,180,613,713,390,383,703,268,980,20,679,1023,628,1311,220,260,350,636,784,991,1324,459,219,44,416,805,641,24,666,1038,21,662,378,380,992,1288,141,433,1161,427
238,683,706,1328,270,691,784,1041,516,1202,459,165,116,464,655,1013,1089,41,139,274,35,148,518,1140,425,1306,975,919,1300,805,403,260,725,636,614,712,411,704,253,800,1340,9,1023,141,264,743,468,248,470,142,1289
1223,687,425,1038,976,1327,977,430,688,1322,143,253,1202,1175,141,768,454,385,28,975,1313,732,248,426,800,655,994,142,445,1061,720,270,17,152,93,973,1286,1328,397,149,1025,532,261,679,706,978,965,991,1052,77,1019
51,687,430,258,518,28,613,1052,1204,406,412,616,509,442,968,1311,141,447,261,1041,994,636,397,1324,459,403,703,1038,1018,427,35,143,977,17,614,800,1293,1313,965,544,140,617,514,976,77,538,93,260,350,680,720
900,1204,459,1052,1038,613,994,1292,387,430,1026,616,258,270,0,532,397,687,445,20,965,1019,470,1313,416,634,274,982,977,1321,440,649,1008,1173,544,636,315,518,447,996,455,700,411,1287,1286,454,1025,406,1293,478,968
1262,687,425,34,35,391,25,141,385,406,28,459,725,1005,977,118,399,32,234,463,9,381,20,507,518,978,1202,93,1019,1052,897,252,261,397,16,1341,613,1061,965,1050,24,972,30,997,390,138,468,992,470,435,980
1038,1141,1211,669,66,780,1246,842,1022,206,852,176,1058,1259,854,319,1247,1068,1237,290,312,566,60,1162,1371,1354,1118,761,1152,836,61,1205,1177,242,1263,1149,837,829,593,1113,841,69,864,570,299,862,223,990,52,492,931
1212,447,996,1293,417,965,687,1300,1324,258,136,1052,617,463,532,976,616,385,381,464,507,1322,994,1026,145,439,977,108,445,24,1286,454,725,116,350,516,442,440,28,1320,1038,720,425,470,148,968,468,93,472,1313,387
571,302,828,864,1211,233,852,60,780,305,826,522,769,571,1247,862,1354,860,61,1152,1238,1058,1022,1039,1259,1258,1246,592,604,312,823,585,553,299,842,1256,202,998,14,1056,1217,304,854,1113,329,1241,1174,577,861,1266,870
1297,145,454,463,1322,141,616,683,1175,356,1023,387,459,220,667,268,153,815,34,1078,273,468,1194,1324,108,1052,714,411,1313,1286,93,1318,1330,451,743,426,971,464,1295,1092,655,274,700,352,784,697,119,445,437,1099,350
1024,312,1258,1236,853,62,319,331,294,783,59,1262,1272,1022,827,127,603,863,504,951,733,1055,1277,1223,1115,862,74,1186,164,1249,575,1354,816,1255,1128,911,205,1179,326,555,604,238,595,663,166,847,1256,1014,972,1351,151
281,268,687,454,442,427,616,703,1070,919,648,387,140,700,425,159,380,1324,463,1292,1042,561,125,1313,1326,255,464,701,261,1136,141,417,1075,1344,1038,477,403,447,459,1090,91,506,445,26,667,968,108,356,488,1047,397
499,863,583,371,569,375,592,1248,1259,1244,1237,312,862,600,871,450,56,1240,504,1239,1270,770,1241,823,846,855,603,347,325,554,609,803,1219,1179,198,1209,373,70,594,362,1119,332,63,834,928,570,841,595,1261,1268,840
1127,445,425,93,1204,1076,406,397,976,447,1046,1052,1026,16,613,720,518,982,977,1327,634,385,24,994,965,1194,463,1324,28,1313,1041,538,1322,1293,440,141,1320,430,117,350,1049,261,17,426,509,1020,459,252,1042,417,616
210,1258,823,853,1248,826,60,780,329,65,819,799,583,775,864,852,63,749,859,1262,609,70,214,790,201,592,562,1277,585,948,928,289,845,619,596,61,858,1223,536,1058,1190,211,650,1242,776,855,769,832,575,524,1152
1221,93,445,687,1313,509,412,397,406,258,616,545,636,538,2,1324,977,20,800,364,691,6,138,965,140,24,1052,634,16,453,896,518,1202,985,252,628,180,688,1007,1041,260,1042,1204,225,700,617,351,1061,507,441,725
670,887,164,423,1225,570,1022,211,1246,811,1270,60,233,1354,1245,1371,689,780,1168,928,1259,818,1127,402,1372,1262,1226,1228,294,714,993,278,1068,147,1219,1144,524,862,50,836,1135,1238,73,528,1336,854,1265,778,242,312,795
766,290,609,553,495,66,151,226,827,1265,325,1246,1275,1236,592,624,603,818,862,891,1260,853,328,1341,168,604,319,911,787,742,930,329,420,1058,867,562,846,1053,522,103,201,68,92,1312,653,178,1240,1271,950,194,433
14,1204,687,447,425,616,385,784,381,1052,636,1293,412,442,459,507,649,28,994,700,406,93,470,261,411,628,613,980,430,380,1026,145,1313,976,973,1041,463,141,1018,683,427,77,968,984,997,1027,136,99,453,108,1327
390,38,274,463,380,1172,1340,41,268,149,706,164,996,33,1328,35,426,166,687,158,518,270,161,1292,613,133,533,159,381,982,37,1201,43,406,20,1071,468,507,1068,273,1194,1099,1013,1175,1139,720,1286,40,1000,439,1107
32,1050,447,1019,687,613,507,968,141,472,445,976,415,994,982,1204,258,136,9,440,16,1118,87,514,24,1286,679,532,145,703,416,91,383,1194,33,378,983,20,1099,18,544,427,634,381,409,1122,1052,93,143,25,463
1029,504,376,1265,205,946,307,949,864,1373,1248,359,371,209,873,1222,940,1178,1261,290,1247,574,849,857,74,839,847,215,54,313,500,96,1235,1366,872,1266,799,1186,887,1241,802,942,1233,306,238,787,596,846,581,1259,1263
827,853,1259,63,1258,803,1246,1277,887,775,1238,583,873,371,841,1236,205,1128,1265,928,945,290,1206,302,376,551,104,57,741,860,862,823,316,1022,296,1081,834,1219,170,574,1235,852,572,233,226,1146,987,705,867,556,827
783,585,1119,181,1225,823,1262,1179,748,74,837,103,592,1167,376,1207,1238,665,799,879,840,1265,888,847,862,54,312,202,842,808,1370,1373,870,58,371,867,1258,70,64,372,600,865,770,332,1251,207,861,877,603,179,1360
679,1127,749,706,724,1242,854,890,1,176,801,1022,26,620,322,1115,805,981,761,1094,304,398,351,1056,836,181,1012,862,60,1023,639,704,891,666,1074,1371,275,776,578,139,790,892,789,923,1336,1316,460,152,1140,778,1290
916,425,230,701,687,445,350,1007,1328,455,532,1036,1023,1041,518,143,140,447,261,778,426,1027,77,706,470,1174,1061,538,260,725,561,403,691,397,619,1154,35,1140,459,991,620,480,1008,1068,1226,703,383,41,411,271,273
881,425,975,1026,815,1204,1050,445,447,628,532,315,507,472,381,980,968,994,455,32,1008,973,680,145,441,119,732,965,725,91,453,996,1168,261,327,20,409,34,394,427,429,1173,435,1315,616,117,393,108,442,470,557
1279,1052,381,350,1041,1038,28,687,800,16,977,454,994,385,253,1327,261,516,470,1300,258,1048,532,1026,518,1310,997,445,1175,20,442,1161,703,424,636,140,406,264,1292,30,1204,1202,1061,1321,983,634,980,380,252,399,701
1281,149,1038,406,1052,380,463,28,1003,261,687,445,230,997,1286,994,350,454,77,464,1175,703,1322,620,616,468,141,93,1026,1300,268,532,1049,1202,533,1313,387,1345,1041,1070,425,140,455,252,260,1320,220,655,11,430,395
714,312,853,504,1212,1210,290,205,1228,689,1371,823,320,575,887,357,771,1273,547,745,568,1055,493,214,1141,1125,861,601,356,497,1238,1051,1097,827,168,802,316,846,376,1240,849,1135,1272,769,1265,834,498,331,522,867,63
1232,1204,628,445,1052,994,17,258,976,688,93,1320,729,636,617,16,426,1161,965,387,1007,116,447,1049,978,510,412,1018,800,973,1327,1194,679,380,385,680,720,138,1202,1026,968,732,1310,136,1294,143,397,266,406,417,442
1164,502,313,565,596,566,1190,1366,1271,1270,775,825,512,1259,595,583,1249,780,592,202,1219,1243,554,647,1239,754,571,320,828,1067,1083,201,821,551,1206,536,265,841,581,585,1177,722,312,1141,203,1277,1128,1211,1291,116,1056
313,445,617,93,412,345,687,636,447,403,557,701,800,518,538,140,1019,148,669,449,1315,225,628,453,1202,981,1076,364,784,441,1194,401,116,968,0,20,24,1007,25,6,436,558,410,678,649,438,984,545,1191,1051,688
1249,1022,1075,203,1031,327,425,133,419,102,749,1176,441,1014,769,261,676,697,620,477,1208,238,448,988,206,1158,614,68,1051,1168,633,859,826,983,571,329,864,862,714,827,832,854,799,669,523,381,971,87,405,118,585
360,149,1003,1327,41,37,624,174,148,167,153,463,9,921,350,433,93,1332,470,117,164,737,392,1086,706,138,468,630,273,268,458,449,1027,270,736,30,143,132,1299,620,912,274,916,1043,130,429,1031,661,496,1171,263
623,152,1332,1366,1168,66,411,1371,1341,811,714,532,954,832,136,1310,221,1165,1022,593,391,326,304,535,543,92,1172,669,860,275,852,133,733,853,139,1289,118,256,415,742,504,606,859,164,1306,494,380,1372,862,1066,1053
568,281,319,257,689,324,970,1235,1047,869,867,1270,495,329,1146,1266,1039,96,1261,1274,870,290,298,846,323,861,853,1212,504,929,949,917,200,714,1112,946,878,226,933,645,1222,818,802,208,1171,332,1303,255,857,172,1372
90,140,16,425,976,25,403,980,687,613,411,258,397,438,1026,429,1161,117,378,532,385,1018,416,800,454,459,32,507,691,1315,9,977,24,614,983,142,0,616,383,409,1313,143,381,1046,1061,472,442,91,412,20,1023
932,977,614,1311,1173,447,687,1310,1197,965,1293,1052,636,385,1050,144,400,443,700,649,1303,1008,457,996,675,750,1032,756,954,1201,557,1058,1320,532,968,255,534,458,990,1336,1012,982,1305,274,126,270,148,1022,1187,912,785
737,203,862,320,854,860,551,818,823,867,847,565,571,581,887,846,570,1271,1225,835,1055,1246,1270,852,290,202,827,238,871,1265,583,1211,504,64,842,1372,319,522,857,803,60,329,103,577,1191,861,761,841,840,1219,740
1313,274,1175,464,1024,1058,440,1007,167,1202,58,667,1050,152,514,852,752,447,439,469,271,805,1022,261,1056,1127,146,1041,987,400,1153,1135,1226,951,968,662,585,1152,435,278,403,1211,1105,764,1075,984,864,1320,729,1292,276
188,535,1202,487,391,389,319,402,403,364,411,1173,214,1211,559,425,394,24,1022,92,491,398,438,862,472,841,510,1031,1017,678,381,1082,968,1141,110,15,717,221,139,1075,533,159,250,434,1014,299,1023,576,400,1129,523
1159,1314,211,104,269,359,775,862,693,102,650,314,328,857,129,834,535,67,803,795,1141,568,569,1140,1119,1236,327,845,846,329,558,295,1101,867,799,62,592,1019,251,830,1206,324,1055,1076,871,790,786,66,189,319,110
603,1354,1228,1225,1156,62,860,1236,504,211,1265,778,67,575,962,1247,808,325,585,1271,799,596,1166,781,331,376,1269,375,1360,581,1277,1275,1115,852,964,179,1270,1238,842,1258,1149,1119,1219,879,861,371,874,1217,806,864,944
1200,403,37,655,491,544,1300,159,465,274,732,125,1018,617,136,464,1342,451,430,1286,394,118,478,416,532,480,968,425,487,459,703,700,230,1038,616,1129,137,997,411,389,402,305,590,24,261,1204,1091,1030,1162,386,383
452,864,852,60,835,861,1271,853,836,1247,818,320,104,585,834,1246,577,329,878,799,1262,1239,1236,371,203,66,1234,845,319,566,609,1146,964,583,1141,1022,842,570,1210,592,1225,1372,1258,61,780,705,803,1058,176,206,304
871,28,1052,703,977,406,464,997,252,687,258,1313,454,350,1026,141,1004,274,463,261,387,1038,1327,118,470,253,385,628,720,442,1041,36,140,1018,752,445,996,1292,965,35,994,425,427,429,691,159,616,447,1324,700,38
601,862,846,290,331,304,646,92,1241,847,1022,233,312,276,790,801,261,1187,1223,663,164,1055,1246,878,823,785,1258,1249,1247,227,826,166,824,631,692,751,857,14,1014,1149,1059,504,562,226,954,911,698,832,67,714,1154
1256,1327,616,1052,533,268,149,779,507,387,253,28,732,526,433,425,684,712,403,991,17,126,1322,1043,417,706,141,1061,108,220,1038,666,381,47,1286,448,742,680,145,397,441,241,91,148,429,470,350,694,1175,426,1007
445,581,775,1259,799,620,176,553,596,765,867,268,1248,473,662,1241,201,777,1246,598,871,61,1237,823,766,1366,1265,1335,863,1245,753,1332,273,826,1258,825,332,862,840,162,1111,1,773,486,787,864,853,464,780,100,504
1019,1038,543,752,159,1168,465,143,1090,141,257,1151,1096,491,37,253,1345,319,532,1287,1286,689,139,468,451,1105,526,864,400,1320,1083,1297,1140,994,775,91,1099,487,1314,324,136,742,533,119,1008,180,1032,194,717,448,862
878,585,913,522,1141,804,66,557,554,586,109,289,823,245,569,524,1180,329,290,923,1259,1256,1241,1190,877,214,570,849,1200,637,197,65,72,584,536,818,790,839,166,1177,618,921,758,835,1332,661,136,644,60,1022,47
262,445,976,427,687,655,518,143,616,1019,628,732,403,141,968,447,994,385,430,350,412,9,977,1310,613,975,91,140,544,1202,1023,270,28,397,703,417,509,406,17,1029,1041,411,800,1050,1201,991,1314,30,535,614,438
1280,140,532,1174,1202,268,445,703,1300,533,654,687,425,980,706,253,35,729,435,350,1061,270,752,1026,620,381,4,617,455,561,219,0,1342,230,1176,1038,159,261,454,1014,693,383,628,1032,1052,464,514,31,20,40,260
48,445,28,800,140,1321,261,687,13,1038,252,1005,149,350,616,17,138,700,1029,143,1313,77,459,442,701,454,703,1072,30,1324,1148,1041,1322,977,1026,380,965,613,509,385,706,720,9,449,125,424,679,991,93,263,153
98,445,437,415,514,544,1204,91,616,1051,381,15,435,148,996,400,403,159,411,440,491,703,453,1043,824,557,9,1067,1315,25,472,258,401,1297,553,661,691,224,975,383,433,270,32,636,438,465,518,1324,420,671,1295
8,445,687,1018,426,1204,518,616,351,628,397,1321,77,688,977,1041,1038,387,613,459,1202,140,1194,385,138,17,984,16,1201,270,430,406,700,258,784,965,149,1327,1293,636,617,701,449,412,1029,253,442,447,1007,1320,538
1192,734,933,1100,834,302,936,1221,1055,535,862,1180,1179,967,881,497,945,215,786,937,1349,1132,885,547,826,873,1098,935,1209,934,1079,701,911,1158,958,1163,867,204,724,778,304,345,500,858,843,72,1250,596,307,799,832
429,274,149,620,37,516,532,1202,706,468,230,655,1092,738,703,732,164,897,1023,725,350,1113,1173,1322,1038,143,800,253,1327,470,38,268,139,1060,1089,132,1286,258,378,248,628,138,43,385,1061,165,784,1091,526,430,435
1234,468,315,1300,399,1026,4,149,87,119,687,996,463,528,273,971,464,1096,472,403,97,465,1161,628,710,1327,1050,1316,1004,617,1324,440,590,198,230,1041,624,350,28,270,261,643,975,1038,153,5,656,432,447,19,393
756,445,425,385,141,1052,258,687,1204,1324,350,965,628,16,406,397,1293,220,613,616,454,427,24,447,1327,1292,976,679,281,255,140,35,417,380,143,636,274,1027,1320,680,634,1322,1057,1175,117,1050,1041,1019,980,994,442
106,558,92,758,1022,4,319,422,1316,287,576,533,294,975,661,148,553,678,440,1217,1200,1208,23,426,986,581,489,423,251,1352,90,785,1241,694,141,980,329,226,732,584,1336,796,631,528,302,577,563,620,41,1036,778
1012,1338,360,42,831,1121,707,1339,1350,1250,690,404,1185,114,1374,1006,346,548,957,474,89,53,188,937,115,222,587,955,813,904,1257,195,901,894,1283,1216,1253,467,520,709,182,735,342,1001,123,546,822,173,449,1117,131
216,655,261,35,779,1047,706,406,1048,1327,430,425,435,470,161,1173,1175,768,463,999,1202,703,1061,996,1101,116,350,533,1003,720,514,465,37,1187,149,1165,1292,1091,274,694,1296,683,1007,648,464,253,991,975,785,438,273
1091,705,1131,827,233,816,208,611,774,1141,166,1258,597,506,203,488,864,197,1277,749,1333,757,170,550,1084,1354,856,857,107,276,885,164,836,1014,175,555,1083,1171,1187,172,477,553,722,806,823,81,1177,274,41,1360,1123
955,980,383,687,1204,1161,1316,20,18,142,491,919,409,1061,585,805,729,270,416,87,243,443,1190,514,329,25,666,364,544,571,973,457,403,1012,379,1318,385,144,1173,1202,411,1201,1048,1020,983,563,1051,1026,393,433,829
56,230,425,445,628,1162,279,687,28,965,679,1067,274,225,35,252,136,273,253,1175,1102,1057,734,93,701,429,1038,729,978,244,1332,220,243,780,704,149,268,378,438,259,327,219,691,1026,984,1340,620,617,972,532,1202
168,294,268,805,165,766,687,1335,1129,403,491,425,148,1022,1352,620,1226,1336,1075,118,435,532,136,1322,4,725,276,33,146,1059,750,1136,729,1050,1060,1316,611,705,1202,1197,732,518,1330,704,507,271,567,1140,158,771,741
82,81,149,33,52,1070,1249,1102,347,107,253,923,766,786,41,142,1360,1045,343,981,800,1057,350,991,430,770,20,449,497,620,703,778,390,146,941,336,906,1221,23,35,1175,432,1132,186,405,716,1050,761,706,780,1149
1080,524,325,609,473,766,522,550,586,920,891,1219,583,1105,890,816,844,553,1251,498,1238,806,527,758,838,923,329,912,871,574,1288,1340,319,611,921,44,335,854,50,862,570,1230,595,70,596,1100,887,577,465,543,615
31,561,871,694,761,569,45,750,489,877,1123,310,762,532,522,908,779,50,1022,1128,1115,739,852,139,704,823,148,177,1205,154,460,65,811,136,279,1263,1245,682,733,164,96,567,1236,1252,970,194,1171,416,103,867,1167
1208,1204,445,687,447,976,1327,442,628,258,1313,116,412,613,977,24,617,616,700,430,385,649,16,1324,1292,991,403,688,965,896,1300,406,1018,968,1049,636,1314,1320,691,77,472,1007,1202,389,994,800,380,427,17,424,1052
1179,1152,571,583,1143,383,60,775,1249,1241,853,347,825,1113,864,1248,282,1056,329,1261,491,1177,1270,176,646,741,1039,769,146,802,783,314,828,685,641,95,865,1153,1151,305,791,473,151,1372,1312,803,127,317,1258,524,862
990,1263,852,1135,761,856,314,582,802,1131,66,286,1146,705,816,751,878,778,558,1271,317,636,1259,1236,857,1222,238,1196,1149,799,552,911,1246,311,860,1258,1231,769,774,6,1083,861,148,1174,845,1239,1242,1371,1234,770,102
527,1248,543,1259,775,1239,1146,853,504,1208,595,290,854,780,1191,211,1238,748,324,787,1247,203,846,1277,569,1258,104,803,861,1261,863,1236,347,201,357,304,491,860,197,1153,482,319,332,857,54,771,783,714,618,312,553
869,1038,687,977,454,1052,252,387,350,149,1026,463,385,258,720,261,442,447,997,1004,996,406,449,1161,253,616,445,425,800,1327,518,381,225,24,28,25,118,700,140,1313,17,417,429,119,697,1003,397,1175,991,994,468
896,965,683,1328,447,976,459,518,1049,616,805,1204,687,1127,463,220,350,954,697,1292,507,455,510,381,636,620,1003,1052,139,1067,99,1195,454,997,1085,991,261,703,1327,268,108,145,996,983,416,152,426,516,41,919,779
414,1175,425,274,1172,41,164,1162,253,732,455,43,38,655,1194,1114,506,975,954,1328,99,470,701,108,441,305,750,768,261,145,1083,981,421,273,620,1071,350,697,805,271,463,550,738,703,561,1165,616,403,1023,477,387
934,264,1140,1014,655,703,538,465,1345,680,159,438,648,254,676,1149,585,732,1131,1162,503,1083,1136,617,1242,1168,233,583,522,669,562,570,435,44,584,1022,742,1201,148,143,1056,1115,60,1063,194,985,328,426,427,701,268
1018,518,845,447,1044,1204,784,1089,968,279,780,805,315,403,144,258,239,825,1175,392,440,506,590,427,348,1174,425,1200,1019,386,57,260,416,445,687,251,469,1022,998,1316,443,1173,287,544,165,1292,1145,379,633,1037,1102
246,405,4,653,425,445,805,613,90,541,1014,271,480,44,58,620,758,785,1202,617,1036,626,715,965,1116,392,319,141,538,994,220,1154,824,1023,761,505,1151,1177,1327,815,750,364,35,380,1162,251,570,979,669,109,389
936,351,1132,561,1008,459,620,225,991,1063,47,468,275,614,1092,994,532,1318,616,644,1181,91,1091,544,25,381,153,250,784,1172,662,46,416,1068,1051,730,261,785,111,1328,456,272,986,454,1176,975,1297,1044,897,729,996
753,518,965,447,425,968,613,1194,16,1052,417,977,445,93,430,258,1026,145,385,1292,1041,997,442,1173,616,28,507,1018,403,381,1310,454,261,984,1300,91,1046,732,614,982,1293,973,1049,380,994,636,510,406,472,918,116
1237,425,687,1061,470,703,1204,28,671,1013,538,1041,136,700,1292,445,617,516,16,350,1304,1342,447,427,1328,380,1153,507,261,518,145,93,919,697,387,510,468,980,405,1194,491,465,426,706,351,1020,435,17,459,701,164
1053,980,548,437,454,191,315,404,1279,1021,225,546,1253,1046,961,1338,1076,1182,474,4,770,919,634,981,955,957,16,904,1026,1257,499,1176,1282,337,495,217,142,1299,1040,516,605,627,195,643,83,994,283,34,1195,179,333
1205,1250,622,537,1374,222,42,53,889,182,1253,957,881,1006,955,1357,1356,961,1042,217,1040,1224,833,546,377,1339,1282,1257,128,1185,548,404,1078,949,355,731,831,115,904,199,89,363,932,467,605,1216,900,185,218,474,75
640,205,769,152,1152,860,1259,875,761,60,856,1236,1248,1371,861,1143,1146,585,1266,1141,854,1155,1258,317,1246,862,312,582,1247,67,1249,264,198,827,869,341,103,835,853,1270,1366,1256,966,1241,887,555,1063,839,1231,236,816
204,445,687,406,385,140,1041,518,261,976,442,142,24,412,258,1294,1324,1327,397,20,616,16,614,430,991,9,28,449,634,138,1204,979,975,17,118,32,1019,1046,1026,1313,980,613,1018,252,965,1029,984,784,220,509,680
1274,1191,524,320,1248,661,570,577,66,60,1355,604,304,574,1140,862,322,1022,103,592,835,1200,646,460,202,609,704,203,329,1354,319,170,586,211,1119,1158,803,308,197,44,1208,1263,438,741,631,1093,196,493,65,1141,596
343,425,270,468,268,703,426,38,409,1202,274,991,164,691,742,657,403,411,118,36,704,230,712,729,996,81,406,482,919,435,965,683,260,567,390,1067,1226,145,148,1351,20,9,624,661,725,617,1027,489,972,427,412
141,429,1176,1014,315,219,1162,383,1204,994,544,379,92,319,274,381,58,1318,136,32,143,392,393,403,18,425,146,87,91,1068,752,438,234,1007,440,1292,138,729,531,292,1045,35,416,411,276,445,1314,448,617,1000,111
525,472,416,381,1174,295,91,704,1344,469,753,1031,389,391,898,1171,429,390,698,1312,398,507,1292,1014,780,411,1304,729,510,0,15,1070,803,1341,1044,1123,1145,482,1022,437,514,741,453,136,1291,438,999,1248,641,401,415
1153,687,140,258,138,93,977,261,617,17,406,159,412,701,385,1202,180,427,20,975,509,896,1324,991,1296,538,281,1007,453,703,1294,28,1071,487,268,1320,148,700,1201,447,1085,973,636,1332,628,24,1018,449,1314,116,918
354,445,1313,616,406,449,687,24,220,1018,140,518,93,261,700,590,258,16,30,991,1204,1202,815,442,1328,252,125,919,149,613,1321,383,703,691,403,447,424,385,624,994,1038,411,683,965,655,397,9,1052,412,1139,28
234,862,785,1223,836,825,62,487,4,1236,775,647,523,1344,1168,141,1206,841,577,583,242,536,595,1068,799,310,722,1132,585,375,864,989,1190,320,842,1011,1219,1217,826,502,319,641,60,596,790,551,328,570,337,1238,201
781,96,1068,818,555,319,606,650,737,863,104,496,210,1263,1244,756,842,80,112,852,561,1261,950,780,456,1141,562,133,1373,845,523,1003,332,760,964,857,1235,644,577,314,946,748,702,423,860,1112,1044,870,102,374,834
159,319,853,841,780,1265,61,201,803,862,801,60,329,593,950,197,577,758,1141,1146,845,1093,842,559,68,292,1366,870,1246,1259,332,328,823,826,210,576,324,214,1277,583,320,487,1261,834,753,1236,1179,592,1258,1228,202
996,274,556,294,862,750,1067,1056,805,41,970,464,836,641,164,775,1014,1187,1063,887,954,331,290,176,284,565,1115,1059,43,847,1208,166,860,205,312,319,692,1249,1259,1128,1237,299,1022,133,271,842,482,1335,689,1211,1303
834,425,445,800,994,720,1049,406,261,16,628,1007,538,424,1005,509,688,397,394,426,518,91,1004,616,387,234,968,1328,447,1340,717,614,252,385,380,613,327,412,514,976,1162,1327,684,1296,84,463,1018,1204,141,648,180
1269,319,758,871,585,498,1273,524,601,1225,63,60,594,565,1259,797,1297,477,550,570,102,583,604,66,329,571,592,419,233,609,584,551,68,211,1291,887,202,863,1271,1265,1153,1276,44,1115,1068,859,62,105,603,808,50
11,383,685,1058,21,775,121,202,780,325,364,785,653,621,296,480,786,1152,1288,1275,1259,1217,805,853,757,502,87,473,1336,33,1260,1177,1249,1371,650,1258,482,1213,146,1312,1134,1115,671,561,1059,315,317,1132,670,511,176
1276,1321,752,1161,396,1091,1012,951,988,177,1168,1092,638,146,1030,167,729,810,82,329,479,993,62,1251,688,17,248,734,212,143,465,994,1165,791,261,529,1286,14,324,1089,1151,1140,778,464,1097,775,1056,488,306,267,712
689,1175,268,687,463,271,470,350,1092,1036,464,41,147,533,164,153,1153,43,655,689,1070,1342,31,732,439,28,37,1168,996,1062,139,1012,507,1091,1287,487,1327,1082,152,516,1188,425,1328,1007,1286,1292,452,1270,805,145,398
277,687,38,617,628,17,164,1027,1328,1175,468,725,463,978,145,533,125,720,1071,153,1202,43,1322,252,274,1327,266,417,1341,406,387,701,1026,470,138,253,700,1050,1091,975,1168,742,654,1171,1136,220,1320,507,1059,1085,1294
976,832,715,1263,829,176,1222,343,1067,862,1152,775,845,1141,1221,1242,561,769,1111,774,1144,886,1022,1065,1249,494,1155,780,887,663,823,1246,669,1271,835,1048,1143,1131,525,368,585,773,852,317,1259,107,102,1149,659,761,60
1178,60,1177,1058,302,775,733,749,570,1241,1248,783,761,1271,522,236,780,862,1270,1158,317,65,1249,523,827,846,1259,210,571,319,504,842,948,1258,1211,758,802,637,487,1266,536,63,1208,206,59,553,1154,857,577,1222,607
1201,1235,74,127,689,1134,1136,376,312,1172,493,274,286,551,887,770,268,504,233,1131,824,860,1234,196,43,506,783,823,571,552,828,836,166,931,146,845,771,524,494,1141,69,1238,46,1372,853,585,888,705,841,60,1207
710,510,684,136,749,965,106,477,1067,644,614,225,282,116,1113,412,791,1025,153,663,676,1241,17,769,456,141,712,1035,108,1056,1294,703,715,405,1316,1188,1271,1107,850,531,305,296,150,1051,985,399,198,988,1366,25,468
828,1324,140,548,77,454,545,919,735,822,831,442,965,425,516,145,1006,538,424,430,683,474,725,1338,2,1121,195,16,1047,901,20,42,1317,28,217,904,222,78,645,519,884,687,1350,1339,709,1020,1282,408,1312,976,1041
263,21,395,983,30,409,482,20,443,980,427,613,385,4,561,406,154,350,294,415,472,1204,141,1042,1293,380,1003,422,1287,411,220,93,437,11,364,1070,81,378,416,252,1292,785,507,616,134,132,383,986,445,518,112
1156,920,923,912,118,429,1050,620,925,557,1340,1341,586,234,468,92,1197,1288,1059,166,464,742,390,1345,146,392,276,491,1094,617,165,1226,41,44,1120,480,1116,197,550,1336,50,667,458,1286,908,609,319,1168,570,419,175
211,1322,1175,1327,1194,1313,507,108,1004,1320,141,655,634,268,717,636,616,387,687,628,720,425,394,145,1286,426,220,252,680,398,34,716,784,538,1027,1041,116,225,385,779,31,657,445,241,664,437,614,1085,93,397,977
557,749,802,1186,1249,856,1208,761,1142,603,581,846,1248,1277,862,823,839,1366,849,307,1196,1209,1266,1262,63,57,1239,827,504,875,1265,502,930,205,1212,371,847,861,313,837,585,1222,62,67,1237,1218,1228,332,842,1187,988
1087,406,425,143,1204,261,1173,628,965,470,1194,1014,445,997,1162,167,447,394,397,440,532,976,258,1026,996,433,805,518,1174,268,669,403,1148,294,977,385,688,378,1050,1005,176,119,435,1320,1293,1300,1047,417,255,1107,634
560,862,860,60,319,1179,603,1228,823,565,1277,1258,861,1238,787,1177,873,1236,1247,746,320,854,1235,849,595,827,1221,842,1186,834,852,63,1354,570,609,755,576,839,504,864,1212,783,202,210,1209,1271,593,1273,1240,1219,821
157,276,1008,234,1036,390,469,233,824,310,826,1038,1226,1035,544,714,1168,1022,1067,618,564,986,292,692,989,705,1051,1014,1176,468,660,1246,453,846,15,725,939,981,1177,238,593,1190,133,796,223,944,478,395,431,246,472
1211,518,403,416,410,647,411,472,429,110,704,1292,386,24,148,669,30,417,441,732,725,507,1162,717,968,143,698,65,391,159,815,118,784,532,348,614,567,620,28,274,1204,998,221,1027,393,526,487,261,435,154,400
492,800,977,532,1102,258,417,918,1322,1154,1037,1036,391,1327,630,1082,628,720,394,268,976,232,687,778,996,934,518,220,590,4,1173,77,230,61,315,752,324,674,689,647,897,677,350,1183,263,946,965,1204,274,1048,139
656,790,1119,569,268,1059,865,644,482,954,620,1038,823,456,423,1132,750,780,975,842,736,660,25,1051,310,1336,1299,915,112,241,663,256,1246,480,803,639,692,1002,658,600,867,1295,46,1149,1354,109,852,91,234,69,726
627,585,74,1225,1262,821,60,189,1271,801,808,849,1272,214,816,529,837,887,770,312,1119,196,311,1236,203,795,181,102,778,811,495,300,797,665,570,842,835,373,582,1265,1055,1228,871,193,1140,1354,603,525,839,1163,696
1243,445,687,1052,261,616,24,350,449,17,140,800,426,93,977,1327,258,703,447,255,380,1041,20,1042,700,509,459,385,1321,28,149,252,470,412,30,1204,77,965,628,1007,394,1313,1328,1038,680,1029,1049,538,220,1026,35
1017,864,862,585,845,574,823,1228,775,799,777,1225,181,1190,324,211,60,1236,319,780,328,196,570,1265,818,504,1259,203,67,863,310,66,596,1243,1217,609,1068,575,795,592,375,806,834,1234,371,828,836,170,1238,581,1206
1054,1094,1372,131,498,481,1290,782,1196,110,1267,179,993,513,103,748,950,1144,367,1143,1028,1093,96,34,615,551,958,665,1249,879,163,943,853,780,105,248,813,1360,433,401,783,82,1127,187,329,168,1352,493,801,710,204
441,1330,433,620,41,133,329,1051,585,464,1017,694,405,197,18,289,1022,145,742,233,248,617,138,507,1312,1134,491,1306,1319,1335,477,65,741,1340,161,704,118,805,111,604,1162,126,1129,1031,1161,378,863,948,93,916,435
378,447,1204,16,1019,445,378,1041,996,429,327,315,411,1026,117,440,397,24,544,532,800,403,1005,430,968,1324,385,406,0,1311,350,973,516,412,1046,25,119,1202,703,1300,1295,463,142,180,784,425,28,991,30,1018,391
1283,687,701,435,255,425,459,261,1162,1324,385,1026,141,441,381,1321,526,518,1050,406,703,20,1038,30,35,245,268,1316,982,253,453,538,977,447,257,973,980,968,1344,234,117,768,1141,38,978,350,997,315,427,533,1019
1230,1052,406,258,616,445,1026,385,350,687,252,447,1321,965,93,387,220,24,397,1204,442,1327,141,1322,426,613,427,1313,459,1320,1328,380,703,918,449,77,518,261,17,973,28,628,1049,270,1042,700,35,470,976,1175,260
1050,1038,580,761,1118,201,279,1230,63,1144,1226,350,1181,682,81,1237,990,1360,863,1107,1145,854,865,491,818,1244,320,1143,523,1342,329,891,468,662,373,309,1367,1156,54,150,1206,867,170,811,947,561,1051,49,136,502,571
127,1190,815,118,614,1341,948,1332,824,1066,1157,226,437,1011,304,524,429,1009,329,597,401,1176,126,714,706,1010,719,289,535,618,165,646,18,393,174,960,357,500,545,729,910,111,810,159,1320,1055,25,446,994,305,1197
442,491,172,294,757,1341,1340,742,148,164,274,470,1127,774,1120,1171,478,271,1105,50,766,722,1099,1083,567,41,1310,687,1311,463,268,509,233,9,824,795,676,533,464,1336,675,488,427,1187,1140,498,166,805,599,738,701
1036,234,425,445,636,35,980,1161,20,509,426,729,919,634,1076,616,805,1038,1005,153,383,252,261,21,697,514,706,976,518,138,1063,1162,453,824,617,4,258,327,437,424,266,965,983,415,411,427,245,981,250,140,143
330,415,383,437,472,256,453,398,94,662,35,1014,532,544,233,698,391,423,21,390,395,1312,986,1292,563,9,133,1295,445,649,429,1287,954,389,531,491,1162,159,518,618,898,996,1031,815,717,1168,327,451,393,356,620
741,843,1155,276,571,769,502,828,741,1211,1131,555,236,281,319,1248,791,296,1223,1039,1056,637,864,1083,205,1058,705,302,758,400,198,1153,1208,1113,1259,1136,1023,314,1096,282,383,506,827,1152,783,1266,4,1258,585,825,1241
93,447,445,968,691,406,991,143,994,616,393,1018,93,397,429,510,91,403,16,25,412,401,391,453,442,703,364,416,270,440,1310,544,1005,394,378,411,2,1173,1202,700,965,125,385,655,1020,398,433,1313,118,981,470
1016,1270,1153,1047,766,50,832,862,487,233,1222,1271,1200,887,1056,845,824,1022,867,1140,482,1217,12,1372,805,60,290,576,1351,761,152,1228,1316,1246,972,98,469,999,286,753,176,1058,506,966,302,1352,194,172,504,715,59
1013,159,425,319,918,703,487,435,292,862,266,1191,324,219,460,287,1140,1208,1175,583,254,790,826,260,234,1068,473,523,775,1038,203,972,971,1345,314,35,253,1027,1099,61,789,689,832,327,421,991,768,1314,1348,805,180
734,1014,543,518,276,273,1162,138,425,1022,998,164,175,310,636,410,266,1,1226,482,294,136,274,954,399,1259,1135,219,1177,531,170,1202,275,824,341,268,829,1102,780,745,503,705,538,553,533,251,491,561,402,978,1000
646,335,63,1369,861,857,874,371,823,1272,56,808,104,581,373,199,585,1265,1262,911,591,958,205,334,878,1247,869,934,877,842,213,939,1258,1213,338,377,304,215,359,1128,210,375,1133,872,1244,1367,905,1256,659,214,881
1187,1158,543,1008,302,998,1099,1022,862,1092,1372,319,1154,631,852,1127,507,1058,248,1140,908,854,1155,918,859,85,148,214,357,118,139,557,981,1247,705,1056,469,1211,141,65,860,845,948,1059,1223,1200,1141,1050,803,1085,1208
845,84,1049,651,404,537,1250,448,1042,909,961,418,612,16,234,474,1293,548,1015,889,675,635,114,1327,1006,759,734,822,735,900,957,333,1121,142,231,1350,901,1016,1185,458,707,222,613,686,395,963,508,1339,466,902,1374
690,445,425,616,454,1052,800,406,28,463,258,1023,442,1038,20,703,30,449,1292,977,1327,381,387,617,35,274,1286,1175,17,1313,36,468,430,252,93,919,385,24,532,1049,138,994,230,997,412,1041,77,1195,1322,973,149
960,570,835,68,143,1206,473,144,571,494,282,569,620,1162,170,662,211,1022,1050,504,769,854,1341,320,465,708,304,1149,487,219,775,818,1155,778,1297,1056,724,565,177,136,954,502,510,314,12,862,506,1141,1292,441,429
667,667,923,916,324,1212,1092,749,509,429,1314,505,45,460,758,1063,502,1208,991,557,275,423,717,775,1349,491,299,921,1296,700,1246,274,793,1211,1153,1154,1109,292,365,127,506,403,1181,1152,159,178,205,925,912,434,1191
874,518,1204,616,459,28,1041,784,919,997,445,1005,261,636,1046,447,706,687,965,425,250,976,762,1049,424,994,350,91,1324,768,732,381,442,1052,968,507,613,145,655,253,1174,143,679,393,234,35,149,1202,897,77,557
473,1131,1143,1258,741,1039,1136,878,1341,1141,771,1153,827,1058,749,795,1135,766,1127,1222,860,570,769,1246,839,775,276,853,1340,1056,861,821,556,1342,275,951,689,514,503,1263,1128,1083,864,1271,619,550,1259,1105,845,746,162
225,976,274,507,28,463,532,805,1139,9,1320,617,628,426,616,447,1292,1226,1049,143,1052,1063,1324,99,1328,897,1165,430,253,1127,1300,38,1286,93,116,700,261,439,252,706,613,1314,984,729,590,1319,258,465,270,429,1342
730,1248,877,767,54,1262,1236,866,858,451,210,619,332,471,672,839,1258,72,1275,371,774,62,1028,1265,773,885,1255,650,1119,871,366,861,104,966,525,1137,1366,1055,787,830,1272,1138,946,870,875,1219,780,924,755,765,1209
1233,445,1204,258,385,16,616,634,994,28,976,380,1052,252,518,261,613,406,679,430,381,649,1292,433,982,1194,32,636,1174,805,447,412,691,1019,1018,411,1049,1026,440,93,383,980,143,1014,614,977,617,1313,140,996,1202
1207,248,487,1314,780,1141,304,698,1308,447,302,1355,66,1259,1127,845,775,661,1304,1158,803,1312,494,1176,1022,790,746,1202,389,704,646,846,518,1243,366,631,102,147,419,1135,810,1248,269,145,1200,211,714,1122,503,593,998
403,585,570,60,1259,816,802,202,104,319,857,842,846,875,1236,1238,867,1246,1271,1247,1258,818,522,878,233,1265,790,834,329,1119,1141,741,506,1264,321,296,1169,577,1273,795,1039,1228,758,423,1146,205,102,592,1068,1210,524
1183,1152,862,864,940,57,827,780,1270,1058,1266,60,832,487,566,1259,282,846,1241,1243,761,825,66,1179,302,305,582,68,312,502,1177,276,1248,928,841,1247,1180,62,304,593,783,549,210,857,1141,828,206,1354,769,860,86
721,585,570,1034,758,1022,211,1053,887,1226,146,879,923,854,888,639,494,1288,1094,482,60,1354,58,576,597,611,121,1093,1225,152,423,626,4,317,620,1242,601,741,648,236,985,1191,278,1153,748,41,816,1152,511,29,771
1103,1370,102,69,826,740,1044,1223,585,311,1222,1036,1368,246,852,588,1149,983,1263,1217,947,1216,906,188,351,310,565,1348,1211,995,60,1221,836,1247,1234,508,782,893,721,1356,1152,1181,444,322,792,885,1156,582,204,1143,221
21,996,445,518,425,994,393,613,16,965,403,991,1313,270,463,968,381,390,24,447,1327,785,385,1202,655,391,453,410,1018,394,28,1019,30,1300,1310,470,397,91,440,416,982,126,1321,997,1320,1052,1007,1045,544,634,1038
346,425,976,447,385,1313,397,381,628,616,440,636,412,258,516,454,142,261,143,472,1194,784,1026,1296,417,427,649,1052,1018,977,16,394,378,24,442,691,1046,270,91,1292,700,975,590,28,117,1029,965,1320,449,149,613
70,723,212,1250,339,690,199,813,115,1339,195,1309,1196,1178,931,1069,502,110,950,1072,1333,353,960,122,1230,355,1284,1334,17,1077,1065,1370,837,362,211,735,1283,1078,517,781,96,485,204,537,640,941,346,848,748,106,1066
510,50,1155,783,791,290,196,506,1058,282,565,139,177,392,571,907,740,552,864,305,766,1241,871,1143,1067,312,1154,67,473,758,487,1113,271,1196,1259,775,58,503,1223,845,22,551,828,62,202,1149,802,1231,585,677,998
1158,469,705,166,1175,741,611,875,43,290,1246,421,292,1172,506,174,281,771,738,948,504,1075,1340,557,654,550,1249,951,164,861,862,1187,294,172,824,126,259,751,1273,757,261,1177,559,860,1127,99,743,36,1236,619,485
203,425,518,258,965,430,1202,9,409,143,380,91,1026,1018,1173,24,385,616,507,403,417,994,472,383,544,447,28,440,381,0,1310,982,1041,1292,1046,1293,680,1201,1321,1052,397,1005,984,617,636,1320,691,435,700,980,406
1140,800,350,463,425,230,1175,225,687,220,153,273,1328,266,1004,538,1194,261,720,507,1324,468,234,1161,399,16,252,117,119,1174,985,17,93,1195,509,1107,36,1014,617,729,452,613,87,1045,688,453,455,271,387,100,616
1144,35,567,1344,978,954,201,665,1316,561,1108,473,1045,1118,682,603,476,88,828,1127,844,122,454,919,491,1093,305,511,243,43,383,1367,1067,74,1051,226,1129,506,748,1290,1056,1004,792,632,268,544,619,175,697,169,177
266,984,274,684,148,1176,294,43,126,292,1134,951,464,116,1013,706,219,805,713,425,1296,628,1037,510,824,1140,752,509,1175,152,3,1327,991,479,737,1056,1292,60,412,561,841,1145,1352,617,977,147,421,435,1127,1097,1173
1172,1352,1261,212,1024,1207,853,570,293,1028,495,280,1161,1109,1047,308,1258,572,69,1246,754,47,203,787,1039,860,1095,54,551,1191,284,1277,517,508,127,569,1283,182,370,836,595,955,96,450,881,1341,86,63,1129,786,588
974,63,335,1261,846,359,860,86,862,57,1248,316,1156,887,856,869,1277,208,823,68,317,179,203,764,308,583,375,197,362,1190,585,296,1271,372,595,928,754,504,854,511,609,566,314,776,867,329,834,582,1239,1244,828
37,910,920,586,50,922,1022,923,1312,567,1113,491,175,570,1173,1050,1205,793,505,549,583,584,1116,1120,1239,925,1259,557,194,402,324,852,1345,1190,550,154,775,1151,60,1242,667,1309,1335,1246,1197,118,468,753,609,915,278
1181,862,1217,214,60,1058,1208,860,1149,22,319,1152,63,816,841,864,1262,57,1259,562,576,1276,857,823,551,861,1258,778,845,827,595,852,1236,104,944,1275,571,1179,69,570,877,62,826,1266,825,846,311,758,304,1260,1272
681,425,1340,25,784,514,533,403,270,1067,463,509,1171,426,1014,1005,1174,518,1063,1328,683,980,416,440,1175,616,434,1293,805,1286,136,268,720,1204,261,159,1025,453,687,697,1292,976,33,447,472,234,398,271,732,437,532
971,1175,225,1127,1062,50,271,1328,152,167,1174,1113,425,984,538,502,634,916,1058,23,977,678,713,22,286,93,510,778,439,1173,1149,1352,552,43,988,58,1196,533,1005,1047,274,21,1327,219,1345,1230,139,145,16,1326,1019
286,119,87,464,411,628,273,429,118,40,780,132,991,1295,4,378,691,643,687,17,620,1294,1332,256,327,405,510,426,1050,153,617,34,437,1320,1076,1003,715,518,380,533,975,416,9,1176,742,433,815,1318,986,1068,110
350,425,35,1026,687,143,459,427,270,20,800,1007,470,142,28,350,1041,1038,703,159,445,140,77,977,395,973,454,409,1202,252,1204,272,261,34,412,693,1061,138,1321,426,255,613,180,385,1311,38,438,430,1168,119,91
514,754,21,830,1159,57,897,1209,368,871,1025,716,268,541,530,1132,105,482,502,600,1202,872,148,69,454,626,1248,726,740,590,825,45,1266,581,846,442,620,554,243,1113,777,1259,423,1275,566,671,225,1169,785,150,213
749,425,697,965,108,614,424,518,1194,687,680,1019,616,968,427,442,421,980,447,454,1041,1296,1026,239,1025,411,406,18,276,1292,712,918,16,975,99,1004,649,1173,136,1328,445,448,503,1174,655,1027,1018,0,453,1005,634
59,453,1176,1039,836,769,679,637,514,988,715,835,1086,986,714,161,761,1238,815,1113,15,146,1183,621,863,319,643,92,504,618,103,983,524,1063,585,869,1318,540,696,650,1271,1162,1303,846,775,1096,112,87,34,609,604
1300,459,141,1327,1204,258,687,445,380,385,1049,442,1046,1313,454,649,679,117,977,406,447,412,149,805,1042,510,703,919,25,1194,507,628,397,965,463,252,427,1310,532,1326,518,1026,28,800,140,16,440,1286,991,1311,11
518,1262,730,208,1350,798,622,716,796,1322,504,1365,1272,1280,1117,1106,945,474,60,56,53,884,1131,889,210,1222,1361,1364,1229,868,1274,955,1248,1109,873,1078,537,89,792,1181,1195,809,1160,999,217,1001,995,605,520,1334,78
1304,1272,1251,950,885,375,862,1269,887,201,867,88,911,1119,1268,840,1219,600,792,547,866,371,818,582,874,1354,1259,376,103,930,1290,935,1263,860,68,823,72,891,872,808,842,1261,1228,877,595,853,608,1232,937,848,1370
610,921,586,505,468,1230,1205,861,1265,281,925,842,1200,320,1116,1228,550,581,1226,922,854,758,1147,1259,22,45,566,667,1050,585,572,823,90,324,845,844,1145,41,826,878,1352,887,1254,100,584,107,862,63,371,1266,908
73,1324,32,1294,472,432,87,645,975,477,383,1026,1330,929,643,545,347,728,20,815,437,429,91,442,393,90,1023,405,1134,687,865,510,980,986,411,97,390,981,784,463,653,146,119,33,1295,1315,315,1299,694,9,364
626,823,862,319,304,846,860,1058,766,203,1266,1273,875,469,1247,536,575,541,65,803,878,331,861,1265,1304,581,775,845,1223,595,864,1341,1238,62,372,274,887,66,312,1075,1271,570,197,948,504,1208,569,1056,603,165,852
269,1204,518,118,16,507,1327,673,148,255,381,634,132,433,429,472,1014,445,768,425,531,815,968,440,1049,1027,126,897,138,655,1162,1019,141,18,1005,401,294,378,725,143,410,704,276,250,1310,447,717,256,1031,742,364
733,268,784,732,703,532,1007,149,533,274,683,41,1107,480,148,254,1032,425,399,1168,4,170,350,33,392,261,975,805,706,687,230,381,1295,29,260,1041,164,980,394,655,402,469,294,1328,282,81,279,435,611,1202,1226
1176,750,319,790,357,329,758,487,583,570,148,524,21,159,422,491,44,550,1151,1236,577,1059,543,528,469,4,689,920,482,489,421,862,609,405,1230,1297,584,801,1068,1067,1116,603,1105,732,324,553,214,219,586,22,791
1089,233,1014,268,271,524,816,18,774,678,771,1153,705,1341,1140,196,172,425,662,275,506,491,611,988,58,876,1239,1143,1141,423,766,1168,170,274,585,703,276,570,465,496,202,1149,203,1118,669,827,1162,1107,223,992,1022
1031,780,1330,1245,290,559,862,319,1179,1351,510,1312,604,110,1208,1000,25,420,294,565,477,59,112,1055,641,775,1236,523,815,576,551,133,63,600,755,1277,45,633,4,1158,1241,867,1197,504,1271,312,473,429,56,858,557
1277,920,912,505,925,620,908,585,324,320,550,50,1116,1230,1265,775,583,175,570,907,477,524,65,1050,322,577,118,667,468,1105,211,954,189,325,758,766,549,1200,202,44,1288,922,234,71,526,584,146,1251,12,4,631
130,687,425,116,1313,406,977,385,1029,445,1052,976,691,1327,965,417,1204,449,459,720,648,261,1320,509,613,1038,616,442,387,28,258,700,701,1292,412,982,470,684,252,143,397,119,447,636,1300,142,617,24,984,380,518
1124,1195,43,464,463,37,655,380,1172,350,1286,485,145,1342,459,277,616,478,38,252,1328,273,430,136,1322,100,526,465,984,1321,1340,167,468,470,1327,425,480,47,507,725,433,550,700,118,506,127,533,561,421,491,406
672,780,1246,1236,823,1242,852,862,769,853,860,1140,845,1259,1263,1190,861,1022,1058,66,835,1258,319,469,570,551,583,1141,988,846,836,834,803,829,197,841,1247,593,840,1266,203,493,875,523,1158,818,292,1211,1270,304,524
891,532,976,472,415,416,469,1050,1292,1023,439,996,139,779,649,655,968,438,991,1289,145,383,1300,400,805,1020,1085,398,919,91,447,108,470,256,544,983,687,435,9,110,982,1036,463,1046,410,16,35,364,381,1070,644
474,1063,968,1008,1292,9,276,393,1113,383,507,1312,1311,518,1318,1296,1031,1304,233,805,1022,167,1340,274,1094,678,1300,662,1045,1336,1092,544,1310,401,528,172,1131,439,1238,641,270,1129,1342,296,1059,1140,618,473,127,1259,275
435,550,1059,954,1360,1342,924,1221,742,1354,482,887,278,29,195,910,74,1129,1230,844,38,469,226,905,912,1226,1325,1265,150,1132,791,282,480,376,623,808,1107,647,662,68,491,164,639,913,148,811,468,1200,630,754,174
1285,912,570,1351,1259,910,322,1022,316,47,774,583,1108,1056,576,923,1352,246,860,1058,331,226,539,676,925,1139,490,1359,152,780,646,1332,1371,211,423,476,839,775,1081,854,456,966,1258,1067,369,1047,12,970,1210,1303,667
907,636,994,425,99,1025,32,437,1295,697,954,438,424,364,136,389,225,1204,234,2,1320,426,1194,87,649,965,153,1049,1294,9,398,1014,975,679,385,468,261,666,1107,1318,447,617,116,415,717,119,616,1168,1008,381,390
363,705,993,415,393,653,649,611,470,118,1172,90,1107,1105,1056,1223,1051,715,175,347,166,476,331,824,83,775,648,741,1035,1315,505,601,176,168,553,698,431,722,487,86,1099,246,491,564,392,87,1289,438,106,531,1109
1217,687,445,977,141,1204,258,440,383,1313,1026,117,667,700,315,403,613,1052,1287,897,425,472,1293,996,1292,1050,980,364,447,25,965,417,976,93,1038,518,628,412,20,968,973,32,270,470,430,634,617,725,145,294,532
923,425,509,32,981,364,658,518,691,687,612,261,224,1005,239,427,92,140,986,978,24,411,234,118,16,472,139,824,87,1174,1168,692,65,487,896,250,1013,636,383,780,637,233,975,416,1059,397,666,9,698,1044,119
1055,125,720,1321,406,1327,1004,640,459,17,260,252,350,1339,1052,1042,1038,961,616,395,735,93,537,449,466,700,1322,463,397,28,277,474,1250,380,709,613,963,1313,114,1064,77,1374,965,1018,688,1199,984,1026,997,404,128
1105,1042,1002,660,977,819,810,459,1222,602,557,387,554,27,1082,779,727,297,756,971,1209,81,817,230,180,285,1242,896,811,546,24,148,533,124,442,465,846,569,406,104,258,357,647,973,22,1310,85,1064,237,1315,1049
830,585,823,802,1239,1242,571,1225,1248,810,839,372,565,551,1259,1266,609,861,569,827,1241,769,1238,70,60,799,317,1273,1055,524,320,284,1258,329,58,862,864,189,203,853,849,603,419,66,787,202,863,181,1232,1127,1149
89,463,425,268,350,687,24,617,616,20,381,435,532,445,46,996,509,390,991,544,327,25,118,143,34,37,378,411,140,440,968,1321,442,136,159,1295,703,1007,614,1304,91,526,256,470,997,1204,415,1026,117,28,1312
180,518,397,976,20,965,2,403,16,270,140,393,994,544,614,703,1292,613,30,427,973,649,93,616,1026,1018,379,91,412,617,453,1052,700,509,9,982,470,532,252,261,1202,1005,634,996,417,691,24,1041,426,805,35
1143,381,463,729,470,425,261,447,270,514,561,516,1071,1007,1038,1328,742,616,1041,350,815,4,1202,997,1162,1105,468,725,394,159,383,108,1204,91,119,730,1161,87,136,403,532,617,518,1286,706,167,433,491,43,507,352
875,35,616,136,459,613,1052,270,274,965,628,445,406,1300,403,800,997,250,1286,28,32,1292,425,518,219,1204,1026,350,687,897,385,260,675,1018,430,1061,1327,994,620,252,516,1050,149,991,1091,442,1320,684,1092,411,0
961,1120,1202,708,738,425,480,270,583,1089,706,1046,149,464,1286,617,264,1348,1321,253,1105,165,732,1323,1099,972,703,429,543,159,1340,36,720,704,1059,282,1151,62,357,984,470,487,1325,647,12,693,268,31,1091,982,628
193,994,261,703,985,706,18,1052,1161,1094,399,1327,1305,634,1173,1310,697,1328,993,752,1290,141,149,1314,4,801,11,117,516,1326,1345,977,364,644,116,984,439,274,1151,465,561,784,1095,683,1140,653,675,36,1018,975,1089
103,425,258,1204,381,445,1052,996,141,459,406,518,442,532,385,634,93,440,982,614,997,380,544,463,25,350,28,20,1026,470,1327,145,378,805,16,252,412,991,387,509,117,768,1162,164,590,397,118,144,327,37,1049
1042,1014,954,391,416,1315,1058,663,1162,715,469,389,276,415,1245,824,1246,531,295,887,662,620,543,1149,1236,705,618,487,852,854,823,564,1056,395,544,811,891,972,453,1118,724,302,494,780,275,741,768,1035,226,133,1131
476,445,805,687,977,703,1320,427,260,700,261,350,616,403,406,77,164,1018,426,1023,613,435,20,732,225,766,141,464,800,440,459,149,430,1286,919,35,1014,965,140,385,994,617,982,1201,1162,253,1204,968,1050,784,136
325,1041,1202,394,590,417,1204,968,1292,416,445,613,447,973,391,965,977,437,785,24,440,438,16,1013,350,0,516,395,132,30,385,430,260,390,429,32,472,532,996,426,9,118,93,458,403,544,409,138,698,1044,21
879,292,518,319,535,61,243,1042,784,487,1321,758,918,1310,577,750,323,327,1154,332,351,1000,702,469,1093,826,557,766,870,180,544,524,718,103,991,644,753,310,1018,558,405,1242,93,413,442,1211,445,933,760,1304,1114
805,1052,261,687,994,997,616,1049,447,518,417,425,684,1038,919,1018,1194,532,143,1286,381,270,1293,965,649,712,1202,628,1321,149,136,703,440,394,1026,1032,442,1091,393,1008,706,1067,897,991,973,463,470,590,138,644,996
464,1258,853,1119,1141,860,827,1236,878,862,846,1238,1191,1022,1190,834,1058,328,854,1177,1146,1083,799,1152,319,839,836,875,596,832,1271,887,863,1228,585,705,504,877,236,316,1113,1273,619,70,1115,1056,1256,571,859,1219,103
813,1127,1155,1246,570,1342,502,1151,493,167,522,1056,86,774,22,1292,713,827,954,60,1099,818,1153,506,676,175,465,1022,648,1340,769,236,908,1039,316,665,473,637,490,219,1249,854,705,551,504,312,1271,584,1105,1217,1146
1298,319,1258,553,110,438,1094,862,415,860,92,1022,233,383,312,276,175,164,988,703,367,531,296,18,543,741,102,551,194,15,170,257,585,836,448,672,151,1292,704,1162,604,1092,1084,853,570,678,562,1140,103,646,1359
982,1127,85,742,823,1287,799,329,762,324,790,62,861,869,1135,566,654,174,176,487,778,1176,1191,543,169,248,862,920,304,164,314,321,1059,832,387,646,817,1295,528,985,104,689,1089,119,219,95,300,846,45,1071,396
542,1265,830,51,941,942,945,1248,932,213,953,1274,376,1360,607,1261,938,1357,307,371,300,366,888,1150,1363,754,911,755,1160,1212,940,1272,482,879,200,944,121,1245,1308,354,1143,1233,781,605,1270,872,603,306,962,685,846
873,425,140,459,28,258,616,1038,24,35,261,93,427,996,687,1041,20,252,138,385,118,532,149,800,1018,1003,17,449,220,268,472,406,433,703,1324,412,468,991,403,919,381,380,509,416,655,1052,260,230,1026,378,270
840,510,784,248,732,164,1094,296,118,110,1323,425,1019,9,1201,671,385,18,1161,149,1000,1204,1320,159,1315,706,986,465,531,1022,697,1292,567,704,464,1052,429,445,1202,815,138,435,401,167,383,447,180,624,1032,1299,1012
615,585,570,565,775,823,862,1259,603,202,1236,1056,1177,576,312,846,1228,584,1238,583,504,575,834,201,803,1248,66,604,864,329,1270,859,867,67,63,595,845,818,203,325,553,1243,609,1223,592,571,375,1260,211,762,854
1041,1287,0,649,532,440,391,544,1171,411,1292,1204,91,381,416,400,87,395,380,1295,437,785,295,470,447,531,35,393,469,46,389,390,514,968,705,1131,274,47,518,315,993,270,1014,805,700,1029,20,1085,417,99,655
1106,445,385,687,252,1321,1052,613,258,93,350,261,1204,442,24,1322,35,1313,459,397,1026,140,720,16,380,628,965,1293,28,77,447,896,454,220,1049,976,800,387,1029,427,470,1005,997,1041,449,688,1328,1327,701,697,412
229,25,997,433,435,380,459,390,641,779,468,470,381,666,994,419,1038,119,141,544,234,136,453,378,28,438,37,87,9,415,416,1295,1101,40,47,405,274,785,815,996,1082,617,118,805,1036,980,270,126,514,620,1176
941,425,253,270,779,267,141,1342,661,1321,697,491,706,426,35,459,470,742,1067,17,136,260,465,468,680,350,1003,261,41,1052,152,1286,252,1162,464,1020,616,1153,9,694,225,919,50,138,805,18,510,729,314,159,662
357,170,1099,294,180,172,144,1236,703,775,85,570,511,290,487,50,304,158,44,4,86,324,1022,464,738,774,972,1012,405,176,810,329,1102,321,741,286,624,233,325,676,1176,477,750,817,1128,391,704,1271,473,1228,533
989,977,1102,496,978,164,438,1022,219,251,1175,1007,1123,40,1342,1060,266,1032,12,1140,1135,972,1050,238,732,780,918,1332,9,590,998,400,294,1013,725,273,482,1173,570,165,265,1145,1041,230,897,1125,256,1118,286,14,934
285,445,425,385,380,1026,1052,459,518,1320,1038,1046,1041,1293,1023,687,16,1327,1313,447,617,965,140,17,1019,1292,454,1049,613,649,1018,20,125,616,991,968,1042,350,683,412,725,220,406,143,30,507,679,364,975,1195,532
673,585,836,329,202,854,60,551,197,823,827,319,846,609,50,715,246,1068,242,1249,891,1266,921,803,1340,58,569,1259,203,1022,1270,758,644,1177,503,423,852,1354,583,1154,1226,1152,951,597,547,1319,1225,1271,194,860,310
901,445,425,20,981,1174,30,805,980,426,87,620,1052,25,700,136,919,258,509,697,472,815,145,1204,219,675,1099,694,448,896,21,35,32,992,971,507,138,385,666,383,261,649,518,991,459,676,252,611,405,6,271
427,570,1226,151,1270,689,1258,1208,705,783,733,802,464,1246,1271,749,568,482,565,1140,504,1136,769,178,167,57,553,290,302,498,1354,1241,1146,1333,1239,1238,1248,238,1155,1249,314,774,857,312,846,860,676,819,408,158,818
1075,1173,93,170,1175,141,385,1023,1048,1310,1326,538,1327,590,542,1057,1070,1349,983,468,509,245,918,975,142,17,438,167,826,687,800,1125,292,24,435,810,1183,310,258,350,977,306,634,247,23,255,1039,1019,1047,934,1316
1206,795,503,825,491,151,1140,170,1200,172,524,329,1151,490,86,1084,891,1270,487,912,753,595,1048,502,506,999,671,564,1094,741,1238,594,1160,771,175,1342,828,791,50,862,498,383,995,79,189,773,987,257,1099,1145,752
561,570,1014,1068,503,524,1315,487,60,425,1351,1168,1200,329,544,514,495,1173,890,1226,1318,389,102,1242,147,972,1022,401,103,1143,390,552,1032,1031,143,1149,58,585,1174,1099,804,911,491,1162,92,1141,225,705,1045,1297,715
707,817,799,262,172,827,1239,304,175,66,276,823,574,1120,1177,438,1315,1083,689,1236,785,846,1208,1043,646,603,1180,596,1222,878,1241,1295,826,746,855,1242,1136,233,419,859,522,1259,861,818,314,1223,913,566,327,753,493
1299,965,454,997,445,687,518,613,897,425,30,616,378,1202,1052,463,976,136,1292,1175,385,427,1041,28,350,270,1023,429,258,1293,403,87,507,712,1046,252,143,138,919,1168,447,977,1045,1169,1201,261,617,1049,996,140,464
663,887,582,1262,607,1370,71,1272,205,874,1354,838,1373,525,928,1115,670,66,798,1282,325,702,60,1368,1371,860,1274,376,993,1270,883,885,1290,1359,873,334,1263,371,597,600,69,185,958,1245,1369,562,1109,1225,96,853,338
972,1099,1092,487,491,1120,703,391,403,281,1189,473,553,502,148,1297,968,1321,1226,464,1342,1140,118,120,320,294,180,576,667,998,1234,817,1153,1221,175,1129,1132,689,392,628,599,287,50,544,785,465,172,680,453,583,292
988,325,279,1152,874,1258,1263,1104,1058,1259,665,1371,202,1100,177,1196,1141,877,52,786,66,316,650,858,335,205,866,1195,862,203,1262,875,1260,338,201,582,337,1228,780,870,584,885,371,326,67,845,891,196,1354,670,777
91,1246,327,790,775,292,389,815,66,824,1031,715,972,650,289,104,1014,1056,862,714,433,1022,986,329,753,823,818,92,592,863,437,1174,618,846,646,553,1226,641,1208,1162,383,1039,429,111,598,1141,1238,1223,829,1132,1168
587,585,1228,468,1254,1238,596,879,238,312,565,1243,769,146,189,1200,972,1196,267,494,770,279,845,797,834,861,144,835,864,773,1361,313,990,758,840,1231,167,71,771,871,1169,320,268,337,1174,778,907,504,1056,257,1125
954,585,818,775,148,553,825,1200,592,44,487,99,46,823,863,583,320,1271,67,254,1354,433,1243,584,655,609,529,558,194,569,1151,489,329,576,793,201,752,821,603,526,1340,189,712,631,328,524,272,834,273,506,570
1161,12,294,164,1011,33,165,507,624,58,595,597,1316,583,279,1008,805,439,329,1225,147,732,542,429,1188,2,256,40,158,804,1290,167,836,149,766,1259,1063,110,687,145,1168,585,198,143,1149,1101,1118,349,287,1032,74
532,596,823,329,1141,855,753,202,574,861,799,1259,205,1119,856,70,846,565,189,1258,320,777,68,739,1262,162,312,786,818,857,853,834,689,1265,539,774,1370,776,553,233,1264,581,1240,375,1068,423,750,971,927,71,885
162,862,319,1354,1259,1058,1277,1200,856,197,803,853,1241,583,854,383,1238,1050,1022,863,214,366,1246,825,801,1261,1132,577,1142,870,551,871,765,524,203,789,859,823,1270,196,104,758,43,631,1236,1248,1245,1230,1208,45,256
768,258,687,1321,445,1204,976,143,412,380,649,1052,691,1091,518,17,25,266,28,1293,977,700,688,159,442,1050,732,1327,136,1320,140,648,616,704,982,1038,996,1296,1061,385,1007,253,965,1324,403,614,463,464,260,896,148
303,261,463,406,533,1322,616,17,77,1038,387,37,35,997,273,779,1328,252,425,994,687,1004,464,38,125,590,1003,1052,1286,426,350,380,153,152,145,149,454,452,459,729,99,657,965,468,1085,683,977,628,429,41,1061
738,525,522,950,310,1232,326,102,1263,1194,524,121,1181,47,1068,168,1119,569,1258,193,927,775,967,1053,835,451,211,1251,3,1153,1222,819,529,66,1225,358,716,68,376,1236,1277,50,205,866,95,962,998,257,197,1305,917
680,616,687,426,406,1049,965,703,1328,459,28,445,997,145,1204,518,397,1313,454,994,1027,261,425,991,1327,693,385,93,443,697,800,1314,141,683,655,1294,220,977,1042,387,239,983,24,258,253,143,507,430,381,1003,700
1082,66,775,650,1187,853,705,67,103,96,842,862,85,1022,1371,787,604,522,504,210,151,948,524,1248,194,619,326,1331,860,852,585,1258,829,928,827,347,304,1259,749,1246,312,1186,870,1058,95,1141,1247,236,525,1110,1151
298,581,585,775,304,650,202,329,584,758,486,504,104,197,1152,214,561,854,1240,1119,375,1141,554,787,842,799,867,852,1275,72,536,319,1354,1259,966,368,69,45,1248,1271,846,863,755,840,566,819,1239,598,332,834,194
524,1312,1056,1176,60,68,319,970,321,211,1022,644,1141,1236,741,878,859,1242,1012,524,801,460,913,818,1119,775,1067,762,823,1271,663,104,1208,569,841,846,803,845,1222,329,1031,815,214,175,584,110,857,799,1068,1173,592
1168,338,180,460,818,491,1342,306,237,1092,374,570,1372,1321,504,1212,324,487,1008,649,689,556,750,205,922,554,103,534,782,65,505,572,1349,332,1167,1107,908,726,702,435,967,321,891,990,1039,1081,1370,704,855,867,527
884,687,1042,425,977,93,380,445,1327,447,385,149,1204,800,1313,459,688,442,965,1322,1321,140,454,982,20,616,976,613,1324,143,1026,252,628,17,1320,532,1041,1038,16,700,427,1292,634,426,30,720,28,1020,509,350,141
43,720,442,141,980,655,1026,532,1005,327,1052,430,409,1041,136,700,380,975,245,30,968,1173,965,613,616,411,252,350,1020,425,424,1085,544,518,973,468,253,261,143,800,398,703,149,260,1162,470,1295,443,452,26,1201
608,203,565,1152,766,1067,878,60,570,206,970,839,585,836,663,951,847,887,1304,1221,862,854,715,845,1238,490,623,780,1222,551,724,863,1119,242,805,1190,1242,769,864,1228,860,890,317,749,549,419,58,1116,802,238,988
1109,1049,1175,459,1327,100,468,977,1334,380,720,709,463,548,1301,360,1338,274,465,1117,258,1124,831,1203,1004,464,263,1322,707,683,1052,963,1001,350,533,973,779,265,1324,1317,900,406,188,230,1025,1199,997,273,838,1076,252
1229,430,1052,997,406,426,687,634,509,1020,518,35,381,91,416,386,1019,445,30,16,7,898,2,1321,24,1293,567,1204,241,385,1005,154,991,1316,294,678,255,365,400,700,443,27,411,666,766,132,1070,535,642,466,31
880,1047,650,949,54,1248,1303,942,210,1010,1258,945,1353,1360,946,1289,1187,1259,1287,773,760,1272,1308,490,756,482,61,1135,1088,302,1081,572,1372,347,1130,96,1181,1166,1209,787,66,213,1066,866,1058,715,595,1212,1275,948,1260
959,425,445,687,509,976,1175,385,28,149,977,1041,261,30,1038,141,93,649,281,1020,220,700,518,703,253,140,145,666,991,25,411,1204,768,20,1052,350,143,784,1328,459,24,800,16,1320,1004,412,148,449,417,725,616
309,261,684,1003,700,1328,1194,1310,141,655,697,994,752,424,152,1004,1049,691,459,387,516,1013,136,683,616,1151,464,687,634,712,253,17,628,274,167,703,18,1292,768,1048,706,1005,1012,16,985,9,145,1188,1202,35,139
377,446,1022,337,203,133,1149,581,1176,860,1223,1168,1208,823,536,803,854,1075,1187,331,816,1222,841,92,1024,311,1140,299,1221,304,105,551,1332,267,314,522,201,221,863,775,687,296,202,1303,320,639,842,662,104,614,815
358,1204,518,470,261,438,616,1328,141,274,91,703,683,25,136,463,532,980,1320,1027,394,447,1175,464,1041,403,18,119,991,1026,429,145,1013,425,590,142,815,655,1295,378,649,1202,417,411,1176,410,1292,87,118,533,9
931,701,425,1007,1061,732,1320,694,516,919,980,393,1161,403,261,1226,345,445,143,268,815,975,351,687,1140,671,557,454,661,164,1286,1029,636,477,364,468,140,448,1043,455,1097,1148,271,766,1342,87,985,94,1201,561,1037
1185,899,537,798,75,182,1137,1280,183,1282,72,1066,650,830,1028,123,735,462,474,967,796,1178,820,937,262,54,672,1117,955,212,917,936,883,1357,629,767,963,1350,652,881,958,1329,1374,1040,935,508,873,115,1103,283,215
169,1000,1118,1007,1058,687,538,1135,1172,1266,1125,646,978,1141,152,167,1047,1014,1162,279,987,464,1258,1091,994,878,1340,985,170,1127,1181,17,66,507,324,50,1037,145,1173,745,1304,856,1259,87,164,1140,962,60,319,1316,129
261,266,1048,469,1162,628,655,1014,261,1175,234,706,1032,973,472,258,99,268,389,170,426,975,567,443,613,425,1321,1082,805,390,1300,417,991,395,1038,697,399,1174,679,136,732,636,1118,1044,779,327,250,49,978,259,544
416,294,1102,1048,1061,703,469,1202,532,649,1038,510,732,258,270,1342,230,1000,152,1151,400,1316,143,1123,778,1226,31,383,459,1099,1114,405,998,791,766,1096,991,620,410,1153,176,470,693,1171,1287,30,281,49,41,378,91
501,1012,766,139,752,586,261,921,1050,757,294,511,1340,1067,1140,1075,1168,1154,1246,910,263,1327,761,468,149,219,620,21,1059,768,920,464,570,1176,721,510,1116,864,561,655,4,1312,331,1115,1266,1261,1030,383,81,167,1344
1160,146,985,387,36,463,350,405,100,729,29,1003,1096,1336,1092,1168,641,464,1241,617,620,1226,1071,268,9,465,459,1012,646,1051,119,1038,434,50,692,136,158,1304,1056,784,972,141,324,986,1061,1318,844,1013,144,539,1349
1022,862,203,1113,319,1261,22,864,489,1058,878,570,177,1346,778,1265,1228,312,1262,74,1217,845,50,1234,757,1175,842,1128,1258,689,1149,57,1118,1364,1115,827,63,375,852,816,58,525,861,1277,1211,583,1166,856,1206,71,502
666,341,873,179,936,941,1316,1249,792,874,27,1111,967,786,201,1374,853,343,75,80,1040,545,1119,781,309,724,1198,848,326,950,96,952,1309,1259,945,858,147,937,953,1368,867,66,1224,780,798,1132,852,935,1282,718,1074
794,68,376,304,1228,70,197,104,1273,575,714,524,609,950,862,207,504,823,650,211,1243,375,835,811,326,601,522,777,65,879,214,1360,834,1265,1156,844,803,1366,338,592,357,863,882,1245,767,832,215,821,891,849,1209
811,1175,861,845,862,1277,761,1259,780,659,1228,1177,756,859,1353,59,863,210,581,875,846,593,769,1162,858,1039,274,1249,120,853,331,1068,1243,1246,176,1166,60,1073,1241,860,1263,1146,701,800,1354,561,852,539,179,1181,1058
953,1052,628,655,141,800,28,680,425,1004,687,253,1313,994,1003,691,1322,463,93,1286,779,387,17,220,684,703,148,1194,1041,449,459,634,426,261,438,688,1310,430,1314,977,706,464,77,1027,1018,991,445,274,613,614,116
270,1327,28,616,261,1038,687,965,445,252,1049,688,449,1313,385,977,1328,1322,459,17,700,800,350,649,1004,425,1041,77,463,454,1204,1175,697,1293,1320,20,387,533,220,613,149,994,516,427,140,470,680,1026,720,1321,430
505,274,1152,294,400,1050,43,464,667,1241,826,1048,1063,561,1342,468,487,447,918,968,1128,141,732,1058,1000,916,753,496,273,46,292,1249,469,775,1070,1075,908,1226,402,733,1322,567,923,1310,61,750,491,167,1131,302,1102
919,703,445,628,1041,116,616,426,350,220,406,449,1052,679,1328,93,1327,680,1004,412,1286,1292,427,706,1314,1326,99,28,454,253,1296,805,24,77,136,697,41,538,261,991,38,442,252,691,387,700,1322,655,37,352,980
165,41,143,1050,144,1352,164,403,2,1092,585,396,1029,1341,1134,738,440,33,1047,1139,165,1045,800,1340,234,91,294,1221,532,20,393,473,447,458,464,746,319,708,1128,268,1091,159,669,406,1140,58,271,784,805,491,951
164,518,687,616,655,397,976,16,258,977,1046,1052,1019,965,28,430,973,143,614,636,390,417,93,994,1292,141,544,613,968,1041,532,991,628,507,381,805,1313,145,9,391,440,703,77,442,800,1296,261,427,1173,1005,996
322,703,459,1321,425,149,532,253,430,1041,616,918,219,1089,1091,762,1292,977,1201,1342,1327,1188,261,28,1345,465,441,259,77,274,1202,675,732,435,655,254,697,148,800,752,260,648,17,1060,805,628,350,445,442,684,176
1264,600,133,863,202,870,103,776,773,338,823,178,950,866,122,194,1144,846,782,606,1010,748,382,420,603,855,594,551,1291,930,580,1243,1331,54,1066,837,783,1141,55,539,433,332,650,872,1297,558,1329,596,754,681,201
1259,445,687,1324,518,1041,93,141,784,977,617,616,116,975,990,919,447,412,984,17,138,1026,140,397,973,261,426,697,459,24,729,1204,385,25,800,965,701,1195,679,345,234,1063,406,260,980,545,732,380,16,1005,1019
382,616,720,28,1321,252,463,965,274,1322,260,1026,470,700,136,1300,617,350,261,1041,655,1340,1195,514,994,687,507,1052,220,385,464,1061,459,1286,395,442,258,1004,412,509,1342,387,17,1204,1295,426,1327,152,425,225,270
394,102,1354,836,319,1119,799,783,1190,295,1136,203,324,170,551,479,826,296,795,741,68,1077,803,305,502,825,1228,1248,202,863,585,604,1200,1259,780,810,1239,490,1238,792,562,891,828,818,500,905,1258,433,1141,906,366
606,1039,581,585,1246,555,316,835,861,875,273,1263,1113,320,203,874,1228,584,504,872,1146,802,863,570,808,574,837,238,1364,834,571,836,582,887,496,494,1239,749,828,1254,842,577,1261,741,275,819,553,878,335,852,845
156,1204,518,544,411,784,507,139,1041,30,442,459,1316,510,975,590,1052,0,980,687,991,1328,425,16,403,381,614,454,108,983,383,1051,440,712,451,142,445,401,119,981,18,136,965,140,410,1201,20,829,117,968,315
1065,1200,1105,159,1151,480,1099,465,254,1029,1344,561,1345,44,524,689,775,425,703,700,219,1091,509,543,1089,991,1122,1012,921,916,583,1045,268,412,148,434,1092,648,555,701,85,135,785,257,1191,722,918,584,603,982,273
1025,585,319,878,551,827,836,67,823,214,1271,1140,860,577,845,738,1146,1236,1114,487,592,581,504,819,863,1208,988,66,553,60,795,575,1153,644,750,250,541,1022,233,328,257,92,852,506,440,14,1105,211,1120,603,864
1199,345,1315,1051,1318,403,410,154,672,1307,684,954,1119,522,364,1079,179,639,983,570,409,1313,625,1202,248,1035,401,137,636,596,511,0,669,658,418,379,358,425,441,891,604,111,90,614,438,284,437,1323,1299,661,1093
526,425,648,649,136,1211,1149,769,405,141,617,636,1063,585,543,1034,887,741,1022,1057,1296,316,1014,143,202,1152,1025,278,697,258,439,680,233,1131,704,691,816,841,174,400,438,568,502,150,724,47,390,676,1320,968,687
870,1049,454,901,977,1204,142,449,34,1327,397,381,518,429,24,687,507,616,1286,470,417,1046,1300,348,143,1052,393,30,613,996,447,445,442,258,1017,976,1322,1320,380,261,904,182,982,350,1321,1041,965,108,459,82,590
706,862,581,846,66,504,593,827,1271,1146,835,714,803,1056,823,818,574,553,832,845,705,1270,473,860,1243,604,1208,853,575,1246,493,780,175,819,986,859,834,650,592,1259,1239,861,849,1235,329,646,1200,1236,689,524,854
97,464,426,381,17,655,785,616,125,994,725,1202,1315,43,544,742,518,717,390,973,1320,1173,435,1328,118,35,1008,153,804,516,1171,348,1051,459,465,393,412,729,9,1292,32,654,704,1176,411,136,427,1316,617,1161,253
930,1168,1140,143,468,464,41,1173,403,1029,1041,268,294,18,805,405,590,274,1060,399,1089,270,1129,687,703,383,459,1092,516,1096,25,1094,438,1226,968,491,1105,725,827,1340,1341,12,38,741,1342,1320,469,624,978,766,1093
220,616,687,406,1320,1041,93,1286,268,655,449,977,1327,700,445,412,141,538,145,397,350,164,140,119,180,143,463,118,657,732,1052,975,617,427,470,1321,1202,720,35,253,385,742,380,430,30,38,976,387,41,398,1007
1174,50,498,1154,146,319,1168,1200,487,473,43,791,783,1290,1153,845,1105,968,864,324,998,294,159,1316,1113,571,1228,491,1188,1206,827,506,175,282,290,1321,402,1140,1102,314,477,1359,110,144,305,103,753,176,172,1152,766
808,1038,468,533,387,425,430,1003,119,800,253,1004,463,17,153,1076,266,99,779,655,538,252,459,412,465,1294,700,1092,1320,1328,657,145,725,1005,464,225,1052,385,350,20,38,125,1175,35,264,426,23,159,406,389,398
643,582,665,522,181,570,1039,1280,847,371,885,823,943,1200,583,1251,211,375,854,66,970,601,577,304,625,600,783,193,339,1035,70,596,623,505,1225,320,1277,1372,1232,765,806,1240,60,1179,863,606,862,836,207,341,160
908,425,445,1023,980,784,507,20,1049,145,983,919,454,140,459,253,1294,991,1202,1041,91,655,1327,616,1046,93,4,661,25,409,815,703,1019,666,1161,687,620,1052,1175,729,984,636,142,510,30,732,693,411,994,558,463
374,1045,9,41,628,613,1139,385,991,406,2,472,742,350,720,403,954,616,544,1321,266,620,689,125,411,46,463,425,28,390,252,614,1351,136,680,611,378,687,415,1322,427,1038,623,391,87,35,416,143,4,159,445
782,258,425,620,327,438,351,383,427,703,1068,472,1173,435,465,143,991,518,805,999,785,1046,138,491,35,661,144,639,1044,230,973,416,1344,633,260,176,271,1018,544,390,1201,800,1162,663,1174,1052,448,1105,753,391,701
957,425,703,1202,261,454,1052,1175,706,464,459,628,4,800,532,447,77,1327,28,270,1204,253,1161,93,260,518,655,274,41,403,385,427,1300,470,1314,616,350,445,136,620,440,977,143,142,139,1292,1018,1007,784,38,141
1193,234,510,864,917,988,816,71,696,60,1058,987,1290,1330,1168,1174,659,1054,1225,1270,662,1241,211,877,325,1242,1161,66,1222,314,1159,1140,1219,503,67,908,933,541,880,821,194,857,582,214,1016,497,577,1147,791,495,1075
20,425,447,1052,687,1292,381,976,416,968,616,16,91,93,430,1293,1320,429,417,805,532,994,507,977,544,136,1324,1008,785,1310,35,18,919,703,980,411,364,276,991,1014,25,77,4,393,535,1018,427,1174,20,1041,270
592,1140,526,12,257,862,1058,1221,565,1105,585,264,1297,270,44,852,680,641,1047,464,839,1000,425,827,278,1352,1068,327,38,438,469,805,324,595,775,1024,198,233,1050,1056,1364,487,1321,144,335,823,999,133,489,91,998
1220,687,1052,1026,258,965,613,447,445,425,1293,397,982,28,1313,20,459,350,442,252,1041,616,24,143,270,93,16,1201,976,430,518,1046,35,427,1019,1320,315,417,117,470,896,30,17,968,997,700,1042,509,1321,142,1018
704,445,703,99,32,252,687,1161,435,1007,766,1014,276,225,273,538,403,219,176,648,655,997,1187,1067,1153,1174,533,701,742,419,1018,77,669,1226,393,897,250,1162,649,1165,233,1030,152,785,1345,1321,438,116,800,730,1176
652,1263,66,852,326,823,871,1371,928,175,842,1236,582,1146,569,1232,861,864,162,328,522,777,846,1209,583,1058,577,211,1354,1228,1115,878,860,1239,1262,858,332,1100,1179,950,1248,862,570,609,838,855,553,834,1186,525,371
748,687,720,463,425,1005,977,613,141,17,35,16,1052,994,965,680,143,350,1204,1327,700,997,116,800,532,1292,968,1286,1026,616,1049,445,459,447,1038,1321,234,409,261,442,77,149,984,426,385,1328,729,1013,412,28,380
115,103,451,1304,736,650,1171,618,760,161,504,168,1086,401,111,327,121,367,531,869,672,853,241,326,714,829,211,801,960,453,594,415,94,319,423,1333,604,553,1218,147,357,715,226,985,250,66,329,927,846,544,1101
92,815,453,25,518,440,433,435,429,1176,535,2,636,1194,292,442,1161,364,1315,756,126,438,197,412,381,225,1299,91,441,272,138,289,1318,524,1063,986,1044,44,394,409,1204,1015,411,1082,523,426,1046,437,92,393,1202
430,383,1173,411,416,403,514,567,35,805,518,4,136,91,400,440,386,1022,1014,294,87,489,402,391,544,785,987,666,561,15,146,381,1200,395,426,720,825,30,389,1171,410,390,507,653,1038,779,1344,996,1292,661,437
999,442,1175,20,53,93,454,1038,258,1048,513,507,955,1026,1356,385,25,942,1252,1195,413,519,459,445,294,1073,1324,1199,649,1211,667,78,1216,140,474,1040,30,350,784,378,1357,467,990,19,1193,247,364,831,981,1003,222
336,687,729,1320,116,1286,430,411,628,253,149,616,991,1226,700,459,463,984,30,968,435,380,636,350,976,1018,973,980,140,725,383,142,470,1038,453,158,28,441,143,704,978,447,427,1099,655,17,1089,268,434,1328,440
810,397,1046,93,232,39,734,1358,506,336,181,889,1074,53,501,1199,243,217,1042,800,518,767,1203,385,81,115,75,42,961,117,900,1139,902,387,949,545,432,1185,322,378,794,466,1050,1108,909,546,447,1220,13,1182,788
792,1051,1140,111,393,91,455,577,67,435,319,327,785,411,637,1176,730,1173,479,161,989,583,180,870,390,292,1238,862,1161,866,804,1226,329,1208,448,865,544,453,1364,197,860,805,863,694,823,1168,840,214,392,92,1105
46,141,463,425,991,406,145,965,976,385,17,459,994,720,507,1286,93,380,1038,533,9,518,261,1049,1070,430,742,700,997,1294,975,220,1003,657,729,152,616,628,590,271,655,1194,447,919,274,805,268,134,1041,613,1310
720,141,273,543,1266,1155,60,1107,254,1008,1241,1023,1175,230,800,766,1153,744,1186,667,505,1062,1296,689,236,1048,57,988,873,1004,23,907,487,637,554,1002,923,343,275,725,764,310,290,1218,1057,1372,1058,502,716,1208,292
361,445,687,977,1026,1204,385,261,406,28,141,1327,1041,616,649,140,532,1313,16,994,427,93,149,252,800,17,991,274,99,700,628,1019,459,1049,270,77,976,447,20,613,1320,965,805,1311,417,634,1038,470,897,350,380
809,274,261,268,152,687,975,252,533,649,991,1328,628,425,544,532,1048,965,145,697,1204,468,1041,1102,1092,1201,1023,411,997,518,1056,510,478,620,1004,167,742,509,254,1045,1022,143,784,153,729,250,41,689,1026,996,470
1086,268,916,38,279,533,1340,550,99,805,1335,230,1014,100,4,294,954,620,657,1175,1063,421,465,1300,164,725,923,1059,1324,1333,166,557,254,1195,1177,463,425,800,41,464,315,647,1114,804,750,33,378,617,429,505,1171
301,425,30,397,20,385,406,800,977,616,1313,687,472,1046,270,24,1322,380,28,1052,234,143,426,976,973,459,252,453,35,919,509,1293,442,447,1026,393,613,390,117,1324,454,1194,142,617,381,138,412,994,6,1202,383
596,855,777,59,874,1262,504,749,1249,206,1255,856,534,205,70,870,554,867,931,555,63,203,316,1141,798,585,1248,928,211,201,113,331,750,609,373,103,72,923,868,854,178,371,1260,592,598,279,875,877,1190,551,930
1290,617,774,271,116,36,1340,732,158,233,797,4,1099,729,722,161,1273,425,669,514,1291,14,825,814,108,1177,469,139,189,494,1190,565,646,1153,713,1141,1007,533,471,828,495,730,319,153,264,1259,1266,864,329,824,410
253,274,463,805,617,975,468,732,533,1328,425,464,561,729,991,402,167,532,507,655,616,220,38,965,509,25,976,491,447,526,1226,1342,1332,687,590,661,403,4,164,391,416,1340,1292,694,996,1312,158,785,385,350,411
969,350,459,470,687,36,1175,532,454,1041,1316,271,108,447,380,35,258,468,1099,732,417,1071,274,507,997,99,38,533,9,1026,994,220,1286,387,978,117,381,628,261,141,435,43,526,16,679,1327,918,17,1300,800,516
1001,44,675,433,815,805,141,569,614,584,1288,126,1099,427,694,676,1297,585,422,25,509,570,522,583,804,551,111,426,390,465,143,90,910,988,628,495,1119,378,441,487,119,1315,677,22,383,421,4,329,392,907,412
718,522,751,559,558,1022,304,523,570,553,141,604,536,389,197,302,576,569,678,290,420,916,341,854,913,65,1197,577,572,214,583,1346,441,597,477,412,631,609,829,554,478,211,1053,1050,14,22,409,110,581,585,194
1289,557,383,518,487,445,0,411,469,432,400,126,440,4,389,544,92,378,379,412,968,416,403,1204,295,65,327,386,785,1019,1200,1197,457,14,390,24,704,617,918,91,447,113,292,1310,409,391,1094,1018,558,870,559
332,148,585,1141,752,465,137,110,211,861,1243,768,592,584,553,1082,107,705,438,1340,491,1091,1238,991,650,503,175,565,863,1297,321,473,825,144,689,429,1271,423,745,493,575,494,506,799,328,266,419,147,1200,1235,68
968,596,863,214,299,1056,864,862,562,1237,368,504,319,669,601,329,834,796,823,317,284,867,1200,1217,551,859,846,1222,604,1119,522,799,203,911,503,1022,1266,663,845,836,840,530,1247,865,1115,345,1241,861,534,826,790
1078,565,581,799,857,1271,864,598,827,312,585,203,60,290,663,1235,1259,423,847,787,839,574,522,211,189,604,584,596,846,834,571,1210,1084,806,551,786,776,862,1179,214,593,1260,1110,1239,601,112,1119,367,863,869,236
582,846,1247,823,1246,834,583,860,66,803,864,104,826,1179,60,854,852,780,1259,576,861,593,522,592,61,1208,1177,827,819,832,577,201,1158,1270,842,1223,329,1354,1242,469,600,1022,214,312,302,536,1217,328,853,319,1236
205,687,149,518,977,1027,1328,426,1173,1071,978,148,234,425,674,1089,392,440,449,143,119,410,397,684,800,704,266,438,403,393,142,1286,274,1017,815,399,1295,1341,395,507,93,455,380,116,1052,1327,697,126,453,613,965
495,757,1058,1372,853,1309,110,780,1259,1120,1270,827,66,783,753,835,1243,1236,477,1271,211,801,1187,1344,705,864,908,748,1258,906,1100,68,168,1158,304,1370,152,782,593,774,821,487,714,698,1131,856,1066,832,197,852,859
151,445,20,687,9,459,24,1052,261,1204,252,16,1324,649,982,1313,256,30,385,965,1320,140,258,25,429,1023,425,28,380,93,1057,415,1105,997,616,992,514,697,470,255,1013,1026,469,703,693,1000,427,1292,91,531,447
488,312,565,504,862,823,860,861,1271,551,604,864,60,1208,576,846,571,203,1239,1259,827,834,522,1238,570,67,1093,577,824,839,1273,584,592,878,553,1242,536,1247,795,594,1265,304,1149,66,214,593,854,202,581,210,154
937,148,557,518,129,1294,389,164,1171,126,675,976,1197,785,266,996,655,1027,1175,1299,294,991,436,532,364,118,41,281,289,152,274,487,273,1017,1129,912,472,110,1091,1082,649,510,425,779,661,1204,65,417,441,464,410
887,93,397,613,1204,117,425,385,380,634,141,16,1041,518,258,1026,24,1327,381,394,976,34,454,614,406,430,447,1292,25,897,28,440,20,11,9,1049,1052,378,138,1313,977,1019,459,994,463,1005,616,1306,143,1324,400
793,846,823,1270,862,205,1208,852,867,104,1141,799,1271,581,585,803,659,203,842,834,1258,650,1235,1246,878,1222,964,547,854,858,780,504,841,827,571,206,911,57,861,860,770,1265,1245,873,1152,423,319,486,840,284,371
107,425,518,1202,378,381,412,149,976,142,649,1327,994,1197,9,143,159,445,19,1204,403,32,16,977,447,417,1194,385,1294,118,669,393,399,33,991,636,800,507,411,975,391,1316,973,683,266,1313,139,397,20,164,440
776,15,435,319,126,557,487,1099,491,1208,465,1200,558,507,1153,50,329,604,704,825,717,464,532,103,410,292,364,1096,92,1140,415,986,233,137,785,44,544,194,559,390,14,835,1091,472,553,567,383,757,166,694,460
1138,1173,1175,1162,779,152,703,148,125,1295,1310,261,804,657,510,1315,223,1131,1014,590,705,975,149,175,518,17,1022,1008,954,389,1056,669,447,435,253,28,544,1187,465,706,852,470,1067,1165,968,425,438,1058,768,687,268
291,700,1321,149,1052,468,17,425,1061,459,385,430,445,720,701,616,380,253,1314,463,35,697,16,1292,1038,240,1041,350,116,1326,634,36,687,157,548,125,406,703,93,533,965,436,1194,136,405,1148,26,1019,465,1313,464
746,37,1096,1124,814,1026,22,1252,705,132,532,741,1366,613,794,1287,757,1368,526,254,1236,905,720,996,465,913,1346,21,1046,1295,55,626,1029,614,1292,74,443,475,716,1106,1082,274,721,1274,969,428,1129,457,504,749,525
282,800,406,701,230,412,1038,252,459,396,380,480,188,963,442,1185,350,616,1344,1327,430,727,220,35,807,31,159,399,613,260,904,1325,1139,977,1286,390,1040,28,397,720,1322,461,918,1293,386,1224,1250,449,1030,26,894
467,172,705,550,43,319,1053,1319,1354,325,1105,1108,1333,1118,766,1258,274,1063,1236,193,746,1076,758,477,473,491,915,741,1129,1190,597,568,498,570,1127,1206,829,1344,310,595,305,158,524,913,98,1326,1172,556,1228,551,1352
633,585,775,494,633,823,536,806,845,324,1259,1179,551,1141,835,714,584,66,203,780,308,583,201,522,60,575,846,1277,1055,592,211,571,607,577,604,86,803,863,1261,603,314,189,862,329,1022,493,864,1240,1271,1243,1206
181,687,703,140,518,260,35,616,538,1202,412,28,509,701,977,706,261,406,141,680,628,976,430,149,447,1052,385,381,634,449,118,258,983,454,459,965,1324,442,1194,143,17,230,220,994,327,32,1313,266,77,24,20
202,977,687,425,518,965,634,1018,258,997,616,445,994,447,406,1019,968,613,1026,143,545,1020,976,93,261,439,91,385,1300,1045,9,614,1052,77,28,980,1201,516,379,680,1306,1174,430,532,1008,2,315,982,34,544,381
611,66,1259,862,570,1270,853,1265,312,1263,849,854,1177,1273,1262,1228,852,841,1056,1248,60,819,201,827,1245,1115,609,522,1205,741,1039,1354,775,582,787,828,1156,1219,823,585,368,1022,865,1190,861,765,328,1366,856,774,1238
762,1052,425,965,387,1049,274,729,445,1320,17,1293,468,616,1075,617,977,20,167,380,442,100,141,994,1324,1070,252,1003,533,273,1204,463,1018,145,464,406,1004,916,712,1322,805,277,132,28,910,752,742,687,1313,24,1286
1048,1204,445,977,406,425,965,270,976,617,700,1293,897,1050,1042,1052,1321,143,385,438,649,141,1018,1320,734,968,440,532,9,430,93,28,428,720,35,994,973,415,1038,507,220,1311,294,424,252,380,732,725,687,1327,1296
54,614,425,445,440,91,514,381,389,20,634,994,93,141,489,92,700,6,662,12,453,1204,294,65,411,697,327,653,1014,1005,143,409,687,611,16,805,577,1208,661,233,784,1008,644,426,194,509,226,264,383,522,1020
252,425,164,225,140,385,35,445,405,30,470,1014,268,468,1000,1174,669,617,459,599,4,423,233,21,1076,636,87,1171,1007,660,919,119,725,666,427,1051,1107,986,678,1023,38,689,380,406,238,17,1342,531,981,496,1312
1069,1226,751,164,41,1202,1135,176,853,1111,522,1332,1287,1125,742,1336,524,887,1022,319,4,294,1200,148,1210,543,491,636,862,528,1057,733,230,278,1093,1094,201,60,1352,202,487,1105,127,473,1171,553,810,1191,480,823,159
1101,425,141,616,518,1327,385,687,897,1313,463,977,380,25,994,442,454,28,1204,93,628,449,138,16,17,140,700,507,381,634,991,387,417,1320,350,1046,220,679,447,253,118,1324,1018,919,613,397,1042,1310,614,1041,394
966,1322,724,143,270,1139,230,1004,628,1083,630,1038,406,706,1254,784,234,156,350,657,1085,148,1327,425,271,445,447,1023,1211,455,1039,683,184,29,965,1049,1320,533,118,253,1092,248,1174,677,348,725,463,1099,1150,746,1067
1250,329,570,815,401,433,1315,487,172,319,1022,503,111,862,592,440,1068,174,1176,543,676,118,1031,644,92,524,151,489,604,971,1303,180,742,544,1140,919,1099,1297,1354,1340,653,954,618,1341,448,1342,67,556,219,518,609
392,766,205,864,469,819,302,646,233,769,1211,1143,1177,1039,1271,1249,570,761,862,15,423,236,988,166,60,312,860,1208,50,741,1056,944,1247,487,1270,852,21,316,774,1140,689,825,1190,168,584,573,238,502,1263,1222,210
125,406,445,1313,261,613,691,1321,141,994,1020,93,1029,350,655,720,509,700,976,28,426,1324,590,140,387,1322,412,1045,447,628,442,824,1052,1293,258,430,385,687,977,424,1038,1008,380,403,32,52,1327,1286,397,17,30
803,818,1217,1260,233,585,862,867,487,803,133,801,839,769,205,1271,71,863,581,60,1055,1265,689,1128,823,568,246,1208,1245,562,637,543,161,565,584,547,203,846,1246,1262,1270,310,870,495,290,489,698,649,320,1149,1097
1308,823,1096,77,692,154,0,551,998,43,240,15,1098,163,1079,457,1360,1033,829,596,1074,100,289,701,934,1272,751,4,488,292,785,110,183,65,62,61,396,1108,1265,1252,533,1064,597,699,1205,410,1173,648,45,500,535
958,233,425,170,1259,151,1371,553,522,827,1131,172,1341,1236,853,1053,1312,273,552,1135,1101,986,705,1187,1239,268,341,835,524,66,328,1246,1258,1107,774,1208,205,1094,1352,856,1127,615,94,251,952,1355,797,23,164,871,1010
163,381,518,447,968,411,445,544,1019,261,415,1173,1292,440,1162,687,507,1014,435,514,25,143,1295,433,991,416,223,614,9,417,384,383,1304,703,400,437,16,470,698,401,805,678,1032,234,729,391,255,136,409,295,250
1195,841,1223,1140,1115,1236,853,1238,713,341,335,860,1134,1271,1239,211,1110,1024,1242,296,871,1264,1056,1208,863,1217,832,835,650,592,1364,176,1083,1068,1211,193,536,865,1237,1276,1177,780,583,790,577,824,748,758,312,1206,331
396,1022,1271,203,585,860,570,862,581,1246,846,853,803,859,1056,827,583,775,819,871,1259,1115,852,825,211,787,66,175,887,238,1372,1303,776,577,486,202,504,551,676,818,1240,329,592,863,1248,205,964,320,757,823,341
735,329,570,823,596,799,201,1228,867,1238,202,845,871,603,861,862,1344,853,1262,972,1068,670,1258,1239,844,863,203,1251,347,1129,1225,836,818,803,1200,325,854,473,753,1039,70,319,650,775,320,967,170,1265,332,85,1221
814,1059,1336,824,1014,1019,21,458,919,290,408,45,733,715,570,393,916,181,22,505,1050,423,1299,312,1177,1154,168,1171,1205,551,294,637,1176,1138,323,1129,317,236,233,678,557,1055,289,645,319,1311,639,563,327,2,617
1214,634,134,1308,994,510,1204,644,1076,752,532,617,614,636,616,996,1094,1303,507,684,1360,439,1327,688,694,417,1052,1105,440,1038,1061,463,1286,632,982,149,145,17,18,675,1344,1008,1321,1091,1172,465,1003,713,200,687,1175
102,253,430,425,720,470,628,93,260,965,1038,616,533,1041,973,700,252,35,385,447,1328,445,77,406,145,1076,443,1020,143,141,1004,994,17,1003,459,706,800,687,1321,397,350,1042,31,99,1026,1194,36,703,37,287,1005
513,71,312,847,802,863,596,375,1249,835,1228,866,1143,1236,853,799,603,862,70,1119,1259,236,1141,1238,846,600,67,1166,74,872,577,211,1225,834,591,1354,477,604,233,504,571,202,870,770,207,103,875,523,871,861,371
66,425,1202,1140,518,254,655,680,532,148,706,1175,470,687,472,703,403,1027,998,620,1114,91,1023,1099,383,274,590,270,421,1162,139,411,455,1304,136,220,805,533,487,260,271,108,968,800,447,426,516,402,18,99,1292
519,292,487,1140,159,319,845,986,60,1089,87,1153,784,988,648,1105,766,1039,703,769,468,1226,416,852,435,324,815,1297,502,1083,4,741,1008,44,350,1143,1295,227,141,1172,523,1286,391,498,1127,878,1176,172,791,987,506
815,543,649,228,1037,751,1296,292,127,1101,476,730,324,258,435,1342,1092,460,845,716,290,542,502,1138,1238,1153,1208,951,1154,99,298,635,357,319,373,1099,986,692,1247,439,749,413,1234,857,504,1071,299,275,1091,56,1132
99,1174,268,445,425,805,620,532,1161,518,91,4,427,28,149,470,514,469,544,1173,687,136,250,390,1295,1026,435,1300,968,16,315,447,973,426,616,1204,403,965,411,980,701,270,381,437,509,350,1004,459,416,661,438
1077,1022,453,233,1136,32,741,437,646,401,570,1131,491,383,411,649,749,400,604,556,1153,1187,1271,1067,514,697,18,163,427,1056,1270,15,14,1226,698,705,175,116,423,194,1318,1014,756,1190,1084,644,658,1333,1107,1168,139
708,785,986,1208,827,66,357,1097,1236,1171,689,1212,429,465,993,553,15,835,170,1271,671,853,646,714,823,1333,1092,110,852,435,1022,1270,1105,1259,167,1342,172,491,324,991,419,568,92,775,1151,1082,1263,1140,44,1099,736
466,463,1195,1063,425,136,997,350,687,1321,1070,991,464,1286,1007,252,153,1085,620,426,29,274,703,994,270,1067,469,965,253,954,145,268,1023,159,266,655,1057,1226,683,617,616,526,700,1202,516,20,538,697,30,706,720
1203,1022,1296,473,429,319,391,403,1226,741,570,575,1354,978,201,670,604,176,982,1039,1056,571,835,1265,524,379,1259,230,584,1297,1071,611,1238,769,1067,1197,498,172,1173,785,49,438,154,1260,325,259,478,1108,233,1099,1096
147,445,687,141,1049,1313,634,703,426,1320,397,1327,406,149,430,459,800,258,387,140,16,93,1038,680,17,679,142,385,34,1286,616,628,463,394,518,984,449,1204,454,1321,252,381,412,1089,977,380,261,613,1322,253,636
311,1052,700,385,28,679,1292,463,145,991,617,464,426,412,1038,425,4,442,459,258,613,655,1000,180,1321,720,387,994,468,1050,919,507,17,403,1322,252,1324,149,976,378,380,678,281,510,1320,400,544,25,1003,435,533
713,717,282,451,1222,1037,1304,1058,1248,749,990,662,660,1162,571,1208,1008,1065,1239,1155,775,1151,802,864,951,1014,680,502,661,574,1177,523,1270,1223,940,1308,1032,1314,65,784,324,536,769,793,569,1366,331,59,45,1092,567
9,687,393,613,976,1321,470,1018,996,700,427,617,514,142,1292,973,975,532,426,16,417,91,1038,350,994,390,430,1320,442,590,455,391,691,412,261,438,1300,140,406,703,1311,1019,1174,1050,649,411,919,32,435,25,24
700,260,616,1052,28,35,977,125,532,140,412,706,136,258,425,1313,975,266,1321,261,1175,426,729,919,449,703,800,683,620,697,516,1161,655,252,1041,417,1165,315,468,350,752,897,381,245,464,973,997,1174,994,421,1300
348,425,426,390,1041,141,252,616,389,470,77,28,613,779,661,394,703,270,393,35,143,706,395,149,261,245,1175,403,717,468,435,140,438,253,1204,693,977,1049,441,1043,991,533,267,1014,34,1038,254,996,1045,398,255
7,1044,1200,329,524,383,862,996,319,1051,990,92,411,144,304,472,66,60,1008,327,292,972,1202,863,403,410,604,785,345,1226,1238,1068,585,435,305,1247,951,1318,1252,295,891,870,1177,455,825,544,803,87,503,1093,557
129,28,149,380,703,620,25,463,464,405,1327,429,1286,1292,1050,991,734,141,1018,1300,11,1172,994,532,805,387,125,468,1287,35,968,385,1310,445,1204,980,430,1020,706,36,616,350,507,510,411,261,1316,136,1085,17,1026
1255,464,465,274,1296,463,1003,423,37,533,1032,44,752,143,994,149,1099,1091,419,21,22,147,568,435,77,1336,286,722,1012,268,1124,977,996,565,648,1355,805,168,971,17,1101,148,62,146,700,506,675,172,41,99,1342
479,1236,1262,266,556,691,856,1146,1058,1011,166,1217,978,1177,787,1248,1277,853,571,806,798,845,740,1276,724,311,1260,364,1104,1050,331,1346,789,739,832,497,862,1075,780,472,1134,1273,54,196,325,295,826,283,847,579,300
29,1038,533,717,20,451,599,415,706,429,1125,437,1172,1332,1287,468,274,1048,87,35,138,576,620,644,430,532,435,463,25,510,1175,535,145,1052,1047,399,43,223,1000,57,1041,1105,701,470,469,544,385,660,350,1051,1032
166,429,136,968,159,780,91,1312,1177,9,1063,544,464,463,1304,403,991,270,472,411,491,33,468,144,732,406,570,742,1316,590,1171,532,384,923,729,271,662,292,268,133,980,620,674,557,528,1320,440,392,1022,1259,523
1228,687,977,425,406,385,220,613,1052,445,93,1327,28,252,1204,260,149,997,380,720,417,350,688,459,463,258,35,533,1320,700,426,976,1328,994,468,1038,532,230,36,1301,397,143,1322,266,399,518,13,261,1019,141,1194
1251,596,66,57,1271,928,1219,1259,1248,1217,1277,205,827,1142,864,1265,1266,944,939,1246,1371,194,868,1177,1238,293,966,1237,1247,846,940,840,1152,854,803,305,307,1258,1372,477,859,857,60,1278,582,1241,832,964,1366,1260,1236
674,506,585,514,67,570,50,58,1271,136,1056,503,1153,502,86,15,556,524,102,194,797,189,477,828,985,1067,1340,568,479,1291,402,1270,758,676,988,583,1154,1105,1143,766,551,774,495,491,552,741,1354,1113,771,1266,1022
1123,261,1162,750,634,409,394,779,381,567,1005,319,1019,912,389,1036,660,720,276,378,693,973,655,1014,824,1038,18,1340,143,921,678,351,1344,250,38,531,386,1189,438,916,257,435,557,1311,1194,749,1208,1286,422,331,908
138,426,140,1313,616,976,412,977,93,800,459,1038,427,30,1007,1320,518,1293,119,447,454,20,136,24,430,1041,403,509,138,703,697,978,732,1029,470,1046,261,442,253,380,1061,1286,1052,116,636,270,613,975,220,159,973
856,482,1173,785,1204,435,570,321,975,648,1314,405,704,554,1099,1197,417,1287,1176,144,1292,176,1114,108,400,968,984,1022,91,556,1107,415,1153,532,982,829,1315,1271,697,676,730,290,1297,487,1300,814,522,133,219,476,991
574,862,864,60,741,1022,761,1242,764,593,66,1177,841,205,1259,1211,1261,1258,769,302,585,1263,853,1155,836,1152,823,1154,1141,854,576,867,570,1359,832,1190,494,1179,175,749,828,1247,1277,1231,1146,1372,1243,1239,571,423,928
541,366,1247,949,1248,304,962,371,1360,572,946,1266,777,868,928,915,791,51,311,190,596,1119,375,70,861,856,1236,1261,767,75,1258,243,830,66,1156,329,199,1142,913,865,754,1186,173,113,566,1066,1146,1209,1112,955,885
111,1114,823,598,504,1235,846,203,1022,1246,329,1238,148,565,747,863,112,872,522,960,201,596,859,238,581,503,1247,681,834,601,604,861,46,104,321,528,41,569,585,835,593,803,1146,511,304,1330,1093,1341,111,534,619
260,687,628,445,93,447,406,1204,16,1052,1321,616,143,518,258,994,397,968,141,617,427,1322,697,1327,17,703,680,978,454,636,385,403,700,252,800,1324,976,691,350,412,510,1292,507,438,394,1293,538,991,417,20,649
186,687,385,616,28,142,426,261,538,270,406,1038,1286,470,397,1202,17,977,703,143,1052,468,725,617,613,20,518,729,976,1204,141,700,253,683,1321,800,449,784,1328,136,77,145,459,393,403,252,260,93,994,447,138
3,425,385,430,977,447,965,616,93,16,1026,24,28,380,397,459,412,387,1293,976,258,417,1018,1300,381,143,1046,896,350,252,77,973,1020,700,509,472,1194,1324,544,800,140,994,470,1049,997,454,984,628,784,440,91
428,464,482,805,167,1000,1335,750,1171,274,1022,1226,1312,423,491,742,165,733,1352,403,166,738,1340,766,174,234,38,1330,1127,425,90,646,248,1059,12,172,768,439,570,815,1177,611,33,741,279,1336,145,305,233,617,319
448,35,1287,532,1048,1344,36,154,470,410,38,533,750,1202,402,1111,1168,511,420,158,912,1213,230,1349,21,41,147,227,15,443,460,45,463,1318,785,40,1173,666,720,599,765,733,1337,268,689,1226,986,324,718,274,862
950,687,454,425,28,703,445,800,655,706,1202,1175,459,93,516,470,628,270,442,142,430,784,77,616,118,406,683,35,261,350,385,1026,1038,1328,1194,426,253,1327,691,464,965,1027,0,613,1313,403,447,590,41,532,1294
1059,738,746,173,611,49,1156,1213,985,1151,375,427,671,1164,591,747,480,149,193,1136,296,421,784,43,63,1073,1060,554,869,570,203,304,214,737,1342,53,113,37,335,154,118,1061,603,285,675,1139,609,1277,79,487,1134
575,585,271,584,58,1149,689,603,268,320,202,504,985,586,329,1022,166,835,1201,775,1200,954,1168,575,203,862,778,405,729,144,714,524,233,1230,1234,158,561,758,159,426,267,460,22,100,818,571,143,487,583,854,263
946,1038,1003,720,28,1322,532,464,1052,1327,655,613,628,37,406,141,380,274,132,1004,253,220,463,1165,710,716,904,1295,657,965,1286,526,794,249,277,533,614,387,616,712,9,41,481,158,252,693,991,454,426,1029,125
699,805,628,1175,248,138,429,425,225,666,441,149,472,390,742,411,981,435,567,415,991,46,616,381,518,655,35,440,1162,126,270,649,691,703,1107,725,294,274,148,491,544,487,416,1226,438,389,350,1174,403,1014,391
620,862,319,842,329,1262,823,1208,60,950,871,104,861,1256,799,1263,210,1236,312,839,570,1260,66,71,568,1258,875,860,816,1119,1186,103,304,1219,1225,863,328,536,316,1259,619,852,577,849,1152,874,207,325,70,504,582
290,220,1327,17,125,655,996,118,93,256,406,1295,266,252,1294,657,138,153,37,263,1041,700,81,261,1171,258,779,1324,445,463,991,454,380,409,24,1085,411,350,1038,1322,415,1005,616,1052,691,230,693,694,241,123,470
241,1202,140,703,1299,1318,1315,1330,25,1051,686,561,91,779,614,697,784,1161,9,535,558,349,805,1294,1306,111,671,35,1303,437,1017,1041,491,433,14,296,211,20,138,666,863,1031,979,381,516,4,438,34,975,411,701
135,425,616,261,1313,274,453,429,126,1038,234,800,9,395,897,1310,1324,141,380,381,1328,687,411,385,390,394,406,397,252,532,507,153,118,35,255,1052,919,393,1332,1286,140,996,447,700,1139,491,389,634,742,25,16
233,943,831,1117,406,1203,800,538,114,142,222,519,684,1006,759,537,1004,688,546,1322,425,735,466,1003,404,1013,199,471,115,1298,895,884,545,1042,140,719,731,117,1182,894,1327,1250,1350,442,1072,218,51,963,548,1374,25
546,1248,319,826,1158,210,1346,487,862,304,595,868,846,1137,329,1190,242,54,566,1219,801,1297,859,783,626,1066,930,368,178,780,1243,803,338,553,12,506,1241,1359,311,570,565,1112,1247,1258,1237,885,204,864,576,290,151
543,1262,799,816,1232,596,663,555,1055,496,71,1344,849,792,569,1277,839,328,193,806,1258,834,1156,60,477,1239,1346,441,1247,310,325,1259,57,1180,823,1221,1244,375,1236,371,789,659,1354,861,500,311,1263,859,504,777,324
1191,862,577,487,329,583,836,320,493,536,826,592,319,775,780,60,1154,328,203,846,860,66,524,923,870,505,1246,841,1242,834,584,214,196,68,789,845,553,1191,1158,558,202,593,1223,1113,604,864,103,842,1239,1058,1146
1246,91,108,463,1194,561,823,1140,712,703,1153,1210,1172,1018,725,730,250,1134,1292,1270,654,292,1083,416,116,982,403,1201,616,762,975,440,687,752,11,865,319,16,299,1286,421,445,518,1321,315,261,662,790,918,1003,1181
108,425,385,145,463,454,445,1038,459,1292,976,258,994,1052,1320,510,1327,430,417,406,700,977,397,412,720,649,1204,1293,424,509,117,442,17,427,968,965,897,1324,234,119,975,1019,108,1328,35,1050,159,140,440,28,973
345,977,24,385,687,93,445,1327,447,1046,380,1049,1292,20,976,28,381,417,1324,613,406,454,1322,425,350,16,507,25,252,982,430,1020,125,427,397,140,1026,1313,997,973,590,616,897,649,1321,1018,394,412,260,472,800
232,25,429,1161,28,261,1295,141,1041,1313,975,616,119,9,118,470,1328,1286,453,463,385,1318,1124,649,445,628,981,30,1168,1176,614,997,1061,227,132,459,391,658,234,1173,983,1026,398,1038,1050,256,416,1299,1289,430,1019
1020,585,861,854,1221,522,60,862,504,846,335,203,823,210,596,832,63,565,1152,839,583,68,577,603,1262,860,1208,62,1228,875,312,835,864,319,867,307,65,859,593,1265,70,1246,1022,1260,328,570,803,477,66,852,368
347,1022,112,915,790,666,1191,1200,639,698,438,624,661,1332,689,1043,908,109,599,1210,1051,741,561,441,68,818,536,304,927,618,811,381,1149,85,633,118,1176,1242,817,1202,111,391,815,405,159,214,663,295,66,669,1093
520,967,820,1282,962,580,332,104,72,911,899,326,113,953,1137,958,374,207,765,877,1369,237,830,1257,905,942,1235,1152,55,1170,781,933,1360,173,868,777,368,782,215,949,375,873,875,787,941,371,714,1244,1261,1309,870
483,823,972,986,862,1333,1236,541,525,585,1022,891,646,562,420,201,144,1228,1259,316,765,320,1248,1366,1208,838,522,790,571,324,504,604,600,753,776,528,609,811,1200,835,157,858,863,1152,575,60,319,1239,846,317,326
548,545,1262,1265,1228,88,808,967,1119,183,926,74,874,887,371,190,575,670,1367,375,823,372,331,312,1075,1053,265,962,1016,278,855,835,1260,844,1207,1213,1223,1280,201,562,1331,358,1232,337,936,179,578,71,177,601,914
409,274,465,230,1091,655,526,543,1129,38,268,1195,1099,172,720,149,41,491,1319,253,1286,1335,1092,532,421,82,273,1107,1341,1027,648,429,617,996,166,125,470,1120,478,143,463,275,1038,118,161,49,746,99,353,286,1300
284,1008,1005,438,406,997,274,1013,34,381,327,261,470,165,409,378,1032,143,429,394,1108,1173,399,993,475,167,387,687,613,1124,30,628,753,1027,384,509,700,714,1320,435,704,238,9,623,125,396,717,1031,447,144,1101
693,784,139,1041,1314,203,1241,1270,489,1047,653,868,65,116,486,683,18,660,518,233,1292,1036,164,90,1154,582,1084,1053,569,118,1333,659,1277,1013,61,974,1312,438,570,1022,147,41,273,419,1187,860,852,22,1173,611,57
468,1067,423,741,1258,1177,154,54,775,667,669,1211,1190,61,1158,1245,203,780,826,364,221,1265,543,1152,931,572,1248,460,1210,506,91,416,1153,321,661,1056,1340,1236,46,1068,596,197,290,1118,1271,1132,862,305,1226,487,223
140,472,270,805,666,87,509,390,1292,815,1288,20,294,378,1352,119,117,1051,532,447,1307,448,225,389,1318,90,35,2,544,220,627,21,980,25,975,392,929,148,1046,919,33,403,643,383,987,109,438,1316,1177,315,1162
22,403,805,824,4,21,991,383,511,910,268,766,15,448,1022,294,815,9,405,165,154,1173,419,1336,464,438,1340,505,271,661,916,1099,292,402,148,1288,319,742,390,433,923,1036,441,18,1149,617,678,487,921,136,609
645,864,553,803,823,596,70,714,581,834,863,859,577,867,1332,66,738,214,104,747,181,133,780,1243,677,368,362,862,583,500,840,748,819,1214,326,742,861,486,1217,62,201,503,960,601,592,594,1237,1140,619,45,871
956,425,1071,399,234,119,138,954,17,1014,468,996,1007,315,1174,390,1107,729,136,533,965,426,266,20,644,1226,453,419,1091,538,274,1076,87,273,38,270,694,393,657,118,1067,1162,1201,1038,701,403,599,1161,279,29,351
1182,862,1262,66,1239,570,890,864,1217,596,585,842,577,1246,70,60,808,1259,566,214,852,1258,571,860,1225,861,849,1143,816,1238,823,878,565,799,551,827,319,854,562,609,1236,1228,669,592,1359,581,604,877,1222,104,826
925,425,397,687,393,449,403,77,28,1313,385,1041,143,1204,430,613,538,1293,93,1029,1202,20,140,616,30,965,691,636,350,455,16,617,725,270,390,468,509,1019,261,383,1046,260,1148,732,32,680,9,518,1201,124,1044
1305,274,139,279,996,469,805,1036,706,1310,766,1025,438,687,674,683,464,705,666,1049,1300,473,800,864,1135,620,1127,1136,81,1311,261,1092,1313,475,741,208,1113,516,9,41,590,973,164,998,824,785,219,628,1158,1047,203
242,687,28,433,614,20,425,1303,2,256,616,411,1020,426,533,400,585,149,118,470,489,9,261,1029,455,805,1171,440,1042,628,111,1187,1202,661,422,982,680,378,423,146,459,30,649,729,463,381,132,438,25,252,703
1,1204,381,411,687,996,91,30,518,126,445,397,1019,25,1161,532,18,255,1318,1171,33,1316,385,9,395,1176,410,994,11,643,472,980,1202,383,1295,393,673,634,19,616,142,1292,315,514,649,544,401,614,28,785,1173
1320,1152,60,780,1239,646,552,864,887,175,522,1258,317,824,1211,570,1143,1259,1236,816,1238,665,841,847,988,1180,1056,583,1271,827,1155,715,769,1177,1146,837,233,102,828,1247,555,326,211,987,496,1022,1014,294,1219,741,585
271,518,390,411,532,440,997,1008,996,447,118,398,381,472,1013,276,393,994,416,1292,785,389,687,412,1204,704,1173,31,18,383,119,437,134,634,453,613,108,126,384,1202,165,409,463,636,1295,1162,531,392,673,94,975
402,870,319,775,1247,203,846,871,827,749,1058,1208,70,853,487,1249,565,290,553,1240,324,650,65,839,202,1243,1155,842,861,312,332,570,637,864,555,761,823,733,1239,1158,803,854,1271,857,593,584,368,928,67,1273,828
74,390,35,514,87,437,395,146,805,383,119,47,472,653,1236,90,621,268,618,785,715,1336,393,315,1318,23,91,422,643,1171,347,804,1287,325,975,480,46,689,398,21,616,661,670,570,415,457,1228,1288,506,83,810
439,1248,312,823,853,862,887,1270,1259,609,202,581,583,522,846,551,854,803,210,592,524,1225,1249,1271,203,194,1246,860,596,66,777,758,867,847,104,1265,1235,574,63,290,863,296,211,839,1238,1241,575,849,571,1258,593
912,1322,17,459,145,1320,1286,507,1003,1052,616,1328,429,994,1038,465,380,25,700,37,28,468,655,1004,1175,683,20,1311,1292,253,1101,87,1194,252,1041,116,125,687,1013,153,620,38,430,985,725,720,617,385,965,43,526
1186,862,853,570,845,842,1146,823,780,1258,1249,1259,319,826,1265,874,836,761,201,1241,769,875,555,1208,61,60,1354,1211,1270,1262,1245,733,312,1254,278,787,221,854,1263,176,522,1266,841,827,496,1115,1141,1058,1205,852,1118
562,862,60,571,1217,1177,1241,319,329,1068,758,299,565,826,487,841,827,392,62,57,176,1056,290,506,1249,1270,998,1211,790,585,653,1223,214,669,1259,860,954,566,825,1247,1155,1221,435,302,296,577,749,762,775,852,597
943,274,1175,741,1342,390,705,1092,35,37,470,261,233,1059,526,491,273,429,468,865,258,997,1312,829,1113,267,452,383,1083,264,1008,1099,275,480,175,1038,1311,986,20,725,1345,616,138,1136,219,1044,620,148,143,459,245
641,1259,852,1217,522,1245,764,60,553,1190,494,1180,778,203,1242,302,834,1262,861,1177,492,585,906,1236,1191,853,523,1211,57,854,669,1179,836,783,859,493,823,275,1150,316,845,1258,1058,1141,319,1247,571,1270,885,1205,329
964,791,175,264,705,1131,1316,1022,741,415,256,988,1101,757,153,314,567,1067,1035,136,864,698,50,733,555,273,852,12,1075,876,1048,1248,795,1111,749,1129,987,1265,1270,1246,829,887,1222,1297,1056,497,748,1005,1171,1336,644
1271,518,687,965,442,261,532,616,1052,1038,440,143,385,1018,469,1175,20,468,470,628,425,976,968,544,954,1310,649,697,1174,417,1300,1067,258,1026,438,454,1048,1201,1173,975,108,384,1286,443,919,1005,380,16,252,703,1165
287,1038,429,445,433,1292,425,532,327,34,617,398,390,544,383,252,472,509,379,1162,141,119,411,381,954,1304,1315,697,567,679,1004,415,1321,385,1318,514,1204,159,1316,409,620,315,416,986,440,742,292,378,401,463,1051
310,152,1041,430,973,684,261,260,253,1292,514,464,1310,2,1187,36,277,720,77,161,752,35,573,1327,424,768,387,459,350,1052,1316,17,1042,132,533,1175,655,1061,255,470,613,167,1030,381,779,1038,1023,706,1289,16,977
305,1042,1320,1038,447,814,965,1351,478,1017,544,785,906,125,389,991,17,412,152,977,1075,648,258,440,134,697,1089,580,1201,1310,1070,1029,1025,801,415,391,427,9,1154,976,919,390,988,1344,1173,982,729,1290,29,698,87
96,617,655,1120,463,464,394,1326,292,403,1311,37,991,805,1007,1340,1127,752,1296,654,271,248,507,390,1201,538,1202,968,661,590,139,1153,1017,544,433,442,1018,1029,1107,417,167,1310,219,77,973,779,518,439,1204,1050,982
371,967,574,504,1213,582,450,358,749,1263,689,1068,547,496,795,992,862,838,275,633,485,486,571,203,322,332,346,112,608,200,1237,770,858,1228,702,836,317,626,1170,577,80,787,188,581,786,986,195,56,598,846,88
397,596,1235,1259,1262,1258,857,1210,839,1131,846,861,867,774,858,863,371,1244,1269,795,205,849,70,1207,818,777,408,1236,803,845,290,179,313,847,1119,1260,485,1246,74,57,585,233,104,1146,827,600,312,581,1265,566,206
329,1099,533,4,561,1344,268,464,1311,274,172,148,1140,1326,1176,145,146,470,732,984,1012,158,526,491,38,742,487,703,599,1328,281,441,329,1120,689,898,44,675,1286,657,166,1288,1340,1168,1352,1050,426,21,722,1105,1348
1046,1204,437,997,25,432,258,1118,239,445,315,383,973,1194,1174,429,1227,469,986,95,1236,518,451,250,1366,454,1051,390,526,801,91,129,1280,428,220,480,108,132,0,764,139,668,919,976,4,442,234,1179,658,1041,683
522,445,1296,800,472,253,487,425,1092,918,1099,1326,421,141,250,1140,429,159,507,1023,403,1122,557,1027,142,1070,725,845,1348,1083,559,654,989,441,975,1173,1349,274,1017,1175,449,350,1090,444,1012,1247,126,677,243,1071,412
153,687,518,18,968,1312,491,381,712,91,1300,1005,445,401,805,9,1008,544,110,1296,1014,440,327,1032,1022,614,634,425,16,1173,815,994,148,439,703,531,641,435,270,259,438,993,514,447,429,1306,276,434,392,433,532
1165,1226,294,1168,491,766,274,234,805,41,590,1318,100,38,268,58,654,1067,273,599,201,227,167,750,725,1107,1342,350,923,276,296,1084,464,403,9,118,172,164,225,1051,136,453,729,399,1136,470,1335,1045,1112,35,824
491,491,487,1140,302,1239,1135,279,304,1200,1371,1342,570,278,167,1310,328,1131,1156,1191,593,1022,1344,1158,482,1168,175,550,233,724,1092,806,1155,68,1143,838,317,1258,817,1242,611,791,1246,1287,559,599,828,862,574,747,860
240,491,91,1094,1131,1310,1129,705,678,110,410,1153,815,9,1127,644,1175,805,196,464,674,1062,1101,92,329,148,233,655,1190,557,67,1340,429,152,383,683,276,103,860,145,139,878,1258,749,1349,487,634,741,704,567,1135
682,628,701,976,1321,149,697,703,159,1139,732,453,981,391,706,447,617,687,270,148,253,1014,655,294,616,636,419,260,1056,491,683,140,364,1007,704,518,276,688,442,1340,1293,661,1027,511,266,968,973,258,1017,445,1313
1081,54,1248,1241,911,869,949,1244,1233,566,930,946,799,953,304,773,872,1239,603,596,530,967,283,354,529,482,871,754,51,941,870,1160,775,781,1229,332,496,329,760,1275,121,280,88,311,830,867,803,1262,1178,170,373
1224,687,977,445,965,1052,93,720,616,385,1327,1321,628,1204,252,459,77,350,613,28,430,1049,509,449,1322,17,1026,684,800,1029,680,380,258,997,143,397,16,533,700,463,984,768,140,1005,149,13,116,1194,35,399,442
599,1246,66,826,1259,1261,1238,1271,818,769,1228,827,823,780,853,864,846,842,887,1058,1141,205,1366,376,581,878,852,803,860,836,1056,571,233,203,460,504,847,570,1242,1258,829,834,1265,761,964,102,775,1372,1243,592,840
591,202,570,584,551,604,860,1271,864,64,862,329,494,320,828,592,242,769,583,60,854,818,1238,328,205,201,834,776,522,582,211,887,594,846,1190,845,1265,841,852,66,1242,319,1290,1259,1191,748,58,498,312,803,775
408,274,268,463,465,532,41,1342,491,118,425,725,145,350,468,616,657,430,533,742,464,35,689,1292,28,977,429,1041,720,391,43,387,132,543,253,426,406,315,258,1052,390,996,507,99,1175,687,1092,655,997,138,526
1265,655,954,1175,684,697,253,141,1023,274,1008,680,252,616,679,703,700,729,683,1049,491,421,100,1038,267,261,951,1292,149,706,296,975,281,454,1002,116,1041,968,657,533,459,642,544,447,630,732,728,526,1025,1366,1027
1094,351,759,1178,1263,695,1374,1144,1160,1253,1244,1203,46,939,566,1250,53,358,1274,111,54,361,47,950,884,520,781,967,115,1282,615,1170,169,955,851,160,84,182,1196,185,935,360,215,702,370,1256,1279,936,339,763,707
614,1259,1354,1265,928,853,1179,1370,371,325,582,875,1269,873,857,869,1275,856,867,366,740,347,1245,375,1104,926,1137,1166,1236,1260,872,748,801,1277,949,1223,565,1157,858,846,1066,335,205,883,102,1262,786,969,104,830,958
386,274,468,1342,1175,43,172,1063,1140,465,469,470,1153,550,464,1059,1099,611,703,532,1195,1008,225,390,1340,310,1129,741,294,1136,1056,1047,138,1070,1124,1310,487,1131,750,270,954,38,805,415,716,506,286,662,910,429,276
493,487,758,65,1309,944,1143,1058,162,304,1186,841,302,1208,801,783,583,1372,1239,740,60,966,68,791,766,570,754,1158,524,58,366,928,203,54,361,650,534,795,221,503,908,787,566,1142,1310,57,607,1209,200,1233,785
1198,680,445,1204,784,1315,812,345,225,672,691,1008,143,983,1035,1305,585,939,18,1248,703,697,296,255,142,954,653,385,1178,1325,1194,616,745,661,1022,76,102,1038,974,331,615,634,228,91,96,165,397,226,1181,118,327
742,522,1022,609,570,576,1180,536,758,1259,775,1247,523,1177,841,104,197,834,292,863,824,304,535,604,491,577,328,854,105,1246,329,790,194,1242,1208,553,1067,846,862,823,319,68,584,214,341,211,1158,867,14,1190,1239
1045,425,976,445,628,691,617,225,509,28,260,1175,649,1124,1161,136,666,273,364,1311,729,1076,636,415,1322,984,514,30,261,140,399,164,453,648,991,994,427,518,9,220,1294,390,704,1351,36,315,378,264,996,965,270
1137,263,655,28,628,463,1165,468,752,977,1085,417,1321,245,459,148,1029,1038,713,143,252,253,380,714,1052,1004,470,1026,728,426,684,779,599,220,526,265,687,1045,613,533,518,689,757,240,116,1048,1005,1151,1173,649,465
1125,688,1067,1052,425,649,977,684,965,704,148,982,1012,266,1173,387,701,1320,482,532,440,751,260,648,254,143,829,253,1300,351,752,412,617,784,1007,533,1032,550,243,1030,1089,729,1326,1313,976,687,274,99,692,292,985
983,1127,662,705,261,689,509,768,678,1107,274,1014,620,994,756,954,1005,1113,1135,1136,1131,175,279,611,761,774,752,276,617,233,1168,205,1050,478,805,9,700,164,1293,1071,305,1341,567,1105,273,1155,1058,654,1004,646,544
906,1173,1140,561,951,274,18,100,585,410,1058,1075,261,372,254,954,1022,1047,1066,268,661,714,314,687,402,1048,14,683,684,975,161,1340,623,970,491,655,276,697,742,420,1063,1168,1202,133,619,1332,1226,273,985,1287,762
889,425,687,159,620,260,697,1162,518,149,805,1292,426,136,489,141,815,20,1022,411,459,33,1324,1318,1013,256,455,784,1027,440,389,139,1173,1107,270,116,1008,18,691,427,980,975,491,683,445,679,381,469,1052,987,292
578,863,581,522,202,867,592,775,211,604,862,504,1022,103,570,609,854,950,423,329,1093,603,650,596,194,60,1221,799,72,70,66,871,1119,870,698,583,1271,571,818,860,154,205,859,562,420,511,1239,853,670,646,565
661,838,943,883,769,582,761,1117,230,665,1338,1146,1207,884,887,288,549,369,229,1218,191,1121,960,517,1222,450,1215,1055,869,828,284,413,56,73,963,473,114,1276,525,627,245,8,1177,1235,360,1106,370,346,318,293,1169
1096,214,103,646,562,1267,826,104,794,1053,504,801,292,862,522,304,1023,557,524,841,1372,551,1074,552,1259,576,911,366,1330,1256,332,326,770,536,251,44,609,1179,1116,1209,699,1255,877,1352,783,154,92,604,870,570,513
384,1052,980,409,395,470,655,30,443,117,613,17,1320,703,234,220,383,1026,720,350,245,294,158,1061,679,252,700,392,119,397,1004,29,427,4,1041,40,626,385,903,657,468,446,1352,149,977,26,978,0,1322,800,253
182,1204,1052,445,628,447,93,406,385,973,1320,617,518,1018,613,412,387,965,397,143,442,380,984,1313,616,991,1293,701,982,1322,1026,636,140,403,426,24,1029,649,634,684,800,159,148,968,532,1071,430,449,1046,17,814
254,1058,1056,766,662,1152,1155,741,223,724,4,168,176,1246,633,987,705,46,50,87,1211,1141,698,275,970,152,854,862,780,175,238,1270,494,852,567,832,1271,361,423,829,631,389,666,818,405,1014,65,290,522,278,194
437,1152,1195,389,1084,533,403,152,1109,1107,590,1108,621,1013,491,1010,965,366,276,274,1025,36,259,681,544,744,1209,1291,1288,859,618,1153,452,487,975,700,172,901,579,998,712,423,269,468,1138,1354,17,257,392,1295,1314
1171,518,379,136,998,1316,1292,433,315,392,383,1162,401,661,472,1211,1241,532,544,653,447,1314,708,403,422,451,655,1152,1058,1111,514,219,95,1019,1147,416,1308,685,997,1312,1046,1300,768,698,543,1018,1304,1048,386,1177,1202
669,1141,139,18,510,286,741,271,1175,136,1113,698,1022,58,276,197,1118,1127,954,50,992,1344,166,502,1176,669,1340,1173,489,498,419,198,524,1168,110,319,593,106,65,751,1200,439,311,108,758,712,1155,1305,1099,1123,972
331,50,465,752,1342,1168,152,1056,261,1012,544,712,1045,1175,655,705,341,14,274,1050,620,751,954,464,273,783,172,1242,671,1340,473,194,1022,1312,550,167,1173,1336,1,1234,532,864,43,916,149,854,491,528,890,748,148
1014,852,576,66,570,853,175,1245,494,1312,986,423,1271,860,1371,242,775,50,818,176,993,835,864,1056,795,194,908,584,172,846,254,504,1217,565,1210,1259,1359,1236,854,86,60,15,1113,1247,325,324,787,1263,319,1239,705
922,172,1311,507,1326,427,118,1168,671,827,43,667,294,675,1092,1105,158,703,1153,419,1344,92,317,18,717,1099,985,505,445,36,448,145,24,1310,164,480,805,50,1101,905,1034,1047,464,1041,274,706,1164,766,441,149,1292
822,862,854,841,826,860,60,1246,846,319,1249,1141,577,1152,1242,1158,780,1245,861,853,302,66,504,1022,824,1263,829,593,1247,304,566,585,1239,871,522,761,1154,878,205,1262,61,887,202,1217,724,864,210,1190,840,819,1068
1112,425,385,93,1204,977,1052,445,315,1020,16,442,1041,1313,83,976,140,447,149,430,965,449,1004,687,710,918,1026,518,1042,25,1003,655,30,973,963,1324,975,260,387,725,1027,253,673,734,472,983,1049,270,418,454,412
617,862,863,1141,570,329,585,319,860,524,604,1051,320,1354,609,577,853,846,201,575,60,202,1271,536,194,1225,210,211,1243,1265,775,834,864,600,823,312,1093,1259,845,328,799,1068,829,203,780,529,650,576,859,594,551
796,1204,1067,1025,641,259,692,996,915,1351,291,1218,1004,1195,883,856,21,415,260,884,356,963,1101,1190,129,970,1293,385,1039,1292,246,276,457,912,1113,1045,690,429,1284,390,664,47,1185,126,447,531,735,244,84,1313,1069
826,861,312,1262,596,54,799,863,1177,424,1143,296,960,319,839,603,755,571,758,522,311,1241,873,585,1238,862,1247,60,1239,233,332,290,821,1248,864,906,226,1156,645,329,370,314,870,692,619,551,857,1055,57,210,834
432,274,252,617,1194,1067,697,136,99,616,350,533,712,1014,687,268,260,1328,421,100,1135,703,412,261,700,491,167,994,1076,636,36,996,1342,1226,35,509,514,230,116,411,532,153,991,478,1099,159,805,1091,649,148,489
379,387,463,425,412,491,1008,459,405,805,1038,1286,380,997,419,136,465,984,1292,620,919,1342,464,43,700,617,441,994,447,752,720,1226,526,991,17,703,550,507,24,954,91,1319,1067,1092,732,1153,99,1288,159,509,533
187,469,491,524,1259,1022,1063,570,329,41,271,9,1226,862,319,43,47,553,104,201,803,818,433,1297,712,165,197,372,172,1187,662,1141,705,429,1354,233,1201,771,765,785,268,561,1153,1190,66,133,1144,780,118,167,774
294,720,380,459,533,387,454,1327,406,463,426,28,1052,253,1202,468,1328,1070,35,1041,449,800,1087,1286,628,136,526,414,17,404,687,158,261,260,688,655,470,1007,807,686,241,464,985,895,220,709,779,245,149,1004,1092
406,464,273,274,1342,463,655,468,1202,439,459,1092,1195,143,1321,470,538,253,380,1041,617,350,616,1007,1091,657,430,137,1099,1003,491,533,435,1096,49,43,779,480,1140,1324,35,17,264,390,132,1082,689,1286,800,1134,1322
13,350,1321,1202,385,1052,701,35,20,406,697,140,28,463,617,1020,468,38,1324,16,387,636,30,800,143,1204,1293,919,968,399,687,973,141,1041,1188,1007,1313,1327,1320,447,258,253,442,1195,1018,978,435,142,514,703,424
194,445,977,1204,1042,1052,425,634,24,364,1020,442,1324,28,1327,518,447,11,380,77,406,687,900,385,613,1046,397,1018,1049,243,679,1199,1023,1041,688,965,901,2,449,896,465,281,417,247,1076,17,1293,140,1322,20,350
868,996,463,814,1026,17,1313,657,443,141,245,25,429,655,470,28,117,1029,378,315,1322,385,1279,397,24,1049,387,437,543,1027,720,1085,256,380,395,108,496,473,1295,258,687,95,239,1003,419,1346,447,1304,273,427,700
1307,518,425,1204,965,968,1050,234,411,1023,424,1174,766,389,453,732,35,447,1025,403,994,143,617,514,655,507,327,438,1063,1067,398,20,510,225,805,463,415,91,472,669,430,687,1047,294,152,700,1162,1076,768,531,533
47,1322,387,616,1038,430,463,1029,1286,143,1327,425,397,688,1313,230,426,31,350,459,253,680,37,613,403,1293,1320,17,684,77,532,1003,800,701,687,982,628,28,35,1139,1052,533,394,997,252,117,380,455,29,445,703
637,994,167,464,532,507,700,1342,1091,1172,704,429,1094,1008,43,1139,38,164,921,1286,1013,1340,1099,617,1311,1292,126,118,1197,1341,17,219,1300,228,465,667,805,143,165,141,910,9,1322,172,435,1120,1062,1168,1324,1201,1019
321,425,613,28,616,459,412,628,253,687,445,1038,426,463,1029,380,77,977,655,385,261,700,688,442,1286,752,617,965,1292,270,1139,143,260,1311,17,350,533,984,31,509,982,994,968,136,149,997,274,397,532,443,1327
725,834,1066,1119,298,377,199,1375,131,1370,833,781,1244,373,885,55,950,1339,888,114,1288,168,1179,867,782,1283,658,56,1055,1163,882,1144,589,547,1232,461,899,204,625,848,799,1077,1103,1220,51,530,695,777,519,801,68
1092,9,1008,1139,1019,274,994,1094,147,507,557,441,464,641,407,611,38,465,1324,136,1311,341,279,429,815,1168,1287,430,276,28,1346,916,996,1065,975,17,675,1063,509,573,1029,570,14,447,35,453,126,438,1153,922,365
894,585,1275,885,203,335,1258,337,828,659,296,876,1241,1355,611,1259,802,940,874,1119,886,600,875,1277,233,556,1223,1187,1276,803,62,525,347,864,366,1260,1136,1191,372,1249,450,56,473,1239,775,850,1211,1190,582,338,66
769,954,1176,1012,1340,514,1067,1095,815,18,440,393,616,697,261,703,620,585,1056,1153,405,988,175,655,771,805,400,551,28,544,433,1271,1289,438,641,91,1139,1140,448,680,1292,836,757,106,437,503,993,1094,4,645,99
893,102,1173,769,585,954,1271,854,1014,405,749,438,1190,1242,211,1058,724,194,669,570,775,1039,1099,829,175,620,544,604,852,341,791,676,715,824,1246,305,468,1318,649,985,197,66,136,133,662,1226,1051,729,1031,609,644
839,687,406,445,616,784,1052,518,447,965,261,93,1049,454,16,149,116,427,91,636,140,1041,1018,1327,426,108,697,507,703,800,1194,613,1324,628,977,509,385,411,442,1173,1026,141,997,25,590,1313,270,440,143,77,634
841,472,532,463,383,87,997,1071,315,400,1316,429,447,393,687,613,399,805,1018,1300,433,4,379,268,91,968,425,378,126,507,391,1173,25,514,270,544,1051,996,1201,616,1292,401,108,16,977,389,1046,381,1295,125,649
1147,1351,482,472,164,700,52,279,1025,438,1352,1129,378,626,81,1005,1018,510,1052,1123,1310,464,403,646,58,805,252,30,1204,136,1139,1288,98,386,1024,238,994,392,1341,1197,669,684,518,1125,1002,976,149,1050,613,134,491
1254,425,616,258,613,385,252,977,1204,93,518,406,16,634,261,994,397,447,427,965,1327,28,459,1313,1038,140,17,426,1321,350,507,1049,628,417,387,509,976,1320,412,138,538,1201,430,800,381,679,590,680,1310,149,617
997,864,1217,566,827,312,1262,473,1205,998,1190,1241,57,549,553,1242,1275,60,596,1211,1239,611,1139,565,832,576,203,783,307,571,1191,780,500,846,423,12,1276,856,581,931,1123,1214,823,626,66,1234,1158,1271,593,1,641
326,526,149,532,350,429,805,1067,274,1099,43,99,136,38,742,1340,1092,253,533,1091,35,725,459,1168,617,1050,438,439,620,1286,435,516,655,267,997,1175,403,729,491,507,405,732,261,701,657,421,985,1041,108,666,143
631,1262,875,63,858,56,205,924,337,555,504,1272,373,210,838,798,413,1247,1186,207,1266,862,60,967,1349,1154,534,1205,702,371,1141,1255,878,74,777,861,1257,554,113,933,88,740,332,598,870,816,908,376,67,718,1133
773,271,502,553,503,766,1153,487,704,835,319,818,166,557,836,1271,1226,741,506,391,799,321,846,1147,1265,393,477,197,775,214,196,435,845,536,331,1259,568,823,543,575,631,1238,504,1223,172,233,1212,915,633,1249,852
691,248,93,762,570,126,180,1327,1127,815,1274,448,424,329,1194,943,784,679,1048,425,366,287,1023,1297,302,300,616,1116,732,250,628,281,67,1107,1018,680,979,1155,143,624,1144,1000,443,384,1050,634,724,1345,1152,674,826
1132,975,268,590,263,1041,801,28,507,271,1062,533,274,1082,1045,250,1328,1075,470,36,1295,1304,1013,998,1124,706,425,1092,310,139,1036,1173,419,252,657,655,1058,16,683,1091,856,224,1195,687,1020,220,1085,997,620,1313,451
795,425,649,617,126,661,233,429,691,1204,435,118,389,1226,438,390,391,491,415,487,423,522,44,518,412,99,472,676,1022,1014,1107,968,557,447,144,433,678,1197,986,315,258,15,697,604,775,445,110,543,1032,405,1099
1118,1038,684,1105,31,261,1292,526,649,752,435,954,617,35,264,544,1181,1099,1007,152,438,257,253,988,1063,1310,706,350,778,766,552,760,250,91,319,985,1092,701,424,37,60,729,1286,819,532,968,984,1342,1300,648,871
1155,705,460,860,338,1210,487,561,689,862,485,1146,423,714,435,702,989,749,1175,127,777,1246,478,523,853,789,737,750,753,771,1191,43,667,1058,704,818,324,214,1084,1140,1075,1150,846,1120,1208,869,923,855,793,1068,506
426,1092,771,99,66,482,172,553,1132,705,1212,954,749,1113,748,769,1371,864,1342,764,852,178,1190,1297,837,620,236,168,1372,758,487,606,1094,1047,1226,304,1175,835,1271,259,714,152,1143,1289,194,233,741,490,1263,1110,1155
651,862,60,780,823,1158,1259,66,839,1262,1221,585,1058,62,849,302,853,1239,1372,1247,536,1022,70,846,877,1217,57,1100,1249,1190,1270,875,890,583,1186,1180,492,1179,874,312,534,1211,1246,1263,783,775,214,840,857,966,1132
154,687,1052,628,426,1038,459,634,445,1327,406,381,518,965,397,417,430,385,425,447,1328,613,700,20,17,985,412,16,93,617,1292,1049,240,532,24,1005,1286,729,1293,468,436,141,220,919,636,507,684,978,1320,415,464
1035,1175,1127,705,532,1014,1194,1099,1204,749,248,167,259,18,1113,261,1263,225,1372,954,1172,544,1311,1140,646,706,152,1091,779,276,518,741,761,177,1211,1005,1056,756,620,649,1131,1340,1092,829,1292,236,143,170,405,1110,669
212,1327,655,149,703,28,1049,141,1038,387,406,152,1041,720,532,977,533,706,253,35,684,463,252,1292,1286,697,994,385,77,454,1175,145,261,1328,125,1322,616,255,116,465,680,140,1020,805,425,634,1310,350,230,683,442
317,425,1204,697,270,261,447,99,403,617,701,532,1311,655,613,805,533,406,274,136,1014,35,1038,1041,252,126,712,390,417,276,431,220,752,364,445,661,669,152,350,1313,976,1052,649,919,441,1045,1139,225,628,1173,253
831,861,205,233,802,1236,1270,1258,319,1174,857,329,854,862,769,981,878,202,659,1246,1141,197,1265,818,774,852,219,853,506,296,571,104,203,801,805,594,1238,365,793,67,867,823,211,572,689,741,1271,569,860,1022,1225
333,687,425,518,149,977,454,994,516,1041,445,634,636,143,447,270,732,976,1173,655,965,435,1008,403,394,77,1345,680,438,1026,703,704,532,140,617,1049,1293,1300,997,1327,412,261,260,1202,688,1310,253,220,381,1175,136
534,203,1271,581,1246,1354,854,1258,1022,570,1177,1259,846,775,845,860,604,1115,60,577,1270,565,862,780,312,66,836,553,758,585,887,864,1263,504,841,582,296,1228,964,58,842,598,319,575,423,609,175,583,1211,607,1225
267,518,141,429,381,445,620,438,1041,25,378,380,687,1036,92,16,1046,968,1304,463,392,148,425,1027,1173,1162,697,149,998,563,616,784,256,1327,1175,394,411,1000,997,433,459,260,165,691,1120,535,350,507,133,28,704
75,440,1026,141,118,383,1041,393,458,385,470,87,448,149,119,381,454,616,752,429,315,447,977,997,815,516,391,390,24,1013,403,994,463,472,1320,613,417,975,227,20,982,261,1049,1168,919,1295,732,980,712,455,400
1302,557,592,570,583,1259,775,854,576,319,758,823,14,523,105,863,341,604,214,522,477,328,846,1247,104,862,1239,609,551,1241,834,292,1246,194,211,201,584,1208,565,529,871,780,63,1200,860,67,1238,554,1271,1119,790
939,1259,167,1175,273,1050,1068,704,829,464,705,175,1342,1141,1140,103,706,1127,1118,219,1340,780,871,325,164,66,568,750,860,1102,1013,732,867,1258,890,533,290,38,63,1058,853,1091,296,286,745,725,1202,1332,172,570,654
1051,1241,314,245,1162,741,533,1097,791,1022,1208,1014,329,233,660,1174,1063,273,662,825,1161,653,818,1058,689,170,453,1039,1142,1332,1107,61,20,1152,1177,618,1032,862,1226,539,1248,908,49,335,975,1146,1176,714,951,804,66
404,1052,996,1322,464,149,507,532,274,459,153,1292,141,991,425,1293,143,350,148,800,997,1204,518,387,752,1286,253,406,145,516,261,1310,655,1320,41,1127,268,1007,680,706,1038,167,994,1070,1202,164,108,439,616,93,136
851,1327,142,397,688,1320,406,385,445,1322,425,976,628,455,93,24,412,617,1324,463,117,426,616,454,1328,459,994,145,116,613,258,996,1038,509,136,1194,449,720,417,378,518,430,1286,442,977,1052,1046,1204,395,268,634
507,487,1310,1030,1143,152,264,648,1058,480,1105,968,1155,1241,1297,1099,733,150,791,1200,1151,1059,775,175,491,482,469,136,319,617,998,553,254,287,502,176,1129,701,167,1091,526,1152,1205,1,766,1344,1007,1022,910,732,785
593,317,168,1277,522,1251,960,151,370,554,609,181,1167,228,1346,890,63,498,375,761,806,854,1302,1155,583,1107,571,1314,86,321,1215,328,656,711,1240,675,1238,888,1050,525,891,883,886,1114,166,1009,776,22,1119,193,539
963,153,996,1003,273,1107,991,274,976,145,785,655,47,1049,1082,1175,125,1335,657,41,779,1101,713,1194,954,661,463,129,1320,1059,1124,174,965,1038,673,437,415,99,729,982,1340,252,266,1294,279,542,451,1327,705,856,616
176,585,22,601,1143,1236,214,988,1156,864,1228,1014,752,887,504,586,1262,319,1149,944,74,1352,312,1252,862,305,311,325,329,844,290,550,1110,1083,552,551,847,757,799,372,852,1059,522,879,730,733,1247,842,962,913,335
410,425,768,1127,1202,164,997,1188,687,219,703,253,706,1007,1151,1091,1140,143,800,1089,1067,139,1003,1094,1165,661,350,464,620,66,1005,271,752,742,1135,305,691,459,810,817,1030,406,1162,327,624,516,1141,641,261,421,274
732,862,780,1022,576,329,775,845,60,1211,860,864,203,1168,1158,1177,609,176,238,1246,577,1226,853,887,551,1154,803,826,854,964,571,194,320,1058,287,389,1206,863,1149,536,565,740,783,593,791,152,585,595,631,846,1261
1063,1038,1014,225,250,994,394,116,1005,1174,1063,954,997,276,1047,1008,451,1252,749,440,1041,445,274,768,1162,1075,662,442,425,319,403,1048,864,1364,108,1344,868,459,986,92,411,327,644,616,91,351,544,973,852,437,531
877,24,28,1052,252,380,1295,1324,1019,459,507,784,968,261,1041,703,463,412,518,679,425,442,387,445,429,1026,381,509,258,620,1023,687,117,17,980,1326,93,385,1046,447,997,454,464,768,378,973,468,35,1049,136,434
1252,543,1022,805,921,916,586,491,390,620,617,550,433,564,549,437,585,1094,95,451,644,524,174,618,118,476,92,102,775,556,551,583,1145,609,419,790,815,891,832,44,986,863,90,203,175,1354,923,825,1226,739,505
1135,687,445,459,385,1321,463,468,532,383,454,117,406,425,261,447,994,1007,20,403,426,430,1320,628,1026,141,616,35,234,965,29,270,395,1005,399,613,351,142,538,143,982,703,1052,977,1061,390,1313,518,77,516,1300
1141,43,274,145,1175,464,119,470,350,167,617,687,38,387,468,1099,701,271,153,1322,455,426,273,706,4,657,99,1286,742,533,429,1176,118,108,1328,729,403,47,1168,1071,146,997,1090,253,383,507,36,1140,1194,159,100
247,445,30,687,800,454,977,616,406,350,919,397,1041,1038,442,449,468,447,980,24,430,703,138,1202,412,17,1052,393,994,258,32,141,93,636,697,260,230,252,701,28,538,1320,981,691,25,1195,617,516,1293,1026,1148
34,1321,532,628,1096,779,468,526,435,1132,1092,351,567,136,379,912,412,775,491,1177,544,1342,465,991,586,324,240,510,390,717,310,463,403,561,720,451,583,440,986,281,292,785,119,201,34,159,1036,975,516,402,1242
817,1023,766,43,1075,205,1004,141,700,667,749,74,233,1062,1120,1083,1099,1175,1151,324,1352,275,1140,1261,1326,1152,1048,1113,555,778,689,274,791,1128,509,488,827,60,1012,59,1236,1039,268,283,290,705,1042,972,504,1154,887
597,230,245,1008,1050,242,906,1012,538,1310,883,1345,341,1290,890,281,988,1346,1154,1151,1175,407,1099,155,1092,696,856,1152,1344,324,487,343,310,887,679,786,1292,354,434,1030,1370,683,1063,292,1059,994,525,570,71,317,509
531,985,1340,419,644,1031,423,1139,67,95,1017,1200,1120,925,47,165,806,211,1173,197,1151,91,65,161,410,1335,18,533,1165,1014,752,604,586,416,214,365,705,203,401,954,514,58,273,1067,774,400,356,71,663,1118,1086
778,628,119,977,1026,245,1052,266,258,234,973,180,389,897,997,431,426,390,315,83,387,725,1103,384,252,470,55,907,272,254,265,253,392,430,681,99,779,34,1027,270,397,683,220,501,1185,144,1328,982,1162,1038,901
559,585,1154,864,802,766,803,1211,581,571,1241,63,749,862,60,1196,570,504,1246,1239,201,1270,769,302,314,1248,837,1222,551,1266,987,275,1058,203,604,988,238,583,1056,828,236,50,776,854,1143,876,1271,103,1131,312,320
687,445,28,687,16,93,142,406,616,538,977,149,800,397,1327,1202,253,385,17,613,1052,442,1049,258,1061,655,1019,683,703,140,706,145,1313,636,350,412,435,454,24,252,30,1324,732,1293,270,679,516,1322,261,116,688
500,752,1153,1297,819,504,818,775,550,592,795,797,233,785,863,871,648,1312,669,1105,757,570,1238,617,859,1354,824,1141,1067,802,673,175,1259,60,503,136,477,319,1143,498,827,453,835,325,1169,609,1025,1333,422,67,368
921,136,380,644,1173,1310,996,655,1336,1316,510,17,463,153,400,700,1297,125,469,256,720,729,985,28,1320,994,1175,1050,220,468,459,507,1041,91,1321,648,35,1226,999,158,405,975,223,245,965,544,1118,1004,687,533,261
405,1322,1052,143,17,141,406,463,459,454,397,1320,997,1046,616,1038,394,613,252,258,429,977,445,426,387,680,430,634,261,9,132,25,93,34,28,385,800,1050,684,1313,897,717,1061,395,640,1025,449,720,140,1026,1008
110,805,256,141,1107,1340,264,706,676,268,662,9,1320,533,968,1075,356,108,1067,4,502,145,18,1336,1289,654,480,426,220,1173,741,985,1050,712,489,35,742,1012,468,1153,1168,561,477,556,1140,1316,434,1127,233,1007,44
353,416,411,514,469,91,4,1173,35,0,653,445,805,613,403,409,292,378,440,1204,250,92,1318,9,3,509,25,1145,90,1174,518,507,620,219,220,87,392,1018,535,448,117,532,386,666,234,329,1116,438,296,1050,529
535,826,487,324,435,491,425,159,421,172,1208,845,99,1097,1153,287,577,714,1071,1176,793,1068,141,148,1099,43,257,795,267,533,1083,1140,1090,429,227,862,464,742,751,971,775,233,253,825,593,524,689,1050,320,815,1241
328,425,445,1041,406,687,1091,628,449,149,679,706,614,140,142,32,143,1327,1310,1038,271,260,93,17,985,1018,768,77,1341,394,975,16,1023,680,732,1135,616,454,1061,954,662,620,979,1005,180,34,1131,219,152,651,1045
760,965,657,132,1335,1294,41,742,1032,704,785,28,1332,473,1234,290,771,429,1327,753,725,164,406,174,99,293,118,138,250,1340,689,423,294,408,733,1322,166,1129,21,172,1171,148,1175,827,1101,598,617,168,46,266,716
1215,406,616,1327,1052,613,430,1313,442,77,412,617,688,1320,982,1300,720,1204,977,459,1322,454,1286,463,24,445,397,385,1042,965,1292,258,800,532,28,1038,701,387,1049,394,426,449,143,350,37,425,117,31,1311,140,687
457,1058,1228,1035,885,596,756,1263,1239,939,314,1244,650,1141,1258,857,1077,1128,366,867,486,811,659,1262,579,497,229,1278,1152,1207,799,1143,1156,1154,317,208,496,313,65,856,962,840,368,1229,86,970,855,56,173,1370,948
77,393,390,383,805,1295,392,391,403,433,1176,1316,411,666,33,416,1318,986,1226,618,621,401,1145,91,400,381,111,815,429,389,987,1022,268,426,234,315,532,1173,458,453,146,1304,154,645,451,108,604,1336,395,975,1341
1316,261,391,117,411,463,451,1096,1051,381,1173,997,28,410,655,1176,315,429,975,34,452,87,419,393,149,544,416,108,564,389,1227,153,348,1304,1300,616,658,613,409,119,1067,1331,125,1008,390,250,507,618,239,118,274
1032,371,874,879,780,1258,210,1263,1232,1277,1262,862,659,799,1228,177,962,827,1246,213,1273,853,1260,1179,582,595,875,871,885,816,88,1270,905,1261,335,845,887,63,229,856,104,926,836,619,1104,1255,1236,1237,966,290,1074
72,687,425,445,977,447,616,994,28,1046,16,1052,381,220,1293,691,532,442,1026,1019,472,1038,613,991,510,145,649,973,968,1327,1050,463,507,397,688,143,459,315,385,141,617,655,1175,732,965,426,982,378,1018,25,636
387,816,877,49,312,924,1223,234,67,1346,1228,1168,1369,576,630,1272,1108,1104,265,1371,874,862,1219,525,473,1276,320,176,334,565,1258,347,1260,926,1245,214,603,1236,993,1275,989,461,94,1273,1271,74,287,1354,13,66,1087
460,978,1129,844,305,9,296,556,233,665,570,308,648,473,331,828,1344,203,324,1341,891,167,586,1190,553,1342,910,705,1300,912,1143,63,1354,202,415,29,805,887,1053,1238,1333,1059,335,555,985,1200,1225,175,38,856,871
563,775,853,1058,866,45,595,646,287,1179,219,329,1258,1155,1248,619,777,862,308,787,623,1219,574,62,121,1237,567,1074,1241,1371,836,1115,621,581,1246,151,565,312,584,776,1344,1111,194,967,856,1259,891,604,1110,56,625
454,1092,818,172,464,835,1140,1134,543,1238,43,986,1099,261,775,689,161,480,99,421,620,460,654,528,705,975,329,532,617,250,1071,553,233,862,1146,1101,871,815,110,429,1208,1051,1105,675,1090,487,671,785,1246,175,954
272,425,687,93,613,140,385,258,406,397,1046,454,28,350,141,0,20,1324,378,518,252,1041,509,11,30,1313,691,142,1194,430,800,1052,1049,459,16,616,381,411,1202,679,1019,261,1322,898,1042,449,398,442,1070,976,919
26,70,203,846,596,834,867,1259,1258,841,325,376,104,214,853,328,874,875,819,849,1277,872,585,877,765,847,504,1260,211,207,335,60,551,600,792,1270,1240,529,1275,66,565,879,570,64,1115,1156,816,870,803,962,1247
1294,522,802,1113,1314,954,864,421,752,1341,1221,1254,647,1049,177,99,324,665,320,916,861,1242,506,172,305,1211,1091,722,862,317,641,675,823,448,745,424,717,795,1147,498,585,992,58,236,724,169,570,749,756,551,761
1261,994,395,1328,119,1052,1038,261,31,397,720,136,274,729,1025,470,693,1320,32,448,430,412,459,268,406,4,425,421,815,975,1313,380,37,1321,455,252,1174,617,427,390,954,1059,141,143,1029,655,454,1139,742,1172,703
755,425,445,687,149,350,1041,397,406,258,449,1324,28,613,1038,1327,385,442,230,965,701,454,518,688,220,430,459,1202,628,35,142,252,24,1052,703,426,140,266,253,20,538,261,1061,268,1003,655,617,1345,380,976,977
533,862,1248,319,487,284,827,233,304,553,203,522,1005,1208,1263,877,585,302,867,641,557,566,1246,1239,1211,650,678,1260,842,104,504,834,332,524,861,826,998,1152,371,211,492,854,928,944,1023,1209,541,596,864,1372,852
388,703,1052,159,1292,387,706,784,1099,1153,628,116,468,752,1327,1004,17,9,1151,4,533,163,427,412,1328,985,1324,1013,896,253,1003,1286,220,166,1092,352,405,43,480,805,256,464,465,498,800,419,1340,380,350,1314,1012
677,1180,854,1186,582,890,104,842,823,343,887,1259,1262,853,205,724,869,860,1246,877,852,60,1235,1208,39,885,57,857,765,331,832,293,206,969,238,312,1209,66,211,1177,756,1217,777,1222,584,1255,1371,607,1277,861,637
171,577,1246,570,1259,1241,1312,803,524,1191,862,504,67,1151,583,1177,1265,61,319,584,1239,604,1271,305,841,864,66,581,852,211,1236,758,669,704,863,1200,1190,322,790,1022,553,329,1247,202,92,525,210,631,825,321,1217
994,862,570,319,846,596,322,60,863,818,66,310,103,311,803,859,777,211,592,366,490,1031,774,650,329,931,604,1141,869,361,304,86,562,47,864,870,102,609,834,860,730,552,839,799,1248,825,1014,1236,775,489,1297
547,827,1259,1246,1249,841,1270,860,862,852,233,1025,825,1063,1162,829,392,741,865,236,1239,312,803,296,1155,998,416,566,1223,1175,836,1152,1058,12,139,749,353,780,1174,758,1056,990,842,66,1237,206,172,1266,282,845,319
1015,491,1162,1022,133,805,604,544,532,176,144,254,194,1008,522,986,389,570,405,1297,649,553,1,705,829,111,256,44,1068,631,1171,704,294,1226,768,329,698,584,1051,1141,1007,564,666,750,409,401,487,439,319,1093,268
688,425,406,445,691,93,688,143,149,784,28,509,387,1052,463,266,684,397,1327,720,1049,261,1139,1029,700,634,994,1175,381,1038,613,616,977,385,636,590,426,9,1313,142,800,447,1328,350,1320,1296,19,253,1322,252,507
228,687,507,25,1050,141,985,538,617,463,406,1320,978,387,977,445,657,616,426,9,427,1018,400,138,1304,1204,412,1042,1052,599,975,143,93,1038,1071,1341,240,350,401,136,984,996,327,2,1324,258,982,544,679,1005,447
605,862,522,577,570,1246,581,202,864,823,846,1119,104,592,319,1259,819,70,863,68,201,524,565,870,836,858,609,205,827,60,569,62,841,320,860,1208,585,818,593,861,203,853,867,845,1225,210,1100,371,553,878,799
121,703,425,706,1140,426,680,1340,472,220,532,701,383,35,616,403,779,991,143,270,253,3,47,805,1052,693,148,1342,1067,661,784,691,412,254,636,0,437,514,1202,441,28,46,1173,976,30,77,700,712,350,614,480
565,1247,790,60,705,1056,544,852,85,487,832,584,839,292,778,1113,469,769,46,1246,139,585,233,1022,878,21,864,1058,92,758,1263,1146,480,310,991,593,637,175,954,988,389,553,861,429,1248,1150,275,1059,1238,262,473
79,1003,149,1049,655,991,141,805,261,766,1314,1172,784,533,1326,1322,1296,219,1070,99,463,230,220,896,32,620,996,1293,152,1091,700,630,1029,1069,250,703,87,976,1027,116,988,697,1052,426,448,616,1294,661,405,33,613
1136,628,687,268,252,680,691,445,260,225,617,261,1050,118,518,977,254,732,220,294,1332,978,1162,1175,981,538,800,1091,234,441,533,119,138,1032,636,897,590,274,35,38,657,1202,453,704,991,219,465,136,679,1342,616
567,775,314,170,1152,487,825,1058,473,68,304,305,780,1022,801,585,698,480,703,60,826,553,783,1366,1348,1208,287,733,66,661,583,832,292,103,176,577,357,1144,211,749,862,803,1177,422,566,1247,846,290,536,276,1259
1190,1341,599,524,780,491,478,201,1174,1332,287,433,825,583,1051,282,92,632,992,570,804,119,292,440,714,164,1063,729,1129,401,1067,1017,146,764,319,698,553,429,12,70,66,609,533,862,592,328,577,571,705,1155,1171
1239,387,141,17,533,4,720,1321,687,1139,1286,984,1029,463,616,1328,427,425,965,145,1320,220,683,470,980,628,385,32,440,1026,1314,985,448,1042,994,1322,447,90,38,158,807,35,252,697,20,1108,978,684,472,49,657
1011,1242,1056,1211,1140,705,60,1177,1099,1092,1149,758,1113,1154,769,825,469,1095,1022,259,152,1246,778,1014,504,576,790,663,662,1023,1271,223,878,1236,494,766,233,1245,619,669,487,817,172,1312,69,852,1173,862,706,829,1008
275,1204,403,518,445,1292,463,996,268,982,613,472,119,378,270,380,994,258,1050,385,381,1320,805,4,390,976,700,1293,1296,1018,136,507,1007,1057,679,400,991,20,720,406,742,234,167,99,417,426,427,1161,253,87,159
1238,687,697,1026,649,815,1194,628,225,1174,980,994,984,919,442,118,991,220,381,445,636,1202,140,510,433,1012,732,1296,294,752,1204,266,258,768,20,426,518,1067,441,684,1052,617,429,292,1008,412,1294,688,1017,25,590
1253,415,405,691,1204,9,86,544,116,615,762,986,620,1010,522,991,438,646,599,1099,1171,1029,1296,556,1161,976,993,32,1169,224,152,774,1294,1127,129,1017,1340,730,968,1271,15,423,1125,676,553,254,1226,785,706,1049,150
824,425,617,878,585,968,233,439,1211,1236,816,268,954,1219,769,319,705,225,862,725,1245,976,1296,1177,143,1174,1014,465,136,1141,570,594,364,164,331,860,67,148,850,662,768,741,161,863,223,202,669,1342,275,270,553
724,4,1037,621,987,119,109,859,437,62,1177,472,618,90,860,1260,769,393,929,571,319,842,1205,205,637,823,95,1246,1228,121,32,854,633,215,913,780,60,1236,302,1354,432,670,112,315,1262,862,853,993,1247,790,975
1088,313,317,783,842,1179,861,1044,865,1264,1236,801,1241,206,641,1238,566,646,1271,802,1146,877,841,1259,1235,864,1275,195,853,181,408,1039,840,290,1180,1222,1249,1205,553,1261,189,1058,66,1067,619,1234,1246,60,1055,1255,854
105,1271,489,592,1084,583,296,1153,202,91,233,203,1187,585,319,570,836,871,987,15,1,964,1258,383,491,1330,1208,1081,3,1238,197,71,853,1146,1225,479,1113,1248,1022,852,705,577,79,151,102,1063,60,840,1096,1173,284
5,785,91,1019,1202,980,507,687,991,435,1287,1300,18,641,965,415,518,9,416,1194,532,1295,438,1173,1306,815,149,649,805,1294,613,16,454,459,968,445,1292,509,644,383,768,411,616,994,993,561,136,743,152,510,87
711,1127,761,570,748,993,760,302,757,1263,96,1155,1144,329,103,1246,423,771,604,1303,1143,494,1261,1055,1125,1259,485,1154,1289,1372,498,749,332,319,1370,853,290,836,1359,59,166,175,594,1212,178,66,242,609,1141,633,316
1323,1022,214,316,304,522,1247,1246,862,1093,811,205,663,1242,1180,57,66,1239,1156,1236,147,854,834,1258,1267,849,60,852,1205,567,557,864,887,751,497,816,1259,859,162,823,487,1100,575,175,835,511,193,1141,861,868,741
259,60,21,319,570,489,1154,758,1152,597,585,1036,841,551,302,310,305,4,522,825,678,862,829,312,505,637,1288,576,57,1230,487,827,1312,715,226,400,1113,1012,1297,552,329,536,667,769,58,416,233,282,801,1259,324
1100,385,445,251,1293,627,538,1299,415,1046,125,231,470,380,1038,240,442,617,252,82,1107,482,222,1279,658,977,270,501,896,865,1185,901,1204,660,47,76,260,232,243,649,225,241,1134,881,831,1283,417,710,651,1313,973
924,687,93,1061,30,1041,1320,636,445,518,977,732,145,510,516,1313,919,800,426,350,143,1327,683,403,1007,140,138,624,164,691,1294,1188,248,688,538,628,449,430,655,77,976,1328,385,397,725,454,24,981,545,991,409
975,1044,800,416,1023,61,1141,469,829,315,1014,535,107,544,564,644,244,620,1118,975,411,780,989,988,234,1041,438,1148,1068,384,1048,1318,998,1315,518,453,1174,120,826,533,982,472,1200,1227,577,259,260,991,1063,978,1022
545,290,733,1230,415,1143,606,939,226,541,553,1270,931,57,1172,551,1212,1127,522,86,556,1123,1113,648,601,1246,168,1177,783,806,749,1205,762,827,775,493,482,1288,1342,787,494,504,748,228,341,90,730,1022,1236,841,1138
104,445,425,687,385,447,1204,976,1052,1321,518,1194,1049,1313,253,260,1041,417,387,140,1293,148,982,251,1048,20,143,688,225,469,315,440,628,1020,28,1202,470,720,1047,897,350,443,1320,35,1018,994,270,459,613,1046,1175
583,196,826,834,801,581,846,58,577,311,825,62,592,1128,639,1036,559,860,203,1245,852,202,1200,558,1238,1239,861,854,302,840,1180,522,987,1208,1155,758,1120,819,534,63,68,1348,1100,574,853,998,146,1,1246,799,842
1196,1052,463,687,1327,616,977,997,720,1026,28,385,252,380,1321,445,140,1038,17,449,1049,468,125,454,1286,470,93,35,1194,1322,965,1018,37,20,430,533,1328,149,425,784,613,16,980,261,700,412,397,1292,996,1313,768
1163,1204,445,16,968,687,712,518,613,117,1052,425,980,1019,403,616,0,447,11,400,1327,141,977,784,655,634,91,805,1310,426,976,390,507,9,440,532,411,514,110,409,401,984,448,697,364,614,93,30,649,544,1313
314,687,616,628,1041,614,140,1052,459,350,800,93,77,680,24,397,442,252,1204,679,258,385,430,381,706,518,1046,141,16,35,509,1038,260,447,1313,1327,636,412,1029,32,118,977,1324,700,688,1293,976,997,380,994,613
62,292,92,411,319,327,557,518,389,1176,390,415,1292,558,544,1031,1295,445,419,451,440,815,986,401,1099,400,295,487,416,111,1208,491,717,870,453,46,675,693,261,91,44,968,604,438,784,391,1300,678,1051,257,618
304,977,1052,258,350,442,1327,380,1038,1322,1026,412,463,1049,720,17,253,385,616,406,252,28,140,533,37,1041,965,997,417,454,1085,24,655,1042,397,230,430,1313,445,77,470,425,1004,143,1204,447,526,779,220,973,800
456,274,164,1340,172,41,294,766,1342,703,1099,649,18,259,730,491,1025,469,1175,261,1226,697,636,1056,997,1319,152,705,951,785,403,465,1202,771,752,1292,987,1022,1286,47,1107,805,510,463,12,1153,405,253,620,1261,1176
1287,1249,224,235,1264,576,1246,1371,856,1058,193,1074,1223,190,1266,1106,1359,865,1276,63,1258,659,973,1036,760,1256,875,936,249,367,812,1209,1117,1367,1273,198,1347,1179,707,1261,283,766,347,937,558,1155,184,1351,1180,1277,1247
463,785,295,1208,544,383,954,714,514,472,1297,1022,1128,15,133,705,233,863,818,583,423,1292,491,319,577,775,91,390,144,98,201,205,198,67,661,972,1236,194,823,1140,596,534,400,861,862,254,389,846,802,870,310
341,459,140,919,616,406,470,270,977,395,532,1038,261,20,28,435,403,77,1023,703,445,143,36,1041,234,983,1202,1026,516,980,800,973,274,409,965,996,1061,982,411,533,463,613,1175,117,1316,0,17,975,1204,997,1070
744,862,60,861,860,852,1222,1245,1371,1146,1246,887,846,1236,66,1225,841,1271,819,67,863,878,823,1022,104,849,328,1247,1263,826,1239,834,1191,583,775,1039,320,1210,289,504,854,257,875,835,1221,522,1180,829,577,584,194
529,862,1261,320,304,949,609,371,306,1039,585,1206,945,338,281,1055,1272,603,1248,592,946,834,551,376,319,944,332,823,1158,1208,210,931,269,555,74,1235,1370,312,583,70,375,1265,962,1290,103,504,786,1314,1373,204,702
758,425,965,507,1328,136,261,253,1038,149,28,445,417,1052,518,533,687,387,1027,463,389,991,996,412,1049,381,99,1295,472,590,470,419,116,975,378,720,1320,9,453,1194,266,1018,1175,680,159,1327,118,703,429,532,17
791,226,798,279,762,341,204,776,543,326,939,95,517,96,27,927,645,733,635,1,148,228,1111,275,367,947,765,265,541,1328,626,1332,985,775,591,1329,339,606,84,33,196,1336,72,290,1290,1120,879,478,302,309,941
76,92,1226,1318,87,805,426,1149,815,146,544,491,1202,90,33,715,409,364,294,420,620,448,561,604,391,378,159,469,9,119,268,44,389,25,468,3,898,1174,1316,437,1330,395,401,35,46,393,480,427,1108,111,618
905,1292,442,1052,1023,1321,983,518,24,1327,655,1041,680,1004,281,703,261,1326,28,16,93,253,1018,507,258,614,975,424,1313,454,1048,449,918,1049,426,350,110,124,459,9,991,1027,1310,231,675,679,252,298,260,976,684
256,518,1292,393,649,403,381,143,385,470,1201,427,425,472,697,438,532,445,982,435,417,805,544,617,968,1194,976,383,25,1041,514,380,510,91,364,1067,1320,411,87,1018,999,725,125,443,455,0,1051,785,400,441,1202
1148,425,687,268,274,1328,680,965,683,145,1322,1041,93,279,350,725,1050,141,507,1003,897,1195,167,99,445,41,1324,447,252,260,38,1038,266,1045,800,230,463,220,1092,954,1292,1049,258,245,1320,784,139,516,975,261,706
370,66,60,1022,570,852,1239,1242,854,1271,1246,871,522,1141,175,551,211,1259,320,524,860,202,823,835,827,1190,832,864,1217,1200,829,1056,553,887,604,576,775,176,581,597,780,319,862,596,846,203,1177,1,103,859,1238
292,50,795,1153,1312,1131,383,264,110,175,864,159,1140,993,514,662,722,469,1271,233,4,1143,986,163,1012,149,172,1083,1053,1149,438,15,1099,712,162,472,544,503,1022,390,817,168,1336,415,1115,1371,1124,835,741,238,391
747,425,327,717,687,411,445,1304,221,427,295,1014,1141,1005,426,558,557,1067,1162,1187,616,220,698,16,233,991,657,642,271,700,988,514,92,447,28,1139,440,973,453,756,435,533,391,276,234,981,986,815,1176,697,438
642,58,761,1058,585,506,842,741,502,864,769,705,1146,849,276,845,1236,60,275,856,771,821,423,196,827,1110,1135,1246,1230,205,1256,826,1212,1259,1187,1266,203,783,944,1014,177,828,238,312,1264,582,970,1239,764,331,816
538,767,1370,546,955,772,808,1365,605,336,1269,949,1357,1356,1275,893,932,891,596,958,199,200,375,754,1179,1250,54,786,300,1368,467,1265,1369,322,882,213,217,182,51,73,190,695,723,606,938,946,171,734,848,1216,1373
1216,1292,996,28,381,1295,138,445,1046,1204,975,225,1038,465,514,544,0,16,973,411,35,91,258,532,416,463,470,429,785,417,390,327,518,697,451,433,140,118,1051,427,1118,453,1194,350,526,20,25,315,425,24,994
1131,459,518,994,616,532,91,976,225,447,1052,0,25,383,997,1201,87,531,687,1044,510,1018,32,380,965,417,437,614,544,644,996,427,1300,1046,385,445,465,1318,999,20,315,472,136,270,403,1118,1316,1019,1174,258,1085
419,1038,35,800,385,616,28,1321,429,994,406,463,132,21,387,1292,31,252,381,268,1045,563,393,430,445,143,390,234,136,380,1052,516,1162,470,641,443,253,350,383,230,590,416,514,270,141,244,1041,1311,1286,720,447
1292,324,532,701,703,35,1050,921,1286,469,805,1118,918,908,468,620,1025,1056,275,1349,864,1316,310,865,260,780,1030,1108,740,1312,139,1038,1099,459,1105,390,1092,923,752,994,1063,4,261,480,91,136,775,1008,724,57,1191
1311,1287,440,687,996,502,439,1090,473,1026,1311,124,305,385,649,944,419,1029,1355,675,1195,292,1067,312,228,1300,617,583,984,60,76,1326,400,1063,270,274,348,1319,447,912,1364,671,919,43,1324,478,464,99,1264,982,1310
215,687,425,463,350,468,732,1321,1050,143,125,1322,1007,136,1204,1324,270,538,1091,1286,38,1052,447,1041,167,164,258,141,274,628,268,965,25,688,20,729,1026,119,387,430,403,679,985,427,1038,1202,93,533,417,385,145
319,687,406,261,430,385,77,16,616,93,140,258,1313,17,613,509,518,975,24,397,1202,700,30,538,977,138,459,143,149,1204,628,680,1327,1311,34,470,252,9,1324,454,1019,142,965,691,800,1038,255,350,393,1061,1026
598,62,1177,389,392,292,81,557,251,581,541,583,1200,1315,1213,846,841,1234,554,704,558,577,166,302,862,1236,4,1337,804,480,14,743,112,272,637,469,487,861,1146,3,295,1012,1243,565,825,214,559,751,584,972,146
50,445,1038,28,252,617,518,411,641,454,268,1018,220,975,350,994,138,406,459,1174,390,997,1204,225,429,687,805,250,1313,532,514,383,655,393,1321,980,703,620,954,516,91,426,403,16,1063,919,1014,973,996,441,260
1047,385,1204,1174,518,445,634,768,315,258,138,16,35,327,234,994,1318,977,1315,1194,636,800,1019,1038,220,616,1202,975,1014,454,1061,453,261,25,426,140,649,720,252,532,403,516,996,1041,1173,260,34,679,628,381,982
516,836,887,551,581,854,823,577,840,861,775,1258,803,571,201,818,1238,845,1247,1270,603,63,595,858,827,859,1262,592,852,819,1354,66,60,504,320,1265,1146,57,570,1225,565,1269,609,863,585,1259,329,875,1235,1228,70
521,425,1204,274,406,997,977,463,1018,417,403,234,976,472,447,453,470,532,1322,99,315,613,394,125,252,385,507,1000,350,720,1344,657,1162,655,117,533,725,225,427,393,1049,258,805,276,1293,398,1194,768,261,397,270
772,1204,472,447,1293,507,617,996,1046,24,425,784,649,403,136,509,1045,445,381,1175,412,1324,416,976,687,1194,252,260,965,380,616,429,315,1300,438,973,980,725,385,28,143,442,532,117,350,1041,1295,897,250,463,997
494,1058,973,1141,998,1154,741,487,170,1202,1344,1102,219,279,706,771,510,778,631,274,81,1149,1099,294,438,845,1068,805,913,1134,392,476,498,742,138,200,50,302,620,703,1310,1150,506,118,1113,14,278,1140,400,561,1075
380,149,1041,118,403,142,159,140,991,616,1140,590,1175,1327,687,732,459,1027,230,516,449,636,1029,30,435,661,1286,438,148,137,77,628,390,9,683,464,996,701,1012,680,976,28,430,24,511,1320,445,447,248,491,800
58,264,1168,294,164,438,174,1321,815,533,687,286,464,422,996,1063,1000,136,434,616,1027,166,1050,329,463,1200,617,1120,1136,700,9,429,1226,1032,984,729,1340,703,491,657,507,403,35,58,1291,453,482,416,152,439,647
609,887,71,1272,193,842,1228,371,179,88,575,375,607,808,376,1251,1269,377,926,849,823,879,1166,659,1232,962,205,1262,606,1354,63,373,1119,670,555,1373,98,844,799,905,1360,325,950,1282,214,201,73,1268,1277,67,294
799,298,963,445,1036,449,425,1038,140,1023,977,918,1313,1042,385,1250,734,973,454,184,627,1220,1327,1357,1052,1321,93,180,1088,24,1175,976,225,141,691,428,350,1040,435,648,323,443,237,1301,649,910,549,1057,1020,369,231
743,1217,823,225,750,761,844,313,87,581,852,1011,108,1058,1236,1014,670,1045,1036,1262,393,849,4,1249,907,981,71,1059,802,1141,312,1149,1254,1145,637,1113,821,337,1223,741,876,972,1175,778,1231,1172,1190,1263,1229,1196,166
209,1318,986,862,65,646,524,1259,585,197,356,477,775,4,793,853,1246,146,1226,205,383,805,523,12,1372,432,780,741,840,583,551,202,20,416,854,592,842,110,865,928,1190,964,666,15,1022,670,604,577,91,1051,600
264,518,93,454,687,1293,28,1194,977,1019,445,613,976,1041,378,516,459,380,442,1052,143,1049,258,1026,142,16,350,897,425,140,77,1020,430,1322,385,768,1313,30,261,994,616,1294,991,1310,919,20,535,149,1300,1091,417
172,849,1119,295,861,324,1243,1191,522,1033,790,826,214,846,1262,70,60,1242,603,529,870,839,862,840,534,600,1180,1236,835,1247,799,863,328,493,85,864,1221,562,944,1244,574,1238,332,950,1234,575,1200,845,111,927,1051
1064,406,1067,800,976,1321,991,1320,425,1322,274,1004,978,35,149,430,1003,260,1038,41,37,125,350,1139,1025,1327,703,977,294,657,683,613,252,712,434,538,1324,687,1195,532,533,380,1082,1335,1294,1340,1202,766,385,38,968
629,863,211,592,860,861,870,1238,1259,840,319,799,854,104,1354,210,70,529,830,596,775,877,202,777,197,105,375,326,205,1141,1262,504,1208,67,615,1248,201,855,1244,1258,770,1271,702,1268,875,460,823,1146,54,795,312
1037,261,800,35,687,93,1328,140,397,1038,16,426,980,1018,509,518,258,91,634,975,1345,385,268,234,1173,616,994,136,991,417,662,9,28,507,1026,538,406,613,703,1014,1174,260,116,701,976,977,1050,965,679,620,1052
376,1055,322,500,517,665,646,587,317,1117,101,883,191,284,1312,494,801,293,892,699,663,180,952,1214,493,723,308,1023,1222,810,1352,513,236,343,1209,869,574,66,790,1054,908,1123,492,218,304,316,549,283,530,206,827
650,154,823,669,562,1022,750,981,790,536,557,351,448,596,90,639,304,522,1217,148,543,181,299,1265,867,133,83,63,1056,104,569,862,512,32,1051,806,507,603,558,61,108,604,534,92,504,1237,804,811,65,1269,801
872,1052,616,412,700,140,688,406,397,430,628,687,449,385,93,252,459,1313,1038,17,977,613,617,1327,258,701,253,1018,442,28,380,509,138,636,1324,896,1029,16,994,351,1320,518,720,800,1286,427,220,261,1328,1202,655
929,1041,510,704,1328,975,725,1313,1194,976,533,732,1089,919,119,779,981,30,1195,273,1320,516,1049,220,687,1327,468,706,139,1003,636,350,449,655,425,470,977,77,590,973,965,1023,1202,1322,691,274,1085,164,248,270,805
774,172,421,84,1126,943,676,677,1127,1143,538,1196,890,156,707,1099,1097,1135,284,281,418,1182,1218,746,370,543,749,354,1112,519,684,1212,498,1142,568,82,168,901,869,306,1117,1049,1319,503,745,499,501,647,1244,522,32
802,836,203,581,376,565,860,827,853,818,854,585,867,577,571,862,553,320,1258,329,887,1270,835,335,202,1228,66,810,846,504,799,175,1100,852,749,170,847,1238,592,832,1264,775,575,598,864,328,885,308,493,103,208
1102,1052,1327,459,1048,720,281,463,533,1085,1321,380,139,977,1049,167,1292,99,1092,17,263,1041,510,28,385,1326,145,1023,997,502,628,1089,129,973,1286,350,153,1047,752,405,245,470,994,590,1195,1165,261,516,648,1188,1135
4,383,472,544,1044,1014,1174,87,438,445,469,954,968,1318,514,390,92,666,381,532,91,815,440,409,1162,678,986,1173,405,980,4,35,805,16,641,1292,991,996,649,491,391,400,1300,393,261,437,219,1295,154,1315,687
843,1175,152,1047,424,684,1310,264,28,611,1292,616,655,438,706,425,514,533,985,641,274,779,994,544,1041,406,752,254,250,1194,1023,965,703,1014,824,252,1135,116,16,411,415,983,988,1010,1131,99,975,1005,447,364,687
649,103,522,371,121,1125,70,329,525,210,745,1245,66,1228,860,1263,780,1236,1115,836,206,858,600,1246,928,866,1219,205,1255,1158,60,840,646,1248,493,798,823,56,324,786,1260,846,1243,592,855,460,1156,787,835,582,842
838,1153,506,425,391,453,286,1099,703,9,774,689,968,489,148,233,329,487,1140,411,514,144,424,649,1340,717,1312,166,503,477,91,1129,757,410,434,954,1056,1314,111,1341,1120,491,561,1239,50,435,1310,1131,256,1173,992
190,557,319,577,836,522,583,1022,1143,1259,1246,329,854,646,862,878,829,1258,524,558,842,841,559,1050,1236,506,592,1249,1271,581,860,50,551,1239,304,775,1187,780,847,498,853,875,203,762,1312,290,205,1238,1200,1247,757
337,977,965,387,406,385,1049,1320,616,425,430,628,1038,613,997,459,720,1313,447,445,700,426,982,258,518,143,136,1327,463,1322,350,454,35,688,1194,1286,634,412,0,1026,994,270,253,976,380,16,17,379,531,510,532
276,463,445,1204,613,425,406,1322,416,976,720,350,426,991,430,994,1038,1005,16,442,616,378,397,411,700,447,454,93,4,800,1327,459,1052,28,141,468,1194,381,139,252,412,628,136,385,1328,387,417,1019,258,1026,1046
973,233,433,268,1168,43,611,478,1340,753,167,1051,1075,741,15,491,38,1228,203,437,689,274,705,599,329,1197,1136,172,319,862,1238,296,1335,1316,1330,774,567,1022,1173,805,294,276,1056,714,1108,1331,1141,1105,923,1213,1171
149,1324,136,406,965,445,1328,1292,387,1052,17,729,425,260,141,1013,700,687,678,261,412,28,16,277,18,634,385,225,1004,1026,980,25,379,538,24,220,968,459,268,1326,461,1018,1306,274,531,617,516,442,616,613,116
83,790,954,1330,649,419,87,4,684,1096,639,599,1296,146,752,145,437,119,529,785,364,1101,141,1153,919,478,393,102,91,410,1290,751,391,1304,1066,994,545,502,211,1056,1154,648,561,494,628,1017,490,713,697,1076,585
636,1263,574,307,530,582,1259,1044,1261,940,1368,1275,205,718,761,780,293,371,927,525,1371,1247,906,57,376,864,1280,953,840,1265,1278,1217,891,1366,1180,1209,861,873,1222,885,61,846,852,1246,1241,862,607,291,811,215,1223
864,977,385,1026,687,412,380,24,442,1004,425,1313,445,30,252,17,1052,1049,720,350,1293,387,976,143,1041,406,982,1020,1204,996,253,142,1322,140,1061,117,93,1038,973,507,470,430,443,417,463,315,459,28,616,590,260
549,869,863,1259,827,862,838,66,316,853,1232,864,1354,201,1039,846,823,555,104,765,205,570,874,1263,646,329,1238,1159,1180,858,780,871,877,866,875,1236,522,885,861,609,1277,1251,887,583,770,810,849,370,818,202,1112
40,853,400,1340,1153,296,775,836,146,585,862,1197,1303,584,233,1190,571,136,423,611,641,852,565,66,705,110,1258,325,825,203,666,827,669,1113,987,1200,316,502,757,1304,487,1105,998,44,1140,1290,557,92,649,420,863
833,1047,268,769,1155,1211,1143,1158,850,1175,1113,860,1141,987,1209,724,152,523,57,302,1142,275,1075,1254,1196,1070,202,1351,838,1169,1131,886,791,1316,683,862,874,525,1177,264,225,1266,744,502,331,20,843,506,1160,1109,964
316,918,24,159,998,1120,518,118,350,687,386,463,655,294,149,281,411,1322,141,472,425,398,125,438,717,532,400,274,416,276,391,1027,130,965,1316,454,703,392,447,1175,1070,1152,394,982,427,1023,1075,1162,108,814,378
754,141,260,445,1328,268,805,742,273,1292,655,679,628,1327,1332,703,991,426,688,433,514,174,704,680,533,729,590,954,118,617,264,149,256,159,470,1175,472,220,480,116,1326,732,258,691,657,784,463,419,145,33,1071
425,35,986,438,405,1316,852,1171,1173,176,1022,18,1246,511,1058,1151,769,91,1093,58,423,103,1153,583,1242,631,819,383,1263,661,1359,522,860,1014,1067,604,570,576,766,532,79,987,1056,1085,302,205,1131,749,795,649,704
508,1177,1168,678,411,389,827,110,541,15,507,250,518,1022,233,1053,986,1304,611,473,585,522,429,535,732,472,954,292,1171,1044,410,1031,553,304,558,862,273,619,1226,416,1034,675,236,1211,103,604,1149,214,65,18,916
1039,1036,61,593,780,1023,826,1154,1022,768,1211,416,469,998,1084,1202,577,271,1246,846,845,862,238,133,1174,14,620,1158,784,438,203,1177,518,805,403,918,1113,852,1162,261,1075,825,60,1247,981,631,1254,732,302,276,1270
556,862,823,214,861,1246,570,329,1022,604,1238,860,1247,536,834,841,585,1236,66,854,487,302,63,577,870,1259,846,210,1191,104,584,827,290,583,1248,60,859,203,863,799,839,758,1200,593,609,826,551,524,803,871,523
1325,389,1321,1313,274,617,116,1287,1311,1008,613,1204,455,447,1296,785,1067,805,1226,1019,544,649,700,919,1320,442,482,1316,800,1340,478,996,1292,292,91,1324,440,472,1291,1310,412,991,230,126,573,406,1165,965,532,430,559
1245,385,425,1029,687,252,616,628,387,412,24,1052,443,509,17,965,1322,143,1026,1327,613,426,1204,136,1292,116,447,261,32,430,180,448,720,1042,1320,2,982,1201,703,1045,149,691,378,35,159,459,28,1293,424,985,380
1315,136,1204,611,1067,996,447,1322,977,126,99,976,978,270,119,1311,1351,705,697,688,700,1005,470,617,152,919,1037,1341,744,1168,455,991,785,954,391,406,1171,657,507,108,1313,1194,389,1321,514,1025,403,729,1045,1328,1320
632,823,862,827,1246,325,331,312,1022,1248,842,66,1208,585,803,887,846,205,852,577,562,372,867,238,203,202,1222,860,854,1128,733,623,826,1258,596,1190,816,853,1228,753,780,296,553,849,864,1236,1115,775,871,811,278
855,975,785,1153,986,1248,4,1022,739,617,383,174,815,524,290,110,853,703,1068,103,151,502,712,319,751,528,87,435,620,1258,1304,535,296,522,1259,864,618,572,25,510,133,438,654,238,835,859,780,825,704,1151,714
65,268,41,390,533,617,655,464,965,976,491,1067,1335,805,1320,1025,463,164,4,683,700,1340,661,1173,590,99,729,725,391,996,919,785,416,393,507,732,616,742,766,1023,620,657,47,704,1202,981,145,43,118,1013,1075
197,445,406,261,1052,380,1041,1321,1204,93,518,994,977,965,463,1038,28,426,447,252,385,274,403,387,1202,143,440,470,1327,538,1320,1201,997,800,516,412,655,1286,509,1045,544,1019,1292,706,38,1311,35,628,442,634,1018
288,532,514,91,996,1293,412,518,805,403,725,1202,164,1312,1316,507,464,435,1204,440,472,1007,687,439,145,704,470,411,144,1342,273,463,968,1300,416,383,985,385,516,533,478,984,703,491,1287,1304,409,415,544,502,25
797,1040,377,474,1253,454,961,1269,1364,373,901,695,546,1088,881,1279,635,195,89,1199,1006,406,955,904,548,7,1178,831,947,372,1257,889,404,926,1375,1224,1367,114,199,959,1193,537,1250,768,53,207,456,1356,709,342,735
44,1041,1038,1052,385,1286,700,35,463,143,1327,252,470,406,720,274,16,149,138,454,37,426,655,1172,350,984,533,684,613,261,77,994,425,412,697,1292,975,752,965,445,258,397,1048,93,516,1320,617,1328,442,687,220
935,234,393,30,1286,1327,24,31,687,392,447,20,398,455,1005,270,261,1050,268,1168,616,438,1043,117,87,397,613,378,720,429,977,34,35,425,142,403,449,271,132,426,1027,1345,444,674,381,386,433,119,470,968,982
523,1036,322,666,25,1211,1074,224,476,986,1372,299,244,888,783,1158,933,480,981,366,12,364,1155,1012,1154,1312,1370,106,248,150,310,975,641,1353,296,1143,211,69,1179,535,734,692,572,1081,1116,1330,539,691,928,1057,541
318,991,406,17,655,982,252,657,463,1295,464,1042,1139,717,518,276,274,430,261,403,25,24,616,683,9,378,145,994,92,391,415,1162,126,614,1004,35,965,613,1124,1287,224,1041,239,266,327,130,1312,256,158,514,152
638,860,862,1258,650,646,1246,1084,592,493,197,574,816,775,619,524,1056,1022,221,194,840,577,1110,950,295,1371,553,780,69,1332,835,989,575,852,304,1259,326,846,72,863,753,1267,1354,777,604,214,803,338,211,104,836
859,1202,1026,1041,1052,1038,35,149,270,616,687,140,385,440,459,397,1342,261,532,1204,980,545,403,350,919,686,897,142,427,1300,260,1327,77,638,784,138,725,387,470,141,1047,250,975,425,507,655,30,404,1323,28,1286
469,665,1135,1099,1105,167,476,746,749,1107,304,1154,148,1092,611,172,1341,169,487,177,1094,473,648,751,1247,1342,1132,522,43,568,1091,1053,1097,550,910,1129,1022,810,1071,748,551,553,491,1113,1172,1025,9,305,156,1059,170
886,620,983,459,454,118,491,172,274,616,234,815,544,469,1342,25,697,41,561,1109,712,1044,994,126,138,393,1107,1195,1340,1042,495,385,37,130,636,416,991,954,1176,1129,364,1051,897,20,437,174,996,145,980,1041,865
665,582,838,179,874,376,879,808,1228,875,818,353,1373,354,71,177,1150,1272,860,1261,1270,1354,498,167,230,771,872,1265,160,371,1361,485,1225,370,60,945,689,866,741,67,864,836,962,1359,1280,1367,1262,574,63,1259,1263
1122,425,440,464,435,518,805,1070,725,1320,1061,152,41,516,768,1300,634,381,1161,1327,164,1041,261,250,729,409,143,991,1129,1204,116,742,20,800,403,1038,507,397,994,785,411,1032,1162,378,294,145,383,779,532,1292,142
340,406,977,380,385,258,445,976,143,518,140,613,20,397,996,965,454,973,470,1026,28,270,687,409,459,447,1313,427,350,77,1052,142,532,442,472,1046,1041,435,24,1202,117,1292,412,616,138,968,395,381,16,516,0
2,425,435,445,403,28,35,393,996,617,143,514,470,270,1018,268,1067,140,616,391,364,613,785,1061,390,117,1029,409,661,395,381,649,1320,383,159,535,561,977,438,691,20,427,999,1051,2,800,1300,1316,315,968,641
739,1297,571,1067,276,103,553,531,825,799,585,862,663,757,834,986,152,565,742,286,867,136,1364,823,678,1241,954,871,534,329,250,502,201,1056,203,504,581,18,1177,1243,827,92,100,419,133,271,641,421,859,429,998
221,1327,93,687,406,149,1052,387,350,445,463,994,24,252,655,261,700,1004,1322,380,680,720,1328,1324,1026,616,538,258,1076,28,449,1320,1294,1038,800,1041,1050,977,426,117,628,507,397,430,16,684,145,1049,385,1286,1313
1083,532,447,403,703,1204,784,411,390,381,973,1174,980,378,445,425,136,919,968,35,392,416,996,620,509,394,315,30,616,25,448,270,433,427,815,350,385,383,126,1295,379,119,440,1023,459,397,1041,117,1018,1019,491
715,864,751,862,951,1241,66,840,713,1187,197,1067,536,211,1217,1083,299,722,1259,1333,1014,551,1360,1372,419,802,1247,764,1229,852,148,203,57,1190,1265,749,1152,236,1141,871,823,329,71,1212,793,1270,341,752,368,819,1056
949,425,273,628,416,518,118,381,93,636,20,225,32,250,252,25,261,260,138,1202,971,815,986,514,698,136,616,87,1063,975,697,234,780,649,1174,6,453,35,509,1052,140,327,411,437,21,829,620,1161,287,679,0
334,430,406,1052,31,752,350,149,980,532,252,387,1172,1045,464,1038,779,253,220,1041,454,1286,261,691,613,1019,720,1204,516,616,405,768,620,680,442,424,77,35,614,634,1319,16,136,1165,409,381,698,460,954,470,997
28,1204,996,87,390,532,91,393,391,649,453,447,1295,225,994,411,678,510,1173,136,470,514,1162,315,403,1315,507,698,295,437,616,805,976,954,438,327,785,126,440,729,383,617,32,35,18,687,394,433,434,364,1176
368,468,405,507,617,412,419,1201,403,1013,464,528,465,274,687,720,1136,401,145,697,752,1076,1314,628,1287,429,273,167,1120,533,43,984,17,1071,141,1292,1336,613,1173,742,1052,684,9,136,1018,1139,491,675,988,713,422
664,802,770,835,1268,774,571,827,565,233,317,1273,1238,1218,869,797,1240,1169,819,596,985,799,866,1237,236,296,503,857,1249,585,506,1258,860,749,570,863,1266,775,1259,238,836,477,203,308,504,1207,1277,739,370,1153,847
289,430,1320,616,691,977,406,459,425,1020,442,1327,1293,700,703,258,397,1314,1052,141,32,976,142,1324,116,252,965,1029,975,445,140,1038,17,9,994,697,1148,687,1204,709,28,350,896,1023,982,544,30,649,1025,983,985
323,616,459,454,143,430,142,426,383,1204,1049,378,141,535,397,1041,997,1026,140,980,470,406,507,1286,445,253,614,1023,381,268,409,701,800,250,24,25,1313,108,1052,613,448,110,403,472,20,1173,442,350,395,518,411
676,862,846,104,1141,596,585,834,1241,867,328,214,581,863,319,112,1246,583,62,1119,1243,775,201,593,66,547,861,1236,312,1208,1265,842,536,803,819,289,864,853,799,802,826,1180,780,1259,320,818,70,670,592,753,852
381,1259,853,1011,319,1236,495,1268,4,177,1245,110,890,1342,748,524,596,975,861,347,329,908,1119,1237,1134,1051,1188,1262,1238,1225,867,147,145,607,1,913,364,1258,1354,836,1116,486,570,15,844,854,1205,14,175,878,60
383,1052,28,616,260,149,385,406,252,225,1026,350,387,980,994,426,445,1048,973,800,628,31,17,532,261,425,140,965,141,442,1041,397,983,1321,136,430,533,258,720,381,1194,516,1005,245,20,1324,703,684,270,470,1286
1288,1205,482,225,1056,1246,553,648,999,1177,1137,1059,476,1351,1245,1265,1241,1371,1146,487,331,319,1000,823,769,1099,1359,66,1105,805,389,1014,1025,1022,1212,1132,176,987,1242,1210,864,440,518,57,862,544,730,829,922,437,148
634,862,780,87,864,1063,1246,1022,1259,522,1226,1168,1202,66,15,954,511,491,410,841,95,398,176,644,46,570,1059,620,852,1171,60,639,14,623,741,402,986,860,223,1219,319,826,993,854,853,576,544,653,112,553,666
87,1337,477,325,50,1249,669,786,23,1228,741,60,1236,1259,177,210,176,1260,319,1219,824,90,905,22,836,1166,1294,784,778,844,1333,578,420,1048,525,524,785,805,1275,282,62,198,1287,626,980,828,732,751,1200,733,1083
1218,518,1204,429,447,403,544,24,472,973,125,393,412,116,25,1045,976,1296,1295,440,1311,977,1019,415,9,385,616,141,416,687,1321,1310,700,1324,1050,417,1293,697,136,381,28,424,470,397,507,108,434,1291,1139,1287,514
1145,805,1050,669,164,167,611,1318,1045,976,58,1190,1059,506,981,270,43,1300,954,143,136,620,219,1211,1172,977,383,784,440,732,448,60,248,9,1105,472,1177,666,296,675,1099,1046,4,1014,824,386,778,427,968,518,455
150,440,381,411,437,514,994,544,429,20,687,987,929,445,535,453,390,32,1051,409,401,472,1295,400,1304,403,1315,1204,649,119,717,315,391,438,327,117,975,16,389,433,507,661,416,645,1031,1173,618,118,531,996,614
509,1271,498,766,553,1270,60,570,741,1110,502,487,775,319,601,1143,733,846,286,862,482,887,825,730,1247,771,585,758,1152,705,203,175,1141,233,1135,1265,1131,755,827,1354,1248,1200,783,321,1146,172,818,317,791,836,194
1093,927,953,201,587,877,665,42,66,27,830,115,820,886,930,45,840,893,853,745,1138,748,330,51,1339,297,1366,1184,340,1127,591,1371,355,525,1209,950,190,291,765,871,69,869,719,561,777,72,199,1275,781,872,156
101,381,427,117,25,1328,703,980,136,975,149,426,445,20,509,24,409,385,518,997,1292,1176,463,470,139,1168,954,1173,11,4,425,403,919,261,805,815,691,697,1202,380,145,416,1286,394,1038,732,130,383,118,620,1314
39,214,1022,392,631,110,103,491,750,1140,487,432,541,120,1226,1043,92,1267,72,469,1153,1058,862,1330,176,292,202,650,1168,383,329,592,159,1202,536,698,1359,68,1141,795,3,670,609,1089,201,316,133,328,734,733,1056
854,1051,790,535,561,975,815,1173,92,4,1008,1057,620,25,1366,1208,676,577,980,435,1140,522,272,835,697,712,653,863,411,1033,289,619,661,1013,694,992,604,631,1034,1114,862,110,998,585,762,1082,451,154,1176,541,458
1309,616,393,815,620,32,976,225,136,1046,544,390,419,671,415,1176,87,1050,805,174,982,1094,679,383,91,433,1204,141,951,458,279,1014,1293,1127,126,993,416,111,1000,1168,617,975,919,1135,954,662,553,397,445,219,429
1060,862,1208,112,1236,1259,211,514,704,472,753,1140,67,1168,1219,50,1245,785,791,319,1225,1141,1246,852,1341,1093,771,312,58,110,440,1202,593,1222,1277,795,4,233,705,383,827,1304,839,102,1359,870,1022,292,1068,295,197
1004,1360,372,665,550,1272,419,490,601,1126,840,764,189,816,771,1187,1135,1166,1144,596,362,962,905,1228,1244,851,1243,488,312,576,494,864,370,1156,849,774,1217,575,86,578,1273,825,1160,1049,375,154,1354,366,1127,1120,1134
1275,425,117,1202,1041,1026,800,977,24,628,261,535,350,518,445,141,447,149,997,403,1204,139,975,507,1013,1320,1052,1007,683,381,397,0,1328,406,978,516,385,1070,703,1162,268,459,680,1175,142,532,1027,725,561,616,394
312,445,616,140,687,1038,385,350,1026,1327,1204,260,991,149,965,35,442,1321,430,994,426,613,1194,997,977,24,77,703,1313,17,143,1320,427,16,447,412,800,1324,518,897,220,1020,136,1202,30,141,380,1201,9,1041,470
67,21,1288,1177,788,22,163,258,554,1370,423,1293,408,569,1336,39,748,736,482,576,624,290,751,1114,260,1046,639,245,768,127,268,55,1068,1234,643,174,294,164,1264,1235,1312,757,122,702,771,1356,151,1366,215,419,401
917,687,1052,994,28,1026,463,429,252,430,425,411,720,1019,397,1314,25,700,518,509,437,916,426,459,973,617,980,1328,507,136,145,468,108,138,634,149,1049,897,616,118,1294,996,725,590,1296,378,9,613,409,1286,398
938,383,836,526,1336,514,433,166,502,827,479,585,553,805,1153,416,151,1340,775,1094,1099,1172,1113,319,141,312,1297,1129,1140,465,464,678,785,415,18,167,9,203,1190,1101,783,667,1238,46,91,233,480,617,597,488,1344
122,706,35,985,9,463,1018,628,425,1061,688,399,149,29,1340,720,464,4,468,533,649,220,805,1099,261,143,350,1286,1052,613,271,459,380,1321,1153,1139,703,994,252,253,167,976,684,263,16,153,256,997,28,700,406
195,389,564,692,1014,261,415,252,160,118,559,99,1176,449,1067,973,611,948,1035,227,903,788,1223,627,183,1351,81,1087,1295,245,796,292,768,684,289,1069,276,1051,908,558,501,981,1174,1082,766,1054,1159,254,391,280,15
152,687,463,1327,28,406,616,1052,800,93,1038,385,252,24,380,387,538,1324,1049,1041,17,700,253,449,430,35,258,454,140,1320,397,720,1286,1003,261,442,1292,149,997,613,381,509,468,464,977,784,1026,1313,703,1328,274
696,118,445,617,149,41,701,172,491,140,1202,99,148,1140,1340,1141,543,703,274,742,487,1226,174,522,628,1341,278,738,561,671,473,775,403,1067,769,1296,421,253,159,704,1246,1107,746,1007,774,1022,480,438,991,636,706
1231,980,673,1048,626,1162,1002,385,685,1292,1287,458,226,686,447,470,398,422,395,799,613,1366,1044,1014,409,824,1008,110,561,35,440,785,21,430,132,526,572,197,305,457,251,863,145,416,1372,919,1270,757,245,270,83
399,1204,518,383,381,0,46,968,416,1173,510,649,411,440,390,417,437,544,687,111,532,1292,1018,18,400,514,16,954,250,391,447,1310,531,445,432,389,972,393,403,729,386,256,429,785,384,327,1145,644,117,999,1008
816,522,1211,1056,827,780,60,1158,841,641,790,319,1246,302,878,1113,487,852,860,1058,551,783,819,1236,1140,1266,1247,861,823,845,66,276,842,534,492,998,678,469,320,854,846,1217,593,58,312,577,181,1094,583,1180,1022
30,403,687,518,965,1204,136,968,616,470,463,270,385,516,700,9,261,425,544,429,20,406,977,416,1292,268,1201,391,440,417,1038,617,459,991,725,454,975,590,1324,1318,976,438,380,25,982,445,119,434,315,453,997
1166,469,705,856,294,1022,1236,1145,966,1217,1200,564,556,305,1249,766,816,553,844,915,724,669,861,825,1247,487,1230,1051,1346,63,176,551,331,102,999,1259,1344,1128,910,1262,476,1143,193,1050,826,68,1115,12,175,905,1348
155,445,1324,16,1204,687,380,258,634,616,976,447,117,385,234,426,394,1018,406,397,1313,24,617,532,613,1322,1052,1292,449,378,655,509,680,805,126,442,1293,800,636,30,220,1049,980,1005,1328,17,0,140,145,968,6
1184,1058,1113,1177,1241,1074,832,1236,801,566,749,1211,1248,761,1147,802,523,304,1141,875,1261,764,810,421,572,948,1239,1039,1056,1372,817,1249,276,835,637,290,275,305,1209,197,302,205,740,593,741,331,861,857,208,828,575
835,688,387,253,684,648,613,991,700,425,1091,649,435,266,426,655,1008,752,706,465,994,680,459,1296,149,1038,1321,732,720,1165,1310,679,785,463,532,148,509,1327,141,703,533,1029,805,675,976,220,634,1311,661,464,1286
69,445,93,406,1041,430,1202,24,385,141,149,1052,397,613,720,261,252,381,1324,1327,17,977,1320,616,518,1313,16,426,991,1026,1019,1194,258,994,976,1322,387,965,138,380,700,800,412,9,77,447,350,628,454,463,260
927,261,997,381,994,516,518,1161,440,1176,1007,16,435,1162,1018,429,463,1052,1047,21,800,87,1204,18,393,91,439,1032,1168,1292,1031,634,250,1345,403,271,257,982,1153,1174,805,419,616,613,464,1300,1312,897,965,815,514
451,319,766,60,551,329,21,292,127,22,1153,502,214,1099,751,597,1012,1149,585,305,836,487,421,561,1112,577,1134,637,92,58,1312,146,524,1234,641,552,479,689,583,105,1372,860,1155,3,423,620,290,312,159,715,771
1314,93,1322,463,1313,1052,141,655,1286,1046,143,387,684,779,994,28,1004,616,17,380,22,394,1194,445,1314,1091,1124,449,752,677,424,459,1019,1204,140,897,425,800,77,680,717,428,261,241,628,997,419,1175,613,727,1003
948,720,616,1327,274,997,28,1313,1038,965,1013,687,261,395,252,41,1175,1320,1041,800,1004,463,141,77,149,167,628,385,230,425,388,16,445,613,255,263,93,994,260,1324,350,268,700,1052,1286,387,655,1195,125,273,117
119,1292,1174,514,480,233,1023,715,544,1036,4,146,432,416,383,429,986,94,653,563,15,641,46,390,618,95,626,619,678,805,92,489,666,415,825,1155,469,741,234,620,491,419,1234,166,1304,268,87,319,23,395,392
558,1133,809,961,1283,1350,622,893,1369,501,1109,235,1357,537,474,115,881,875,1361,212,926,280,889,582,1040,735,945,1250,587,262,1282,519,1121,588,182,957,1193,955,508,300,1280,42,900,1375,894,78,627,208,160,759,939
1235,807,42,658,899,868,1054,1072,735,135,1123,885,1004,892,955,1192,644,642,503,535,231,936,1121,1193,530,812,696,217,883,185,1282,763,546,78,1189,721,295,965,409,316,580,5,1317,34,1343,1339,297,753,123,1252,1164
648,312,60,332,964,911,504,933,862,607,1359,1247,66,928,79,827,953,151,950,858,319,1186,582,56,600,376,1272,594,1354,860,592,529,1372,1248,945,846,866,290,869,1093,787,74,1166,214,585,601,96,593,373,842,650
914,28,703,459,532,261,139,1041,620,655,706,118,687,516,381,35,270,411,1027,1052,1013,1286,410,712,448,614,1043,152,447,441,403,274,815,616,253,445,425,1202,983,628,140,116,260,136,406,106,1162,1172,1340,4,9
570,854,1022,201,66,862,841,570,585,571,581,1177,846,329,553,1238,596,202,863,1248,584,194,319,799,775,203,1217,803,749,214,835,592,1246,714,776,986,92,1208,583,853,890,609,847,861,1241,525,1271,827,1259,211,860
401,1050,518,447,465,544,1201,167,394,982,613,617,403,968,439,965,393,164,438,543,1200,1139,1311,1173,144,1022,1300,994,996,585,1014,570,1342,507,732,1341,532,1059,687,655,1135,383,472,1046,662,976,400,425,1321,590,440
622,67,329,214,569,325,638,581,1141,570,583,1243,392,877,683,202,320,1228,66,1354,268,70,871,178,819,823,1119,677,1371,849,1314,1345,1067,545,1112,133,592,565,1169,506,106,669,1075,951,743,525,276,166,859,860,863
1130,687,93,1313,140,406,385,977,1324,616,397,1052,350,447,252,16,430,976,24,28,628,253,800,442,149,260,1018,1296,1321,412,143,691,1322,1049,220,700,896,1204,261,634,403,518,703,965,688,138,20,509,142,1038,636
947,1052,28,350,703,454,430,141,1202,445,687,616,1327,406,768,93,380,1194,706,261,409,18,1328,968,980,1286,1026,691,253,35,11,381,425,620,0,1292,518,1041,800,16,1204,679,220,784,91,1300,140,535,77,24,693
1099,1038,463,1005,526,234,429,1162,1019,412,1014,255,1300,657,245,1292,634,25,430,1295,453,518,1304,1194,411,532,0,994,415,1052,678,1174,17,132,617,459,11,315,464,717,445,1076,983,416,141,258,720,1320,531,975,419
185,643,618,383,94,282,987,505,1336,347,416,853,1354,151,1226,891,92,1081,866,1288,390,292,1295,392,1161,1300,1051,429,0,1011,437,1093,458,147,202,456,90,653,862,860,109,352,287,986,780,929,1168,681,645,536,72
618,861,504,846,1259,565,862,104,581,596,312,1228,319,867,1208,70,860,1247,317,1055,871,870,775,585,840,834,853,1265,875,62,328,1262,863,858,575,1240,818,802,203,799,1273,603,827,290,571,855,803,864,210,1248,1246
1236,687,445,24,616,93,976,261,800,1041,1204,449,140,30,784,447,703,426,143,394,77,991,1321,965,350,25,149,1322,1005,252,1324,1018,590,691,968,977,1023,1029,1027,472,454,1320,532,270,655,455,683,680,1036,613,91
475,912,236,423,611,805,234,717,649,761,667,166,1025,916,505,65,164,440,116,233,1153,284,1372,205,543,827,951,1359,921,180,317,1152,990,246,1162,464,435,669,620,1249,1226,923,680,570,584,628,1112,703,172,565,1208
200,28,613,93,616,35,1005,445,116,430,965,9,720,1139,459,634,77,994,687,1327,276,1020,1324,255,641,1321,250,261,470,37,11,425,2,768,1049,415,509,997,700,411,1048,350,399,977,1168,252,438,385,514,1026,1047
502,324,292,320,1259,1074,44,583,487,921,477,494,1058,1246,1176,584,585,159,801,196,1206,1352,1151,834,59,1351,464,771,570,774,505,818,853,910,4,166,1236,746,129,1341,1045,1024,552,556,1249,322,72,1340,641,473,747
1219,390,416,393,563,472,453,458,394,302,391,469,389,400,30,99,271,753,107,35,234,119,532,704,998,673,626,1173,319,1014,384,287,655,980,1315,364,437,144,1162,452,1082,426,1070,1213,117,1226,434,918,470,973,785
447,274,145,464,164,487,294,278,725,470,1047,38,429,757,1311,1092,425,495,281,742,224,705,172,252,469,110,1341,1292,279,478,406,452,729,1023,480,805,732,533,617,908,1082,700,168,276,1328,657,463,561,689,766,41
189,1173,887,147,294,972,752,684,1022,1226,511,715,167,609,1176,118,35,1151,653,194,766,175,698,411,689,791,634,435,829,1149,993,890,227,1008,1287,561,18,409,663,146,1140,703,329,1032,60,1031,139,50,678,557,528
1021,332,714,834,596,823,853,754,603,104,1238,863,777,846,867,870,112,144,575,581,858,504,70,214,328,319,1208,593,1241,857,862,324,45,547,600,971,304,55,609,839,739,1243,583,787,1209,357,197,483,803,313,755
844,319,987,102,671,472,506,675,1105,828,270,1174,296,419,87,676,919,1125,305,1238,769,427,1277,1099,448,748,1326,1145,477,458,366,146,1153,4,314,1354,400,1176,60,829,58,620,434,539,783,762,1200,805,1118,1341,1154
1002,425,524,570,498,763,1051,118,458,1197,762,67,92,453,138,604,161,290,401,345,329,379,111,992,596,1340,911,891,870,358,1315,694,609,393,311,441,15,319,710,103,391,214,1189,747,302,1018,19,477,987,1168,971
825,1259,1231,1263,1241,312,877,1113,764,866,862,1112,871,1058,1147,1142,885,582,1152,1254,1258,314,1155,353,67,524,316,1341,574,329,292,58,279,828,1186,1270,928,1354,802,1209,998,1158,748,964,596,201,1221,860,940,197,57
1263,406,167,143,234,968,687,1345,438,994,445,396,142,1050,1294,1014,1031,30,1139,118,425,613,2,424,1341,1149,1148,119,1017,442,720,972,1202,696,725,978,28,398,1019,345,9,890,1016,1163,624,252,557,397,1171,385,341
338,445,628,977,518,93,800,426,258,1052,406,397,1049,143,149,140,1327,538,691,403,1313,1320,252,385,1328,394,141,1007,1204,412,350,976,1041,441,24,430,447,1202,1324,455,507,449,270,655,159,427,463,268,701,613,1286
928,687,1327,628,655,1041,230,464,533,463,17,1052,28,1286,425,1076,1165,1321,426,406,732,994,459,1049,701,706,1294,455,1194,350,729,430,1048,41,779,77,977,1310,703,688,1091,274,38,397,1003,1038,976,387,683,532,35
1173,319,641,50,570,210,801,302,59,862,107,908,489,424,870,233,486,1246,758,413,1249,595,292,310,948,1266,58,169,304,60,498,1155,678,1208,847,1099,329,761,987,523,857,434,827,878,1158,842,67,836,207,1237,620
723,119,978,4,121,670,1262,215,687,1200,987,1122,694,1000,1148,861,751,639,877,1226,1051,88,975,934,166,120,214,33,962,211,913,1336,1352,799,621,854,1290,468,319,341,410,347,1367,1085,1156,234,908,835,823,95,11
692,923,912,586,505,1312,908,319,925,550,758,667,1230,1288,146,557,743,552,400,256,570,1022,50,175,44,567,22,585,1116,468,100,1340,1127,1336,487,118,65,1102,715,583,922,1173,1200,844,274,1297,480,742,324,177,581
554,682,276,233,92,878,198,437,680,1140,372,433,261,954,1063,531,738,427,611,411,1008,1340,1223,1131,948,172,274,815,164,275,1094,1092,705,18,451,1206,636,126,84,1113,223,1136,391,1311,729,118,201,562,992,616,645
398,43,923,159,274,158,1141,916,294,324,506,1344,523,271,1175,425,1099,4,921,567,487,273,166,981,586,400,617,278,1173,713,1058,1134,910,1335,620,427,533,1246,557,1083,205,667,1172,489,435,662,65,1340,429,1007,256
860,1322,294,427,700,687,35,442,720,1029,982,164,1052,391,364,1201,1320,898,17,1050,350,734,1351,1023,24,1085,445,30,1293,805,425,403,544,20,616,987,1321,1038,258,252,1018,1017,221,500,996,400,125,28,1129,642,395
315,149,425,691,435,1140,464,438,703,1091,266,655,426,1294,687,148,248,991,532,1068,253,1032,701,274,254,768,1153,1089,411,261,1161,1226,817,732,118,1008,996,1099,143,264,746,1175,250,270,159,36,510,661,623,381,971
480,1175,1270,1354,862,1259,1141,273,550,1366,575,714,827,571,504,1265,67,594,151,1158,758,296,1056,1243,66,63,1372,631,879,1248,780,376,100,818,592,1277,1333,1290,196,853,329,1219,764,1261,1258,741,618,176,987,771,595
967,720,1003,1048,1049,230,273,1005,266,664,1135,636,225,1174,1038,252,1063,680,1085,149,1305,728,384,100,784,220,261,994,729,387,475,1067,1301,1328,463,779,1023,818,1118,99,1353,238,258,674,735,628,655,884,36,424,703
1113,261,1175,705,35,1341,37,275,268,1195,429,728,167,994,47,689,1082,1340,1322,1335,223,469,616,464,1063,1107,279,557,283,435,277,1342,164,1141,460,954,99,353,706,415,1010,655,1011,276,225,478,996,143,1223,118,140
761,445,687,1327,425,258,16,977,1052,1194,1313,976,24,613,518,636,1019,1046,385,965,447,634,1293,117,1324,397,616,896,680,1322,507,614,381,143,20,11,142,454,417,994,649,1018,350,380,997,140,220,442,378,449,1026
821,32,678,715,1217,4,87,245,975,1249,611,325,675,653,1050,480,951,988,1113,732,1012,261,1014,21,815,99,419,752,1099,1155,526,986,1149,234,637,312,49,405,242,92,448,1295,1241,282,620,1222,315,1162,268,331,544
740,581,203,585,775,823,551,329,1228,583,201,799,196,1243,577,862,1265,565,592,324,570,328,319,1200,553,836,189,1271,60,1225,863,846,524,584,211,860,1190,571,854,834,1262,795,1238,491,803,1258,858,741,878,864,856
1111,425,700,406,1204,1052,442,470,258,387,385,17,518,977,1026,965,38,445,447,426,350,427,463,440,616,397,25,1004,24,982,617,1292,919,1046,125,510,430,1041,459,997,1320,261,380,516,20,143,28,628,1005,249,274
248,143,805,978,1313,688,1286,119,1327,4,732,1320,30,220,406,397,1029,425,440,628,253,976,455,270,77,800,977,409,117,1038,683,1041,655,687,447,965,729,427,234,149,468,1004,1321,93,617,390,140,472,448,395,33
566,778,701,585,619,810,972,561,148,1221,1154,1083,294,103,741,815,623,1352,862,825,392,1032,819,120,1176,172,752,448,662,1226,242,581,715,522,742,817,159,3,320,659,1022,329,1119,669,795,511,536,1082,887,845,176
449,148,4,268,50,757,329,487,159,524,742,619,1153,1236,320,60,834,1141,491,775,271,36,1312,477,1134,43,570,1151,1234,583,1246,662,109,835,853,671,804,1140,586,1265,127,1105,482,581,176,1200,233,758,785,21,954
1258,1049,613,385,687,976,518,1052,965,977,463,1320,258,982,454,507,616,1185,1026,1042,406,1313,1327,700,442,634,447,430,125,994,1194,1286,397,387,509,32,725,516,108,224,1124,232,1005,16,1293,649,378,896,897,261,129
1068,447,815,510,1140,1175,143,1204,164,1174,768,14,766,1031,1341,614,864,898,1187,410,845,172,1014,1046,1047,1340,6,102,1082,795,859,1139,425,137,1067,299,823,327,693,746,1271,616,970,819,1094,110,427,661,697,948,861
727,394,487,111,281,295,714,633,564,433,1310,973,338,631,1096,46,1297,804,1176,223,543,1162,1128,391,618,393,531,410,435,1083,989,126,1051,718,944,376,1243,795,417,493,544,83,324,1315,358,1090,685,760,547,993,329
779,22,122,1195,1154,402,510,498,502,1153,60,38,50,526,838,1058,492,1143,312,850,678,213,743,1076,1,21,23,11,920,37,12,749,565,912,281,1292,152,400,415,713,265,478,1111,1340,1290,734,934,1079,794,166,1172
226,687,468,463,509,617,425,350,1328,403,1045,119,167,800,455,533,1091,1071,38,230,478,33,985,43,1000,452,380,464,17,410,729,252,538,87,465,143,261,36,271,713,153,406,725,273,561,472,994,1316,225,383,1340
489,320,71,325,577,522,836,1228,62,335,562,319,811,581,1011,1241,816,371,877,1115,862,1258,1105,203,165,278,875,525,1265,604,609,202,1259,1271,863,874,1208,802,821,565,887,847,326,670,331,861,337,356,1151,761,233
224,445,93,380,426,430,463,447,1052,1322,613,387,136,1313,464,350,1320,616,1327,36,274,720,1294,385,976,700,459,116,253,628,17,691,800,1076,270,118,125,252,41,1202,1018,507,1292,1194,38,703,145,159,468,141,140
540,482,818,802,744,755,835,716,543,1247,596,72,1238,840,197,473,853,1210,1371,460,861,865,569,1118,740,201,498,754,70,860,803,1107,551,1146,558,769,502,931,1101,54,780,1141,559,1231,1191,837,1259,836,878,947,854
1267,405,570,60,1043,716,691,1204,403,1226,1211,1191,1248,1152,704,1151,581,1254,438,1022,1025,518,506,655,1113,165,144,1158,322,680,661,841,364,305,1303,1271,944,423,136,1177,1149,1291,1190,596,3,331,1249,148,839,1045,623
1189,841,329,864,845,836,1211,383,1161,319,803,827,92,1056,780,203,518,860,987,1154,826,1175,469,58,1254,1149,238,980,825,842,1014,292,1237,581,583,61,1022,823,1226,1270,861,593,852,1246,1247,834,1176,416,641,865,1238
436,497,1249,280,734,238,74,798,162,1130,485,179,50,831,1143,235,1117,496,354,1352,1024,1095,1207,770,955,302,1133,889,271,278,1126,1121,504,1353,1187,56,212,588,995,809,498,508,772,208,948,1149,760,446,1000,304,311
1319,1207,1263,665,551,50,795,802,770,179,293,749,1095,1249,498,1113,1153,317,962,952,291,823,1196,569,313,596,189,169,177,877,745,181,947,1218,1255,774,879,761,307,1372,1178,1236,837,1244,96,808,1125,354,748,506,886
780,387,4,220,982,1139,976,1291,273,687,49,467,1322,1194,346,1350,36,26,1250,1152,463,1042,330,1003,914,1171,688,145,443,163,42,578,683,1203,634,182,833,881,720,1071,350,1199,23,141,719,241,643,973,93,896,417
245,425,687,141,25,442,691,381,417,1019,159,142,430,1202,544,1316,1204,445,438,385,459,1168,472,411,50,143,1197,30,403,557,149,679,440,4,590,703,386,977,1294,1315,617,1012,1041,378,1052,448,976,1293,294,409,1173
1026,1022,522,1341,201,827,705,47,504,205,437,1354,154,238,852,1191,568,844,604,1171,419,611,913,248,996,649,1158,133,1333,423,1242,102,789,174,714,633,441,438,606,1303,202,1247,214,799,715,826,179,698,654,817,547
867,1052,1004,1026,1038,442,406,220,30,25,700,642,901,1075,149,247,141,427,657,1042,260,245,1320,980,709,454,24,602,977,2,1286,1328,580,997,382,991,49,459,17,117,255,452,1021,468,26,645,385,263,800,378,136
850,274,921,1004,912,611,1120,567,37,543,1157,429,117,1053,996,273,1075,281,910,717,1287,704,1197,507,1304,256,1060,409,149,1173,279,919,294,400,590,19,268,403,491,464,1107,532,287,916,473,385,38,687,353,557,1027
143,1292,463,17,1049,91,805,437,390,439,1324,1286,800,261,434,18,116,507,1013,400,965,532,468,256,87,380,1173,383,1018,1004,25,33,411,1026,1051,968,1176,1336,1295,1327,250,426,99,381,136,514,448,994,440,4,403
472,453,463,994,395,684,117,380,225,613,406,1014,526,1038,415,400,37,514,94,91,1322,132,1171,426,1076,616,119,929,397,1199,730,1049,664,531,10,634,161,1299,437,1005,153,1343,232,116,537,1161,409,649,996,640,99
369,647,433,472,65,607,691,1136,1277,423,1341,411,506,624,294,1151,586,163,24,376,90,572,658,603,923,1080,432,630,606,1373,256,620,149,922,823,780,803,1070,369,15,1226,437,1325,996,1271,611,63,856,1291,382,1344
356,1222,862,585,823,875,861,924,819,335,319,877,570,1152,842,874,66,525,371,197,581,1266,68,816,304,1265,1146,603,741,1141,320,205,1263,1258,1149,1208,522,860,104,1236,1039,839,293,1058,321,869,577,867,524,876,1228
94,691,729,425,438,991,159,411,687,994,272,91,624,1315,1318,704,381,145,535,34,1202,491,661,389,141,524,968,1226,996,1008,364,424,518,0,743,1017,441,805,1063,440,1171,110,126,954,445,391,92,544,698,1352,1200
564,1176,785,438,110,1330,18,435,694,91,644,429,437,451,815,119,126,410,954,415,393,92,25,411,1096,697,1171,409,401,34,646,390,1031,87,1038,649,111,1162,453,531,364,510,1336,545,161,433,141,327,15,420,975
861,387,700,1038,616,406,1052,1327,149,463,720,253,350,430,17,1139,461,784,345,1018,230,116,468,405,533,385,125,424,701,703,132,1314,403,1045,449,442,77,752,1042,426,1070,412,984,464,399,274,977,1322,687,1286,1026
913,700,180,1052,1292,680,24,385,425,1321,687,509,463,426,968,380,634,984,784,720,159,400,703,406,17,1012,472,411,1204,613,447,145,448,443,430,445,378,149,742,1120,616,982,1029,994,691,116,255,294,1314,136,628
579,585,570,1152,189,1174,305,1119,60,803,524,586,423,876,799,565,1355,592,1225,1131,596,1239,861,102,566,203,918,1262,1251,12,871,1191,816,878,1177,571,337,1093,913,775,870,437,1095,1318,1260,477,522,922,802,787,311
1268,425,687,426,1204,1320,380,518,430,447,965,445,141,977,1327,994,1324,800,2,700,417,149,617,991,1050,258,1313,93,655,1321,405,140,406,24,679,403,1018,385,968,143,1286,616,628,984,688,220,454,17,136,919,442
1052,1038,977,252,1204,380,406,35,260,983,0,683,20,350,1321,1324,613,447,425,1014,445,980,385,1320,459,919,532,136,270,697,984,616,800,533,996,258,16,1328,454,426,274,994,442,720,1025,687,93,387,700,1023,1067
904,406,703,252,687,1052,28,258,35,220,385,93,454,261,260,141,1327,397,628,442,1313,679,142,427,701,350,691,965,1324,655,1018,459,700,680,784,977,1049,1029,1005,426,616,116,16,412,77,614,976,125,253,1328,991
767,1259,864,66,1241,504,1177,862,846,775,1236,1239,1270,754,332,1246,603,887,1247,1179,1235,60,840,1258,1113,1275,1238,839,595,1219,596,1186,574,1261,803,553,764,783,827,777,852,879,1249,802,1240,828,1277,849,585,210,112
148,149,459,350,35,533,1048,1089,532,140,1041,118,1029,270,616,800,435,977,1175,708,1023,37,1061,1202,449,1004,1038,30,784,225,680,1327,701,17,20,1325,679,980,454,779,442,412,1020,688,983,1026,1043,1107,444,294,253
853,390,392,234,426,393,457,35,720,563,443,617,1226,30,398,470,472,929,785,270,1168,678,655,99,273,254,1116,1177,287,1082,1014,411,23,4,996,621,453,24,1045,21,1351,458,391,526,1291,637,252,364,109,824,532
553,62,819,304,1119,854,799,525,1275,375,842,1346,689,66,70,871,570,147,312,785,576,151,1354,1248,202,660,577,777,329,859,966,368,816,603,335,609,911,460,54,201,22,1258,21,808,1251,678,705,1208,67,604,1168
158,687,417,977,1026,973,720,429,380,425,430,1300,897,0,997,507,412,385,445,28,1293,1061,976,145,1295,1292,1032,655,968,470,453,1005,1194,468,532,996,590,994,464,1316,415,1287,224,24,119,381,814,397,1046,153,472
327,425,687,149,518,141,24,430,616,1194,1041,253,385,976,1322,16,1292,507,41,417,258,1294,1313,447,378,590,260,387,1306,691,805,1046,1019,703,1052,1314,1324,975,148,397,449,1023,742,1328,4,394,965,381,680,1049,406
434,796,684,1351,1120,682,1042,1262,1052,406,10,427,126,1325,988,512,955,180,545,703,728,1367,335,634,19,300,1078,959,1272,1305,375,555,688,141,193,372,651,628,461,1248,700,1024,182,49,696,1310,149,763,531,56,509
490,766,1234,1143,771,1153,1352,1147,783,503,1152,502,884,262,972,497,758,294,290,910,392,131,177,408,58,844,1273,1200,757,795,1154,293,566,1131,552,1231,920,458,1135,712,122,630,215,907,166,970,1140,551,763,547,583
628,798,497,1186,281,744,302,418,833,59,817,1209,1158,724,191,966,304,1231,746,487,1351,519,171,330,1155,839,801,366,1159,53,1203,121,186,360,1374,467,940,307,566,275,1183,1180,579,1221,184,1254,955,948,1150,737,235
136,596,861,1241,799,566,54,522,796,1270,1248,530,864,45,1217,857,1266,871,940,1249,823,1156,739,312,953,1209,1177,862,486,574,944,846,368,347,1037,1247,304,66,290,863,1152,868,758,856,57,1240,284,765,366,803,1179
1044,1022,705,133,585,1149,544,1176,669,1173,18,435,267,1168,661,1058,1083,405,439,152,464,951,631,200,779,1131,1162,595,1056,438,565,778,1303,714,1140,825,576,732,1008,1012,852,1136,233,655,741,649,715,1364,824,294,238
812,248,1053,522,810,1155,820,1158,1242,366,1239,859,943,361,832,1152,503,1039,276,92,487,861,557,995,1140,172,317,1261,868,668,939,944,326,322,1106,1247,566,1100,597,1096,103,1303,744,948,358,86,717,168,351,1177,1022
53,1042,459,1327,1049,463,141,977,700,426,252,427,997,687,752,613,445,1195,461,414,149,1038,688,406,1018,984,397,24,510,1001,93,380,1286,17,140,1313,10,442,800,125,1002,616,1120,901,1201,634,447,425,985,346,241
0,518,687,445,1204,557,378,1194,410,16,447,261,0,409,138,24,507,255,93,389,1161,636,784,403,383,453,616,535,1315,327,973,295,426,391,704,510,954,91,996,416,417,1023,440,980,250,981,364,30,516,698,438
625,823,887,62,1258,835,1247,585,1228,371,1259,205,316,1262,861,1246,842,565,1265,67,1219,840,878,864,347,836,595,853,1149,1221,1245,845,854,1156,886,375,214,945,1222,1186,855,1269,1236,1205,1271,866,1166,856,852,1142,808
1326,319,845,102,60,487,823,440,324,1228,320,1134,908,639,1141,321,1206,304,778,799,480,867,887,1354,854,585,175,576,586,780,689,1140,561,558,790,1315,1242,860,419,1234,1149,559,230,170,846,862,791,701,841,1043,1093
372,445,463,397,688,425,406,720,28,613,1038,994,1026,1204,976,387,1327,1052,982,454,616,1046,800,997,93,258,1320,149,1041,977,1286,381,1019,1313,412,518,617,459,532,385,24,691,16,261,429,430,680,679,426,142,449
979,1003,406,350,1327,430,731,387,143,1322,800,253,1321,37,680,1334,538,465,1129,1324,1020,1139,241,93,164,118,613,1005,634,1045,630,1313,1253,912,140,463,149,459,396,1041,153,1029,1168,260,544,1038,81,674,252,1345,624
453,320,581,836,1229,1263,1211,184,58,1365,1181,371,633,1196,1024,924,740,1269,1191,960,845,844,171,874,1152,444,837,1022,1154,841,852,850,914,1230,941,861,588,71,802,724,196,1261,1150,433,1113,1036,718,201,195,780,833
511,703,50,1271,697,614,1099,1143,438,296,783,400,480,552,828,401,477,1153,86,535,487,1018,592,1012,286,1303,1173,491,405,986,1022,502,420,102,174,233,1067,609,465,68,79,1056,676,44,170,498,1242,172,1120,775,684
68,463,274,38,785,533,253,1092,1336,37,617,706,689,470,720,430,729,164,268,1129,28,439,1327,725,657,152,1071,528,435,141,270,478,491,991,1140,996,1340,628,405,1319,742,1175,99,648,975,380,1173,137,1022,143,254
1301,292,557,327,409,552,1176,524,678,553,92,544,558,110,1094,870,411,650,815,1304,276,980,585,105,103,453,364,824,983,242,1318,319,107,202,197,871,1242,44,329,692,702,968,91,712,581,383,1098,1014,951,1200,448
926,425,440,1026,951,1161,729,385,261,1041,28,447,1007,1201,227,435,391,1141,751,1294,968,561,403,1037,619,144,714,252,518,996,1013,145,742,41,221,1202,445,45,804,514,991,712,276,442,267,649,954,628,1292,133,965
335,459,445,1041,93,687,430,425,1049,616,77,1321,1320,17,1293,149,613,350,1313,380,385,1061,397,454,426,143,470,387,720,1038,1026,442,394,1204,701,140,1322,142,30,24,261,732,258,1328,16,533,532,141,252,37,1029
1043,502,290,539,498,79,343,1251,565,579,825,1271,1068,1373,294,203,766,60,372,1075,105,585,477,275,102,715,799,177,887,754,1239,504,911,1012,56,740,684,1149,581,231,150,755,503,464,960,359,857,860,594,761,311
819,912,910,795,714,812,1054,1331,566,500,598,431,497,1178,1033,124,289,366,1164,883,1280,696,394,970,772,165,1210,521,358,590,374,1362,365,906,237,921,1229,1028,650,93,940,367,891,1167,572,773,34,832,721,564,361
413,273,779,785,465,991,482,741,1092,1202,1118,533,172,46,107,85,998,558,245,996,1242,526,745,274,544,1076,286,429,661,1177,143,986,1200,1342,423,716,464,37,469,1091,553,1068,535,1168,1129,1239,170,1002,919,35,559
1006,447,518,1204,1341,1344,4,99,554,422,1050,766,1059,845,1067,649,570,669,1171,136,398,550,425,725,378,1311,417,279,918,584,159,673,954,1139,1029,311,805,973,1310,998,1340,294,1321,804,511,491,507,487,1228,389,968
60,425,390,445,138,234,381,1315,395,815,391,975,438,403,458,518,1017,1051,826,1168,383,392,1014,732,119,507,286,174,1202,1140,416,590,143,999,270,453,145,315,516,1299,429,655,452,616,345,973,1031,687,32,996,276
100,425,385,518,977,397,258,406,1052,93,472,16,1204,1194,649,20,613,976,1202,1324,616,965,417,403,383,636,140,691,535,381,982,427,507,379,1013,700,1023,261,634,1018,628,919,1313,509,378,968,143,11,617,438,380
644,553,1259,1270,862,1275,1366,816,210,1371,775,202,911,1354,551,853,543,574,849,840,312,864,1258,582,1368,1225,852,181,1240,194,787,856,522,1372,1245,54,1308,1152,290,869,950,877,891,785,1248,536,641,1265,592,1271,308
764,425,445,1292,252,965,514,518,28,973,916,174,509,442,16,662,620,1345,703,489,385,148,687,616,1306,116,1195,220,984,256,430,742,429,1124,1052,784,1293,768,258,266,381,412,697,1019,1204,433,688,991,127,35,140
1312,688,700,143,1012,412,617,465,675,628,720,616,425,1091,647,701,1038,1327,1286,680,1322,253,387,116,968,487,1320,985,17,82,136,264,1342,254,1297,1296,896,482,1030,974,1005,430,1345,491,532,1025,1204,1310,775,1,1311
993,50,1152,294,58,485,1249,543,498,923,1211,724,60,970,611,556,1131,317,741,816,506,570,1024,828,585,522,502,1191,1352,774,311,1113,238,1217,783,791,913,769,749,1242,887,1200,308,494,1153,922,847,1110,667,279,586
962,1003,125,1041,1327,965,1052,1042,252,1322,1048,683,463,17,261,1085,220,655,1124,510,28,37,1047,406,153,1049,245,273,779,258,149,720,77,1038,145,1173,516,277,537,991,735,706,454,1075,1203,982,428,1078,996,687,1195
1248,532,1173,510,1344,9,410,1022,620,152,402,1340,403,405,1310,544,438,785,1342,41,1226,1,464,165,439,805,469,1312,561,1316,400,416,294,1154,1067,18,167,383,164,256,1335,1341,741,433,409,1008,1171,570,1000,624,482
296,1127,756,948,196,745,1113,864,877,291,39,1260,1111,946,1155,761,1048,941,1125,1265,1222,945,632,806,659,1062,63,1206,1147,1160,59,223,1154,497,1138,830,906,1289,636,994,168,1152,177,764,1088,579,302,795,1261,307,942
895,445,149,616,628,406,93,703,261,800,253,976,688,965,1029,142,447,1052,140,143,1320,403,636,1204,412,385,634,518,426,28,538,397,613,982,1324,1041,590,1018,459,454,1038,1327,679,16,116,977,700,430,258,1089,252
1030,862,1246,1177,842,860,1236,1249,852,1259,823,1217,859,566,1239,1247,60,66,839,1141,571,780,63,585,1258,290,1223,319,57,846,827,206,1211,841,61,1265,207,853,867,944,1158,1058,854,233,597,787,570,878,1364,1275,581
308,464,350,729,41,720,38,1168,119,43,617,274,30,268,145,294,463,387,977,1226,9,1171,158,17,470,996,687,143,742,147,973,689,252,1312,378,146,100,1201,273,657,95,700,654,544,459,1202,997,1333,666,136,732
422,551,823,864,1206,862,319,569,596,1176,372,1051,854,203,60,837,1242,177,577,962,836,877,776,574,1179,1241,799,206,827,816,1207,214,585,66,70,1111,1118,1232,562,524,1346,802,1238,1234,1236,1237,840,1150,795,586,849
1149,680,430,614,252,1324,28,1061,1004,417,387,230,13,145,735,1327,725,636,1313,241,1049,429,709,37,433,93,994,261,227,628,445,274,138,253,688,459,397,424,533,25,495,1029,1038,32,1089,1020,406,425,465,728,897
515,92,972,66,1141,862,785,553,631,715,1246,391,819,233,753,826,853,319,219,604,411,776,705,827,1236,646,795,524,859,585,954,1187,112,429,329,201,1176,714,593,846,469,1056,1191,1044,400,803,1311,437,472,221,1242
903,445,1023,20,268,441,509,433,815,1161,449,841,140,258,599,1296,1022,1330,691,491,118,1324,1149,1057,980,148,1036,30,1202,220,805,225,133,90,975,4,364,1175,296,93,518,405,826,403,617,976,1226,25,669,416,1065
1076,921,223,118,458,1056,392,916,1022,655,832,923,920,393,234,491,550,741,1341,1094,1352,1351,673,1067,715,292,433,549,543,1221,437,524,167,891,126,753,398,394,1168,457,927,390,970,641,1051,586,120,505,908,389,862
987,1101,1099,570,96,166,172,1270,151,498,349,864,835,1140,853,689,504,993,329,64,233,733,66,293,1297,1219,1261,487,818,819,21,465,1337,162,273,1112,1258,1263,757,205,1146,367,1095,745,528,163,1212,1058,1151,263,482
18,734,1052,800,1103,695,23,625,710,188,627,910,1119,88,140,535,1352,425,1307,1200,891,1018,665,336,890,1116,788,537,418,385,1339,546,343,900,613,1354,1251,682,921,916,495,983,621,52,1367,979,962,1007,905,957,232
716,841,487,572,1261,535,1130,184,208,1023,438,801,489,1349,803,15,154,1113,557,785,1048,1154,998,824,469,862,1011,1231,1008,50,324,246,435,292,834,534,1211,320,870,826,1309,65,1152,667,205,593,1084,718,504,1247,139
852,491,1176,971,661,1022,92,1318,528,986,524,111,1051,451,329,389,544,292,391,429,715,599,1295,1031,268,846,194,1161,975,853,805,989,66,619,410,1330,1190,790,289,133,1304,1008,650,233,753,109,3,433,1238,390,1134
364,543,1056,1044,219,1022,860,780,469,987,416,1270,705,791,302,151,775,649,741,1173,1254,964,887,1271,305,803,853,798,1058,176,203,1258,553,1102,993,551,841,383,862,14,556,205,748,1014,842,453,570,400,282,1155,347
461,433,491,111,1297,741,705,138,544,92,174,742,487,570,524,1031,550,661,1022,390,429,815,704,254,733,1342,233,1315,1099,438,126,322,172,1060,633,564,133,818,1341,273,392,432,817,553,391,1332,493,393,504,762,1063
191,489,99,1014,319,393,827,419,139,722,233,392,271,639,416,1312,1141,753,172,1153,533,411,514,158,836,1051,305,1171,433,676,1271,472,795,491,704,870,67,675,535,1371,1099,717,136,107,553,175,742,828,154,429,50
265,427,1292,445,378,406,220,679,507,350,425,628,448,1327,149,532,459,385,140,703,680,472,25,687,261,994,991,136,442,380,447,30,1326,455,9,1049,1322,93,426,463,252,1286,613,1050,784,700,1324,691,1046,666,409
1108,861,1162,1241,565,166,815,1183,312,180,692,276,827,62,464,66,1239,575,473,522,1235,547,118,255,1297,574,137,46,1323,292,898,864,1222,257,242,290,855,741,327,1209,571,448,1095,125,246,325,749,35,1099,1155,694
486,1050,1286,984,1320,1063,804,468,617,91,1105,327,1168,29,234,994,1005,38,71,1071,136,544,17,514,982,1000,684,732,167,978,1341,119,1208,67,1297,720,1294,531,469,1174,968,223,87,1151,95,1029,1226,20,1201,463,164
647,373,206,181,855,371,577,372,962,888,72,71,849,854,596,837,204,823,210,1373,892,328,195,952,522,375,874,336,842,862,950,839,89,215,1221,304,840,879,1251,877,767,935,699,1232,1217,1127,1132,873,782,799,523
847,532,1173,470,1140,270,732,437,1175,143,805,77,149,327,435,977,447,1048,92,152,1107,687,1005,973,274,1125,538,697,1089,1145,438,172,275,704,34,271,1094,37,392,1099,17,968,514,954,248,703,1010,516,430,1043,1105
1260,1327,1052,977,1313,831,1204,397,454,258,24,394,622,1194,1182,217,901,142,687,1041,1317,1040,445,1042,904,140,976,334,430,380,222,616,1054,232,28,117,727,909,115,101,735,510,346,1310,1006,1124,1374,768,449,932,1279
745,1248,775,1270,583,313,558,803,862,1058,596,864,857,1239,865,1141,1277,197,1271,372,793,840,1241,314,1244,317,539,940,834,939,1207,1261,206,368,595,477,1278,780,523,740,960,63,1155,1372,1259,1208,1150,54,1132,878,867
785,205,66,1141,867,862,319,1208,96,846,871,304,861,836,853,827,316,854,486,777,650,829,1372,819,551,705,887,570,1112,803,423,577,296,493,597,194,842,302,522,799,1259,1371,1359,1258,818,852,211,604,202,1246,504
133,30,614,463,535,117,397,445,16,385,1324,634,141,381,451,507,440,1005,531,1295,9,426,261,33,980,1313,380,1038,378,327,446,91,518,510,975,429,1305,983,514,19,1318,437,142,13,545,143,1004,982,616,1198,1049
178,518,425,617,507,9,704,403,1292,434,411,687,438,91,440,364,391,389,1014,25,390,982,1059,1013,1310,274,976,1063,994,379,442,430,393,412,532,380,92,126,678,136,256,624,1201,616,977,544,998,756,965,1046,896
804,1262,1156,1346,324,1221,60,74,862,63,1206,786,575,555,799,1354,741,1239,844,1360,496,1261,1259,1217,816,102,497,810,1119,632,849,778,1248,623,595,1263,887,794,1128,504,1370,596,214,663,1222,1277,1367,1236,823,484,806
552,1262,1372,1272,373,213,60,207,596,210,88,875,376,1373,836,54,840,877,504,312,777,870,962,853,799,847,179,354,867,334,748,1179,792,874,51,858,221,1137,1258,72,104,1245,1255,1354,849,886,852,823,577,945,1251
980,465,463,1048,1175,274,528,36,139,350,1327,533,230,253,141,380,689,249,725,459,532,1003,1013,38,145,468,464,827,1091,1071,487,281,164,1342,667,399,1099,502,1041,1101,526,1322,784,1308,553,1087,543,1295,241,422,779
366,628,426,425,261,1067,406,266,28,449,700,1149,611,984,976,971,1050,585,165,691,143,270,149,683,680,91,49,136,1091,1177,405,729,706,166,4,1151,965,533,720,815,1340,1075,3,824,29,1003,250,785,271,704,624
19,617,119,438,518,805,742,544,315,87,36,1296,392,628,118,91,437,447,148,403,1315,383,984,532,1318,976,694,980,491,405,1226,411,399,1295,1293,968,464,435,470,1171,1032,1341,1051,146,973,152,132,448,975,1162,432
1266,518,435,996,1297,415,532,472,544,0,381,1173,1300,416,403,391,400,968,1099,91,390,417,1292,1315,991,986,648,976,384,223,476,315,666,553,383,405,1161,439,364,741,295,401,993,32,159,447,423,653,110,1226,410
712,522,1022,790,1236,862,302,826,1191,633,832,841,954,102,112,819,1114,46,913,854,1057,570,493,596,799,170,806,482,1228,324,494,1056,61,827,321,219,818,669,400,689,810,290,631,504,823,276,972,203,783,1238,1068
915,994,687,1052,463,380,1292,17,468,385,1003,426,253,805,153,1327,220,25,1041,720,117,20,381,700,1320,538,1295,234,1051,634,261,445,241,258,655,255,510,149,975,454,1101,897,252,429,28,1328,136,119,145,616,459
173,66,570,827,853,1177,1239,319,1248,203,867,787,741,1275,1259,846,862,826,1246,783,775,522,597,818,577,202,823,194,825,864,609,816,1265,1266,60,1240,524,776,799,689,151,205,777,527,1200,63,482,604,1022,1247,607
890,445,1204,687,1313,1194,1076,691,538,510,994,634,614,18,430,1310,655,397,628,704,976,518,149,688,535,977,385,1324,683,1320,1293,403,1296,1341,230,616,1019,1000,1202,784,1007,982,34,996,16,1094,919,649,274,509,545
1152,406,1322,93,687,463,268,977,252,350,261,1049,617,294,445,1052,141,1003,616,1286,700,994,464,1320,533,742,41,800,17,149,1328,35,273,442,77,164,805,37,1202,1007,729,1293,684,38,538,628,1042,385,426,1041,387
393,1259,853,862,420,646,592,1366,609,1141,205,202,871,1260,4,1236,477,1277,1226,1330,704,950,775,1238,62,849,528,604,615,745,1354,856,1115,216,1144,1271,511,887,654,347,689,1093,151,316,785,854,1371,50,1297,147,176
236,1004,463,141,153,720,1050,398,1316,655,87,273,1322,533,28,422,389,1005,624,599,38,350,256,657,406,1101,33,1085,507,108,391,415,1287,779,1171,274,158,25,403,24,468,1027,399,1327,118,414,119,159,1344,279,145
36,1304,1245,644,96,1259,1312,491,790,1316,551,823,1138,416,0,998,748,415,507,865,1123,1265,91,543,1287,456,14,545,834,592,476,1275,319,1295,402,927,601,1270,908,510,315,975,463,829,329,341,12,780,618,594,801
1114,445,687,406,412,427,616,617,697,805,700,994,140,261,628,538,136,159,680,1321,93,1005,703,613,1018,954,403,691,398,385,1014,518,143,35,260,701,1029,679,514,991,271,800,167,742,684,266,1314,9,1020,688,636
1084,1116,617,780,425,119,292,1174,429,921,389,701,136,469,390,564,641,908,392,865,395,383,146,180,176,989,35,143,1031,514,1148,412,1300,985,1122,1318,487,1351,1223,703,997,982,393,379,287,916,688,159,426,324,1341
504,170,1236,1228,775,1156,1344,595,862,1152,689,586,970,1217,1263,1222,347,908,1140,1128,1200,816,60,1143,871,741,923,308,783,314,1181,780,766,522,1354,876,320,68,1270,103,325,1225,722,1206,1259,1251,574,1258,202,1058,1366
580,951,1022,680,435,910,921,805,676,570,732,233,14,165,912,841,1089,916,1315,597,854,294,219,1093,1200,586,923,634,1094,522,438,296,836,775,227,803,319,860,557,329,655,750,1012,954,441,915,1056,116,689,524,12
481,992,1271,498,802,861,569,928,570,551,1258,1113,1153,1238,749,196,86,836,1207,67,828,203,1340,960,952,871,792,189,875,471,322,58,835,803,1154,877,585,1151,864,211,479,1236,823,764,1247,1263,329,797,1131,477,771
268,445,1194,1019,17,442,385,1052,426,380,1314,406,149,679,412,258,628,976,1320,1202,220,655,136,463,991,800,1324,977,1293,732,464,994,1322,417,982,784,397,613,459,1026,142,16,634,260,805,350,1007,1005,378,77,968
1040,385,445,1052,1204,1321,544,1038,1293,1300,140,442,16,1292,1045,258,1202,32,351,315,897,518,1029,30,25,919,649,977,142,9,397,28,613,76,616,1041,691,261,143,982,430,687,20,1061,997,636,2,1018,980,700,255
496,1249,304,302,498,1143,278,58,60,497,551,570,923,1239,595,1372,1200,565,920,1053,1359,837,585,63,59,775,847,758,1304,921,572,502,1158,319,783,1153,535,534,1155,552,487,477,1154,1225,152,146,852,1075,1259,1368,1113
41,1320,261,425,628,406,982,116,1007,17,700,380,978,136,965,1327,440,1041,510,976,991,1029,1165,454,977,258,720,996,270,617,1052,1310,260,649,143,459,538,729,403,1061,442,1005,447,417,463,919,426,616,1004,800,1070
1023,1342,1354,438,473,1047,669,1288,1129,294,543,465,1344,1341,891,203,172,1100,165,1258,464,741,1270,491,279,794,545,732,1171,570,175,1265,827,52,778,176,149,1108,885,164,1113,1333,1310,1091,219,747,556,471,1228,1319,1115
613,862,1238,596,864,329,871,1262,312,854,104,504,775,570,1240,592,1265,1273,834,1247,846,1259,210,1236,304,1225,62,1208,803,860,207,799,63,603,59,595,214,867,849,565,1260,320,875,197,577,525,575,1239,203,581,1271
705,687,385,1041,1327,397,688,149,119,1320,1293,454,406,1300,613,234,978,395,965,1027,1341,401,141,800,1328,426,1026,731,455,977,680,679,396,404,430,1052,400,445,1311,1043,148,929,142,29,446,364,532,5,1294,11,1051
1151,1248,1177,1152,205,846,1270,1247,819,749,861,827,1058,581,1240,875,1209,1239,769,1155,571,236,504,764,832,823,857,1249,1146,856,1186,585,1246,312,596,65,1180,67,1039,206,1366,1271,317,66,775,313,1258,780,201,796,1278
829,780,641,1312,1266,487,1174,233,862,604,790,364,383,1211,678,292,1249,1176,633,1031,842,1022,304,15,1223,998,1246,685,852,557,1247,389,1245,783,1258,559,845,861,61,841,803,391,1146,987,60,986,981,1014,1179,865,553
1028,883,856,1263,860,877,316,847,827,842,66,887,1251,939,875,749,1222,1371,589,1192,354,846,836,964,853,874,1209,840,802,1186,208,293,317,1271,872,215,885,862,854,1233,1258,852,530,868,591,1372,1246,970,953,335,1270
697,823,551,312,565,203,827,854,1247,846,857,1177,1240,104,570,1246,841,1271,581,845,852,862,62,1022,867,836,1258,585,576,603,887,607,317,853,60,1238,575,1270,431,1277,1059,775,1354,1141,584,1249,819,847,175,1239,194
12,1204,91,381,996,438,649,1019,416,968,687,393,1300,532,1044,35,415,1008,327,991,410,1292,785,143,1202,472,411,1031,16,440,439,470,315,223,993,514,429,1295,564,1296,1293,447,975,510,453,383,11,1318,805,464,21
17,383,544,87,491,146,643,1022,393,1051,391,762,715,1174,21,980,453,327,437,458,234,329,292,694,1145,1099,469,692,1134,411,433,775,1161,296,518,1177,1173,487,1056,410,44,319,46,666,305,416,401,1014,432,524,620
444,1099,294,464,689,1105,1140,274,1226,766,1127,1340,158,421,233,491,1113,1342,803,972,503,276,58,85,1120,478,1271,539,986,1153,654,1239,954,317,1008,504,1238,1190,769,738,100,329,305,99,50,834,1102,583,1023,47,860
231,1320,1324,425,994,1322,385,268,20,1327,976,93,380,1050,617,1294,463,447,538,164,984,700,274,1201,965,258,977,1076,464,387,1124,252,478,397,1041,1062,445,87,1202,729,978,1071,1013,141,1061,1052,140,507,1286,28,406
273,425,1327,1324,1049,445,406,258,16,93,1320,397,613,1052,687,385,1041,977,976,616,454,17,1321,442,99,380,800,1326,28,994,1293,1292,427,538,700,688,590,255,655,449,965,1286,447,628,117,465,390,532,680,720,261
81,463,253,532,805,315,141,997,617,426,1041,350,30,383,381,220,720,429,1174,975,994,272,35,417,245,1324,270,472,138,1292,399,136,260,1007,145,980,518,1320,430,538,996,897,700,516,1226,1162,973,411,978,159,412
517,1238,1208,577,1177,329,749,1141,570,565,853,581,1058,836,312,1260,835,846,827,860,854,1068,1258,1120,604,1236,176,1240,317,539,524,689,1235,551,319,202,473,762,1228,592,751,1146,1271,1056,62,1277,504,1191,861,986,864
573,1351,805,492,532,522,1204,864,1154,1,1127,1177,780,1245,766,1022,276,279,669,518,1024,1259,1179,402,136,646,724,322,998,58,221,1063,164,92,1242,1111,242,275,862,9,1310,954,438,271,824,666,841,464,399,1249,783
1278,1204,1026,1327,258,417,442,387,425,976,1049,447,1052,965,93,397,687,16,973,1293,99,1320,17,628,142,380,688,294,385,1041,1322,286,24,220,533,77,1071,350,20,1194,768,463,636,532,978,406,6,439,1065,475,1202
588,853,210,302,646,780,14,1187,534,65,524,535,296,495,174,103,1044,504,826,1146,762,862,1271,870,553,592,860,233,842,863,304,1237,1081,775,1262,162,1263,867,783,151,211,1267,1258,871,1259,503,1372,619,332,986,1123
1139,1327,1175,274,1026,439,43,459,294,542,1073,1322,533,37,442,93,350,132,1042,125,387,258,417,734,252,273,714,435,253,725,1052,1047,1027,687,657,934,268,1038,628,428,1048,507,1075,141,720,1310,900,282,463,958,768
1003,960,191,1283,42,217,548,893,185,1182,831,123,1338,1001,1170,731,101,1350,759,881,84,53,961,1040,1220,128,963,1216,627,467,1375,723,882,1185,707,889,1253,1358,115,1282,235,1361,588,904,602,1339,362,1301,957,346,234
1204,1189,1117,366,622,188,1216,1302,346,351,519,963,588,1323,508,298,548,10,191,184,467,89,449,513,936,281,1203,833,901,809,1317,374,1185,59,831,546,114,1269,868,1334,474,759,182,707,1192,1339,361,363,959,677,772
45,1286,43,274,149,145,253,1328,292,533,136,268,329,119,647,468,655,729,1172,158,41,1304,1176,984,654,159,37,568,480,166,657,1025,720,220,463,994,725,689,732,1099,784,700,766,38,470,44,1335,172,1352,1320,1008
1057,815,712,842,841,364,4,826,292,1161,793,524,986,299,1318,1012,259,1330,1025,791,983,828,460,1162,666,697,703,1146,1063,434,429,1300,469,276,327,984,1259,676,1018,260,319,390,61,516,210,25,769,551,233,991,898
787,468,1139,271,146,464,1292,416,159,1153,1045,465,509,918,403,28,148,1099,391,532,380,620,965,230,167,526,1295,463,1201,16,259,514,1324,141,399,38,1067,1340,256,487,41,648,197,1181,740,435,1326,567,703,274,1154
544,862,329,714,201,581,205,504,233,1177,325,1364,775,780,799,577,1238,593,1262,1149,846,823,565,863,62,861,989,203,172,575,841,311,1068,328,598,317,423,825,670,1225,847,1211,63,571,1266,1246,604,60,1228,1218,595
671,545,14,495,88,926,1204,937,1269,610,1093,0,1293,183,936,74,911,1111,967,64,537,226,1268,939,848,900,1077,1061,1367,1086,1213,79,293,510,934,1354,1245,1282,1009,1044,336,933,904,841,576,739,1016,957,539,409,644
258,758,571,577,203,887,565,1152,860,536,375,862,1149,60,1222,196,319,861,562,86,312,324,322,818,582,574,59,609,816,1265,1156,836,321,329,1238,863,504,498,1177,864,1271,586,494,308,808,764,105,62,1354,328,749
1242,687,258,1026,425,613,1321,1052,385,350,1322,720,965,445,1204,28,463,261,977,13,378,20,616,997,380,252,260,400,130,24,35,2,1029,16,1300,125,1320,442,93,77,1050,37,634,132,470,1018,430,117,426,649,25
1067,1311,800,1327,538,1158,51,1313,232,1117,1355,535,612,1094,1007,1191,1103,1123,677,1024,286,1324,188,1305,23,424,506,1065,1019,467,1322,1034,850,691,1195,1331,696,759,184,52,1131,1374,683,308,634,916,1196,1314,1023,910,1106
1009,431,429,766,283,665,1183,692,922,1310,574,675,988,493,1062,1167,43,99,1153,168,460,707,1176,1117,535,611,641,114,817,1125,1039,1099,962,759,127,1373,517,1227,126,1033,1057,1028,1352,1155,123,1355,1143,15,162,498,50
1007,862,1249,864,1154,585,1246,1254,1056,1152,200,841,845,368,791,1242,1158,824,576,1272,1276,1258,769,60,733,1155,1271,1113,1266,852,105,479,780,853,1278,854,761,181,842,827,816,302,1039,829,836,874,1143,828,1248,366,911
986,65,205,1141,233,1210,705,133,338,867,543,570,478,324,689,523,1208,1213,1107,599,862,733,1039,923,279,504,15,534,329,1246,1212,178,874,818,718,1171,1229,749,1359,967,1258,1112,1114,1173,567,1067,1022,236,922,214,661
594,1248,580,282,802,574,1270,775,1239,1277,810,66,1142,314,1259,940,603,313,1360,1218,496,749,930,63,307,606,1166,818,65,1028,329,595,1144,853,371,840,205,1222,1261,1235,1207,179,312,197,201,1097,863,856,1229,823,305
462,785,429,775,390,146,383,641,1068,1297,826,3,491,532,480,465,159,1099,268,107,633,1140,472,435,1292,639,863,99,464,110,898,434,43,584,825,1082,565,1007,202,111,1177,487,4,1364,469,44,21,790,561,416,448
536,877,293,1076,1087,430,453,1260,28,598,132,67,97,326,650,1218,1301,856,540,952,545,863,1171,619,1014,145,1069,1184,1233,875,769,1119,1004,42,745,205,512,153,1032,266,799,563,265,776,1146,1236,773,770,886,614,869
146,616,1018,445,25,700,1026,406,697,427,136,442,470,252,447,16,9,968,429,994,141,514,1292,1050,91,977,1020,975,1201,983,590,1300,28,453,984,617,507,2,0,383,679,919,250,965,997,426,649,703,397,1320,350
1097,445,687,1038,975,28,1026,655,1007,91,403,518,634,406,1188,617,897,252,985,17,538,380,77,973,1202,616,700,35,628,991,1018,419,1321,514,1204,227,1019,1023,463,968,260,732,984,397,703,994,1310,124,720,270,435
590,1259,210,60,862,1270,74,911,67,883,1152,1265,964,1225,66,1245,1209,332,312,887,864,609,1290,555,1370,885,1179,1368,1180,953,211,847,869,841,773,803,1308,600,1271,853,863,753,1372,593,1262,1258,1272,950,1275,823,104
1202,502,60,570,329,585,50,319,543,440,791,1155,491,1200,862,1154,464,1140,482,1208,1372,1271,304,67,742,689,392,148,506,852,761,1265,44,1099,793,825,785,211,987,522,571,1336,1092,1008,1248,698,294,65,465,751,667
1270,687,425,1204,16,385,381,1019,416,93,0,397,472,447,258,393,315,613,1018,261,1174,411,6,225,403,897,919,430,140,636,240,1014,250,725,616,965,973,784,976,442,91,1202,1005,1020,383,276,453,394,994,1031,295
223,977,976,385,1052,447,406,1327,617,145,1026,994,140,430,1019,1041,616,968,442,270,613,1324,380,142,16,1202,973,426,149,32,634,261,459,982,9,984,1201,454,1311,393,427,507,732,805,1292,252,649,975,1005,510,117
918,425,149,680,449,1327,261,248,638,387,426,805,1049,260,116,93,440,1004,1151,679,985,1052,975,732,538,706,253,540,634,17,614,143,815,266,752,294,1326,590,509,968,1310,1314,703,252,768,800,988,397,697,994,642
1209,425,406,687,1204,680,140,1052,28,430,1049,616,385,9,16,965,149,994,397,509,117,77,252,634,30,258,1005,1313,426,1019,800,1018,538,976,261,1324,968,636,143,691,1311,32,438,93,141,1286,518,1320,628,411,400
227,1052,425,977,1313,1327,454,258,16,385,445,616,965,406,687,397,442,628,28,412,430,1293,997,17,1322,613,1320,380,976,30,649,252,518,982,463,1046,1019,143,1292,1041,459,1026,1042,427,994,1286,394,968,532,691,636
487,852,440,243,233,769,1146,20,236,645,516,988,1231,113,754,990,619,1083,842,304,1025,718,1263,697,248,205,1190,284,169,144,357,4,578,174,133,755,299,1175,749,129,1130,1107,348,454,856,442,1047,761,873,173,839
421,408,1236,1260,1177,1218,1222,317,886,22,1149,883,724,291,941,823,1146,769,569,21,1058,1264,498,806,571,311,62,878,877,938,312,952,1143,948,1129,181,1262,1142,1271,229,289,665,1196,1263,862,1276,570,1266,765,778,1214
1116,1058,570,1239,1022,170,522,585,860,775,302,58,871,496,1249,1248,1196,1263,203,1211,1270,1155,60,1014,57,103,597,317,233,276,829,1113,1141,1136,286,201,1128,669,862,826,887,553,423,1140,1238,415,1259,1266,1067,66,202
175,780,1246,864,1190,853,852,597,841,823,522,1222,206,862,860,549,834,1258,856,1372,846,299,61,571,328,577,1263,1270,1205,290,553,816,1249,176,1113,859,849,551,1241,826,787,1211,104,60,312,829,1239,842,873,1158,867
1008,582,1152,869,877,321,104,1222,1263,875,366,1143,102,317,1259,1255,907,517,885,337,369,556,857,306,1256,503,282,928,12,332,1186,367,326,839,847,886,862,1137,883,1142,570,1232,57,96,874,924,59,66,952,766,549
297,1052,977,279,1351,274,510,1070,1175,1327,25,998,406,1124,1113,1011,683,1038,261,268,30,399,1025,533,976,1031,459,1145,1004,258,1085,1320,856,829,1063,1042,549,442,687,1049,152,1036,1293,12,1316,1290,987,1341,1054,294,252
866,180,159,991,1004,137,544,267,30,149,661,264,1292,44,350,510,1321,110,412,472,655,514,533,230,434,390,677,429,447,439,442,722,150,272,381,270,918,389,435,438,403,1344,256,384,477,433,1043,17,1153,409,561
450,585,689,107,715,1200,596,15,544,50,457,146,443,773,324,603,332,700,1297,423,1093,144,58,818,998,46,752,502,319,528,898,405,305,1304,757,921,777,310,592,785,493,999,244,824,606,99,477,598,870,1014,74
134,425,445,261,684,1049,252,1204,381,116,447,514,438,976,518,91,1019,16,406,430,255,1052,679,385,143,411,509,613,327,2,636,1327,616,426,1014,394,28,628,1162,234,440,9,700,1324,538,720,805,897,1020,397,1050
217,1052,270,655,397,1313,1038,425,145,985,142,426,440,141,380,1018,1188,1327,180,77,140,1051,385,419,694,590,994,616,1026,427,1315,491,470,478,1046,240,1310,703,35,34,700,1320,430,9,706,544,805,30,1042,1041,454
965,319,214,389,1200,604,1090,453,1031,972,823,92,1297,324,411,383,437,159,451,986,555,584,95,1304,15,91,1153,863,790,487,110,557,320,194,1093,329,103,310,1174,118,255,1014,998,576,541,502,419,861,504,1208,505
251,140,687,616,977,30,1052,93,459,252,261,17,143,1324,138,1313,427,975,258,994,1041,617,981,1320,270,1050,509,430,982,380,691,1005,142,455,393,141,440,896,976,426,453,429,412,9,703,1299,87,350,403,1027,1026
1107,449,142,1089,459,614,140,1041,1320,454,628,143,901,1345,746,977,817,1046,149,688,1321,180,704,445,1049,703,1202,322,1314,425,1020,118,727,1060,616,1327,138,1286,82,93,351,394,156,732,1250,1052,1092,261,1348,159,144
952,1052,28,1327,616,463,253,655,380,387,468,230,430,1342,997,1041,720,454,17,37,994,634,800,1091,350,1004,445,220,385,706,258,703,261,620,538,93,687,1328,532,1064,449,700,516,118,1321,628,1313,260,752,533,1020
658,274,1175,1328,784,1092,1063,455,860,464,148,439,261,435,491,706,1022,975,480,1141,108,1342,1097,1332,1217,775,133,1056,703,1208,118,1289,1239,1058,1176,1161,267,1286,197,526,335,270,1371,661,1008,1012,353,669,862,1325,835
423,1200,583,551,609,550,50,1265,1261,606,505,211,570,586,771,1147,1354,319,1127,907,1238,912,925,1259,823,63,524,845,316,1105,320,1132,758,214,1341,480,1258,1056,1094,473,780,376,849,552,494,577,202,801,1113,57,844
702,114,1374,901,959,1250,1282,508,474,695,546,188,955,1185,1203,960,334,222,212,182,759,1338,53,363,1028,548,360,1216,370,1357,404,735,1279,89,318,280,894,635,727,610,1077,1251,519,128,1117,199,943,1375,377,851,1283
257,425,385,406,258,1052,93,442,613,977,687,616,16,140,518,965,976,24,397,1313,447,1046,20,28,1324,1019,430,380,509,412,1292,1018,459,77,617,1321,973,982,364,427,454,636,1029,1296,1049,1026,417,649,679,25,1311
61,20,1327,687,220,965,1296,805,141,16,445,1328,1324,678,1320,509,405,1204,385,1019,613,1076,380,626,1052,436,994,1018,984,33,800,1000,417,24,1292,516,439,679,1326,426,533,406,35,1337,1314,36,1099,976,1294,425,1202
1157,463,532,464,996,381,617,465,1324,38,616,785,387,35,429,1292,470,273,507,164,704,678,1013,417,406,700,994,28,1286,411,526,1342,1091,1172,531,1082,258,37,268,1340,993,1003,433,256,223,439,47,412,689,136,1139
807,977,380,1204,1049,385,445,1327,459,613,687,1042,628,28,252,1195,463,1026,93,976,425,406,17,997,143,1038,141,37,220,634,994,616,614,16,1046,509,1019,454,397,720,973,1292,442,412,1322,30,132,449,1004,430,140
177,1224,88,848,858,336,1230,1350,199,1269,1265,375,931,846,702,1220,823,1251,581,208,888,1373,324,504,297,22,330,326,1367,1074,332,1260,726,1261,1370,183,730,889,872,1115,195,237,96,540,818,855,298,941,967,1329,546
1282,1049,1052,1327,258,454,1194,1038,687,463,616,1041,1313,149,350,385,965,28,976,649,125,1026,1023,516,977,1322,1292,261,706,982,442,518,447,387,532,153,380,252,628,381,590,16,1020,1046,1286,470,1003,143,691,683,1195
485,842,577,862,66,860,60,585,852,863,103,823,603,861,376,1265,846,570,758,1141,312,1354,849,329,504,290,551,835,197,284,1261,878,1154,1225,803,96,1263,68,1266,769,1247,460,179,327,853,1246,1238,869,1259,1258,595
10,653,1204,567,416,389,954,469,661,644,1051,564,233,327,829,785,514,364,383,805,411,1031,111,491,518,20,1315,91,1303,604,741,453,1131,403,715,1067,852,553,1304,410,391,986,752,390,1295,87,437,470,510,1176,968
832,932,917,1357,54,123,1282,830,945,942,1078,182,124,1028,938,605,51,1358,115,537,1363,1257,914,185,955,759,1360,1321,213,300,1160,763,1250,521,953,961,1374,42,1248,881,1150,358,513,872,1178,1224,941,1274,543,1220,1203
71,425,445,385,141,509,472,381,1294,426,805,518,1052,24,436,510,1202,975,1041,406,20,980,409,1327,379,16,87,25,41,1026,991,613,1320,410,149,1322,9,976,628,446,11,23,784,403,732,734,800,1314,33,417,447
1129,425,140,973,380,16,447,977,1313,649,442,687,965,1292,270,1320,1204,28,20,25,919,260,252,1321,1296,982,412,1018,800,406,93,976,364,385,315,1195,472,429,1293,35,465,30,435,968,350,143,1038,261,636,255,729
604,334,937,1338,1282,958,759,1257,1163,622,1279,1339,933,707,546,1301,1203,963,222,377,1040,1302,760,537,1284,831,548,709,955,877,731,1216,339,901,881,1350,894,1250,474,191,735,1256,1182,281,1356,1369,177,1184,360,336,114
1121,406,152,1047,1041,533,1292,99,274,440,16,784,1311,994,532,252,430,1025,990,389,636,77,470,261,700,145,951,1173,983,28,996,385,613,1175,91,415,1014,424,116,616,421,1004,1321,37,35,1023,100,683,1020,655,954
477,1059,543,329,494,1259,570,1271,749,827,1246,1143,609,60,742,1314,66,376,1125,689,646,304,1228,248,553,176,887,1058,1273,50,319,845,174,604,1226,1129,1238,487,1105,332,211,1372,63,582,852,859,168,175,1263,290,823
293,1038,1292,28,655,30,180,526,516,387,1286,394,430,532,37,409,378,674,388,264,1327,77,29,379,1086,1041,965,434,137,125,1297,38,350,459,544,460,406,602,399,272,26,412,116,982,1067,380,1028,16,17,433,142
729,457,4,1044,1096,760,712,730,1106,589,716,178,798,794,848,195,46,391,1250,504,469,843,273,254,280,571,251,867,893,1297,1273,301,818,654,1226,50,302,707,725,828,1364,1363,1335,1295,1187,137,747,1291,191,1144,1247
78,149,24,1026,23,1042,454,1004,87,448,1322,94,1294,1339,397,93,1288,21,983,1250,83,50,336,432,390,545,1346,1040,461,626,385,719,509,535,1313,785,844,679,352,805,466,1074,26,590,414,645,446,9,1046,42,114
717,1266,860,312,366,103,948,868,64,565,862,551,646,595,208,216,1187,479,1222,497,354,594,878,928,60,319,18,827,200,152,853,1058,819,1149,1109,906,1081,1048,1270,829,869,1152,500,1372,1290,1261,579,1094,1031,864,66
306,687,25,1202,472,447,425,1173,1018,16,93,982,383,378,24,1174,20,315,438,136,1020,544,1026,445,976,535,92,1318,532,516,1046,545,666,34,30,11,585,996,965,1315,403,429,6,440,815,433,1162,1161,975,180,411
85,1288,122,1337,0,905,481,1070,1363,87,400,1064,914,653,336,545,695,957,1287,1018,1374,913,1138,1365,9,626,22,456,537,467,735,1057,93,355,1318,1108,461,124,1179,90,612,763,134,1125,833,739,1275,383,420,217,734
731,1022,585,741,1270,296,819,780,1058,66,1236,860,986,862,1067,1248,954,803,842,841,818,791,887,853,1271,1125,827,669,1245,988,1146,1258,416,1242,775,835,705,715,1259,522,852,970,829,864,1023,661,1118,836,854,1265,233
375,1228,325,491,585,705,1022,1068,170,102,863,741,473,201,827,550,1258,493,172,661,1263,465,203,423,604,1141,1238,783,233,202,133,1067,1340,577,663,144,118,543,845,1236,1136,1120,644,826,876,67,1162,818,175,575,137
722,1176,15,383,1318,146,836,862,4,860,1022,1174,620,20,641,1330,1226,805,983,854,572,1316,1051,986,643,32,433,393,964,92,415,205,416,981,203,1168,33,1101,64,741,803,296,516,391,1246,1081,409,645,993,437,90
1197,449,463,252,900,468,977,720,1052,360,784,459,182,99,93,628,1071,114,1076,1327,674,24,516,140,700,1250,709,397,1003,258,759,963,417,1374,1301,470,833,1203,17,36,638,399,346,735,447,997,385,616,260,363,548
367,491,714,390,954,1297,433,110,544,159,391,524,119,136,804,618,1315,561,620,329,815,111,133,453,470,1318,14,416,352,429,489,1173,1067,92,420,1168,661,468,972,1226,393,292,1161,392,146,448,624,126,514,1174,410
985,1249,816,1152,503,1153,60,570,50,312,827,1149,1014,585,944,783,1222,1354,105,1155,303,764,1266,506,1115,522,276,236,1352,305,290,1151,653,741,797,214,603,172,550,179,1371,757,1154,1277,238,1271,1083,86,1135,489,308
1058,1141,435,998,276,1140,302,631,469,491,567,1014,487,1173,403,254,1175,968,780,18,1008,1208,826,1056,753,800,391,85,1120,557,1048,12,233,1062,1129,1088,1050,1187,172,170,447,176,319,274,1258,1023,219,438,1131,159,324
1227,1052,425,380,518,430,687,445,965,459,472,532,977,1038,417,385,28,634,1321,447,700,16,1019,720,252,381,463,954,655,440,968,143,697,138,1194,1049,93,614,1292,426,390,406,514,544,613,976,350,136,516,454,752
417,253,815,1071,732,1162,1341,982,470,1105,421,279,133,425,1134,1340,319,435,706,161,1140,159,164,274,1060,1083,144,862,703,649,150,294,1099,99,977,1120,746,1172,4,1236,273,1052,61,350,1173,768,561,174,62,791,1114
344,445,350,687,977,20,426,616,449,385,1041,143,1052,9,24,430,965,1313,976,28,252,149,140,538,697,1320,138,459,17,438,16,1018,800,397,132,25,1020,994,463,691,981,991,141,409,117,980,35,2,979,260,624
411,687,1313,1046,616,24,613,977,518,1041,997,425,655,93,141,1052,463,965,380,507,1293,258,117,991,1320,1026,442,996,447,129,125,145,994,17,140,397,143,649,590,261,149,1286,385,378,417,28,1294,982,1202,1018,406
951,445,1204,616,649,687,4,617,1293,258,991,716,636,93,447,1341,976,1313,1324,742,805,1071,99,412,174,148,977,1091,24,385,149,1018,509,1342,116,1320,453,981,680,406,1312,465,784,141,1314,1321,433,1029,1059,1294,628
842,445,406,703,385,1052,636,140,616,93,687,252,149,700,697,380,919,427,141,350,1038,613,35,800,16,116,258,261,77,412,691,1324,510,977,538,1286,9,994,449,805,454,1321,991,1041,1327,220,142,1019,430,784,138
49,425,1052,1327,445,385,350,261,28,447,1204,1026,613,800,463,17,93,628,982,1324,616,518,976,24,1320,143,1038,965,700,258,994,720,459,1050,977,429,688,1042,1029,997,252,427,514,1041,25,397,470,141,509,381,35
244,472,1204,996,409,16,415,416,805,378,440,544,785,725,507,91,687,391,438,410,35,447,470,46,433,429,463,1300,514,25,441,662,980,390,649,1173,315,403,563,417,28,968,256,1171,219,698,20,997,1161,144,389
701,442,125,977,24,1204,1313,470,507,1324,1027,429,448,687,1327,433,1071,1000,666,378,725,412,454,538,463,406,459,1168,427,1341,544,965,954,518,681,676,1060,380,1034,258,425,1300,136,1326,720,686,1292,815,119,164,599
459,823,585,376,1269,818,857,312,845,862,189,603,887,214,321,839,878,1354,319,1238,601,816,57,846,861,875,607,733,1259,842,1270,864,879,834,290,329,524,1236,586,803,197,1243,1222,181,1247,74,211,337,867,606,849
362,425,140,649,543,616,138,261,415,676,675,180,219,381,518,438,703,393,427,470,435,487,391,1296,975,986,465,383,233,16,416,469,662,532,671,503,705,453,1022,919,478,118,553,653,730,1286,441,305,225,397,531
214,425,975,25,140,118,20,225,180,1051,453,1038,981,397,692,701,616,1161,426,412,255,1032,409,364,980,636,126,393,732,1061,442,518,405,34,315,1320,1043,459,617,433,1041,143,1318,1031,261,245,145,142,697,675,1313
654,862,522,791,592,202,203,583,581,864,769,553,834,201,790,1211,1154,762,1206,328,577,1158,504,571,964,551,818,1354,1276,543,758,1243,887,850,59,535,1110,176,487,1105,1191,136,473,494,63,375,585,870,335,1247,1200
95,118,425,445,449,429,1292,1327,1041,680,628,30,77,406,616,634,815,446,688,1046,687,28,261,824,409,982,509,16,20,140,679,691,255,126,997,180,9,979,25,37,117,412,1162,387,1091,1019,394,518,24,258,440
612,205,1261,834,862,823,1258,827,203,846,371,57,818,857,581,860,66,486,571,1241,777,845,870,1240,799,803,574,570,1259,201,1266,1235,233,596,853,316,312,565,551,819,940,1262,328,863,1247,944,1146,825,836,828,852
1072,1173,491,1208,1023,453,423,705,364,294,389,714,1048,649,1056,489,1039,689,1107,205,1008,1197,274,567,292,750,439,1326,61,843,487,1099,528,133,912,319,400,1341,1303,805,488,167,1146,818,556,172,599,1246,829,826,972
944,425,1052,655,614,1089,464,28,430,1194,141,459,784,700,449,1041,36,687,691,260,1314,1061,41,1292,628,1048,145,1321,412,1327,706,1018,426,230,463,1029,1153,77,697,421,445,800,1345,254,746,403,252,1092,273,680,590
359,687,406,1041,16,1204,1052,261,1026,613,965,252,35,142,28,700,1175,800,628,447,380,1201,385,140,270,518,706,1320,616,20,17,636,470,260,440,1311,397,697,805,617,1019,138,703,220,417,143,141,412,680,442,99
198,1204,445,687,616,381,459,140,919,614,980,117,518,697,0,385,425,225,258,516,703,1026,1049,1174,255,1041,261,509,1324,138,380,1313,11,397,1018,412,18,93,510,1046,91,447,142,965,1306,1019,409,815,141,315,994
1005,268,800,143,1092,1327,1127,982,701,533,350,1083,745,1141,1150,1058,1308,139,463,687,746,724,459,779,167,561,1140,780,722,1234,41,271,1202,198,1045,1194,680,816,1100,1048,444,1070,406,38,636,1062,945,455,1345,43,159
668,1254,1372,1022,320,335,205,317,860,854,877,761,1270,1242,836,343,939,376,74,175,504,49,585,1272,891,1053,60,63,821,875,873,66,1225,835,347,1359,849,852,1215,1247,911,176,339,216,1228,1074,816,497,853,213,1058
1085,425,1119,0,437,1031,616,954,1068,126,1204,1063,1051,92,16,495,17,1014,994,91,711,683,669,636,792,561,134,861,569,325,723,975,673,815,706,77,1173,261,453,118,614,698,372,979,1015,762,1310,1354,676,977,919
1318,477,85,566,817,1127,49,765,304,62,170,172,326,1221,591,1239,1238,839,1099,1341,175,1228,1089,242,832,795,412,791,1325,1183,859,665,1082,43,1136,1207,1105,118,367,985,671,1093,1227,1191,1090,646,528,1295,438,1348,647
849,172,1140,276,1050,170,274,1094,1341,774,705,1136,1258,827,164,487,1210,151,1105,1239,853,611,553,948,294,805,795,279,491,1259,50,506,1238,704,1197,826,766,1270,1293,43,595,296,1128,174,305,302,1287,646,1134,1153,1310
977,167,805,741,41,1022,274,1175,148,294,464,1171,223,133,698,435,1000,35,423,219,1202,1335,38,544,233,1306,1128,470,1131,152,1312,1341,439,669,28,1047,1292,996,1135,532,1311,225,567,482,172,689,779,611,264,860,486
1295,1052,491,1092,510,165,994,805,91,141,1062,703,704,687,1140,785,1068,716,429,1320,532,1102,648,1310,464,447,1294,590,795,1094,766,974,1173,144,18,1291,738,1090,684,1095,742,4,435,1295,793,1089,528,1202,1060,440,149
1180,1176,1304,421,329,477,1248,992,60,412,647,487,304,46,433,564,1153,448,1227,429,1191,714,557,853,191,210,801,790,498,104,1266,289,1247,1099,554,460,1297,272,989,536,523,832,898,793,704,327,870,715,1243,1093,559
888,125,1175,470,429,225,38,1304,273,118,533,61,1249,1022,315,975,649,381,453,464,633,268,1162,274,986,561,256,391,876,25,971,714,689,1332,852,1254,557,279,43,221,292,153,341,1201,954,236,435,732,1295,1177,463
1225,425,784,261,445,518,1013,25,1173,533,687,219,1328,1008,636,973,220,28,1038,691,0,91,32,732,141,1295,675,509,751,991,430,1310,688,417,728,1050,292,655,557,980,1026,1204,507,274,683,1292,273,381,994,426,976
1244,445,616,977,1327,1049,687,385,93,140,252,800,258,613,30,1324,397,459,449,24,1320,1204,447,965,380,28,426,17,628,1322,149,1293,20,430,442,1041,387,688,454,976,1042,1194,142,1321,117,1026,350,220,693,546,427
572,102,570,799,1268,816,808,913,522,585,907,1044,644,1068,569,741,819,551,836,370,1244,242,0,71,441,818,443,321,1031,1194,673,179,849,201,66,375,596,823,1237,980,603,311,545,536,384,582,495,1156,722,915,181
798,1345,468,350,1321,268,425,620,261,230,1327,459,399,445,729,220,260,87,1007,35,1067,918,136,28,259,1070,149,1027,1005,1044,167,976,403,1038,463,923,153,469,253,41,434,1085,1175,266,1020,1004,398,1141,655,1041,219
118,557,504,558,46,304,835,576,777,1180,528,176,570,1239,1238,451,401,1241,1031,1259,1235,147,559,319,14,85,529,574,423,854,585,891,1330,243,596,1248,646,376,1176,290,1213,321,511,432,211,1245,841,1039,1247,832,146
595,1366,823,803,70,609,1238,1259,376,585,575,791,818,887,854,862,66,836,619,840,867,504,1228,577,553,65,863,332,104,197,1271,1146,1258,780,1219,1236,596,63,775,595,329,853,503,175,67,61,885,839,592,319,835
621,585,862,583,860,570,576,834,854,845,60,1228,1238,864,847,203,836,1271,1265,846,504,319,328,375,1243,577,329,312,592,70,205,371,202,376,603,778,1246,835,584,216,569,1240,852,67,63,887,1177,863,799,609,596
1142,350,701,425,687,1041,561,43,454,516,532,38,468,507,725,261,270,655,172,1140,491,1201,294,1175,478,1061,143,20,1300,514,24,616,274,1226,1007,1168,729,712,459,395,590,620,544,403,1342,480,41,703,164,977,30
471,1340,543,705,1140,891,274,1056,172,671,741,1287,1022,644,1173,1238,478,1333,689,1092,667,1171,661,203,175,423,1200,161,325,528,1129,1319,1039,620,257,1354,1258,753,383,738,482,1094,863,1067,769,655,259,1099,805,775,416
57,141,93,687,406,430,16,445,1052,1327,380,381,385,17,378,1324,442,454,258,149,255,518,459,1202,1204,30,412,1322,1046,1019,516,800,261,77,613,425,968,260,616,438,447,976,1313,655,703,142,387,249,784,470,350
84,522,294,1217,570,4,1134,1246,1200,1371,491,111,758,319,1115,90,176,620,823,482,825,66,1083,419,325,829,864,1191,805,1051,109,487,1228,929,328,685,780,775,44,1119,60,1140,248,219,164,1245,1354,296,604,1297,733
1079,284,641,1067,50,522,1143,290,308,1014,415,45,642,679,413,646,1249,1174,551,915,1237,973,762,692,498,1005,59,1355,58,1025,302,239,976,990,1095,1113,136,656,758,431,305,1319,1273,774,556,1064,1352,116,299,1063,1048
736,28,459,406,613,616,430,526,1321,279,994,9,997,385,700,1085,468,350,387,443,77,220,1052,538,1204,509,680,965,260,35,1311,544,1009,1041,779,397,1129,632,1050,1048,143,380,673,655,447,230,508,1185,720,449,1313
1162,425,729,164,1162,233,1023,38,274,350,327,268,315,225,469,679,1097,470,1131,687,167,1091,403,153,1105,99,1324,617,636,198,253,732,468,975,657,250,1136,230,804,1333,766,990,273,1067,399,465,1107,985,730,1341,258
1293,271,502,1143,387,1152,576,1075,274,463,1200,498,294,1352,281,1095,1303,50,1151,290,1018,923,970,44,22,1289,510,819,494,772,1327,1000,43,504,1052,162,733,1110,547,263,286,933,586,757,774,579,506,1125,1048,1234,1349
342,24,720,17,1320,425,1026,426,1313,87,142,468,1041,25,687,442,1004,20,117,507,977,385,1322,252,463,1327,143,533,34,258,145,393,395,378,1286,430,234,1168,470,138,32,406,1038,599,1049,454,397,427,976,390,38
1034,620,544,1102,986,1162,1173,276,254,1036,991,1091,1023,1014,243,143,1321,1099,469,383,1012,460,766,405,225,1161,997,268,1022,1176,327,829,1092,768,411,433,824,1058,532,32,691,761,975,1131,1175,1068,1172,805,1174,252,274
1133,628,1038,425,406,687,387,253,533,463,1328,1194,779,977,143,1048,991,1023,261,464,768,99,426,268,532,655,468,447,273,252,800,997,470,380,683,1052,125,996,657,459,455,417,1076,1321,152,245,274,729,518,510,714
995,766,1141,1259,1058,1354,60,1371,1249,570,1155,1246,50,780,1258,522,66,791,506,68,57,1131,576,1153,783,1219,864,524,525,764,1366,317,878,1177,236,604,749,758,802,1022,845,1162,214,769,571,852,1226,469,585,290,496
537,570,554,606,787,1171,757,527,202,422,928,1210,201,194,676,574,689,203,460,14,187,755,1240,871,611,415,890,66,581,423,486,603,927,835,1,859,214,861,872,1236,1275,147,553,795,607,1205,748,60,913,952,543
196,425,977,518,1204,445,447,688,93,1026,965,1293,613,397,976,516,800,180,258,1320,380,385,1052,1013,532,381,403,973,978,1202,426,968,634,982,691,1310,391,315,1041,379,991,507,261,470,412,387,725,77,463,1328,119
64,618,574,84,1051,795,646,1144,1176,650,603,1243,846,1295,197,524,530,376,109,66,598,1039,1200,581,1360,853,818,596,823,721,948,357,477,1235,868,1160,803,753,1156,1238,931,859,972,773,663,366,580,967,871,592,92
131,687,445,1038,381,395,411,1204,1292,350,425,35,393,965,514,544,426,261,1052,447,24,994,143,968,700,468,409,118,119,535,141,315,470,996,16,412,805,1018,1050,732,270,268,37,274,117,132,32,429,717,91,620
1284,425,385,445,1038,976,397,1320,616,1204,258,977,9,996,381,141,1026,417,628,518,406,1052,380,252,24,261,1294,613,785,965,1007,459,119,1049,20,634,1046,447,1057,143,649,691,463,1324,700,32,897,1322,1327,270,391
1000,1282,1365,377,183,53,1339,199,336,822,588,160,913,695,605,212,1079,188,123,831,42,844,881,1203,961,781,217,404,603,889,1133,546,373,1185,333,495,508,71,723,191,1119,808,1095,360,759,914,585,880,884,917,1269
235,617,319,25,1171,805,425,1051,435,1114,472,697,92,438,419,383,35,1352,143,426,732,20,399,90,1050,1200,378,411,999,669,975,448,524,119,986,44,1018,4,922,1099,701,1145,437,234,68,1197,1335,910,1056,916,1173
219,425,538,350,617,225,706,380,463,688,252,720,687,701,426,230,697,136,261,616,1321,1041,1292,1324,351,1340,628,636,1107,1326,700,406,1038,684,800,954,680,1050,533,1327,779,1139,1071,142,271,648,1083,273,907,1328,427
1110,687,28,800,35,252,616,1038,1041,261,385,93,449,965,77,1052,140,538,258,688,397,628,350,260,634,701,720,380,703,220,149,613,17,1202,143,430,270,138,1026,1320,1313,459,700,1322,16,977,454,1327,1018,617,427
945,136,994,425,261,617,35,225,459,720,260,700,1061,1004,1321,28,1162,152,406,1050,263,1005,768,430,1014,687,655,424,380,538,1320,1023,1063,1048,965,662,509,616,1161,1007,628,426,253,350,245,1020,275,1195,752,703,238
349,544,415,564,476,986,294,469,491,753,180,1351,1044,445,20,999,660,649,391,364,143,194,535,429,279,453,482,1292,1342,223,393,394,1022,1217,341,1039,705,438,47,175,1311,673,1056,433,576,1359,322,703,1081,898,126
1222,687,274,252,965,1041,977,281,636,994,459,800,1313,509,1322,350,1048,447,397,507,425,445,220,1050,1204,93,1195,954,1023,1038,454,1004,590,976,700,258,1052,1026,261,1045,1292,1062,1324,140,667,41,153,516,997,260,167
239,383,775,172,617,1292,4,1153,482,151,44,364,543,1321,146,487,1099,491,544,749,1168,1151,141,158,661,1226,649,400,390,480,448,1101,1058,1342,99,469,1155,264,126,641,678,742,429,435,528,805,166,1340,824,159,689
1117,1321,687,509,35,680,252,261,703,426,613,445,1322,720,538,1005,991,965,116,617,1328,655,430,350,514,17,1029,616,77,268,28,427,1324,532,9,800,149,1007,1139,742,470,533,389,1038,403,463,294,390,274,683,412
653,777,74,504,609,596,211,891,871,585,60,836,1225,1248,1270,606,488,290,818,847,338,823,811,522,547,888,1200,1354,1272,867,592,733,493,555,524,1262,855,860,603,312,879,104,1274,825,1240,863,121,1370,950,1259,151
920,687,977,258,93,616,445,16,1052,454,406,976,149,77,447,965,636,655,143,1173,784,385,968,1313,518,261,28,1194,1049,1202,24,680,17,918,1327,1175,427,138,142,634,613,703,470,1026,1201,435,1019,768,442,516,1320
1104,1177,826,61,469,227,975,176,1044,21,251,270,1099,315,764,1300,32,1315,1176,804,544,172,440,907,526,758,60,1217,99,658,448,1045,1226,321,1223,1318,741,491,1174,553,637,506,524,829,1143,1190,1037,435,422,1050,980
1070,581,117,25,432,1275,1337,33,736,201,458,600,1287,73,861,702,658,650,591,1369,326,1114,798,1358,589,56,361,111,643,893,1295,927,133,1280,566,63,830,528,1177,53,508,235,794,869,95,347,534,651,338,885,563
639,1246,63,1270,887,846,853,862,780,60,823,1266,203,66,875,841,864,1039,859,205,860,861,65,1022,582,827,371,1113,595,304,1372,1263,845,854,801,1058,1211,1259,1236,939,275,104,1258,836,1249,775,764,852,1237,842,1146
576,860,582,857,1263,861,864,827,854,887,1270,316,1246,846,319,1262,203,66,503,1113,834,869,873,862,571,842,964,302,1217,577,757,836,877,335,749,783,705,1143,741,1247,312,215,1271,1222,541,104,823,208,1359,565,761
355,846,1208,203,1248,1271,823,863,329,870,860,504,799,194,1239,1270,834,581,854,592,1241,859,1258,214,1259,866,1260,570,825,842,577,827,871,818,583,569,304,832,1240,1141,59,1084,839,205,596,840,1238,1236,202,841,201
1090,1264,62,1177,1249,585,749,754,864,1273,504,1152,290,536,842,1276,58,601,740,1055,1240,1239,1219,202,320,1271,1179,204,1247,205,593,63,755,584,1364,847,861,863,852,210,873,799,849,1223,60,473,1259,313,583,571,839
528,841,1270,60,1241,305,862,57,827,585,596,775,1233,577,1248,525,863,302,592,66,1247,278,61,312,233,864,631,597,202,1354,170,1053,201,825,574,63,329,1152,203,1239,194,870,326,583,487,389,861,832,653,868,680
635,211,1134,1240,1140,705,775,601,194,825,1056,650,853,104,832,164,795,312,1115,863,887,1303,862,671,305,69,1159,739,694,166,939,1141,824,846,852,827,840,803,576,465,579,63,583,835,569,866,821,368,951,196,441
858,1327,1052,445,1313,784,1004,93,1175,149,261,449,687,1038,507,994,141,220,800,616,691,463,387,28,1324,425,779,655,258,1194,975,634,720,397,1076,424,16,25,385,153,532,613,976,991,406,350,255,997,518,230,253
1027,1154,1058,852,58,67,60,1222,214,1241,862,842,1270,319,998,1112,581,878,802,827,1084,313,1218,238,864,566,1208,877,304,860,861,541,1249,1247,1056,846,489,354,823,331,832,988,1239,826,876,992,215,207,847,854,972
24,1204,445,258,691,1320,1294,28,406,1313,1052,965,518,982,700,994,1202,1327,397,93,679,1029,463,4,636,984,380,1322,0,145,141,438,447,253,1321,1049,387,32,1046,143,1194,261,532,25,116,378,1041,978,16,1296,381
385,749,1058,1314,1104,761,1237,181,1111,802,1241,226,523,104,276,1009,373,522,341,290,863,864,857,861,1179,559,569,1135,1247,96,646,789,780,1211,206,768,312,840,717,317,421,682,536,591,577,799,207,1177,159,148,284
777,862,570,1228,324,1200,1153,319,853,583,522,887,555,1105,329,1246,1341,746,151,1236,278,524,203,1115,43,871,1258,609,742,1191,819,65,791,1099,473,506,202,50,1248,827,1242,44,567,584,1273,592,1238,870,832,103,1354
616,1177,596,1236,1238,312,1371,842,864,823,840,1241,799,206,826,802,774,775,1228,786,1190,477,839,1271,1258,847,827,764,233,1143,1277,777,861,871,236,1273,1266,1223,1131,773,806,1264,1247,770,1263,205,803,50,238,504,816
624,1247,842,581,862,874,1246,860,1236,875,577,826,1242,840,61,1258,66,834,60,312,582,1269,325,1254,1261,1238,852,302,591,1179,319,846,1221,854,869,1180,878,1146,1235,1364,836,572,887,371,1115,201,551,761,928,1270,320
139,403,655,445,687,143,99,518,977,805,438,35,616,270,472,447,260,274,994,470,149,234,1313,429,1286,1008,381,1345,1202,1311,118,732,268,119,703,613,391,252,1204,704,1038,385,138,628,117,77,141,455,965,142,1052
585,312,823,290,319,862,1265,565,846,66,541,755,1217,849,758,816,60,1238,504,860,1259,1273,795,1262,1371,581,1212,593,1266,596,619,832,911,859,1246,62,1239,328,1156,70,757,576,799,839,376,887,304,777,1222,819,840
675,766,1108,337,17,1316,36,49,274,414,461,1061,498,692,1326,985,684,335,456,656,1012,266,452,15,331,26,1004,1065,1106,261,4,14,735,934,282,984,670,1161,1189,225,199,1213,296,187,502,246,142,75,183,1109,995
124,687,425,994,445,459,1052,1026,17,28,350,385,1327,616,261,35,978,965,1320,1313,613,700,252,387,973,463,149,380,447,93,270,38,143,430,16,1050,24,397,140,470,1041,20,1005,1321,442,274,628,454,1020,30,1139
365,687,617,4,315,785,391,1168,440,270,951,227,982,447,1204,996,968,1320,417,383,654,438,643,1173,1318,119,117,1013,1139,234,1029,390,976,25,364,1067,1226,429,1176,99,261,929,143,276,395,419,1295,1032,274,20,621
207,800,538,268,468,897,390,1342,516,464,701,636,41,24,149,294,1038,403,138,260,274,1007,286,687,991,459,725,393,919,142,412,617,469,655,1320,1321,252,272,264,140,691,1313,148,683,1327,429,2,1057,1025,465,703
998,180,1312,219,86,102,1351,495,494,762,733,1095,766,322,556,205,1210,290,283,1261,127,907,162,601,561,1039,317,570,1143,493,1217,1288,748,803,836,872,226,321,211,637,441,981,44,98,57,750,584,923,1034,911,676
1296,923,561,274,33,268,1050,356,1099,1175,145,507,1327,912,673,350,463,416,4,43,743,779,1171,167,153,1270,853,429,567,624,12,1080,464,1328,1141,1332,365,17,860,921,38,95,702,108,423,705,654,694,107,1127,159
1167,152,294,543,491,319,556,741,1140,785,164,172,733,948,1058,194,1340,827,1187,151,439,41,1258,233,1372,166,1135,1270,1022,400,473,742,561,1359,576,570,12,551,312,762,1010,50,579,648,999,1048,1153,1246,862,864,756
6,25,980,412,381,454,1324,445,16,532,327,1295,687,403,385,518,440,1161,614,1052,800,425,30,463,397,700,430,17,108,379,472,968,255,1019,459,429,1041,250,1304,34,507,140,93,24,149,35,299,378,1204,274,28
789,940,1048,230,100,836,642,421,984,960,845,533,1134,1248,1228,620,161,353,345,1102,866,738,1114,61,1277,581,529,843,208,67,1314,870,840,1362,356,62,210,828,1130,1360,1104,864,197,990,812,1119,1367,1041,1326,1333,827
132,445,1052,406,442,140,454,687,703,252,261,449,800,1313,385,141,350,28,412,1327,430,691,253,1041,35,1049,614,1023,426,424,976,24,697,784,613,977,16,447,1029,1292,1018,380,397,509,634,1005,1019,260,1139,1328,680
15,425,34,616,429,20,126,25,440,426,327,981,1052,159,617,381,364,613,805,117,270,703,28,514,140,412,390,411,991,680,403,430,1176,532,510,687,394,255,1050,35,143,983,9,400,533,1315,1168,634,274,180,1019
1273,1313,77,93,142,1327,445,430,616,683,28,1194,1049,406,350,253,977,687,1052,260,454,397,385,1322,258,425,538,688,459,442,976,252,149,387,725,1296,800,720,241,134,628,1320,1328,16,679,706,24,965,613,1292,412
218,1292,412,261,687,532,703,470,463,700,732,430,380,435,350,1038,17,1091,426,977,143,447,1204,720,253,1300,617,425,978,616,968,1320,1286,997,1310,141,136,9,1173,77,649,965,538,655,991,1201,1165,149,729,252,270
589,783,970,1225,570,522,196,60,984,646,189,211,165,498,985,992,771,321,71,41,67,841,960,246,551,503,827,824,370,293,965,1119,633,816,509,766,797,439,1254,1251,202,678,802,609,1355,1373,233,50,489,925,59
1062,613,425,1041,459,350,149,140,1076,1038,430,260,687,253,680,142,1052,703,701,1324,406,1003,1322,784,449,445,683,41,636,1118,1320,688,385,1089,403,655,918,107,1102,1321,980,991,1325,1070,279,965,1345,465,2,464,732
213,429,110,410,393,409,1022,491,464,381,785,438,1176,1295,451,403,991,1318,390,411,599,1082,159,975,472,15,544,92,401,453,1332,158,145,364,87,111,704,126,416,9,1168,1171,392,395,106,164,109,1051,25,4,1161
703,329,296,133,801,1022,599,824,491,650,111,815,233,194,326,535,151,592,487,528,570,304,795,618,775,702,489,556,90,411,867,1371,314,174,1187,1303,653,863,1266,661,793,715,305,1248,68,577,769,698,574,853,859
1120,1327,700,463,274,43,17,1320,1052,442,145,1003,1195,141,232,687,406,281,488,1124,1335,427,294,1038,466,355,395,249,955,125,800,164,533,537,404,385,994,474,443,35,978,1047,77,1351,452,1075,720,709,1049,114,734
420,1272,1058,131,1144,51,917,843,888,942,12,795,782,1207,967,169,408,1331,1235,933,946,1157,932,490,733,1190,767,575,1150,198,587,1360,1096,1146,1265,872,506,376,589,148,1269,1003,492,291,878,1009,185,826,1282,949,217
818,970,1217,1232,862,1156,1234,1262,1270,1263,312,806,371,767,849,778,823,796,861,1373,484,1261,879,582,1236,66,257,1277,215,59,307,1247,104,906,847,905,328,877,816,306,889,70,1219,181,990,1280,1137,562,74,1272,60
389,425,687,1052,628,426,1194,655,220,28,703,449,406,1286,459,994,454,1038,252,616,141,1313,1003,997,445,634,260,1041,752,1175,977,1314,688,680,394,463,691,1018,148,1007,1004,784,116,1320,143,424,387,720,381,706,350
498,196,570,63,1140,551,1236,1259,775,835,319,585,317,477,845,86,827,1354,823,325,887,1271,623,102,329,233,1153,1136,1258,1207,758,583,504,290,818,1039,601,308,172,294,764,832,522,1228,203,595,494,834,1265,565,594
942,425,273,268,742,1175,426,153,628,561,751,387,225,975,714,329,452,1003,159,657,689,41,750,220,116,779,599,453,463,464,655,470,757,1332,1013,981,133,541,468,141,314,119,659,161,713,108,100,391,274,99,661
820,233,827,236,705,862,741,166,331,421,1258,570,861,1266,1039,846,66,1249,205,860,1271,1208,491,1141,1084,127,41,954,99,1107,611,275,290,1146,319,1246,364,764,749,678,1101,1177,254,641,1226,1270,878,92,1371,1259,543
685,1052,258,687,425,93,385,518,24,1046,25,16,406,1322,397,140,28,20,141,1293,973,1324,430,1041,454,679,509,800,1327,381,459,1049,380,977,613,1204,976,427,919,1023,378,628,412,117,616,1005,255,1026,142,1018,440
407,703,464,274,706,253,1342,655,118,1052,616,1286,38,426,41,1172,77,1099,425,1300,630,1328,784,1340,448,430,628,680,454,470,387,614,1296,463,1008,148,172,1327,261,1107,353,533,287,994,1048,132,220,137,166,1292,480
1291,1056,646,741,689,1113,205,469,203,795,1025,1341,864,1022,1058,663,1127,175,862,1270,1258,200,276,676,509,827,219,887,611,275,438,816,774,556,829,1211,1145,910,761,1330,1371,1247,570,506,1024,553,1102,543,1108,987,986
1303,862,846,861,104,864,581,860,504,103,1247,1222,852,823,319,1056,1242,878,555,1180,576,547,577,859,570,320,1251,592,304,565,857,70,832,329,583,1243,210,1232,769,933,328,867,62,593,105,1263,316,1140,66,1208,1266
283,1204,447,518,403,425,119,1202,381,590,472,994,390,143,117,968,398,417,616,1327,385,391,507,455,1050,442,445,142,720,1313,350,406,655,1046,1070,261,1286,1019,613,453,380,93,463,1320,454,1293,268,87,973,430,426
898,261,464,1041,628,167,463,1202,1007,1175,439,734,250,994,399,1328,149,1105,1092,1314,1070,1320,1075,142,732,805,674,766,1286,1005,9,152,516,1127,93,196,1036,406,268,590,991,518,1322,1154,752,1165,1140,1308,585,778,24
876,468,393,459,28,426,993,395,345,454,136,997,999,644,456,1045,531,91,1318,616,32,1286,1085,17,1172,951,1067,1316,416,119,614,1185,697,1297,1132,1070,975,260,752,398,1321,223,544,662,720,1051,396,385,452,1204,0
857,1045,687,143,24,1313,142,614,445,442,518,470,1321,419,1204,1049,380,1320,1052,443,34,680,897,403,393,977,426,141,784,447,180,260,968,655,982,148,507,454,77,1311,439,1012,385,478,351,258,93,379,1042,145,1089
883,43,472,159,148,383,1029,480,491,647,533,742,447,977,1050,753,470,448,896,584,1099,689,219,378,438,292,810,657,425,400,1204,599,4,507,554,790,720,991,1241,442,617,329,532,973,1068,825,417,1310,1292,590,176
897,977,687,459,385,141,1204,1327,380,1042,425,149,125,991,417,28,1038,406,140,720,454,350,220,613,445,253,1049,447,973,976,24,982,1004,387,700,532,442,800,1046,1041,1313,1320,443,426,412,17,463,430,1322,1175,252
765,319,329,477,1236,1141,823,1259,147,1200,62,570,66,1258,799,553,853,1315,233,312,867,818,565,595,575,1355,689,504,197,603,827,1119,862,930,1235,857,453,214,834,715,714,1265,1228,524,1059,753,819,1312,495,836,1246
1150,1127,4,1135,1057,465,1058,279,9,1316,791,553,954,167,99,1050,986,742,430,383,1332,1287,973,175,853,274,561,1099,100,829,230,567,278,391,1336,1151,528,1118,1153,752,769,689,824,835,405,624,302,400,292,1000,526
112,916,606,550,505,922,1105,838,1108,749,1230,146,1056,1094,343,775,566,887,570,175,1151,1191,907,506,60,554,970,866,376,1228,790,1157,1304,551,1164,1113,211,1152,494,806,47,778,1340,845,585,324,12,1075,1270,665,908
1071,93,140,784,636,258,616,261,538,628,138,16,687,397,634,1313,1023,20,385,1324,614,1204,975,977,688,1018,649,680,1320,142,617,394,406,255,403,143,1296,732,973,896,6,220,25,32,509,118,507,965,427,976,1061
1098,1026,425,93,1038,1046,385,897,140,397,687,35,380,800,260,28,977,25,243,13,518,1023,1019,315,245,442,459,138,1199,1052,252,261,430,1042,16,548,1324,900,1044,731,428,350,1041,1148,546,454,255,466,1006,115,281
1169,1113,921,910,567,1359,543,908,487,476,557,631,923,925,1267,818,916,597,912,1251,302,766,365,834,1141,1212,1197,913,1246,320,50,920,928,521,791,1261,319,583,570,205,936,667,556,922,705,542,1342,869,1230,838,57
23,28,1019,687,253,412,459,518,1050,516,616,385,136,973,463,35,532,445,425,784,703,725,683,434,442,544,403,1324,380,1204,982,31,397,416,411,378,1046,1202,997,381,706,38,406,93,426,409,145,983,613,16,470
584,1059,780,1259,595,4,1146,865,290,840,654,845,1228,862,1219,1371,1247,1074,1058,801,331,578,987,317,1022,1270,1238,623,854,1179,1223,1141,1245,1372,847,841,1271,913,887,777,1261,1206,803,325,1083,1110,783,786,774,637,1137
249,425,687,24,385,350,463,17,93,1324,965,617,977,976,616,28,1320,447,30,1029,1052,117,25,978,1286,703,143,982,1313,426,514,138,412,427,417,449,613,261,800,996,440,994,118,387,1202,9,1292,470,32,455,975
418,197,795,66,705,1131,487,862,780,103,650,1372,524,1152,1259,477,233,1239,835,852,1144,836,803,698,714,576,859,1242,1056,211,669,1344,1371,194,834,793,104,846,1068,1208,819,1258,860,756,1270,853,1236,1354,571,304,751
126,994,28,1020,1045,1063,614,129,680,415,991,2,509,1310,425,976,986,445,1294,1355,1139,514,438,91,391,1029,272,411,968,648,116,1171,649,729,624,94,774,32,383,1154,636,159,149,1074,21,92,1191,1204,897,25,16
991,861,1277,823,596,862,307,371,1234,1259,832,962,569,1247,1177,477,835,215,810,1238,1239,790,799,765,1146,1191,857,1260,312,1180,328,62,1246,913,1258,1120,1346,309,1158,1245,920,780,68,1228,744,1209,1265,802,595,1056,496
443,67,62,1142,1241,205,506,331,1266,1012,885,337,1271,254,855,887,1162,1152,1014,555,1236,836,1058,319,1258,570,1272,998,251,375,525,568,57,320,1120,862,66,875,1270,1002,1265,871,202,578,854,867,81,964,1143,798,1371
728,1022,38,41,133,1187,110,233,619,1312,435,147,867,489,689,661,257,698,194,827,261,158,568,584,1202,1061,567,50,164,170,561,144,205,268,491,862,611,172,856,402,389,972,1007,975,657,1344,1352,176,469,985,930
719,211,775,863,524,1238,1265,1248,1097,1241,864,210,862,845,292,866,575,592,1228,504,329,1048,1056,282,60,1372,784,1247,803,104,197,299,823,1111,878,54,964,840,839,855,793,752,161,490,754,66,713,67,1239,314,312
695,1322,1175,268,1109,145,476,542,750,675,315,452,507,667,1292,99,1042,423,43,400,1070,4,704,381,533,1013,100,1300,916,127,689,702,1011,1227,716,737,1124,1336,41,490,1057,994,455,1183,353,378,705,1286,712,277,1342
274,590,968,448,1052,1042,141,1310,442,4,25,557,411,50,378,385,395,1050,420,65,11,398,124,496,130,379,966,256,459,473,1120,117,1324,678,386,975,432,998,320,30,922,923,400,890,626,40,14,402,1013,1200,447
280,687,518,700,691,141,703,1292,412,119,381,30,455,447,4,426,805,383,996,425,463,532,438,294,164,145,655,136,125,87,1027,116,143,516,445,385,968,350,1286,43,509,507,544,270,274,430,379,1314,126,1321,137
836,445,680,687,261,655,616,614,1052,1038,1311,800,16,430,688,628,397,538,1049,9,465,385,1286,1321,143,149,700,1296,697,447,919,1076,1320,91,976,717,1327,1324,1328,1019,706,412,784,679,977,720,93,453,380,1005,253
978,166,999,70,351,1248,853,553,1341,1134,777,575,1051,144,568,738,609,562,823,493,329,268,280,1200,619,283,1135,504,111,1262,543,1201,774,729,528,863,1238,771,312,148,319,304,595,1105,66,570,648,465,891,1261,121
846,1204,412,447,453,403,445,437,514,1067,9,491,968,472,518,697,392,433,426,441,996,389,649,364,815,0,680,687,991,118,434,159,383,393,1315,30,327,91,507,919,294,1226,617,390,391,805,965,661,544,438,1139
300,149,406,445,1052,1041,616,350,459,470,1286,37,1321,706,1202,38,253,261,463,1342,613,701,1327,464,118,425,17,655,140,145,703,1300,1019,1311,35,252,965,532,1292,516,16,1172,465,1293,380,538,1029,533,1061,1003,270
440,468,274,167,145,164,463,294,412,356,158,423,714,617,147,1171,568,1195,273,1342,238,689,137,1120,153,507,1050,403,757,700,441,1168,599,859,421,429,1292,1070,281,268,1060,100,657,265,38,752,720,125,1226,159,1312
530,522,823,1239,810,304,1261,66,1190,311,308,835,1113,1152,827,312,744,878,494,669,1144,856,1258,1143,85,596,319,566,1094,316,1205,585,789,1233,948,962,1154,1212,1131,1127,1236,570,1266,1206,492,1223,1066,1160,328,1246,1053
161,312,335,864,623,1264,689,860,571,1276,862,63,1149,1371,999,816,568,1208,1156,1238,168,1217,1100,1104,836,290,969,1235,1273,498,347,872,320,1289,1228,1213,1266,121,873,1115,375,176,112,1225,151,585,1303,847,497,799,869
885,425,141,661,145,4,1176,784,1127,9,25,1194,805,149,785,703,700,815,1099,1012,410,919,491,405,159,87,1151,965,648,1067,954,649,99,419,447,628,110,687,116,704,1153,716,518,18,984,50,1318,1204,90,516,364
660,751,60,832,205,1247,504,1152,778,737,834,860,1236,1228,482,861,1146,1371,799,1234,663,913,1242,811,844,229,824,1262,849,853,1256,341,659,777,1180,765,74,1022,854,875,1372,841,1345,317,819,1263,837,839,1149,842,1225
909,1204,425,463,1173,136,447,1175,628,991,417,403,1067,28,261,532,976,152,426,1328,145,1300,93,996,470,108,649,378,613,385,1026,116,153,383,445,516,11,980,1052,997,250,149,729,977,16,91,982,805,0,430,1293
581,1261,1262,1150,845,307,858,864,1232,525,312,861,214,74,582,1217,786,883,803,1265,205,596,1367,1178,1055,1272,874,203,71,66,375,1156,607,88,799,659,59,846,857,359,1233,1237,484,1158,906,603,849,606,600,1246,63
577,290,862,570,312,553,423,1177,1236,823,846,233,1249,565,536,1259,15,504,860,1152,498,584,60,1258,105,1153,845,1266,1238,506,785,1141,203,852,758,827,689,864,783,1277,1217,1273,834,1271,1270,1206,1354,524,741,477,757
179,701,1048,459,1355,308,261,766,819,827,317,985,1067,571,284,312,1065,441,1039,769,1274,302,1023,1240,1056,642,77,706,973,862,892,1014,176,17,641,990,824,413,692,257,697,492,116,638,305,1061,1130,1321,107,1224,1222
183,261,1038,700,350,470,406,468,620,616,729,425,954,996,416,1045,143,250,742,1092,532,1063,1067,965,662,459,260,274,1162,897,398,617,655,1014,427,544,997,1174,491,516,125,393,47,411,720,994,140,91,1029,445,489
984,631,60,1037,312,1111,1113,1162,585,1152,1058,167,1131,1364,1154,768,1310,749,634,58,648,1155,166,223,733,1143,1085,440,510,954,1144,1032,275,1024,565,1204,1005,201,1127,1359,311,976,571,996,1270,988,1206,662,852,1297,1125
1286,1327,139,1328,800,779,1052,149,507,274,459,253,1048,1310,1355,704,77,655,454,220,691,1063,1324,1023,424,1041,973,1286,1003,134,677,1308,116,1047,129,1322,241,674,518,99,365,1292,977,636,350,1313,108,784,616,140,897
659,1141,67,1259,853,60,66,862,836,211,1277,887,860,852,874,1241,203,823,205,1354,179,1246,846,1208,197,62,869,780,1366,1190,837,864,827,847,1186,1236,551,585,1271,600,371,828,1263,74,1371,777,1370,858,1372,1166,65
607,862,860,66,877,1258,1208,205,1146,577,1246,505,1354,1259,312,210,1219,1372,852,570,846,861,211,493,853,964,827,67,835,631,525,113,490,863,197,604,1245,371,1058,1228,866,1273,594,1217,854,1265,595,304,522,112,870
1146,258,1052,965,406,442,425,17,648,459,159,447,1204,125,1320,470,982,1029,1018,385,430,613,427,700,400,77,720,387,403,687,918,28,617,440,445,628,649,480,968,919,1311,896,1300,526,1322,412,1038,364,1026,898,274
848,445,138,703,20,149,449,30,697,977,620,616,1052,636,350,252,614,706,1202,258,93,981,691,406,164,919,815,1174,441,666,661,1018,429,9,385,1341,427,805,470,454,25,599,438,1332,687,649,148,435,261,248,1161
295,646,1197,356,469,15,985,1271,435,66,325,166,1219,1289,1297,576,544,151,1010,604,256,556,1340,570,415,1099,168,1051,1226,617,152,423,835,1108,158,528,18,1330,585,514,1303,1273,91,1359,1094,698,703,411,401,609,1267
455,1271,871,864,60,202,211,862,823,845,1273,1083,1119,1258,551,66,836,1219,609,1354,604,860,840,821,853,1263,562,791,324,577,1277,615,1039,194,777,565,1270,1246,172,887,552,575,1136,1242,1190,689,849,553,819,539,175
199,1204,261,687,1052,93,406,1018,425,258,459,1049,977,982,518,613,994,634,514,385,381,9,470,35,1194,138,1041,252,454,429,430,380,1327,24,77,897,140,620,397,1026,143,91,463,1311,20,614,1124,1322,531,34,532
1061,996,99,419,433,1292,219,261,1014,824,1176,389,225,1097,108,655,137,649,543,1295,1315,44,641,441,46,435,20,692,660,245,77,722,825,975,986,1177,126,110,611,233,448,1051,544,705,1099,768,1131,28,1082,429,669
144,445,518,381,971,364,1294,164,118,815,661,433,435,133,4,742,470,561,145,1026,1204,174,410,1168,429,620,725,14,393,703,16,1341,350,666,981,438,514,1032,315,491,616,619,401,416,511,391,1022,383,148,409,510
1317,1204,445,768,687,968,143,1005,16,28,1292,20,385,1194,518,177,18,1026,1045,380,980,397,58,1034,447,0,93,1201,234,1118,350,1046,415,136,1306,1154,1311,510,108,11,973,1035,1312,223,544,1293,379,1065,67,286,440
255,25,87,735,1332,380,1042,30,986,140,643,1001,19,719,132,713,1252,1057,463,1184,1182,1195,1047,813,1339,1063,454,1283,587,346,514,899,455,992,466,406,1086,649,101,537,822,957,1338,459,1253,280,893,218,929,982,415
763,141,445,258,425,507,1327,800,977,994,1052,220,634,385,1322,453,687,397,463,394,16,380,447,20,628,241,449,1194,429,1004,387,138,143,255,145,679,1005,1027,717,1042,99,720,973,247,509,1124,725,680,253,273,132
1010,951,1056,738,692,611,860,423,954,498,1342,1341,1141,1132,172,970,197,259,1238,836,15,1014,1190,1084,41,1249,556,803,878,1340,1025,965,741,1091,672,1129,126,1102,166,644,1210,829,766,502,32,705,842,102,236,403,749
230,815,1161,32,1318,305,1051,468,383,219,568,984,491,694,618,1038,259,1342,784,528,643,1315,986,675,999,662,17,666,233,138,1134,532,257,225,1172,445,701,1188,471,827,158,315,453,1287,614,452,861,729,167,272,1176
160,620,1154,139,1113,1173,1340,509,166,805,785,518,439,136,749,1290,680,448,502,585,0,1136,648,741,91,676,649,165,1129,1127,762,711,828,434,1227,1344,18,108,984,954,129,544,1190,401,256,402,712,219,1140,250,64
539,644,585,551,66,1259,1225,18,1118,1141,818,91,152,1112,860,1245,103,964,678,836,1176,862,64,60,410,561,420,795,147,835,416,864,786,1330,641,1173,1372,1208,1022,197,1063,211,274,779,319,1081,1197,223,1336,1304,63
208,425,973,261,1202,28,394,1036,518,616,507,977,142,768,533,1014,1023,683,143,590,17,784,1327,438,381,703,403,694,706,557,1173,487,30,510,445,393,77,998,1162,118,1194,18,141,805,1043,470,1091,268,980,416,1174
686,425,9,261,968,1019,1204,700,430,1063,16,91,141,697,445,538,1305,1048,1005,1008,1173,411,453,126,954,385,255,1049,17,1020,691,1050,1327,509,703,438,518,648,976,1296,28,1294,145,18,756,975,1328,729,440,1013,991
1134,230,425,628,449,1007,687,266,1321,445,1076,977,406,1324,29,701,1020,1320,1057,703,140,2,38,1253,729,397,684,636,1313,1199,350,683,36,1061,1013,1148,474,501,1327,1038,279,1006,360,1004,142,17,679,900,459,380,447
145,994,687,143,1052,1324,616,385,1327,1320,459,445,976,617,1204,350,463,136,1005,252,261,1310,430,977,1328,613,274,919,968,697,805,997,35,260,406,1322,729,1139,1175,706,426,725,149,442,532,655,507,380,464,1293,1321
465,570,1354,491,1068,392,524,416,1304,67,133,233,604,202,1340,584,544,1022,390,111,506,705,1312,1297,1141,818,423,21,514,165,197,1271,1226,1168,553,429,592,1315,319,470,102,401,296,550,144,1039,981,585,554,576,18
1115,425,459,628,468,261,28,703,616,260,800,532,35,140,385,1052,1003,230,406,1313,687,258,463,1057,805,1041,1202,268,220,617,1175,1342,252,403,20,1029,118,1292,784,897,1023,149,991,1092,701,975,1061,141,725,700,41
910,687,445,1049,1204,385,447,425,24,1327,430,93,700,977,1313,426,442,976,454,994,991,1320,1046,1005,1042,800,397,394,507,149,997,616,9,1038,1026,16,919,258,1324,440,261,117,2,1314,25,252,1041,387,1322,590,655
512,50,1111,853,551,1290,854,553,758,168,570,1154,633,528,202,592,1125,72,12,1127,601,797,1200,512,221,9,189,828,1190,498,341,786,911,803,1115,864,885,1259,482,68,576,196,194,357,524,733,606,552,58,278,74
882,518,425,472,687,1292,1046,440,411,442,805,35,620,270,385,143,261,968,617,725,447,976,996,918,1300,315,544,16,144,435,219,1026,991,1032,1014,1018,240,649,412,383,9,220,1091,994,136,679,138,91,234,1041,977
42,616,1327,1194,1052,655,28,445,1293,779,397,16,1204,126,785,1140,1047,470,1070,435,140,463,991,535,142,415,430,0,706,110,143,977,1313,417,241,634,425,250,533,134,1082,426,30,1041,1202,510,99,253,17,145,996
863,1327,687,616,700,965,445,991,17,977,1313,976,385,93,442,896,1204,680,141,143,613,1286,447,426,1049,430,380,252,1328,1038,617,136,703,350,258,982,997,720,1029,28,261,636,1296,116,125,655,1026,387,800,230,628
602,585,1246,570,1177,862,780,1259,66,764,571,312,854,769,749,1247,1217,828,646,305,1271,566,581,522,1263,1058,203,584,860,565,504,853,553,1211,1022,604,802,1242,827,1143,593,58,477,202,551,494,206,842,1238,577,242
1126,687,1202,518,514,997,439,1162,250,1007,470,403,455,143,383,425,752,1031,1061,16,440,1149,972,750,315,393,977,435,800,261,1300,254,1026,975,1194,669,385,507,1174,110,381,395,270,1049,394,982,1090,87,976,20,319
307,445,406,350,17,687,720,380,258,93,385,449,1026,1038,459,977,613,149,412,252,430,1327,616,397,463,800,985,77,220,965,1321,260,628,1042,1018,24,984,261,634,13,1041,141,538,253,35,240,125,688,1313,700,1019
550,391,292,425,1246,433,329,491,1312,1210,319,1259,543,564,233,148,619,201,118,1226,435,604,112,780,753,633,1265,826,671,705,524,487,989,393,1022,1223,1297,641,987,687,1191,662,1059,92,473,599,445,1345,1153,559,1332
116,687,470,429,406,20,30,445,1162,118,108,980,390,982,509,617,616,815,141,87,416,1071,491,997,378,1286,403,742,24,1292,435,1041,427,996,270,274,25,532,459,132,453,703,17,634,977,680,426,33,1324,1202,91
569,203,577,863,775,867,575,1228,1248,65,650,1200,846,592,1239,553,205,854,1022,604,202,603,307,818,845,1241,765,1114,1247,871,1260,785,852,769,473,194,325,569,864,528,855,887,211,842,296,197,1232,543,966,799,314
352,383,1049,1345,253,1175,1328,532,1286,768,1176,152,99,864,108,136,463,634,984,778,1173,507,1014,421,1172,426,616,994,448,149,261,1174,380,1052,416,398,1099,1292,815,1348,21,659,161,533,430,287,1036,1048,785,1300,1162
806,561,1113,829,35,275,1175,1223,780,954,1259,1140,1246,706,219,4,764,61,176,824,1141,524,775,1236,998,146,302,1099,1134,1102,1312,526,50,1155,923,862,254,152,383,1226,798,175,1217,470,320,1316,15,1263,1083,282,712
619,312,371,592,62,846,860,319,1265,210,864,74,329,836,823,887,858,203,1225,863,66,582,1228,585,866,827,57,875,596,316,1272,964,1354,504,570,1270,373,539,1219,1262,525,1209,565,366,214,1259,328,872,581,595,945
27,416,785,437,91,391,986,1171,92,535,410,1316,383,364,491,472,862,21,518,1,762,544,705,641,87,619,996,1295,36,611,94,295,557,1153,159,250,1176,715,389,435,226,993,423,154,621,319,35,1336,103,402,532
415,167,43,1340,164,468,439,965,617,1025,145,667,700,1322,1333,1201,1067,116,463,1300,978,166,37,916,1296,1165,279,1070,1320,716,990,491,526,1341,277,705,253,268,712,689,125,996,1324,720,403,1226,771,1091,136,1076,329
80,649,1204,544,518,1292,411,415,223,976,378,785,46,381,972,440,391,417,1029,1171,144,91,0,390,386,225,266,954,510,1177,389,416,705,805,532,403,1234,740,438,1295,4,310,804,447,1175,730,1004,219,1243,1141,704
1074,172,705,152,556,233,1056,491,1371,1022,1212,1270,1341,1258,469,1131,1246,482,1359,1099,57,827,649,1223,912,1259,223,1344,506,764,415,646,423,1129,1092,1153,885,168,891,1146,670,15,887,1039,1010,1265,1025,194,931,69,1333
630,1186,1152,1266,486,66,317,802,749,1246,883,354,1372,543,1370,56,1107,803,1180,953,1263,1368,50,786,162,837,1256,208,1241,698,892,254,607,868,857,1258,744,1137,389,1249,885,869,152,1237,69,741,699,801,57,1208,1252
279,425,118,1194,93,1313,455,590,616,680,628,248,706,703,1041,447,350,1020,1045,445,1046,655,636,738,426,1328,1052,164,509,1089,1324,406,1327,1286,1127,981,444,896,613,1043,746,387,691,1013,421,1049,687,697,438,538,141
970,1038,425,1320,1321,449,459,142,385,997,1025,1061,701,1324,990,248,404,910,800,1195,424,1148,445,474,617,735,703,1045,963,1327,1003,985,616,1041,652,1006,430,403,141,1293,700,901,709,636,351,116,613,707,1023,153,759
662,1339,1250,53,1006,182,360,1374,963,537,185,1350,961,735,1040,759,695,42,707,222,346,546,232,548,474,1203,1375,640,123,709,363,893,731,904,1078,1121,959,943,1199,217,622,881,1301,1282,334,1182,1042,128,1185,1298,78
35,425,9,742,968,757,514,985,1292,91,159,1019,141,703,1294,487,1304,148,687,729,233,617,28,785,1018,795,491,429,292,1336,641,489,1012,1296,553,194,1061,1246,667,415,151,824,1151,412,1332,570,671,383,405,766,678
174,862,319,607,1248,780,439,852,825,933,487,595,376,866,1125,60,366,151,278,931,1354,1154,54,941,1353,482,63,887,1316,1056,50,66,1373,504,1141,937,1371,576,778,592,1140,1100,1200,860,928,783,1247,845,1165,69,556
1177,118,433,1039,1171,326,604,1228,514,815,1075,1012,1271,853,609,504,762,869,863,540,598,440,50,912,972,825,166,1031,320,495,2,761,591,233,49,491,1013,1197,570,400,671,95,1303,419,1238,511,500,151,645,405,1187
184,350,800,430,982,1327,425,77,268,387,149,1328,132,274,28,720,1052,1041,16,37,117,464,380,252,459,273,997,613,1003,93,1050,1322,24,688,429,41,1000,9,516,1324,17,978,1026,1042,1007,35,30,470,538,1300,518
1175,286,50,60,923,1231,611,1075,1143,502,1153,623,741,783,1131,1140,970,1149,771,1219,1058,988,908,864,139,565,1099,1084,43,12,1067,887,146,186,791,238,1154,58,236,849,921,1024,361,556,1222,852,1239,205,1249,1309,1155
438,1246,1127,423,292,1022,1039,524,1258,604,617,704,756,990,842,870,570,543,167,15,1238,425,491,887,1093,1296,104,803,1208,853,826,553,321,233,847,294,148,912,522,1107,769,482,1341,317,67,133,681,1354,1273,201,236
1241,294,60,544,805,1292,472,1204,403,292,4,383,968,698,435,514,412,386,159,21,725,1344,510,1171,273,389,22,416,561,1336,1008,626,1304,576,440,824,95,439,401,434,176,390,1062,790,491,256,469,147,321,91,509
324,687,1327,1038,1204,977,1052,385,406,1320,994,442,24,532,350,613,463,1041,800,141,17,468,997,1286,996,1061,274,470,616,516,417,35,117,980,464,1019,975,245,982,1202,268,28,1046,4,270,136,412,43,261,119,430
759,445,518,261,977,258,688,509,976,700,1026,1161,691,991,1202,1041,1029,406,403,1204,617,266,978,613,240,447,1050,427,270,1320,800,77,975,1201,220,1173,1061,143,965,417,17,1314,701,142,648,149,984,397,636,25,728
551,862,853,1191,860,1238,971,835,583,96,604,493,1219,304,328,1248,320,609,823,1210,1226,864,846,596,1208,1221,780,704,1239,324,847,63,347,547,103,335,826,70,585,66,619,817,1093,834,854,746,1022,176,1261,205,317
751,1259,1312,4,1059,1140,864,1083,60,862,1245,146,1058,510,502,865,1056,383,644,1068,561,514,823,619,1258,845,12,416,1236,954,669,641,211,1271,565,1063,724,555,1149,584,988,319,639,871,1242,715,176,923,33,1243,477
373,687,445,688,977,426,252,385,800,24,1328,1052,449,143,680,1313,394,261,390,93,1175,234,260,412,1286,270,258,1311,994,119,427,140,616,380,442,1322,691,1038,429,1049,1327,406,617,447,454,159,463,636,350,538,220
1272,16,445,425,968,965,518,1052,687,447,1201,976,397,417,0,1026,973,997,1320,613,1293,385,380,1049,459,980,258,636,1311,732,93,614,1202,616,143,1313,350,1310,703,1046,77,9,465,896,634,439,91,454,1327,440,442
33,268,405,4,1059,1099,1102,780,805,954,532,383,1127,916,986,21,136,250,1175,273,1342,1176,40,153,628,266,649,261,923,1295,734,1118,256,1174,1056,758,921,1345,416,1172,1288,260,1022,742,1177,459,1091,271,1336,561,991
192,968,385,1292,0,381,997,28,472,687,518,544,255,258,430,18,412,976,1038,380,440,442,613,91,398,409,1026,315,649,994,16,424,983,1168,531,1310,394,406,9,411,1311,975,223,725,416,252,378,447,32,634,263
1066,274,261,616,425,1322,1050,24,720,687,997,1204,1136,1139,442,1341,276,268,1129,1005,167,37,125,1000,1310,768,380,9,742,968,657,1311,1019,41,1124,447,430,470,252,1286,1175,994,655,509,263,996,1340,28,91,429,613
1119,445,518,1292,425,381,700,24,968,25,30,180,616,16,472,557,126,507,411,1315,1046,364,440,378,544,1031,447,697,454,125,1052,1027,140,1295,327,429,815,0,91,981,448,1310,34,703,438,1019,919,416,977,409,898
1306,1038,697,1194,975,261,1321,1314,1296,32,994,385,138,425,996,1204,35,784,1025,544,453,675,1010,1300,274,636,126,149,1313,427,465,1318,687,649,703,403,447,459,411,116,1132,412,445,16,143,614,1067,611,348,971,437
784,862,320,551,201,844,852,522,1,823,867,63,1022,836,60,1152,609,1191,583,71,846,195,1241,600,603,887,818,570,536,1252,575,853,577,571,324,581,1141,547,148,202,1221,524,329,341,776,504,1261,758,1190,1352,59
600,1247,864,1228,1048,71,504,1186,1263,845,1360,1272,302,1256,875,1143,210,826,861,792,887,1262,1270,582,1175,1222,849,843,1142,59,376,61,312,63,962,933,122,571,1370,1276,1152,798,1243,204,300,780,819,100,862,1354,874
1226,1042,445,380,982,141,991,93,1000,425,442,16,613,1019,258,430,342,327,983,405,350,1023,634,424,509,406,449,985,1324,463,800,1310,1162,253,130,997,1018,1204,628,1049,687,1038,281,897,13,279,385,247,896,149,538
750,585,571,498,551,780,837,1179,847,774,1152,824,50,864,296,317,502,189,771,748,1276,741,203,552,597,827,506,290,1243,583,565,806,836,1207,233,181,58,524,574,1100,572,592,609,1259,862,601,236,1141,102,562,477
128,1019,227,470,977,146,687,528,158,159,35,28,424,1318,256,1295,1032,897,1312,468,1287,422,329,36,524,1300,491,270,292,1176,391,618,83,552,991,437,463,1050,387,1090,25,34,674,271,435,590,1316,451,350,381,1297
222,387,468,380,1171,1175,273,41,470,38,43,464,1340,729,158,99,1091,274,757,1195,47,263,509,17,37,452,994,1335,1003,800,1014,965,617,717,271,405,985,21,350,1107,1045,568,611,406,1067,230,266,264,149,100,700
771,350,268,468,1091,425,720,742,687,470,526,167,977,429,37,533,1071,1322,613,38,1327,965,616,143,1321,994,725,1076,1195,1292,41,752,532,261,689,1286,230,700,263,982,1340,1003,1342,399,1201,17,464,1320,141,28,447
1154,383,491,703,18,465,233,329,487,507,1105,732,706,1310,271,435,1099,9,91,400,583,553,522,805,676,1336,92,292,276,419,604,742,1012,514,1242,510,319,390,1290,793,1092,864,294,464,775,667,1053,985,403,678,1049
1322,955,1040,217,961,881,1357,546,622,182,334,1250,1339,1224,889,336,735,42,831,949,115,1257,1375,1283,605,363,360,1282,695,377,1280,114,1078,404,548,957,123,185,1272,213,833,1374,212,946,781,537,1350,1182,89,222,614
170,1327,387,1286,149,1292,448,1052,630,677,99,412,1326,800,746,419,1012,1127,31,752,156,997,1099,24,1094,398,535,1140,463,1027,722,1092,684,778,1041,732,454,616,140,438,167,634,1322,1062,910,465,17,1046,1175,487,1089
52,616,16,28,261,350,140,1052,800,977,93,252,459,397,442,703,687,613,680,1041,143,965,701,1061,1293,258,385,430,1322,149,449,0,532,454,138,982,1204,1029,31,30,1313,509,896,1026,470,1038,700,1311,37,1345,997
694,129,991,620,481,1333,1129,9,628,1102,1190,655,196,1300,464,528,471,647,550,100,764,457,590,1066,551,632,526,635,1327,228,758,200,1082,529,1368,1291,1295,844,729,203,479,429,1226,795,905,1336,280,786,1288,806,146
55,425,687,406,454,350,381,805,1052,143,518,252,447,1041,994,703,16,1204,91,965,1292,1023,688,20,680,459,270,679,470,260,991,1313,77,614,442,516,397,126,118,149,463,411,544,380,1286,509,1162,1038,250,136,394
786,1245,829,865,786,1068,221,1179,1158,1145,1263,906,756,998,633,724,864,1102,646,1237,184,52,1074,856,206,1180,416,81,885,1242,1259,1100,518,1368,1150,764,841,748,879,1119,181,66,42,171,600,782,826,262,279,777,794
482,864,1096,878,620,1342,1113,769,307,1266,502,63,473,785,730,764,571,1239,751,1221,1212,1101,1095,948,912,1036,67,203,479,583,1231,275,492,1091,1100,1058,1191,754,510,1248,1,1206,916,1160,529,1190,1348,1238,721,543,1149
25,507,381,980,1019,383,472,440,437,491,139,92,1226,1034,1330,327,1008,90,614,1118,402,611,678,986,968,110,805,400,996,108,634,420,1022,920,784,1171,1093,292,666,617,1305,15,1,389,604,403,146,535,1120,401,489
1056,220,279,856,350,800,261,271,260,628,1328,266,268,273,36,1324,1139,683,225,976,724,1196,455,623,768,674,447,749,219,1013,703,706,166,1159,229,331,167,743,275,149,620,394,169,1147,252,1003,258,281,99,506,1050
933,465,544,1091,383,261,440,459,393,470,397,1148,968,447,16,616,386,1149,1008,617,403,1092,532,1038,994,1168,1200,439,257,263,1201,144,982,379,1032,435,270,701,518,390,1020,649,385,717,693,258,977,99,1300,897,954
752,274,700,463,17,1052,655,507,141,975,815,533,380,464,971,470,427,38,149,1286,350,991,93,220,43,805,452,4,381,1027,425,126,108,28,273,1038,590,158,1335,1320,421,429,1004,37,164,395,1049,561,996,448,732
503,1099,248,810,317,706,172,1094,85,1083,1242,487,1105,665,167,1071,722,164,305,1135,1341,522,738,1238,493,170,1092,156,1100,139,778,1177,494,845,1261,835,864,704,159,832,648,543,827,1348,304,148,1239,1191,44,871,861
431,628,425,1320,800,449,1328,1321,149,720,387,253,220,142,260,701,636,687,351,655,1052,732,412,397,613,159,1038,1202,116,143,436,978,729,430,406,266,991,1226,1327,1313,903,617,533,153,703,1194,1089,994,468,455,41
470,1119,596,196,372,806,98,1228,665,839,1258,647,960,569,821,376,1225,1190,849,770,1144,1235,970,71,840,317,375,1129,836,70,493,845,1238,373,803,575,887,864,550,1156,778,1140,1262,962,854,609,370,1205,371,771,777
555,853,201,1271,834,862,825,504,553,592,1258,565,104,326,857,1259,1270,211,854,1246,861,860,818,1237,594,329,823,202,1260,571,1243,1228,858,604,966,803,577,1273,574,45,870,840,1235,54,852,1247,769,1022,332,780,335
1257,445,406,628,385,1052,93,1324,1026,447,260,701,1313,430,1202,261,518,149,977,965,230,613,397,1007,688,616,142,1049,16,634,1041,1320,381,459,454,1327,412,1321,252,976,403,516,1038,350,140,116,141,442,538,683,253
123,524,741,585,619,837,1162,769,662,1263,1354,1039,641,1129,473,865,1063,496,100,296,1067,301,841,712,233,597,987,284,1131,603,1113,1245,478,1211,480,1118,1368,342,1023,1022,1254,198,317,551,1238,1140,1246,861,849,544,403
1324,403,1344,701,845,775,412,968,1056,780,1140,435,1210,91,774,400,1171,1141,1341,279,292,706,159,391,202,570,569,732,491,1177,267,1093,319,1316,1136,1099,669,1238,751,1246,1228,434,823,416,1120,259,116,43,1139,511,423
709,421,50,910,286,311,550,498,41,1341,716,1127,647,746,742,1143,156,1135,703,795,1223,543,148,747,1191,722,712,1150,1183,1107,1207,287,616,132,884,545,887,741,118,354,1181,100,495,19,1328,757,748,1136,913,1289,1314
586,268,433,518,544,20,784,1202,118,455,1328,381,270,383,425,132,532,32,448,712,25,1176,4,261,1315,351,315,401,495,250,411,91,981,687,1201,438,416,454,1168,390,1007,35,138,675,617,28,16,653,514,694,669
1210,400,862,469,1022,1197,514,294,507,92,472,401,790,1316,604,620,714,986,1318,136,403,1056,805,383,1211,749,1113,1242,585,420,402,411,925,534,65,214,399,25,617,789,390,669,666,522,386,438,405,410,734,598,1025
446,729,1172,158,167,986,421,274,1340,689,599,36,1201,654,464,172,1127,502,136,524,38,611,714,528,1336,1153,954,561,647,9,387,1228,1344,491,202,1094,871,47,468,533,197,923,819,422,296,1287,1101,1051,411,568,803
862,1204,1153,403,434,514,968,143,91,465,148,585,1140,996,464,502,687,1292,994,116,270,532,37,152,447,1099,198,805,491,1008,543,1012,1297,329,255,400,541,419,918,1049,1,649,684,752,614,965,544,463,1152,150,1063
38,1155,1058,775,1236,1246,60,1177,758,790,749,845,494,769,653,1217,1143,319,741,1208,689,586,1314,1249,827,551,203,329,489,1146,324,506,553,577,1154,1151,854,67,104,761,58,1059,1113,102,920,1039,523,585,105,802,1277
109,425,1321,977,1052,385,687,1320,700,965,28,1204,1327,141,24,447,1050,1292,261,616,252,412,442,258,1004,380,1322,1041,426,1027,720,35,220,657,978,996,1286,976,507,1029,1018,1038,445,1324,143,245,270,1026,1085,628,533
678,854,748,775,1022,522,72,194,1330,609,952,921,852,357,780,71,871,650,504,1259,1271,866,70,823,853,592,584,910,536,839,583,585,493,887,890,801,849,175,860,197,1242,553,777,806,1238,214,202,326,840,863,577
278,687,445,149,1052,977,93,1041,1327,427,406,976,252,1026,454,1204,380,28,350,1046,261,260,655,1049,220,426,385,442,16,703,430,1313,77,1320,17,253,449,1322,628,616,613,1326,459,148,394,38,470,509,412,1004,1194
981,110,510,416,986,912,1140,586,818,644,1051,147,91,1176,86,1344,853,1202,1312,219,1094,1372,491,353,535,860,840,1332,1070,47,494,60,488,137,1172,1,102,836,497,841,1330,1173,1354,1143,469,653,739,1290,383,1161,676
478,780,799,864,477,853,856,290,952,1119,1247,832,862,1346,757,786,1236,906,1234,205,571,1180,289,795,1330,857,329,62,1263,787,219,751,748,341,792,1258,504,841,911,203,849,777,619,357,211,1115,305,654,778,1270,1232
1240,459,261,1328,1286,425,1327,454,445,252,1322,1313,380,687,93,1321,430,17,1038,28,385,447,977,965,442,1320,994,274,31,141,32,1049,350,1013,140,1041,241,387,613,77,1139,426,975,126,700,1194,697,37,132,703,463
88,142,117,977,385,470,1019,28,445,1026,1061,16,258,77,454,1046,518,1313,397,394,20,965,409,1173,516,687,143,1202,440,614,1293,1299,24,406,270,381,1315,1327,255,446,17,442,983,364,1161,393,430,429,725,996,140
800,1153,491,409,1212,1296,290,482,321,667,391,1131,286,830,45,415,1275,410,733,626,545,570,705,275,1197,47,564,762,423,995,559,650,473,178,174,151,422,795,712,1097,1101,579,319,522,999,1332,1331,753,758,94,558
1170,778,281,898,1083,323,1321,290,942,480,1236,504,523,562,163,702,639,364,400,487,442,1071,1183,754,378,242,742,71,1349,4,8,324,918,794,758,432,1252,366,1200,159,988,482,862,641,791,1017,1174,295,485,250,1227
302,1321,149,1327,1052,459,463,617,412,628,16,253,1038,387,445,680,425,465,687,136,985,1061,261,1300,17,36,1313,1340,613,93,380,1004,116,449,435,1091,1007,430,703,655,720,1305,464,997,419,1051,800,729,1161,1293,532
433,148,784,777,714,1247,1210,329,423,1068,482,214,1175,554,757,832,543,1060,795,801,1212,1141,853,127,1022,628,860,304,818,528,754,852,487,836,689,570,203,287,491,654,1269,550,197,758,332,1235,193,803,971,273,823
497,425,271,1143,498,294,510,506,491,795,1014,58,41,274,1140,146,261,703,1155,1152,1099,771,509,502,1058,292,50,275,988,18,758,620,1092,741,561,1008,127,439,689,1000,538,1095,166,1349,712,43,485,1141,22,1083,1341
391,1061,1202,28,470,227,468,628,425,706,270,271,975,435,752,729,35,77,977,1013,1007,252,1175,800,142,268,399,1168,440,656,971,459,315,144,403,1328,87,32,119,167,996,393,990,4,1176,1173,219,383,951,991,973
320,406,459,425,700,616,253,412,720,687,445,350,613,1321,385,17,1286,31,24,1328,220,397,140,1327,655,149,380,994,1038,977,442,260,628,93,261,125,77,463,145,1049,1042,518,617,449,997,37,1324,1026,30,258,1320
167,687,406,616,261,252,965,1311,77,1204,16,430,350,700,24,93,617,403,258,1019,628,1052,680,538,991,1045,518,427,412,35,1026,140,385,691,32,390,976,1324,393,220,720,159,398,636,1041,9,968,649,380,381,463
113,912,316,921,925,920,1351,1270,343,196,322,923,308,566,551,570,500,494,1039,774,828,860,864,916,862,321,1277,883,1116,749,320,1108,60,845,606,1142,68,780,986,907,505,806,525,827,646,1177,609,238,493,790,317
1128,687,425,380,965,385,16,616,1052,20,977,143,1046,613,634,1026,397,93,976,447,1320,1313,1321,350,1293,140,24,315,28,997,1019,77,649,459,261,11,1322,1194,1018,440,518,415,430,984,896,417,1201,17,1327,531,996
698,1282,42,1203,1257,537,759,185,548,123,190,932,1374,735,371,949,499,363,336,51,808,217,1375,1006,961,360,199,369,1040,1272,848,955,1357,373,893,1283,53,962,193,370,334,78,1224,375,945,731,904,222,792,707,1253
16,691,445,649,425,636,34,295,453,381,451,680,393,545,1167,558,25,1161,415,650,226,261,1204,954,151,224,1297,616,149,1210,518,1094,785,409,1318,411,10,1305,661,853,9,412,1043,621,111,391,266,679,1194,1304,804
484,975,1226,4,324,44,487,916,119,524,319,491,775,785,1318,141,146,599,92,790,109,730,448,618,584,1051,429,1336,923,87,158,633,685,1099,202,801,435,1151,95,621,910,586,296,637,99,1153,827,390,570,1246,604
757,425,258,1052,406,442,976,16,518,800,380,1194,141,1293,613,142,454,1041,447,634,24,385,1322,20,463,1324,140,28,350,965,507,1019,1320,143,397,973,994,459,1313,1026,440,679,430,17,1310,700,381,628,30,77,997
412,1342,1340,274,705,742,167,465,1022,570,175,164,1248,172,689,482,423,268,568,325,473,553,654,491,470,118,954,95,1067,201,178,555,1092,1175,775,750,586,533,1153,1060,604,170,1200,1177,827,669,1107,66,741,1053,478
1194,1061,1374,350,360,1339,901,128,548,1040,735,387,28,1250,622,385,467,1052,1038,1283,538,114,53,459,731,363,1026,449,1078,397,1064,759,42,93,889,222,240,380,220,894,404,445,1006,1253,546,1357,212,188,185,1285,956
237,703,1327,149,426,510,412,984,11,93,1292,1194,655,614,1049,459,1328,684,17,628,24,1153,1313,784,1345,148,425,1320,252,691,1008,142,732,440,1041,985,1286,616,634,687,405,535,516,1023,1304,406,110,538,117,449,533
63,1228,62,603,585,1262,791,319,682,951,581,871,1119,984,799,1114,1139,769,998,1134,887,102,878,839,259,421,1272,1222,860,166,692,836,775,284,684,1236,375,197,161,1014,966,1166,905,1058,863,845,561,1275,556,314,842
117,201,1111,953,330,850,222,196,959,1352,1170,665,226,120,409,1067,307,536,1132,965,22,1309,910,753,212,1138,527,400,837,903,922,567,872,320,935,1362,1364,931,954,978,587,635,952,947,1334,759,362,288,629,603,521
775,1127,1135,9,167,1099,524,1105,1058,1336,1050,853,585,954,1102,136,1249,553,783,402,928,1372,662,58,1211,1316,544,152,383,835,465,356,18,551,646,706,994,836,824,1205,479,464,276,1290,1143,1226,998,528,993,1093,1022
892,687,274,1327,425,991,380,145,4,136,683,1321,613,978,1313,1204,77,996,982,152,617,700,616,628,406,417,994,532,1286,164,464,252,141,977,732,440,538,1175,729,463,439,294,1007,403,447,41,1013,975,445,87,1047
801,785,694,451,986,678,241,25,409,617,87,1226,1120,273,463,853,793,165,1101,1191,1296,112,704,40,44,465,557,505,411,94,137,553,817,1304,1099,1330,383,1082,991,681,650,96,514,1003,35,779,827,435,1151,507,624
1033,406,1327,117,800,385,616,1038,454,397,1041,35,1004,455,1328,232,380,430,459,395,1061,686,426,17,220,32,261,994,141,260,350,425,1338,627,449,140,919,258,983,975,445,1313,448,270,805,418,442,538,1027,900,132
1310,463,1052,445,800,1320,406,425,268,628,252,982,1322,1061,634,532,261,16,720,38,729,1038,270,1007,167,380,514,742,397,617,159,1327,1071,1293,350,381,509,1047,385,1328,616,394,470,997,459,274,447,93,965,1018,41
770,997,977,720,447,1052,533,1327,350,1127,683,630,1204,273,1048,628,965,468,417,687,108,1328,526,220,394,253,1135,263,779,1194,167,677,268,655,654,470,274,616,465,742,153,148,954,459,271,267,136,800,139,784,1292
788,1175,532,649,518,287,1316,219,680,440,1023,973,254,99,805,785,472,261,400,1173,153,152,784,245,279,516,1292,996,613,425,1342,0,653,997,1107,136,225,435,476,687,417,1194,507,260,250,998,1102,706,274,1337,1293
1321,1258,359,1237,646,1209,284,1261,875,595,853,326,761,1247,872,191,304,841,1259,1248,104,56,330,589,1255,1155,235,870,591,830,371,754,878,1236,210,765,63,944,939,1001,1074,1273,587,569,1246,846,803,756,113,1249,612
790,1012,1202,143,464,21,805,30,268,585,198,470,750,197,561,106,305,1208,1352,1045,1061,1032,693,913,1036,996,145,572,1022,661,1008,972,930,862,1168,133,970,502,666,102,423,527,271,532,43,1026,1053,551,1346,1355,319
911,425,1030,976,116,219,1292,918,1296,445,701,1005,687,543,703,800,1204,430,680,261,628,472,984,752,412,1300,403,544,1091,532,1099,968,258,613,991,1311,655,260,159,1029,688,465,447,438,700,143,139,167,1165,127,1326
395,92,9,986,435,110,568,671,1332,159,928,715,624,164,151,415,514,383,161,1066,653,705,15,136,94,698,619,1094,87,1153,556,44,416,544,256,423,422,785,1171,40,561,805,163,409,174,1248,352,993,329,948,1092
655,1360,1109,1257,1361,51,892,185,1130,356,798,178,1160,1104,904,820,338,123,707,209,1274,740,300,949,893,1254,840,1178,875,56,931,1224,961,946,1276,334,359,190,431,995,331,450,497,1028,924,297,668,313,1035,1001,944
351,380,616,687,1321,253,463,1049,99,459,1038,1194,1052,430,397,654,532,252,225,28,725,1293,385,350,976,445,518,1286,1311,464,1076,258,447,977,994,468,1048,1324,1003,148,141,417,149,984,1135,800,465,973,1023,140,274
1247,616,655,535,518,465,1018,985,1287,703,1048,641,67,315,1023,828,1292,4,1313,516,697,1000,387,240,451,379,149,249,614,1312,974,442,1321,683,975,1324,1296,24,594,624,1162,425,1010,871,124,447,1310,1181,261,998,531
683,1204,1293,435,445,0,254,518,429,91,287,1041,465,991,1327,16,292,439,680,18,703,434,968,649,34,126,544,614,1312,1311,993,1292,1287,1161,1310,327,425,805,364,613,401,250,28,415,430,1046,1008,785,143,648,37
