user_id,item_1,item_2,item_3,item_4,item_5,item_6,item_7,item_8,item_9,item_10,item_11,item_12,item_13,item_14,item_15,item_16,item_17,item_18,item_19,item_20,item_21,item_22,item_23,item_24,item_25,item_26,item_27,item_28,item_29,item_30,item_31,item_32,item_33,item_34,item_35,item_36,item_37,item_38,item_39,item_40,item_41,item_42,item_43,item_44,item_45,item_46,item_47,item_48,item_49,item_50
235,1041,810,585,1262,862,470,839,176,37,177,762,836,164,1296,295,706,43,910,118,1338,717,267,198,406,896,990,49,34,1120,440,606,840,167,1000,1042,966,614,952,648,723,296,916,1138,412,92,1304,420,560,66,336
1167,281,20,204,283,734,613,495,47,134,1058,356,258,1320,1195,1204,903,724,876,833,1049,751,1260,1349,349,440,118,399,970,773,540,1025,1002,33,837,1142,142,740,1135,912,864,850,477,397,1032,240,977,852,260,1018,445
173,986,861,504,273,803,1222,1195,56,547,867,592,1152,1248,1161,604,99,206,104,886,966,1154,1266,523,1264,80,864,307,1135,1270,1246,606,612,320,591,59,780,748,1247,1256,1260,857,699,862,873,823,585,1149,854,795,72
382,687,387,24,1321,149,472,1026,965,518,28,93,425,800,32,509,430,433,449,1161,445,628,1046,1300,516,145,117,397,1313,119,34,141,1293,703,459,1041,381,478,655,1204,1327,1052,383,180,16,30,409,38,614,258,507
291,1041,425,17,1204,406,706,628,380,1052,266,616,613,141,1321,220,180,1175,258,24,93,468,1152,1292,691,1003,1286,142,603,532,426,518,260,683,43,1195,732,341,445,976,449,172,965,977,136,442,543,560,766,350,525
734,1131,682,353,1222,506,671,1330,294,1118,1067,599,1142,259,125,1125,965,1242,1140,15,914,245,1323,1211,260,9,1058,1346,1314,1293,1026,1169,802,978,439,491,1107,543,1102,881,749,1135,230,502,1266,415,672,705,756,576,168
1300,1204,518,380,472,965,1313,425,468,258,977,628,1175,687,459,509,1041,655,1321,28,30,507,800,1049,93,149,32,720,1019,1322,387,613,141,364,430,1286,17,24,35,442,616,403,406,180,1026,409,34,378,145,438,440
379,977,459,258,28,255,142,445,380,1204,387,800,17,538,1049,425,693,30,1327,614,140,616,260,389,34,395,426,1067,117,1019,430,518,315,1322,1320,1293,234,429,965,454,509,274,16,545,458,613,1042,617,252,350,688
453,118,469,1048,465,164,50,1344,1175,1200,43,286,1195,160,498,1135,316,1206,278,1127,1007,1113,320,1047,543,1263,1335,414,61,1211,574,1009,828,874,1154,1310,1107,550,196,335,495,271,37,1152,538,300,809,1352,1102,233,774
448,545,425,1292,141,459,255,427,720,406,412,977,258,616,729,149,897,1175,687,91,472,983,442,0,445,1321,34,138,1313,655,1052,449,364,274,628,703,429,107,126,158,1288,93,636,1153,680,421,285,1341,614,987,50
463,843,692,929,1341,764,693,424,566,656,505,1155,605,849,575,1261,955,711,596,743,178,939,361,1119,987,1190,205,1052,667,1272,334,540,349,835,990,47,16,823,1239,1048,1352,829,643,827,336,723,1100,1006,866,1039,307
721,570,801,734,543,972,162,1248,127,567,795,775,1202,502,1061,1125,419,1168,1314,1022,151,498,211,794,787,15,586,273,181,576,319,131,797,1337,329,332,407,699,816,720,287,626,1175,1145,829,508,167,888,782,476,1213
664,230,1239,1175,407,1,863,1242,368,512,165,1177,791,1213,802,413,734,823,383,1359,1218,79,1266,1222,866,312,319,1115,1125,856,769,1113,571,1075,1133,1165,684,1238,720,839,1039,1053,293,336,154,899,1196,887,1303,1012,1062
1059,433,201,229,551,1230,947,978,425,1098,950,420,197,70,908,751,933,245,966,965,569,619,1191,521,62,967,716,506,482,189,922,254,1313,836,191,779,187,1232,183,927,694,648,219,547,1069,883,790,1304,880,1076,856
101,425,24,1204,472,1293,1292,406,518,149,32,93,977,1046,380,145,965,28,445,140,1052,258,1161,1300,449,1327,389,1003,409,655,1313,0,268,117,613,1050,509,768,712,17,800,435,805,1019,159,393,438,634,395,994,403
853,141,397,258,687,93,1204,688,800,977,440,445,1026,1052,965,509,1046,628,180,510,260,1293,364,518,684,425,387,24,406,32,57,145,393,975,805,545,1313,1042,380,1292,315,34,472,116,815,616,653,385,614,1327,700
854,1223,633,159,1316,427,11,1007,391,488,1023,265,237,273,61,862,1267,971,287,780,34,681,717,593,1044,214,326,1262,619,87,72,1022,1366,460,1327,321,860,67,1206,850,558,660,562,1042,1083,201,620,411,476,521,582
1107,1003,380,1041,1311,149,1175,28,1321,965,1345,445,220,387,1204,463,1005,43,518,977,281,732,1038,533,706,655,616,997,425,1105,32,1037,516,1292,449,1293,784,1322,507,1004,99,125,141,628,447,614,1023,385,1045,469,274
456,380,1204,350,1107,980,41,47,976,20,454,705,1038,1187,1368,982,77,1123,1026,744,518,150,1168,965,1320,1109,176,152,495,687,997,669,1175,1342,261,1332,385,73,679,1061,585,1144,394,491,397,225,680,1048,279,1005,38
445,248,1345,1003,125,145,311,50,1134,568,38,41,700,1175,164,703,1019,1335,3,1172,176,1306,516,1112,1344,273,1351,717,157,186,116,784,427,1171,100,1329,1204,1330,159,661,1211,1254,447,954,997,58,1237,464,1108,1222,32
41,425,1313,406,445,35,93,518,965,261,30,380,220,454,28,1003,118,141,24,997,1322,1195,800,397,230,32,1046,149,628,700,17,1004,268,1175,136,387,616,532,403,145,449,982,1049,1292,1204,1327,464,1041,784,1005,383
826,994,1313,315,290,149,688,687,1060,252,684,425,613,1057,1027,207,339,33,363,1039,659,929,1149,634,800,658,1295,445,866,1201,1042,147,1089,24,1063,977,1090,377,119,25,32,205,270,628,779,274,714,1343,273,130,457
245,472,380,1204,1173,687,1175,1320,406,1292,1046,509,447,1311,141,1050,440,387,965,518,435,118,149,438,425,613,117,465,805,442,887,91,0,350,50,785,800,514,617,32,449,585,1322,1195,445,9,688,136,145,976,143
1277,920,289,1238,912,863,862,197,1242,650,505,925,730,523,1173,1354,126,319,908,575,261,841,205,1050,564,907,670,341,462,314,220,512,196,1053,1230,1314,866,214,570,861,871,1022,1176,811,194,25,148,1141,1239,806,793
246,445,30,1204,1045,800,32,518,447,509,11,687,28,16,0,380,34,1049,1005,1313,720,393,383,1029,616,386,1019,1327,429,1293,397,403,25,381,258,409,997,472,35,385,1139,1315,118,261,24,977,348,1014,468,399,1292
684,687,1321,445,406,261,977,24,628,590,440,268,616,965,688,30,896,1041,136,273,138,34,270,417,385,403,518,1313,1042,984,394,779,93,405,438,17,657,634,1046,220,649,978,426,13,507,1076,1327,1293,617,1287,449
791,810,427,1152,496,733,1314,85,1131,172,838,862,1062,473,966,34,790,317,1214,335,120,541,324,899,633,1095,717,784,570,711,296,492,1345,522,1190,1041,1341,542,1239,620,176,1024,723,1330,1242,694,170,558,833,72,167
373,406,445,24,387,28,1052,449,687,93,800,426,1321,977,141,381,252,518,0,688,17,1003,118,545,1046,258,616,180,25,433,1313,125,1322,145,996,1004,16,429,532,149,30,380,459,454,1026,138,700,1202,657,991,655
1014,1175,1113,1152,864,99,1154,274,312,766,1107,772,1327,271,543,1182,1105,1195,1155,525,749,498,1222,266,529,1328,775,710,487,1092,1049,1047,931,164,129,303,1344,946,50,887,12,290,771,1217,729,278,281,758,179,1058,285
689,977,1293,1327,1321,1313,380,268,11,425,406,1052,445,403,800,385,30,1292,1175,387,1076,118,93,518,616,136,507,24,1005,1046,1287,994,273,252,965,1320,17,613,28,87,1171,25,688,117,1324,815,617,984,1042,1102,41
24,406,1046,445,1204,440,1321,380,965,17,93,258,397,616,1293,449,28,518,1313,614,1327,0,509,141,136,442,590,140,1052,1320,387,30,119,149,117,459,973,118,180,996,268,429,532,447,270,779,34,142,430,438,138
125,445,977,687,149,628,800,397,965,93,518,406,1204,258,385,268,350,688,28,138,380,976,1052,1324,1003,225,30,1321,1322,590,447,440,0,394,509,381,613,20,1327,1046,403,1328,459,34,1026,148,532,657,118,438,270
18,425,93,426,406,468,1175,393,1204,34,445,390,459,977,440,364,28,389,800,30,687,153,258,628,655,1019,117,616,427,268,395,509,118,4,1052,433,141,1293,437,17,999,983,472,469,1049,429,991,691,1050,111,447
1302,861,523,411,496,34,148,1316,567,662,570,986,823,324,870,431,205,391,389,487,1366,1014,1163,911,765,1262,0,80,327,302,852,304,650,133,798,336,1068,219,769,1062,934,593,545,253,319,666,564,532,631,61,784
92,687,141,440,406,1052,138,430,784,143,449,25,1045,628,16,468,590,680,24,385,11,951,0,424,1204,378,117,1313,350,545,258,241,381,145,77,613,634,351,17,270,1197,1321,28,649,1046,255,268,715,393,4,437
864,445,1052,687,28,628,700,1204,454,997,24,395,32,1026,149,141,509,459,426,93,274,468,260,703,30,613,255,119,387,220,9,440,1295,145,261,406,532,1162,1292,636,429,449,315,729,616,472,1005,380,35,688,977
1222,1204,425,1313,406,380,93,1046,1293,1327,258,687,1321,616,1345,136,977,628,1052,445,1113,149,784,30,688,1003,1173,732,1287,139,1041,143,17,447,427,1019,28,245,1023,1322,438,975,752,720,976,32,472,459,378,0,518
1235,677,923,435,4,254,830,1198,567,94,1122,799,727,6,629,844,765,304,907,950,1094,820,937,636,663,1373,1116,196,1097,715,243,1362,1209,1225,51,603,899,341,944,993,598,804,369,685,650,173,817,880,659,7,908
839,687,977,445,447,440,965,141,628,387,93,380,1313,427,149,385,1052,616,1026,24,472,1293,258,800,1327,1049,1322,784,397,412,1046,17,116,613,118,518,449,143,270,1041,32,1050,28,459,438,35,1300,1175,454,274,140
532,866,581,57,683,304,406,842,178,1272,863,1052,375,328,803,457,104,329,848,67,834,823,459,714,711,287,1210,267,775,1247,1073,69,203,860,846,776,577,650,603,545,704,1037,971,161,608,269,799,525,338,393,28
569,842,1256,582,62,60,860,858,425,741,584,603,210,870,67,864,595,1235,871,852,202,714,827,553,768,691,205,292,71,66,74,577,887,863,1332,593,975,522,847,287,1180,1275,606,1222,1217,846,284,600,325,818,776
1149,257,504,1154,768,1262,41,142,611,210,1327,177,268,164,823,38,1155,350,1287,1092,701,550,641,984,1218,242,917,1147,1152,1082,1333,839,864,1195,266,600,1058,1328,425,1202,463,413,705,818,259,230,445,412,717,706,191
552,287,530,302,60,581,875,304,852,254,607,874,858,525,523,1366,582,844,787,1235,765,1211,325,1270,1208,754,317,776,1275,834,780,879,854,883,846,841,104,1245,1372,827,1141,802,193,890,66,944,210,867,303,856,326
869,17,688,1052,700,426,1321,406,425,397,977,1003,28,526,468,34,454,350,30,255,429,1041,141,220,440,24,180,545,279,1292,430,1287,145,472,657,734,119,9,1020,590,725,258,387,954,380,1293,687,1038,149,35,395
67,110,503,1366,320,392,219,930,508,357,776,1153,127,111,661,204,971,807,534,382,72,253,983,991,286,567,1312,746,515,1038,782,481,1178,1202,309,252,146,68,624,80,397,1332,1033,621,449,326,986,1315,795,437,201
30,406,1204,93,30,518,141,628,425,1050,1003,445,34,440,977,509,119,800,1046,687,1322,1293,1327,614,380,35,1052,613,20,965,136,1292,514,118,459,616,526,545,655,1313,390,1321,387,1019,9,1315,258,454,385,268,1026
1192,768,24,994,1014,1005,1195,115,1011,223,20,1280,980,997,1351,614,1178,75,601,1045,398,590,535,141,715,4,843,542,1130,1057,222,464,707,298,32,1361,1233,363,420,454,944,1111,642,918,1098,301,1016,496,1183,1205,1122
855,1295,1076,397,684,119,1292,518,965,387,762,495,687,1195,260,739,90,951,1315,315,364,35,233,636,32,265,532,468,426,84,800,688,251,449,49,381,470,706,258,822,450,145,997,125,127,980,1300,457,543,583,876
32,800,687,1052,1204,1313,1327,655,425,141,445,28,720,17,1049,258,1321,1061,464,965,613,32,93,30,140,1195,614,145,409,1293,35,385,116,454,1300,509,1041,24,1005,977,34,406,16,136,449,1175,381,616,463,680,1286
675,965,220,752,1025,424,768,398,449,1324,1246,363,1154,31,495,836,1195,1311,165,1175,1258,1102,1372,827,977,629,1070,691,139,766,1050,1041,1313,146,223,1005,568,532,617,241,1293,1096,358,142,581,1204,765,475,649,1067,731
78,445,614,258,1204,0,142,977,919,140,380,1318,613,518,94,116,1202,538,28,1046,1320,687,409,448,973,1324,381,997,951,412,400,680,510,983,425,449,446,653,1049,903,266,16,804,234,666,697,1045,25,468,93,6
59,381,983,472,4,0,1292,383,800,410,649,1162,320,440,997,532,1321,655,434,250,449,779,1046,687,111,1204,286,455,130,87,977,1293,518,661,234,32,34,264,1018,411,509,422,815,21,24,621,1176,960,416,390,387
9,380,687,406,93,628,24,1293,141,149,32,459,1321,1005,1003,800,688,613,1292,509,973,261,1049,468,140,997,429,117,1311,1322,1320,118,1019,11,449,381,1050,0,976,145,125,526,1175,438,9,409,1139,417,703,1327,617
1257,445,449,380,141,628,1204,616,1327,977,518,1042,440,93,406,1321,614,1049,142,149,28,1313,258,1046,424,381,1052,30,24,116,387,385,688,454,509,430,397,994,140,145,1324,17,634,680,613,459,255,1328,403,143,34
775,1061,1321,720,1161,1344,734,1175,1292,1271,465,514,1165,1336,573,1291,507,1102,1351,594,1052,1171,509,86,125,518,442,262,539,1105,234,79,464,1168,1076,163,1222,1276,472,805,383,406,386,305,1300,543,149,1319,715,549,678
48,1321,445,93,34,30,518,1042,426,0,687,1052,28,118,1046,17,509,220,688,136,387,24,545,655,1318,1322,613,1313,11,514,394,720,433,984,252,1202,1287,1018,409,977,138,1195,153,468,616,1041,440,1049,1304,141,449
355,581,776,585,863,341,825,596,799,203,846,289,201,861,826,859,86,875,269,1240,944,972,620,870,324,856,586,373,283,534,751,1153,1209,872,795,338,572,603,368,823,1243,607,816,577,483,295,920,606,1224,189,966
680,1204,24,976,454,459,518,977,258,800,1310,425,472,614,397,687,1140,430,30,634,437,274,1175,93,1019,1327,1328,1322,507,9,440,688,406,385,1049,449,145,1313,261,514,703,380,965,1026,1042,20,141,616,117,1046,32
5,380,1292,141,997,24,440,628,445,117,687,16,518,433,951,34,327,118,1318,509,93,645,800,87,397,383,472,532,32,1321,1049,258,256,1018,426,454,1300,390,140,976,1046,250,4,20,180,655,30,430,1029,399,468
878,281,624,748,1051,248,367,1126,824,1135,196,286,659,498,1008,212,202,813,256,452,1342,1251,1151,38,177,1168,246,943,1094,173,544,610,1352,735,995,677,737,891,431,314,479,435,1369,278,1338,993,249,147,650,165,502
595,1270,837,757,1348,681,800,964,1308,407,1062,1025,179,341,640,149,1319,1229,1049,739,167,945,484,1219,208,176,615,588,162,636,625,987,787,1108,37,594,1195,1359,879,963,854,791,647,1366,508,1233,875,932,1286,691,949
409,766,1311,166,299,762,281,316,751,1049,556,1277,965,740,470,1335,526,1233,1188,274,173,38,324,688,704,585,606,543,1062,99,1069,1,498,28,359,487,47,459,790,86,211,665,49,620,1326,918,887,1195,1172,1000,1009
60,1013,661,459,426,1043,800,454,395,234,688,258,545,1315,977,20,687,445,1067,1052,141,1195,636,392,387,425,1042,1202,1153,110,822,1323,700,825,634,443,684,712,739,1027,468,983,255,815,449,260,364,226,117,965,77
668,1222,593,325,852,1177,1247,525,860,862,889,864,60,854,607,1249,1180,1245,66,175,376,939,1141,846,845,758,62,841,1235,875,892,1263,849,571,1217,1373,842,847,562,832,510,1269,890,931,210,1154,67,569,603,555,1275
223,616,406,977,380,1052,1321,24,509,1042,1327,613,800,385,784,449,149,145,1322,118,387,1293,142,32,180,1049,0,1003,261,136,119,117,1292,140,1175,1019,468,16,426,976,34,459,11,442,403,447,35,417,270,1202,996
1154,1052,684,502,703,91,1168,454,977,274,252,585,503,556,509,1234,1173,234,455,364,430,1012,751,1188,397,517,18,514,1330,425,700,211,929,437,1292,472,1062,1277,258,636,1138,582,15,116,205,1049,671,261,1248,395,1340
344,445,1321,28,687,1204,518,509,616,24,1052,628,440,380,1313,1042,1041,688,17,387,965,977,258,141,1046,385,261,426,136,1202,514,1019,0,268,1322,459,87,119,976,117,409,800,1293,180,145,403,35,429,16,430,691
237,684,468,28,258,255,454,977,425,30,430,459,406,274,34,395,509,687,800,145,1313,445,634,142,426,16,117,380,1322,614,538,409,1292,364,17,1327,720,703,125,119,1070,545,260,252,1168,234,149,514,1300,655,140
7,687,425,93,1204,628,614,445,406,30,1046,1019,34,800,118,518,1042,1050,24,153,1049,1321,688,17,613,268,20,545,426,1293,447,141,616,983,1052,117,258,381,397,449,784,28,180,1004,427,32,1026,393,145,1313,977
1137,406,1322,268,425,1321,28,445,1313,118,509,93,1061,996,117,616,34,24,125,518,380,687,800,390,545,1202,25,149,30,468,1312,1293,87,255,11,17,1046,158,1003,433,35,426,1038,145,395,1042,1026,252,119,449,1051
553,758,406,842,611,700,1295,62,1179,1208,67,105,509,45,550,555,175,862,488,257,912,705,207,954,1245,844,639,317,1221,451,528,755,163,617,593,1236,1371,210,826,113,52,1164,66,171,1259,935,858,1217,1168,1022,323
407,274,387,28,687,516,454,634,145,1003,1041,628,258,38,614,616,93,1328,463,125,380,1175,268,752,800,1313,249,430,703,1327,139,784,350,248,459,116,1050,1038,1049,1286,700,712,372,1004,234,43,975,1013,180,526,425
1131,425,687,30,149,518,1293,1023,380,406,1049,965,1313,1052,35,93,1041,459,28,976,613,258,1175,468,24,1195,454,1019,1005,800,449,614,1026,152,720,655,980,1322,385,1292,616,445,220,447,397,1046,1321,1300,973,139,977
678,603,585,592,854,103,201,570,1248,522,928,1243,887,752,67,74,1262,569,1256,319,790,498,623,890,862,798,328,497,177,1225,214,312,816,871,842,194,320,605,99,527,575,775,197,1267,581,1373,553,766,70,875,608
226,1313,687,1293,518,1322,425,1321,403,445,93,965,800,1300,34,1061,994,533,464,24,1050,406,30,1175,616,661,1026,784,507,153,463,145,449,657,688,167,1202,141,997,116,509,397,1004,119,364,779,258,815,17,35,1292
1266,425,687,445,472,977,1046,449,440,1293,406,628,447,990,1175,93,1026,117,614,0,24,1041,613,380,143,617,1019,427,258,390,140,387,675,32,412,975,976,616,991,968,429,1050,397,383,395,1310,28,141,518,1315,142
338,406,445,1313,977,149,1042,1321,93,449,784,628,387,1052,459,141,616,1327,614,518,688,1204,34,24,440,145,1322,454,28,426,1046,268,380,1038,800,230,509,1049,118,261,270,634,1003,17,397,1041,1019,965,1328,613,1004
434,234,141,687,1195,424,1000,983,117,116,16,962,1155,634,468,1063,973,1043,465,270,1204,636,613,224,20,994,987,729,715,142,1325,427,267,266,440,815,12,444,979,255,707,951,977,1176,1122,30,166,23,469,1083,919
634,411,472,1116,852,1004,675,256,415,569,495,1230,789,1131,661,1103,111,570,393,290,1050,1036,301,390,1008,1128,232,350,109,477,798,40,39,536,986,1311,562,286,612,447,583,314,1222,329,883,607,1068,908,1208,289,268
414,463,687,768,1026,1050,25,614,273,1327,1004,445,1322,1293,1046,116,30,973,1313,994,425,380,1332,24,149,118,28,1041,1042,141,449,657,350,145,161,634,616,1162,516,17,174,1312,117,697,1204,1059,447,270,416,518,403
1040,977,1052,397,688,258,385,628,406,425,30,616,1321,1293,687,1204,1029,125,445,472,261,380,518,440,997,1003,509,20,443,245,784,34,24,429,141,965,403,93,526,1019,1050,143,427,590,815,1320,395,28,1139,1201,1286
506,281,1154,766,1151,965,278,1041,274,1127,533,1227,1107,433,164,682,245,542,677,255,380,1311,470,116,139,1293,501,675,1341,38,1249,815,771,1200,1204,1099,166,614,1135,168,156,1050,285,306,864,901,1254,1328,1159,1120,480
683,445,1321,687,268,30,426,258,973,234,720,700,1052,35,16,657,387,28,406,364,255,634,36,425,125,138,397,518,174,449,614,261,1004,784,616,394,815,715,688,93,1204,1076,978,999,395,381,779,149,509,1322,270
493,1352,1048,342,1249,864,1127,827,233,764,1100,611,504,43,1113,1039,1146,1254,1246,1222,1263,843,691,317,741,692,312,1223,1177,1271,170,1112,1217,1341,886,168,846,273,1218,875,1149,876,1258,1151,160,307,469,298,1235,291,1160
324,687,965,24,255,800,425,141,1292,518,472,977,268,1204,1052,149,532,430,30,397,1322,17,406,1327,1161,996,145,140,1038,614,395,387,28,1313,468,1005,1321,34,383,533,779,35,119,116,768,616,117,628,720,180,684
539,440,687,535,1161,1036,449,1332,996,768,141,661,1173,1042,1366,154,116,108,1320,41,779,516,724,991,1032,268,624,163,435,1051,669,910,119,159,614,434,164,732,1300,24,642,405,420,626,198,91,643,126,992,87,509
745,569,570,58,751,607,1188,857,568,249,1275,508,1213,736,795,475,498,105,891,765,1141,147,922,1236,1068,131,179,756,1128,363,1191,737,750,1361,699,572,290,883,752,777,497,612,128,1242,555,875,581,1127,317,1370,301
1177,268,614,730,116,687,579,245,1083,1313,1155,1076,1171,145,680,1026,273,164,769,549,684,1175,1004,279,425,978,49,1122,578,1051,533,1332,129,1042,257,1069,161,270,274,1183,1105,764,689,1274,167,424,1200,465,449,1320,1063
234,947,769,106,1258,1218,945,861,886,316,262,946,899,1229,114,1284,279,1275,579,97,1102,208,205,823,924,1359,1246,1282,749,747,868,859,869,786,1360,1260,1222,591,885,839,165,342,917,108,303,957,187,209,333,1254,949
829,304,948,966,1245,1244,806,0,488,102,206,1209,905,1079,1314,101,481,335,586,972,231,1047,490,836,862,66,962,595,325,75,758,789,356,1261,772,1262,1238,493,793,207,505,795,1190,1362,393,326,1279,780,331,771,1056
981,1344,127,3,1048,611,50,1146,1300,261,741,1081,1168,595,1145,1061,415,509,1039,1308,498,1281,1102,703,242,1219,240,1336,147,511,1317,815,1254,1088,151,433,367,172,1112,1265,1089,897,450,279,865,43,439,38,1319,507,175
104,445,1052,1204,425,24,687,509,385,1019,30,20,590,459,613,1026,1202,636,141,315,426,518,976,25,628,417,28,472,16,449,634,1324,9,255,997,1315,614,1020,387,1162,234,395,429,468,77,1313,1320,142,117,440,1005
368,406,616,28,258,145,1204,93,425,1313,445,687,613,414,1295,380,1052,395,397,1041,1089,385,412,1321,683,1004,266,30,149,691,141,180,275,143,1286,454,1003,142,1345,703,252,241,17,449,136,614,274,25,227,634,1080
15,425,687,28,977,1321,93,387,117,440,545,509,380,628,616,16,1052,996,1046,268,449,17,1327,1204,11,136,688,35,24,426,397,255,119,454,1313,1322,459,1202,220,145,270,258,784,20,997,655,965,125,973,34,800
244,472,397,425,687,93,445,509,1321,1204,628,24,703,1161,32,34,1049,1168,449,0,383,261,507,531,159,380,1046,514,364,258,543,117,800,438,454,435,430,140,403,180,557,1293,406,440,387,415,410,9,416,965,439
823,1135,286,941,1127,1301,1051,788,164,311,938,271,1111,1319,1167,988,1206,498,1003,601,1335,76,997,463,526,94,1342,370,196,300,905,1019,722,41,1104,1092,290,1176,665,713,45,43,149,107,1215,100,770,664,762,1055,163
1056,1204,687,1019,1195,380,1003,230,1313,1320,125,472,286,273,1293,383,734,720,1004,469,516,784,41,445,36,159,1321,997,268,149,350,152,1161,107,1300,518,145,543,35,614,387,535,1026,447,965,1202,406,271,248,274,800
776,28,141,395,965,426,364,393,93,0,468,616,126,397,255,1052,425,440,406,1050,392,390,1318,148,815,996,1049,1315,34,977,117,111,509,87,687,119,999,433,804,17,387,1300,545,1340,472,649,24,514,1003,258,1307
628,472,406,990,460,425,439,473,424,583,351,440,687,426,286,498,423,648,469,1202,1149,1004,700,535,1106,824,585,148,584,230,791,628,1191,1195,1235,0,518,1176,1204,220,405,860,233,180,1221,438,261,1022,878,996,383
1045,1052,28,425,263,387,445,260,977,509,700,616,1001,141,395,426,800,397,1124,265,1202,77,538,315,142,468,1047,1318,1314,1153,234,1049,480,93,63,366,280,614,458,613,636,268,951,1042,1353,394,683,16,1352,1063,693
971,24,712,784,533,590,1041,425,273,449,977,433,1070,11,1038,34,510,1004,230,535,641,1162,116,28,1313,989,1003,507,980,30,38,139,1050,1120,470,350,657,762,1026,180,688,387,1051,687,1322,766,1033,225,398,118,779
436,1352,470,585,1175,606,1041,607,1116,605,278,1233,28,1042,469,489,354,763,341,921,1151,843,1102,1124,903,366,1325,73,361,295,814,338,61,298,220,1149,744,414,908,1230,1107,482,944,178,487,1152,880,240,248,172,475
1122,141,445,117,449,397,997,118,425,11,16,35,1300,977,1161,1043,93,119,680,983,380,1195,24,441,965,387,268,110,1322,409,614,1204,433,87,590,125,91,90,20,220,225,815,241,448,1176,478,672,472,518,1004,1008
764,28,425,509,406,445,1204,380,258,387,687,117,0,141,996,616,395,514,518,1292,397,613,119,118,1052,628,433,1322,1046,1293,440,35,545,472,429,815,385,364,1175,17,149,389,1026,180,255,90,1313,30,125,1321,34
343,445,125,141,468,1202,538,274,1195,230,1175,691,800,258,1041,980,387,459,425,426,261,661,1052,34,1321,464,1038,954,1003,465,997,1092,447,93,268,732,1204,449,463,280,1168,712,1322,1019,706,545,688,614,991,315,1296
1220,425,380,28,445,24,258,93,1052,628,687,30,143,440,616,1313,447,518,1046,1321,459,976,1293,417,397,20,17,973,965,136,142,1019,590,387,968,1327,472,0,1041,614,1003,1005,141,613,688,1320,1324,438,11,800,34
1013,425,687,449,28,220,977,274,1003,141,1041,544,1175,1320,445,469,261,406,779,784,180,380,1321,24,918,518,965,442,1327,614,383,768,258,1049,1328,766,57,712,915,616,532,353,426,276,116,1037,34,459,381,1004,225
254,562,523,324,536,558,1050,1242,317,522,431,986,225,1222,852,1148,535,1107,586,397,1004,631,292,559,1186,80,1245,487,834,460,197,570,604,429,314,769,646,880,1138,688,1221,61,245,898,140,1068,870,1208,1133,750,544
386,125,1321,459,687,1026,1293,220,1342,225,532,454,688,1300,965,38,270,533,385,1041,230,403,1107,706,425,41,464,729,463,380,1287,1004,703,982,153,518,1067,749,768,24,815,30,1204,1291,1313,255,245,445,1175,176,430
1261,28,425,258,1052,965,459,406,380,1049,628,93,1327,397,977,1313,1204,1175,1321,149,509,268,1328,445,1003,518,17,700,261,1292,364,687,24,706,220,387,77,468,118,252,1293,688,421,784,180,657,136,507,982,974,463
548,133,1262,728,31,1296,866,408,871,334,307,489,368,43,569,282,1182,839,745,1127,575,778,1274,862,210,654,921,916,650,1122,97,1138,870,424,920,570,1374,1333,763,655,522,861,1291,755,1100,1282,651,174,711,1086,1353
550,1287,1041,470,522,472,30,706,174,1291,415,350,514,1092,459,17,1004,762,1321,34,161,273,1316,381,35,543,985,1204,1051,401,380,518,679,1293,425,982,116,1292,1138,50,725,383,473,1094,585,634,270,1227,390,152,896
890,1204,687,258,141,628,616,28,977,440,614,445,1327,424,93,385,406,691,1046,380,518,417,449,1042,1041,617,1052,260,149,509,77,274,1328,437,17,281,896,613,1175,9,0,982,4,965,427,1095,43,557,1320,255,800
945,800,1321,425,220,350,977,700,394,445,688,459,1052,387,655,454,230,1202,1327,397,430,1114,426,716,626,1015,620,545,150,972,125,35,1168,424,449,1003,1046,590,503,1187,991,994,286,903,1025,954,1314,1000,385,381,538
353,1293,380,459,1004,1050,768,1292,805,1014,24,30,116,1107,41,389,1038,393,518,533,1003,977,415,141,1026,449,416,535,1005,412,429,544,255,1161,397,180,34,655,381,641,149,516,1316,703,1067,1041,649,651,779,395,1008
302,425,628,141,387,380,1321,977,1313,1052,687,406,445,149,24,449,1204,1041,1175,616,1345,397,459,17,454,1327,426,518,691,965,800,93,430,258,1042,590,145,220,30,350,1004,136,261,385,1322,252,125,700,994,1311,274
1066,1191,1041,785,611,1046,425,550,433,118,1175,1127,639,46,982,1003,136,1038,655,164,1171,954,0,648,543,752,1327,1055,383,490,1152,1061,996,516,1161,1287,532,390,1082,1113,158,92,387,32,984,148,125,347,649,43,93
459,596,213,328,210,500,196,1051,949,296,644,69,1147,456,770,376,66,834,751,659,81,961,1141,728,932,1171,375,776,1360,915,1119,177,1367,1176,901,1366,46,54,1305,858,603,1230,818,346,381,326,881,808,592,1114,855
1087,1026,445,268,800,425,440,117,1046,1204,472,449,116,533,1293,24,1004,1327,614,1161,142,977,973,153,126,4,1050,545,219,1292,149,454,403,1197,720,390,397,381,380,779,1300,141,0,274,30,613,138,383,447,968,430
89,472,387,125,93,28,687,518,459,425,17,445,532,149,1321,255,35,381,141,383,409,1041,140,703,180,1287,364,616,1204,34,628,478,1313,1311,24,117,543,468,435,509,126,32,427,50,729,116,430,91,0,43,454
844,1161,583,15,586,910,127,1176,1175,1152,286,567,439,929,99,991,1153,801,296,771,611,734,1292,1129,487,795,675,1085,527,1145,570,475,472,996,676,219,1135,433,511,1336,1149,503,643,146,465,419,273,986,720,50,782
121,687,141,454,1046,445,380,472,1292,116,255,258,145,16,409,397,425,180,628,32,117,977,119,24,449,17,1026,1161,614,28,387,34,1293,30,634,1204,429,448,93,510,1052,125,996,395,440,25,649,1327,1300,1316,518
1016,1083,730,769,859,688,549,1156,273,280,305,252,144,315,691,1201,1042,1108,157,245,1102,366,627,225,910,306,684,1181,800,268,700,1229,1361,897,578,265,161,837,1069,228,697,279,313,310,1120,65,342,838,673,214,1086
582,860,593,205,335,867,583,1221,839,846,875,847,863,1242,854,1186,312,823,853,793,555,923,67,818,389,866,62,175,803,861,1371,233,317,207,435,523,591,916,1255,325,104,1266,870,92,856,712,488,1247,910,578,577
17,117,1292,445,397,1026,425,93,687,509,141,1204,381,1046,977,258,440,140,996,468,1293,24,255,439,387,1161,545,729,234,1328,649,1202,1051,110,435,1052,518,91,478,18,447,564,1168,34,426,779,433,514,965,616,417
262,687,977,258,445,1052,616,800,449,141,965,28,397,1313,406,628,380,149,440,614,1202,518,30,617,230,1324,424,1327,688,459,976,385,1321,447,1003,417,784,387,613,93,143,1322,454,1049,973,268,1004,1042,252,1175,77
266,472,117,543,1292,327,1300,383,720,687,641,1061,91,268,11,1038,1026,996,980,454,929,152,997,965,464,180,107,116,1337,532,703,449,983,433,473,401,533,1336,409,219,680,649,261,721,41,768,655,255,634,26,1018
1216,425,1204,28,1175,93,518,149,445,1321,141,691,385,387,1311,30,732,1293,1003,628,1313,785,1327,1046,180,440,1050,614,514,472,24,17,977,766,543,687,1049,258,459,403,1292,274,143,613,140,617,1067,220,159,1322,1310
422,1314,1059,319,108,892,758,176,94,50,505,1171,946,764,432,1340,316,1117,1368,550,728,1157,1359,769,317,322,311,1211,496,1164,667,335,1152,1110,1273,1177,682,891,0,883,1085,1217,512,1236,506,1167,1147,245,714,299,75
903,406,687,1204,30,440,93,1321,977,445,1049,34,628,1019,438,205,1046,614,1175,510,1173,0,617,700,1293,518,472,143,409,449,784,437,145,968,1041,394,141,557,634,447,616,17,149,984,403,142,351,427,1316,1045,590
729,1195,273,543,1248,905,1105,541,1374,568,1241,1125,1181,838,481,285,282,45,729,330,271,89,911,33,337,96,953,952,179,1335,1111,102,658,966,369,474,1223,287,1224,879,1085,368,517,12,427,496,586,162,1024,946,1344
798,445,1204,24,425,616,518,1327,687,380,965,397,28,1328,350,30,449,20,385,149,688,1005,261,142,1049,32,1321,93,613,403,1046,509,977,1313,406,968,1324,700,9,1050,258,447,1322,141,274,507,125,617,252,1311,454
142,445,1321,687,425,35,688,119,406,1032,32,380,225,701,660,649,1293,255,1327,507,257,17,977,509,478,241,30,1173,24,720,1046,657,1005,391,1168,454,459,438,429,381,784,1292,655,1030,1313,430,1038,1320,1014,1328,982
489,687,1042,30,688,34,93,994,145,149,614,425,116,1195,406,1310,433,440,510,255,628,1075,862,409,1201,694,582,16,65,472,518,535,426,37,836,1019,507,424,712,679,845,350,1070,1313,77,578,680,197,784,261,1052
1284,1204,784,425,149,380,1327,800,1175,518,445,614,385,93,30,1322,116,634,688,447,268,1076,1293,141,1321,24,1003,965,720,1050,32,533,977,1026,463,440,403,997,628,616,1292,1049,245,1004,516,464,258,459,1046,427,145
906,800,687,274,445,1049,425,1327,261,449,965,784,273,149,616,614,1204,350,535,634,397,464,116,380,1292,159,93,1038,1310,1042,394,1004,459,141,258,230,636,35,1286,1175,700,225,395,472,1321,703,454,1195,1322,688,139
674,803,292,522,841,1208,834,294,1246,242,1261,604,725,826,465,775,1206,1125,50,328,582,486,534,311,68,502,1254,295,102,460,619,1238,583,1210,278,948,556,967,1115,825,875,939,469,782,370,427,286,867,67,1243,527
911,406,425,1204,1313,93,616,445,1003,28,1052,965,387,1175,380,24,447,35,30,700,977,509,252,261,138,220,688,532,1322,430,1019,136,394,1202,752,381,149,703,732,385,1041,398,417,590,397,459,258,1311,145,465,628
1070,1052,769,800,1340,506,503,1062,458,141,234,387,1048,252,994,720,549,219,395,1176,280,132,673,260,791,117,620,745,1069,746,773,962,697,742,1153,1015,1163,871,231,1145,1075,258,951,183,1299,228,79,310,203,1008,1103
676,862,205,1246,856,230,1262,780,619,867,846,826,326,201,66,827,861,1366,853,302,332,839,1210,1267,335,523,328,72,460,870,1180,92,80,858,489,966,834,793,1304,860,848,104,1264,324,593,569,1248,536,1255,571,811
1297,1049,425,1292,1052,977,1327,800,518,1321,687,454,1168,387,442,430,258,459,616,274,1286,149,449,1300,703,1046,965,9,701,472,383,468,720,406,403,142,255,394,273,445,509,3,125,1202,252,706,250,261,380,655,145
955,687,30,425,1204,116,614,1052,628,784,149,454,994,459,261,518,145,24,393,977,1019,712,1313,447,1041,34,77,258,93,1042,406,234,20,270,1300,119,694,464,1201,141,688,976,437,1070,999,680,1293,1050,1026,1063,409
182,1052,445,628,459,1313,406,24,141,616,397,28,385,30,380,1204,149,440,449,426,614,800,1320,518,613,590,454,17,430,93,1046,387,142,691,1327,442,220,417,784,35,77,270,700,136,965,634,255,125,978,34,509
605,498,286,1141,604,751,1151,1210,67,1273,522,570,818,1238,59,593,609,104,1127,863,592,62,292,782,855,1239,324,878,882,553,1208,1266,803,1135,870,63,1235,861,774,523,775,502,1231,527,577,554,473,296,737,233,178
86,1175,716,416,1114,197,636,472,341,230,1004,1110,493,50,196,189,415,1157,498,304,1076,1204,910,538,198,220,1149,383,661,54,503,774,532,126,289,997,814,477,233,583,1124,798,465,1019,663,1194,1195,502,533,447,1072
147,977,141,28,1313,406,687,258,445,628,17,24,30,380,385,387,1204,397,590,1321,616,459,34,509,655,1202,255,381,449,1320,140,688,142,16,454,518,93,270,1026,429,268,117,409,784,118,1046,1003,145,1042,1327,1322
442,152,274,818,38,134,230,406,1325,166,164,442,1082,982,387,421,728,984,145,427,1320,1151,1287,1175,1195,469,502,12,425,576,1105,286,722,125,1295,1061,17,1211,729,498,1046,516,1168,1292,791,734,487,118,461,785,1171
831,706,1321,35,1023,1038,700,1092,1043,1067,28,1154,1341,172,468,174,1000,387,17,1132,1124,1195,613,1047,722,655,1152,30,1286,1313,1041,1025,225,198,1352,1113,158,630,1287,478,125,463,426,43,1089,1301,459,36,896,47,252
277,17,1321,385,628,445,387,1202,406,24,125,1052,141,616,34,984,30,255,688,459,507,784,1322,11,142,449,220,1313,180,315,430,509,1026,965,1041,687,1327,118,145,426,1320,706,684,1293,258,1304,518,1089,93,429,77
1179,1113,1151,85,1261,1274,282,306,489,1353,1086,2,1099,744,1210,1231,611,906,723,413,1183,281,902,50,904,1122,931,444,470,600,943,667,1189,992,1181,1055,1347,166,749,330,759,905,948,298,294,1191,164,108,1214,939,51
983,778,1046,705,1252,385,688,620,257,1321,697,810,1314,1092,1113,17,689,701,669,988,1152,789,838,466,380,662,970,19,0,1035,268,839,742,350,679,1022,1332,1065,585,25,1024,1047,259,74,225,415,256,840,273,294,724
1224,687,1321,445,93,34,24,977,1313,433,28,268,628,449,30,616,1204,1041,688,1322,965,118,117,1038,509,397,454,518,800,1046,447,273,1026,590,385,545,1052,17,984,149,138,1202,429,440,380,141,180,136,381,426,119
647,862,201,826,823,324,75,608,1243,302,214,326,72,148,601,177,619,930,372,205,854,966,595,861,523,858,1205,860,593,582,839,541,61,848,927,1241,846,1221,197,371,1256,856,211,317,1149,753,319,923,1226,853,994
669,532,1152,24,268,533,449,1195,233,279,281,225,705,220,425,1067,748,1328,543,1036,1026,1076,380,1342,1014,1041,800,1293,616,1092,405,387,779,1005,1324,357,180,388,41,350,1322,1105,1003,985,749,661,691,1162,1196,1143,286
996,281,449,274,1041,977,533,636,220,350,472,28,1050,675,649,424,141,614,32,1341,706,241,445,680,469,387,1067,495,1324,687,1049,255,965,1195,270,440,439,140,1042,628,138,732,470,1293,616,540,412,271,1292,425,531
168,125,465,152,141,1342,116,655,1293,1175,1292,1041,427,412,468,997,514,159,50,766,732,1311,17,145,153,543,729,1352,703,516,1049,91,32,1085,518,36,1003,533,107,30,380,687,470,491,1328,526,421,815,510,1300,706
560,593,862,65,726,762,177,1196,569,751,1033,704,602,818,839,178,554,860,1126,1371,556,523,1186,609,927,600,328,1210,118,292,1304,718,960,233,201,924,1243,793,236,1208,411,1230,847,340,336,560,1264,1179,59,883,1149
198,687,614,141,459,1300,977,116,117,149,425,32,397,997,655,1328,255,35,1204,30,445,426,395,258,468,234,125,24,449,440,364,409,509,472,91,1327,455,800,34,688,1287,703,464,535,680,1322,929,815,1313,119,424
703,425,1026,140,445,1295,258,977,281,729,32,435,703,268,1324,687,636,387,653,25,478,1105,1051,453,294,691,613,255,117,93,698,616,397,457,422,385,984,119,1061,448,461,509,1342,429,1096,315,1313,400,815,1337,455
1295,286,545,1145,255,751,538,1052,15,426,1051,350,1161,910,498,1129,274,993,433,1176,475,294,397,929,234,567,16,1124,252,49,125,107,649,230,1059,491,117,509,914,903,503,146,95,1043,109,91,624,196,942,907,1168
20,425,93,258,977,687,28,1293,1292,616,509,24,1313,1052,387,628,1049,30,514,1026,614,617,149,973,1321,449,406,1310,403,1050,1175,180,116,140,117,447,976,459,145,9,1003,975,1327,440,378,17,1320,397,438,800,1041
371,328,580,295,338,855,72,178,104,346,1272,80,337,585,834,1210,193,882,603,341,374,1127,1353,862,874,61,803,214,332,1232,547,608,1253,867,335,202,878,575,875,955,367,763,574,523,1257,1230,1235,498,1170,65,55
646,1222,941,45,1108,335,1254,1156,856,1257,828,331,325,1211,233,1125,776,603,317,555,102,962,1206,204,1236,826,877,952,841,874,760,342,860,525,184,886,291,586,375,1278,1158,864,341,1244,1250,1365,160,938,334,1137,813
301,397,687,141,425,977,387,1052,385,380,1046,449,1204,616,28,454,406,142,509,1321,149,459,800,255,381,440,628,30,24,93,613,91,1197,973,614,729,1320,252,427,0,1345,1026,1327,315,16,688,784,117,1019,1292,429
609,816,811,608,71,887,575,985,4,254,697,1018,1366,214,590,535,606,341,823,60,970,848,855,160,111,1095,482,1297,844,1374,217,412,2,346,202,496,724,212,581,1035,560,103,135,1332,766,283,592,28,742,818,555
365,1204,1313,258,93,425,687,24,1293,616,28,509,380,518,440,445,141,800,30,406,142,117,1046,1322,447,628,1327,1324,385,119,387,149,1052,1292,617,397,25,20,472,468,389,614,994,139,1003,1041,116,180,784,364,684
913,425,687,445,17,1327,1313,616,117,142,1041,1321,406,149,93,1204,977,1052,30,628,800,732,145,395,1322,180,545,1294,119,1320,28,140,274,1046,449,136,684,118,116,680,785,1003,983,688,143,729,148,784,454,469,1328
747,34,425,1052,977,429,24,468,433,628,119,459,954,364,453,518,430,1173,1139,454,1038,532,383,148,35,1293,590,390,684,779,32,403,1041,1020,445,30,1318,616,125,564,704,545,1044,11,683,405,397,1292,1061,458,395
778,1041,487,425,861,784,148,1003,568,971,230,1042,619,688,1175,264,863,324,583,1202,1322,1328,704,1152,99,1327,41,547,473,628,606,449,326,691,733,453,700,825,633,120,823,867,357,279,1195,503,694,972,984,350,252
942,1327,1313,1322,149,387,616,406,1300,1175,1292,1004,1293,1042,1076,800,687,815,449,463,1026,268,784,425,675,657,380,611,116,158,36,1003,253,1061,28,118,1041,689,518,145,445,1046,273,507,126,1296,274,1312,152,1286,982
1140,1313,1322,425,149,965,616,1004,1321,688,445,24,141,387,784,994,720,406,28,687,657,125,273,449,1175,800,1327,661,180,148,518,261,516,145,533,1202,35,397,997,628,700,463,1050,116,17,403,1038,1345,274,526,459
994,1270,1240,482,99,773,864,1023,879,1195,1200,959,1121,1352,911,499,162,1175,953,816,1137,740,908,775,271,734,1136,1152,313,54,538,179,903,208,787,286,872,264,157,1181,1102,278,913,750,1153,1011,774,568,944,273,646
892,1204,459,380,24,425,1003,977,35,406,1005,28,141,1048,1313,1321,1052,245,628,1194,17,1019,1175,385,613,32,518,510,469,180,93,1026,687,403,784,1076,1042,616,387,1292,449,1195,1327,149,258,532,454,136,526,125,533
712,913,856,819,724,966,970,587,992,1242,460,1369,633,908,42,1341,1330,1024,1224,723,838,1125,1137,65,988,1138,690,1371,186,295,1035,1239,176,479,506,368,1131,198,195,369,89,871,1184,1274,1053,1011,1298,318,899,695,1240
1155,230,954,751,502,1221,1328,556,793,286,704,1049,1200,324,790,688,435,1153,197,510,1277,918,862,675,245,619,311,910,673,732,302,864,498,1352,825,544,538,921,1042,1050,1340,700,1270,426,681,923,1173,364,1139,289,125
789,255,533,687,108,1300,454,634,1070,149,1012,1293,655,165,614,516,1004,1122,994,1026,1034,152,49,470,145,915,32,518,38,174,1038,463,268,1098,98,751,1172,677,401,11,451,16,638,720,680,973,446,267,424,1076,1313
50,687,406,1204,93,445,1321,1313,1042,28,628,977,1052,118,614,965,440,17,141,518,30,447,385,1327,1175,119,24,380,1041,11,258,255,680,468,1061,688,1293,1322,1076,149,1202,1320,459,270,387,433,417,1315,509,143,732
1197,1195,445,449,425,230,800,274,687,1322,447,1327,273,1204,426,252,125,268,1175,1328,24,264,35,732,286,28,977,545,991,538,965,1038,779,614,683,17,1004,688,454,684,468,1321,1019,397,1202,234,1091,968,442,93,141
236,28,784,32,628,1327,406,700,141,1322,24,965,1041,1286,273,164,279,427,143,140,421,180,785,274,620,41,1052,119,266,225,1300,170,1292,387,454,1091,425,742,657,49,459,412,1314,655,1299,248,1027,526,34,997,468
1077,117,1061,406,205,509,1168,1295,975,968,1292,403,511,741,67,16,1238,50,383,1161,476,472,1204,1231,1200,1093,261,1239,254,1052,1018,429,1012,405,1019,18,1084,364,315,528,258,442,417,613,796,11,532,419,430,239,435
389,687,425,1052,1322,616,445,380,1313,454,274,442,28,1292,1204,518,116,141,1042,1175,93,784,24,977,965,720,614,148,459,258,1286,1324,1194,1038,30,509,406,142,403,252,430,507,440,1139,1026,447,387,230,159,449,994
181,387,687,28,258,1321,141,30,1052,977,406,545,252,34,628,397,268,509,616,1046,449,17,1313,518,1204,613,24,350,1042,380,0,514,1324,117,381,440,614,270,1322,426,145,430,35,1292,684,634,1327,255,32,994,149
156,785,445,28,1312,419,1313,545,1293,590,425,385,0,437,472,1046,403,742,1202,620,287,1332,424,458,438,1050,1026,390,1322,91,268,117,766,1320,24,768,380,387,1003,124,563,4,1340,1061,734,752,778,994,429,32,732
129,258,255,977,472,1204,380,800,24,429,518,28,17,416,1310,976,545,392,397,468,426,514,117,0,385,141,509,390,1026,125,30,149,454,1327,395,281,1139,470,425,982,381,1194,393,1292,34,430,250,394,507,453,1300
572,1152,447,248,341,841,571,425,438,976,985,472,1143,525,320,1175,0,24,551,667,905,40,1041,317,878,968,351,863,93,771,585,1311,278,584,1049,304,28,468,1238,350,149,1003,372,1360,29,339,981,242,329,459,514
321,28,425,700,30,509,1061,1313,145,125,445,459,800,426,616,1019,149,1038,380,984,655,518,1168,395,977,1322,1175,468,138,703,34,230,1292,258,350,538,1003,397,17,433,136,16,383,107,93,35,1161,268,1041,449,1202
924,445,977,141,687,1204,406,449,30,617,616,1321,273,28,93,258,1327,1313,268,24,509,1042,1052,628,387,426,1322,385,1046,440,1049,691,117,403,518,1324,1293,1320,1175,380,590,468,800,545,34,0,965,768,614,394,720
193,255,800,387,634,268,116,1168,3,720,454,125,265,451,260,274,509,258,36,687,514,463,478,703,725,280,691,1300,994,119,1038,84,1008,1124,655,428,91,480,424,1075,127,516,1070,149,107,352,1004,449,518,475,1292
856,472,1292,1293,125,1161,459,965,261,454,1342,973,1051,383,491,611,281,1300,397,1139,279,116,1107,556,553,38,703,470,671,533,730,429,255,286,1129,464,1328,734,532,415,1092,401,41,482,91,1094,99,1287,447,268,445
57,425,628,380,32,406,977,965,17,1003,220,1293,1313,1052,518,141,430,655,1321,1204,30,616,445,532,381,35,784,118,387,180,34,412,125,459,385,149,454,1327,613,1046,403,1322,984,93,1286,281,1026,509,1320,383,119
526,965,543,518,1019,985,551,116,176,1260,576,987,472,465,604,611,506,1061,1123,415,1194,1276,1140,1319,1321,454,380,592,201,1135,762,1311,425,1342,1076,1139,1152,99,464,1292,510,67,1093,30,93,1052,320,447,1175,1366,851
350,425,93,34,1204,149,24,1019,518,687,472,440,509,1313,1052,145,445,616,628,968,688,507,700,230,9,258,403,1322,429,1175,617,426,1321,510,180,447,1041,380,261,387,28,1173,459,613,205,125,976,1293,1201,409,430
806,1113,1293,380,385,463,403,1320,11,720,1322,768,139,276,1102,784,1007,1344,1287,507,25,965,1047,687,974,153,614,1310,1313,994,613,533,1300,1026,725,24,36,1076,118,1175,142,1063,1044,657,1091,672,1004,1032,386,134,616
894,1225,555,50,1171,278,341,581,1268,511,151,776,757,871,739,975,422,1152,211,785,503,371,1101,456,803,760,170,797,863,740,319,486,1360,928,1253,33,1337,596,890,799,864,1136,1330,514,1093,543,794,911,553,510,320
437,1187,266,1204,1049,286,1140,705,419,583,312,581,1212,142,556,1059,866,258,264,876,982,884,676,629,1268,652,970,743,1084,752,1331,1333,1168,71,1101,571,960,1232,432,67,525,1261,50,1260,1225,252,1028,1238,1134,1078,801
326,965,997,380,30,445,1204,1293,261,32,258,93,34,409,140,518,655,125,1052,1041,454,1313,1003,16,616,1286,1049,268,117,387,815,381,514,17,116,403,429,24,180,35,1195,393,159,412,1067,1322,459,472,11,694,87
143,977,1312,997,30,996,116,25,545,28,140,697,1292,270,445,437,119,1300,21,32,87,919,655,981,256,1294,509,91,614,1052,734,454,990,255,441,458,463,1320,472,429,258,1204,687,1045,234,1026,427,784,1004,1293,1061
455,104,1136,304,527,867,326,230,767,495,373,878,581,341,1273,346,604,857,59,1247,553,1271,551,1209,505,782,801,332,502,1171,103,920,1191,972,580,650,1232,1248,776,1245,63,741,68,968,56,1019,324,1118,954,875,665
77,1046,93,687,996,447,425,509,30,1292,406,0,1204,445,977,1052,393,1026,270,387,1322,141,1312,614,91,409,234,655,1288,1293,34,983,11,267,1042,433,116,1161,255,1327,1050,24,526,140,256,448,468,1315,1173,258,669
340,687,518,445,380,93,425,1313,1321,472,1046,1175,965,447,149,628,1019,1041,406,616,1050,24,28,440,1052,1292,800,385,614,32,1005,468,403,973,720,1322,145,613,1026,1049,258,116,977,449,34,383,507,459,784,1004,125
1320,871,769,1125,1222,1152,473,503,415,1094,176,1149,1177,549,1146,1239,922,1180,307,1223,275,262,1056,67,824,712,1150,1248,228,236,1023,751,802,856,1264,1241,1169,576,1138,1218,498,1255,175,1256,502,232,671,174,583,59,899
480,320,1164,875,341,782,937,1263,936,1305,522,932,1302,1247,511,64,667,1167,228,934,7,890,711,572,814,1372,681,480,950,842,1257,404,176,1229,160,60,935,834,570,416,296,328,1267,317,63,237,1189,61,874,190,213
803,273,445,1260,387,590,170,1240,717,953,371,796,984,201,576,74,1051,1248,350,1202,823,669,155,973,818,810,234,103,751,279,863,1015,692,1041,1195,1238,1136,871,425,1181,553,592,617,1225,839,308,430,644,1241,142,422
597,1327,1052,252,380,87,509,994,459,1322,1328,1042,514,28,613,159,1324,1049,1286,149,768,784,142,1292,1366,258,463,400,1048,349,16,409,977,1013,545,412,1248,30,454,393,693,1000,1187,427,262,294,720,1194,597,464,805
1074,385,1107,982,20,350,459,526,447,164,538,1144,279,1332,265,406,800,1029,1135,315,468,380,696,553,167,161,150,1112,968,723,725,684,985,585,744,17,1324,1195,63,632,851,978,312,465,587,1206,752,1204,1156,1026,1340
1051,864,1211,1155,262,817,579,1246,1113,601,1347,620,1069,1058,1223,1266,317,27,1274,337,856,1152,1184,1346,1112,1252,1186,1237,1035,492,784,778,1217,946,1142,764,638,941,209,132,749,1348,838,877,889,1177,1158,342,1242,549,1004
887,425,116,449,1321,380,1327,16,977,11,141,140,518,614,93,784,397,385,1293,25,1042,387,649,800,509,0,655,973,91,994,1292,258,30,255,613,119,32,145,996,34,136,472,117,17,634,1050,720,1000,680,149,514
1181,1125,864,1152,1264,601,1058,1266,724,941,1246,769,184,838,1339,317,1271,859,279,238,1217,839,337,1365,307,1276,886,1206,1314,1142,273,542,1223,362,555,1056,1211,66,89,288,1258,1186,1111,816,293,1112,856,578,208,825,587
394,1058,1222,510,1135,1217,1036,1127,818,1332,952,948,427,473,826,939,1100,1079,772,68,877,460,1223,164,509,1205,824,779,1048,768,1275,302,550,412,795,803,141,331,299,850,66,1366,59,933,593,1179,760,322,801,1144,1032
384,688,800,445,1052,628,1321,125,1049,687,397,449,30,1313,425,518,28,252,230,468,93,1005,34,350,459,260,0,982,24,1204,1195,538,268,965,380,220,545,700,1175,1076,245,977,613,1004,532,180,1018,440,734,996,691
922,1295,1300,687,142,996,425,1076,1176,180,614,1304,1327,1032,965,1313,1202,119,11,116,478,257,118,720,997,1195,387,433,509,255,16,412,145,616,93,518,507,117,449,800,440,406,599,268,779,1070,1294,1061,1096,729,1290
1128,425,380,687,518,93,28,1052,1313,616,1019,1321,24,385,30,977,613,387,1046,800,149,397,509,141,1049,32,1292,1345,965,1175,440,403,968,628,614,1005,1026,417,472,973,1327,0,447,35,720,142,429,140,468,1197,1320
1228,425,687,380,24,449,1204,28,149,397,977,445,1313,616,518,145,258,406,1052,180,1293,1322,532,1003,442,454,1327,1292,93,274,141,684,1328,268,688,1046,613,614,1321,32,1042,17,140,148,430,1041,116,440,459,472,385
1110,1313,687,93,30,1321,28,977,616,1052,387,1204,628,1046,34,449,509,518,258,268,1202,270,1019,261,1051,426,720,24,252,380,447,613,136,975,16,1327,1041,145,149,1003,385,973,141,440,1042,142,996,965,984,617,1322
607,856,910,1247,67,688,585,862,790,845,205,261,912,665,1248,33,284,324,1254,1042,786,593,853,187,921,883,858,1310,875,1269,774,1304,1094,668,842,201,555,62,740,60,61,803,549,1039,1255,841,332,918,453,1242,923
843,1204,459,93,1052,445,425,464,281,514,116,440,141,258,1292,687,194,977,688,965,518,1327,1328,982,800,18,159,675,1194,389,503,403,149,286,349,380,543,454,1313,684,472,1019,815,1044,397,406,274,616,712,364,152
306,687,445,380,1195,449,350,93,1019,613,30,800,614,447,258,976,680,425,1293,965,116,1175,1026,468,149,430,919,472,28,142,24,145,725,403,438,424,973,514,616,1045,1037,1005,1318,516,16,1296,1321,29,779,1345,683
939,225,273,1082,125,703,807,1116,701,1168,164,700,38,1092,1328,1140,227,241,1136,261,599,751,1348,439,419,402,732,1107,350,673,431,430,706,452,141,85,1123,1131,552,254,1342,1295,230,671,1047,970,729,705,985,43,281
575,1052,459,977,425,1324,381,545,426,445,1020,393,30,1313,1201,258,28,34,1204,1049,951,400,538,683,406,968,982,585,111,141,973,693,842,634,22,518,898,20,1042,0,252,1194,350,94,739,397,2,409,616,264,394
1170,33,1085,453,583,148,1366,1327,1063,324,1316,67,1068,860,1269,862,120,1194,801,1328,34,619,1304,793,1310,556,529,1046,1320,578,536,25,95,273,833,510,1274,785,1018,842,1290,57,600,582,1364,463,554,1337,687,550,471
1039,93,406,1313,977,1049,1204,518,634,1052,1041,1327,616,628,258,438,424,149,403,136,0,1194,28,784,752,975,364,687,509,1173,1003,795,468,614,1046,32,792,427,1202,994,683,412,1292,577,655,617,1324,445,1321,458,590
761,425,687,258,518,380,440,30,976,445,613,149,0,1175,1324,1313,616,447,509,472,1019,28,406,965,514,1052,683,1311,977,617,1046,409,1310,997,1139,468,1327,752,1195,1045,1293,1292,1047,628,968,16,117,417,1286,614,141
893,223,1293,1047,1157,339,1222,399,620,1131,798,651,1024,941,1138,535,1216,750,1045,1334,1264,1011,1160,738,749,1058,563,713,415,1158,506,337,919,228,1020,652,1075,778,717,458,423,1174,1014,690,904,1044,997,916,742,393,1214
627,1262,862,1049,1272,339,683,62,1228,210,214,375,1256,572,854,1353,878,1358,1019,1239,333,1248,1279,22,371,373,860,1139,866,816,752,791,836,670,499,1365,592,778,199,330,1232,1029,207,341,102,938,793,839,23,165,370
815,350,706,140,705,968,164,270,1047,1067,687,749,1041,1029,982,223,425,1049,738,32,17,628,444,1092,717,1025,1313,172,1059,439,225,424,465,1109,438,647,1139,683,649,732,1169,441,1231,630,1174,274,125,533,1229,1112,965
1264,67,433,220,1335,1373,50,286,125,1238,525,38,1067,56,1354,196,1232,774,107,37,1161,965,526,845,1349,854,1371,372,1235,954,324,1319,1022,532,553,608,641,582,41,59,748,249,1165,751,375,762,1038,877,273,421,426
76,425,261,1202,437,768,406,398,394,34,1312,557,532,117,415,1038,381,1173,438,430,112,419,1321,544,1014,522,91,350,409,1061,35,977,795,254,569,570,219,473,1191,564,1300,745,491,447,11,617,567,397,576,1292,454
1135,687,688,1052,1321,252,425,1313,230,149,459,380,141,977,258,24,1322,445,406,30,518,700,35,424,426,982,394,1327,454,28,449,1005,385,381,430,20,538,145,720,1003,261,1114,784,1004,628,965,509,255,225,118,245
87,496,603,522,319,887,844,74,187,437,201,433,1248,320,1093,937,416,1225,592,569,1062,374,1373,304,631,785,151,422,559,768,970,462,585,183,967,607,401,109,935,460,823,482,609,600,870,871,1119,211,950,390,234
1290,268,687,125,17,459,397,1052,230,445,145,1313,30,680,701,1322,449,977,661,657,463,1019,174,784,24,614,518,533,258,720,20,1004,263,979,1026,425,426,965,273,628,387,1042,350,1204,25,700,257,898,706,800,470
265,380,1292,518,472,93,30,387,1204,258,1327,614,445,687,28,996,397,459,514,613,1322,977,252,454,16,116,1313,149,381,118,425,87,997,385,545,1026,400,616,364,655,784,965,1046,145,119,0,180,32,395,994,1321
503,1191,439,761,737,771,419,1271,292,742,728,50,164,167,1232,357,543,498,738,1327,1058,756,1175,732,1217,224,60,442,129,736,522,193,795,1060,565,731,752,1151,181,1247,225,769,775,59,1064,1120,99,555,778,704,64
987,1112,611,1152,1222,1123,1102,1191,668,502,311,1218,1111,236,1023,705,1155,876,1131,741,1160,1211,1344,719,543,762,290,1113,39,1235,48,813,1129,760,362,279,1368,473,1171,1137,1183,1260,1230,1149,278,988,1036,176,204,585,198
376,196,433,784,1052,16,1119,468,634,1325,28,1194,693,459,792,655,1064,905,37,304,628,736,203,614,116,704,92,538,1051,409,764,1210,1272,1373,836,696,574,570,692,1100,199,1127,743,423,989,878,1352,336,413,255,132
358,472,1292,425,445,1204,1175,141,1327,965,380,93,258,1321,518,30,24,387,1003,145,274,1052,1293,427,1026,35,1046,1099,261,1049,509,449,1041,28,703,152,463,406,1328,1322,119,533,628,397,464,403,268,447,614,438,459
184,425,30,1327,454,149,784,1313,93,145,1038,628,688,445,28,1321,125,273,274,141,387,24,136,1041,1042,984,119,449,700,180,440,1320,268,17,1046,1003,1175,25,1287,655,380,459,20,433,385,32,1089,426,616,429,261
238,687,261,1161,509,117,472,1313,425,258,1099,1292,364,752,1173,543,507,1328,406,1026,32,1204,1094,93,435,230,383,440,1300,125,106,243,1342,9,30,975,24,447,380,419,679,684,1327,968,1052,274,729,110,270,1310,514
1162,687,1327,614,141,1313,800,142,464,1052,30,116,1042,425,1320,965,261,424,994,688,245,139,17,977,459,680,997,463,694,1050,274,1322,385,533,1204,1044,1175,1293,234,634,268,20,1023,427,449,350,470,1092,1328,327,145
519,364,445,688,975,1003,1313,30,140,1345,684,1173,613,34,9,1321,270,32,138,1296,281,403,1029,910,465,1148,274,406,294,628,126,0,24,632,505,378,984,511,1089,145,1169,1292,717,1318,440,18,514,1341,125,1054,1046
1117,1321,30,1313,977,1052,28,445,34,628,93,616,1003,687,984,17,1202,261,440,1041,509,230,136,141,779,468,387,1019,417,125,220,1204,590,981,1038,24,965,1061,430,752,405,77,1322,617,648,688,145,613,391,273,657
206,1204,425,440,472,141,445,380,1026,454,628,149,1292,93,800,518,258,180,1046,406,977,449,447,996,30,1052,1161,965,381,1050,118,429,119,997,32,20,514,270,688,255,383,703,616,982,35,116,140,438,509,387,459
227,425,518,687,445,1052,93,258,30,380,628,977,1292,800,28,406,509,381,965,440,454,0,613,397,1019,409,16,149,468,459,976,1313,180,616,997,617,116,142,688,472,378,507,784,994,403,655,389,1003,1318,140,32
26,595,839,175,425,389,816,325,847,214,593,341,572,504,775,811,207,1256,714,211,1271,776,870,867,757,1217,1266,553,785,570,609,326,596,1255,628,752,104,70,882,683,56,856,1235,916,34,846,692,629,332,93,66
1245,425,687,445,1003,30,1313,1175,1038,141,1327,784,125,17,440,387,252,149,616,230,1019,1202,1204,509,1052,28,1082,261,93,628,1004,614,468,454,1294,220,732,1300,136,977,1046,16,997,691,35,1286,720,648,459,397,1045
232,24,119,1292,406,30,977,378,509,93,518,141,447,784,20,1014,454,435,0,1031,11,463,655,1324,1313,389,1139,33,445,1318,140,446,1019,87,409,383,18,468,516,507,994,258,403,628,687,1046,315,472,429,1041,1070
697,854,887,861,862,312,593,1251,592,510,319,554,431,981,416,584,62,498,1222,823,780,591,603,1141,1371,570,1269,748,1266,562,567,1262,1161,210,986,659,582,525,875,201,286,564,845,268,930,752,577,460,67,785,555
54,424,425,381,397,687,117,977,258,392,532,545,1174,91,445,1341,111,429,729,1026,897,478,919,11,449,17,140,225,896,448,256,983,385,1188,4,628,812,703,990,270,395,443,1176,141,9,139,684,675,109,110,685
541,1135,370,762,358,1200,1230,477,367,173,328,366,224,196,736,737,191,551,114,1130,1338,915,726,246,1274,908,1126,495,222,360,851,320,311,190,962,1253,1085,754,109,812,189,53,905,1220,160,86,537,498,278,1178,1357
1021,312,1266,525,1152,354,104,210,753,1251,863,861,1265,818,1142,373,317,1196,1270,1186,873,66,836,233,878,1156,201,867,290,332,553,80,1112,296,733,547,574,62,868,862,1244,854,1264,782,1257,860,1222,602,1258,54,144
588,264,1106,368,177,1205,784,994,646,350,839,861,634,545,1252,980,324,1296,57,867,234,862,1031,1267,174,633,1004,1341,426,688,606,459,1035,64,674,503,620,898,470,1100,1248,320,1338,39,211,823,89,762,920,372,916
114,1324,350,447,273,459,1138,701,538,20,977,149,1287,517,1013,994,1328,1327,424,30,425,1194,431,784,1140,385,230,397,716,686,336,1322,9,252,255,1204,1175,1001,614,1063,717,261,22,1368,616,715,1107,443,241,159,429
1256,717,1286,266,1314,30,700,662,423,28,784,1333,93,711,1023,706,954,1327,345,1052,616,689,1293,1201,1217,654,359,755,436,141,47,546,145,414,743,1046,1313,617,236,1045,172,1085,518,468,1001,712,664,1095,220,1172,762
762,125,387,1321,1322,425,1175,445,273,406,687,965,1313,1328,28,32,720,1292,1049,380,800,17,447,145,118,1204,1003,100,268,274,149,616,628,655,518,996,41,1091,230,136,35,532,30,1286,464,614,509,38,468,784,153
289,425,445,687,977,784,688,1052,17,800,380,1038,406,252,20,614,30,141,258,1046,720,255,136,449,518,28,628,680,590,11,655,616,459,145,394,270,634,387,397,1045,93,118,978,1327,241,1042,701,1175,984,315,430
417,965,149,1038,125,1092,1004,470,245,17,1286,687,449,454,1003,712,152,225,463,150,459,1328,1327,647,116,274,706,268,918,37,800,145,533,1321,703,1313,139,174,273,138,700,1292,248,1342,380,28,688,532,660,1026,43
1141,533,1321,1004,657,662,624,1313,414,1009,28,1038,38,220,25,655,387,266,470,725,37,996,145,630,706,125,381,1314,1323,784,449,1043,127,689,35,532,768,256,1293,1083,34,697,428,352,43,174,430,451,177,822,705
536,279,1065,1272,125,984,871,1165,657,41,784,1004,1229,954,264,1041,31,470,89,453,931,277,1139,169,368,67,1335,1341,1051,333,525,164,268,38,970,1332,763,1181,659,1202,282,1291,241,388,1003,71,85,606,336,362,697
313,687,445,1313,1042,977,149,1049,406,1322,93,1052,1327,688,394,1204,30,800,1321,141,28,518,616,20,614,258,1003,24,449,634,424,385,994,590,380,440,617,142,1195,387,34,459,1175,17,628,454,1194,447,270,976,1202
1232,445,1321,406,1313,116,449,30,387,141,628,1052,34,93,1292,590,784,800,145,688,1042,1041,1046,614,507,32,440,1293,454,24,472,1204,17,1327,430,1202,459,1195,385,258,149,680,994,119,965,255,424,1049,397,720,1026
292,684,435,891,1094,1270,570,1292,64,659,1,1169,50,18,249,79,58,1225,472,175,1331,49,274,535,567,211,1012,887,38,676,67,1034,203,1268,677,1281,407,319,194,949,1309,727,556,867,863,1182,511,371,837,671,202
267,425,965,380,977,509,518,687,385,28,459,628,268,1204,1321,1050,800,1322,1293,1046,616,613,976,0,532,1313,397,472,387,149,815,784,445,1026,545,32,1327,117,1027,11,442,390,406,742,655,17,1052,381,30,1014,669
138,977,1204,30,1313,616,380,440,11,20,258,1046,406,784,590,518,381,24,1042,1003,17,614,973,261,16,140,28,93,984,403,509,25,1052,978,1045,270,119,1320,34,426,800,438,180,1315,997,417,691,252,1345,680,145
284,680,426,687,1052,234,459,9,260,381,395,468,125,397,433,158,258,973,636,545,387,815,1026,315,256,472,1307,448,1124,1300,449,1318,111,17,779,46,470,996,366,119,110,675,897,445,98,1129,1043,804,710,126,706
965,1295,16,294,119,455,990,413,1290,993,611,1039,450,550,1314,142,1032,672,509,1266,1176,1112,423,657,1127,92,1369,1101,1231,687,1106,841,205,460,981,168,1304,259,206,1153,1300,451,227,1066,552,723,1164,122,164,95,1083
150,472,509,687,409,514,34,119,117,997,1292,93,1168,800,16,380,445,381,32,30,454,395,996,256,116,1321,464,1300,662,1046,1014,449,258,439,688,401,411,429,400,1293,387,364,977,1295,703,118,655,459,268,9,433
938,125,1175,1300,543,1061,687,1327,41,732,509,164,991,271,1099,1161,996,478,126,412,510,613,464,163,427,1041,149,32,425,1313,1046,99,274,442,720,158,532,1322,1082,1096,1091,1319,465,433,498,159,742,380,1328,614,387
1234,141,628,28,180,149,125,387,1041,1313,1321,380,518,1211,24,17,427,38,425,248,145,412,784,1004,152,421,274,406,41,287,1322,32,977,116,1311,617,1027,1026,1058,245,43,472,164,655,785,385,526,997,688,687,1204
492,1204,766,1292,1311,274,449,1195,1310,1293,50,350,447,117,1004,968,965,532,800,1041,1161,1173,125,687,751,230,32,771,438,498,116,533,1145,518,975,996,918,149,543,1019,387,452,419,977,752,416,510,675,1046,683,24
488,273,1042,201,688,1013,33,412,1262,149,70,1332,325,724,93,422,1256,853,1322,606,1140,839,71,341,883,233,702,118,856,1018,790,1243,887,593,862,966,583,586,923,633,536,1248,74,970,624,811,603,447,1327,19,214
631,1251,856,160,177,915,636,187,298,1277,1210,154,1147,718,1100,740,191,358,1367,1302,57,1372,61,970,827,961,1352,943,306,178,367,952,328,179,1098,603,1220,366,705,322,723,369,1290,942,1087,875,647,877,955,600,295
96,687,387,965,1313,1003,28,1328,1026,684,1004,117,729,442,1204,440,688,385,996,261,1293,255,93,145,1050,225,139,518,1300,32,1038,116,545,397,406,975,273,381,430,30,38,41,507,468,636,1076,364,509,1311,613,1296
250,977,425,445,397,24,380,614,142,784,800,1204,30,258,315,117,1313,440,1327,25,1026,447,143,140,680,449,268,459,11,996,119,93,1045,118,1038,590,443,613,454,701,1324,628,965,1320,87,17,898,463,973,33,976
695,1154,684,286,164,298,864,970,1352,954,556,1041,273,671,915,751,918,1328,498,67,1136,415,1151,1341,419,279,1246,502,306,350,604,1290,278,705,264,402,1231,854,771,312,1169,507,294,766,177,550,311,871,676,1274,985
52,687,387,30,28,93,688,977,616,1313,385,628,449,17,34,590,24,268,518,136,1052,397,426,258,380,440,1046,273,252,1287,1204,138,1042,459,1202,149,270,141,509,720,394,1322,16,1320,125,700,433,417,0,429,430
897,1204,28,425,977,965,24,380,800,459,1313,613,397,509,149,976,430,454,406,628,616,687,1320,30,117,387,1042,385,518,180,145,468,975,1322,315,1327,93,9,426,1061,141,1292,1175,982,445,1019,1049,453,440,1293,684
909,425,149,24,1204,1293,1321,472,380,1049,449,1175,1313,977,459,1292,403,445,1041,688,616,454,30,628,93,32,1050,784,141,261,406,35,1311,1195,1038,438,510,1076,383,1327,968,533,1019,1328,712,590,34,1003,447,1046,976
285,445,425,687,397,380,613,616,1052,24,385,628,1313,387,509,141,965,429,149,117,518,16,784,30,143,440,614,1019,140,590,1327,406,447,459,1046,449,20,270,634,975,1042,472,118,142,0,268,443,1049,688,11,17
1012,535,636,138,198,506,449,994,634,177,552,590,898,1152,686,791,1194,823,715,687,1174,779,366,1310,1234,762,1098,220,1011,474,839,1270,1187,1036,949,65,205,1177,998,1052,946,1019,680,8,170,1014,381,24,64,438,569
935,425,977,440,17,617,30,34,142,93,429,77,1321,459,720,564,649,392,141,567,1327,1176,380,999,445,616,779,397,637,545,687,138,509,981,91,136,411,165,385,438,1052,1202,628,25,898,688,424,393,784,1046,1322
1243,687,1321,628,1313,1175,445,977,1003,17,93,784,449,440,688,1041,700,136,1204,1052,387,30,1019,230,616,1046,459,469,1042,691,149,385,145,614,180,509,991,34,1287,1327,613,1320,975,141,518,152,125,245,426,516,28
464,862,860,1271,986,827,854,1256,1211,877,826,834,593,875,1236,1249,604,839,1177,496,215,887,1186,1152,332,847,857,565,1190,67,334,571,1081,756,1235,846,595,553,870,56,302,1244,881,1255,1133,104,1237,1264,519,1208,105
290,1322,1313,965,225,125,1175,24,1038,784,253,380,248,387,628,616,220,614,1321,1327,1311,533,1345,620,526,688,118,516,1312,518,1041,445,17,918,657,139,532,1204,449,93,459,425,1091,141,1286,655,1048,1325,1005,996,1293
500,1019,1311,518,1048,1310,965,1222,442,510,1140,507,976,968,543,286,948,503,1293,556,1175,445,270,977,350,1152,785,746,1258,805,279,1046,1330,1172,273,616,732,617,487,592,1113,1120,751,1102,1237,482,186,298,1050,245,129
1031,688,274,1327,800,684,1328,261,149,148,389,425,1062,324,918,1049,1296,159,616,815,896,126,95,49,426,470,535,1290,632,1052,197,93,1340,391,978,694,326,827,732,284,545,1099,120,998,1153,464,395,503,153,442,230
194,1204,613,509,425,28,687,445,1052,406,380,518,616,1049,965,1313,30,976,1324,403,141,32,142,149,117,34,800,24,977,468,397,364,628,0,1327,1292,25,440,387,9,143,1019,20,1322,752,140,1318,653,1293,617,1026
883,425,445,977,687,118,1041,518,1085,385,768,785,1292,24,532,438,0,390,543,32,533,11,116,1004,387,1312,1313,270,449,984,628,447,403,689,472,1327,117,991,1162,815,381,514,509,1061,1328,996,416,975,12,153,273
1267,459,977,1321,425,1052,543,553,1019,24,30,380,518,688,430,582,1194,973,161,17,426,1204,845,1260,409,628,472,320,896,180,385,1332,442,406,118,2,270,1064,1139,1029,606,584,1320,1140,350,526,415,1042,1015,744,1188
814,219,973,1174,112,680,127,20,428,838,977,6,314,315,1132,39,978,222,23,1199,1138,21,231,51,951,825,458,1015,26,293,4,457,969,455,42,280,697,262,63,1188,962,366,503,897,966,1239,1090,645,563,55,621
21,425,445,380,518,141,258,93,1052,977,472,28,614,24,30,255,628,440,406,149,613,140,800,397,385,459,381,1313,409,449,34,1293,509,1292,403,117,1046,468,417,447,514,1321,1026,1310,435,16,387,180,1316,270,968
230,1046,425,117,1041,126,1051,1341,996,1105,1300,1292,448,676,977,438,1318,83,616,1097,15,11,445,649,543,1176,146,698,143,34,390,455,1227,257,628,1342,745,315,440,1026,422,219,430,717,16,1293,973,706,680,138,491
361,24,406,687,977,149,1204,518,628,28,454,30,445,397,1313,509,34,141,145,800,459,93,380,440,1292,468,1026,430,703,613,378,688,17,1046,385,381,9,1322,1042,616,261,1324,752,138,1041,20,364,426,140,180,784
90,93,258,425,687,380,406,1019,1052,509,141,1049,0,613,977,1321,28,16,472,24,468,403,1046,381,409,447,397,1313,514,1292,617,429,1005,1173,385,389,616,252,614,20,261,1202,440,997,140,438,315,1045,1293,800,973
329,687,614,445,387,1204,425,468,380,800,427,1003,454,93,140,1195,518,1292,440,1070,30,34,406,149,116,274,412,125,1321,447,1049,16,433,28,1004,997,1345,1327,17,449,700,381,258,142,35,260,980,1041,684,272,616
1121,1052,28,1204,459,518,35,268,387,815,1293,636,1195,1322,380,976,1026,24,507,680,139,1070,468,258,1044,240,364,397,533,16,454,449,998,399,9,688,613,245,141,973,1300,118,315,47,1067,426,509,693,403,687,424
1129,1204,380,518,93,28,1049,977,509,613,616,1310,30,1313,800,32,425,397,1046,472,141,149,994,1052,0,514,24,752,403,142,687,1005,389,9,399,378,975,385,982,1292,1026,387,116,18,1293,20,140,429,1322,1139,973
1157,800,149,616,518,141,1321,1050,1067,1003,439,965,281,445,1311,732,294,225,1327,268,688,403,350,258,1175,28,687,684,1322,387,1047,465,703,140,994,93,459,701,1107,442,1204,614,1328,252,1293,1292,164,24,1140,50,126
1281,380,1052,149,425,616,141,1049,387,28,1042,1292,17,454,784,1322,977,1286,252,688,274,687,350,1041,442,430,406,1204,1003,543,385,684,1175,1194,518,468,445,258,93,395,965,509,720,253,982,230,545,1313,1321,655,514
159,4,1124,720,126,948,730,211,162,36,415,511,249,908,1198,224,921,1051,985,14,151,1012,806,1061,1296,330,3,462,294,830,1337,58,1176,1197,197,315,1116,638,753,795,1171,15,1213,268,503,387,308,634,158,505,219
593,317,233,304,867,834,607,761,1119,1131,1117,199,603,1247,619,844,1239,966,755,423,1255,1210,332,1133,1191,1353,857,113,1110,861,754,1152,65,870,842,433,1053,875,935,809,46,1232,971,1127,1141,523,519,794,229,883,992
1250,1195,465,1076,661,464,706,286,997,1065,482,1342,751,477,502,1112,350,311,499,960,965,259,404,220,240,39,726,103,1101,272,551,118,451,1135,973,611,196,233,173,1349,1126,1319,648,195,562,264,694,261,135,1097,1137
1153,1321,687,387,406,28,141,977,93,628,34,518,385,17,1313,509,258,616,268,380,255,30,449,381,1052,688,1046,24,429,590,397,145,1327,273,350,274,16,1202,125,800,252,140,984,270,1003,784,116,1322,119,403,138
1193,688,380,385,252,445,459,800,977,1321,397,350,387,1052,430,1313,590,425,538,449,616,1003,1204,20,443,968,455,1048,447,31,35,30,145,994,982,973,1173,1046,1067,138,400,243,1322,383,28,679,1023,585,270,617,24
665,412,766,464,775,585,1373,41,376,1293,1275,1335,931,811,321,1332,425,702,1175,543,1042,1366,201,1041,380,93,603,496,273,1262,560,768,482,1200,525,575,691,504,394,1322,607,856,880,1205,1048,283,1044,655,28,66,600
874,1052,24,459,976,30,518,977,406,34,149,965,800,687,634,784,507,1161,145,1204,387,1139,973,590,425,141,614,1327,688,472,28,1321,397,1041,116,234,1292,700,380,426,350,1038,684,449,383,655,148,768,261,514,442
1032,504,326,66,1346,1348,632,934,244,879,1245,946,647,844,1114,582,978,210,756,530,213,1211,933,760,332,1184,1263,1280,1249,394,826,595,62,1247,900,1209,911,1305,1262,37,325,215,245,1283,949,883,302,60,1270,935,780
885,445,1046,972,419,567,785,502,472,1190,1153,637,977,108,91,555,540,1292,427,117,732,0,778,649,109,319,1291,871,1051,968,981,570,377,6,1234,1202,1200,1168,116,425,44,545,577,509,1140,910,181,929,1086,140,1139
122,125,687,255,996,1195,260,1004,425,35,1307,268,145,274,433,779,397,1026,1312,991,1300,1335,614,28,395,800,249,813,158,1296,454,729,691,1372,16,1321,43,918,426,153,624,452,720,1322,568,116,1328,1118,1124,1226,148
1218,977,425,472,24,628,687,965,32,688,149,445,984,380,438,1321,397,417,406,387,449,1173,1327,1313,385,507,383,459,1052,253,1293,143,1322,1204,138,1286,435,454,1005,703,378,510,412,617,1046,518,1139,180,973,17,1328
323,614,1052,141,459,634,1204,977,445,380,1313,255,116,1293,28,472,687,34,16,87,270,425,409,387,973,430,385,149,994,93,424,268,463,680,142,1063,1019,815,1321,1042,1322,258,805,688,440,145,1048,1041,350,590,17
1136,1321,1202,445,387,268,17,628,1175,977,1003,125,691,412,449,230,700,785,590,406,1041,599,985,1195,657,984,954,525,180,687,1322,141,1082,617,624,28,270,1327,616,1287,350,41,543,24,119,385,419,1313,545,532,145
606,1241,791,856,273,312,576,1243,1152,316,1222,1366,1019,1248,1180,862,571,940,952,1256,70,288,460,1022,780,1258,790,1190,887,986,335,1264,1242,1120,167,1255,473,633,465,1223,72,549,1204,319,1149,611,1239,592,541,1276,447
1096,885,736,303,1252,191,1147,1121,932,245,765,1217,530,369,733,826,1275,756,874,317,337,1211,1305,300,504,1368,1039,1156,843,1370,731,587,1346,966,1367,1106,218,1222,1355,343,1021,838,229,160,75,501,1357,51,880,61,1146
1247,445,1321,634,1004,268,977,459,149,397,1003,687,994,518,116,91,385,225,24,662,425,381,973,17,428,34,394,279,1019,918,273,688,245,30,1013,220,620,1045,1330,472,700,16,1252,701,378,417,1287,1286,150,323,898
573,1222,245,1271,864,749,1048,829,1263,1125,1118,1003,1152,279,1131,1249,1136,1107,802,1266,1112,1102,700,306,317,380,769,164,1293,778,576,705,1023,415,940,1058,459,305,1183,168,181,134,1236,1169,1321,1175,1047,1158,60,758,1067
824,274,447,1175,93,425,687,1313,30,518,445,614,634,1049,315,1310,800,538,507,145,273,469,1052,472,149,1042,977,680,1324,613,636,1046,688,465,449,1026,403,20,1047,294,616,387,1201,32,965,141,1041,230,385,1050,261
716,556,766,316,1260,829,970,1246,279,749,864,294,1270,1102,769,1154,961,827,1278,187,886,990,1277,14,1258,1263,985,1170,482,1169,168,496,179,747,1113,1229,856,1364,976,852,1366,291,108,1243,539,1063,887,1340,1233,186,1276
714,118,736,292,325,734,62,1238,954,296,196,692,281,1029,995,718,628,797,670,373,741,836,466,1289,1131,433,1299,639,270,920,1268,1174,876,1227,439,555,1304,1007,731,322,1113,1287,774,1144,476,758,901,125,528,808,509
141,35,24,509,30,406,136,628,383,445,996,32,381,380,125,1292,93,28,720,1313,1204,507,1320,973,1287,385,403,440,1046,1061,1293,1052,397,34,688,425,449,1318,983,20,268,464,1076,590,409,1202,815,1050,141,426,977
1092,312,93,149,1322,1313,385,1311,412,380,689,1328,274,657,447,1204,1316,1296,675,425,1003,364,732,180,17,687,386,142,442,1004,1293,319,145,389,617,1148,25,862,1345,1310,1096,465,688,472,1037,533,1042,965,391,118,143
1163,445,1204,1292,1052,1194,35,997,93,380,397,968,24,225,977,258,688,976,1324,350,590,518,0,141,261,425,1005,252,706,1195,973,1030,1327,510,16,472,28,1286,126,32,672,271,1318,1311,403,1313,1067,613,439,1202,800
188,800,415,9,472,1002,149,951,1310,24,281,965,411,1204,1140,18,1049,706,77,430,687,259,1308,1321,156,1052,449,1114,440,1361,482,386,556,381,1070,447,532,1076,1161,1013,510,258,470,666,682,1050,364,438,260,896,514
951,687,445,1321,93,616,1042,17,688,268,1049,149,1322,518,1313,628,141,385,270,449,1204,412,35,24,440,30,381,1003,77,691,433,614,977,406,701,350,380,387,459,118,657,617,28,1287,800,391,636,394,397,429,1004
1105,459,425,1038,700,406,230,430,30,426,387,252,977,397,260,590,1321,1313,599,468,1019,1012,987,538,220,17,141,385,258,918,445,34,666,315,1323,5,973,454,28,693,429,688,1089,898,1087,1320,145,720,453,634,687
264,425,687,977,445,380,406,965,385,518,1175,258,449,93,800,141,628,1052,28,613,30,440,447,397,149,616,387,976,1321,1003,784,973,1026,1292,1313,1293,509,614,1019,142,32,454,1322,136,442,403,1320,688,119,417,1041
919,687,28,445,628,616,977,93,406,1313,387,258,1327,1204,380,614,1321,1003,30,385,1052,397,180,440,17,518,24,427,145,142,459,449,16,117,688,1046,395,800,1175,417,274,1004,442,381,116,965,119,34,25,1322,1038
621,712,839,836,1270,1221,203,740,1366,588,803,584,585,862,751,304,861,324,170,1246,191,846,1359,597,857,371,1260,1248,891,188,1194,1036,821,88,924,755,867,930,286,939,1258,917,302,326,1144,1160,949,1278,1187,59,1367
450,445,732,93,1313,1175,687,509,425,1195,387,463,149,701,715,442,507,1294,274,510,41,30,146,142,1125,449,1290,465,141,136,129,438,720,1335,994,164,1076,145,1049,768,266,805,1325,270,1299,273,614,1032,658,350,516
728,522,553,842,646,292,606,524,644,287,1012,58,583,536,111,103,568,39,604,798,237,416,1009,797,762,577,600,811,161,928,592,790,623,1256,211,415,487,323,489,102,1040,80,321,1245,196,610,723,948,1225,326,434
98,445,616,406,977,380,141,1041,93,687,1050,149,1204,1046,24,472,0,387,17,1322,1327,440,35,117,1052,468,459,1003,628,140,815,1049,655,1004,145,116,11,258,403,1173,1026,784,509,533,255,125,1328,613,409,383,518
524,966,499,587,311,623,921,65,920,952,328,803,806,1157,86,826,960,1209,229,493,650,1243,1116,187,6,304,1190,288,1201,51,1206,922,925,923,191,948,201,1277,178,1167,486,821,1170,287,862,336,1274,798,586,505,530
545,646,1350,99,50,774,509,1194,1292,121,1039,127,1310,795,1330,172,265,1140,1238,44,1127,756,450,9,504,385,801,119,387,888,507,1007,1206,1351,1084,1261,47,250,221,865,1057,729,1031,641,1121,590,1100,412,1048,242,208
1061,274,1120,350,1004,281,1050,177,230,1154,533,1116,657,798,220,518,268,37,751,1338,164,1002,503,918,712,133,507,766,475,286,1296,145,761,1035,544,116,424,502,501,148,273,255,532,1038,1352,800,167,1022,223,704,480
584,1204,312,1175,1310,593,1173,539,1271,634,1221,628,1041,302,1140,785,571,447,845,506,1019,1113,1177,1154,577,1211,1238,507,565,864,839,604,918,493,1149,841,869,774,854,750,714,518,230,832,1311,438,688,847,510,1345,862
685,687,425,387,800,1327,141,977,1321,1046,1328,509,628,93,1052,518,449,1049,1313,149,116,720,258,545,616,138,614,984,273,1322,117,0,684,380,613,32,965,1202,274,991,440,381,688,16,145,468,24,34,25,17,514
233,1327,1322,800,687,1195,518,445,1042,425,994,258,684,1052,965,28,140,268,459,141,464,138,784,20,380,680,145,1313,273,614,720,77,1000,453,49,477,543,977,1062,533,350,136,636,125,896,260,599,712,1286,424,630
953,687,1175,425,1313,800,380,1328,1204,784,445,93,274,442,1292,463,258,116,616,1052,1286,141,454,1046,1194,752,1324,28,614,683,518,419,1322,994,1042,18,507,1314,140,148,270,1003,440,785,30,1062,732,364,403,1139,509
976,1222,952,460,1135,924,751,850,256,838,1366,1036,1230,482,301,1252,1120,115,1130,904,610,217,876,367,1028,1033,293,488,880,877,212,342,941,337,477,894,85,257,510,376,1339,1369,1137,191,74,1116,39,222,884,204,603
274,687,1310,800,397,701,472,255,454,1026,258,590,518,9,634,614,378,1204,385,425,281,268,30,440,999,435,380,1162,507,1304,20,243,35,680,1161,459,449,688,510,438,445,977,613,1018,394,1050,1173,1070,994,426,390
730,800,684,286,66,350,57,1042,1340,393,1366,273,592,310,823,861,148,972,534,514,1139,887,264,553,852,372,522,274,619,1140,234,230,503,502,37,1332,19,793,281,268,991,578,295,434,251,426,583,704,688,582,1019
618,1152,862,1247,864,834,317,335,1246,1264,205,320,1141,571,846,593,861,780,841,803,1191,863,104,413,1365,201,66,59,565,827,1236,328,1180,1154,832,215,811,570,233,875,816,326,56,756,523,371,1222,1255,324,966,1249
879,1048,1270,298,1102,47,588,970,1084,401,781,766,1042,179,503,507,241,58,495,1195,738,96,1038,482,1154,954,464,1310,313,1169,688,1328,274,1036,79,906,594,220,625,320,615,740,1212,225,998,732,1352,1041,539,128,86
381,440,389,393,583,990,616,364,117,564,1044,825,526,469,205,465,118,111,1042,910,547,1076,1201,619,267,197,458,1153,661,87,571,815,586,862,636,558,1139,447,614,812,523,1174,1101,975,670,70,411,965,921,470,954
444,655,990,706,1049,1152,689,654,141,1286,220,1372,361,1212,1047,789,543,1067,738,917,705,17,1321,380,94,891,1211,248,153,1095,427,167,713,298,722,1254,1158,1024,359,439,1292,1003,1085,1155,164,166,1105,1127,1160,134,1207
161,287,1044,1113,965,1211,1293,1345,1313,1254,1099,32,732,1175,542,1143,1058,784,1050,986,229,864,1148,1344,17,1311,1034,1067,997,1263,487,169,87,1102,526,498,41,289,555,276,439,156,785,860,393,329,1206,1266,76,136,61
395,261,1022,543,1107,415,1175,661,1292,1300,1264,472,164,383,159,450,720,1195,805,401,1222,997,273,715,167,439,233,227,702,1035,1135,1204,1076,1287,678,464,295,859,1132,694,290,105,641,41,1296,518,116,168,1208,552,583
963,268,533,1050,350,800,149,447,230,35,768,449,720,153,1175,1019,125,274,1313,1013,1038,1312,387,688,252,1008,994,916,225,245,657,416,687,1345,445,616,276,1003,1321,700,638,545,1076,1311,231,93,25,138,1293,1327,273
1166,1125,1291,1111,1102,1292,1222,99,1344,1311,1293,308,1276,539,594,1278,851,168,494,1048,1260,1143,740,442,386,1330,1258,938,1058,86,495,1271,1204,816,283,1027,1321,760,1105,385,482,658,157,568,1121,1017,1029,114,886,506,461
1035,1092,1038,980,225,1004,39,533,1036,1123,1283,669,1147,1063,738,716,240,1161,108,1194,642,672,1300,1312,677,1252,1235,1328,680,1176,1370,321,222,299,668,123,174,994,296,978,626,126,728,149,398,1015,730,204,191,701,865
1046,425,977,406,729,687,614,387,395,419,1059,616,266,385,1038,771,1327,445,437,1026,1057,746,954,449,390,255,1321,683,779,991,996,394,1061,25,1227,24,119,628,397,635,1175,1004,268,93,1082,414,1320,1300,117,270,440
163,445,1292,1293,687,93,509,1046,409,425,977,438,258,518,406,1139,1311,616,1173,1049,30,0,255,1050,397,968,117,28,532,143,435,25,383,440,9,34,617,1161,1316,1052,403,613,459,32,666,997,417,628,140,1300,514
528,1221,1191,66,880,1366,666,60,1210,950,1224,1121,714,833,314,496,1277,176,196,967,817,775,304,570,464,1068,606,576,966,245,857,766,1189,633,1280,1371,190,289,543,1024,934,952,271,353,99,201,248,297,486,283,259
968,687,142,981,117,275,1045,425,95,108,984,1176,440,406,1231,164,643,1101,2,85,1294,1293,1125,715,1155,910,1112,16,469,664,29,1008,34,545,449,427,791,140,683,146,996,838,445,87,1150,116,1214,30,919,601,282
1244,977,687,258,1204,387,93,149,752,28,1321,628,616,1175,1327,1042,445,1049,1041,509,518,703,453,1202,800,30,32,430,613,965,145,1322,984,440,454,507,1324,142,252,1328,691,24,655,385,1292,136,688,1046,1286,704,148
1326,539,1048,1061,116,107,720,1086,1168,387,151,1292,1344,479,196,663,1195,1075,36,223,836,401,1171,524,568,730,585,830,1070,1111,173,915,998,1337,54,129,987,430,1312,167,948,366,158,651,164,751,14,81,22,3,415
135,1313,425,687,141,977,30,1321,688,380,252,16,268,385,800,616,294,397,634,350,617,997,784,381,116,1045,1046,628,270,973,449,1204,509,140,387,590,1322,1052,1202,11,142,720,518,315,1327,145,1201,614,149,258,647
640,1152,1211,302,1245,1371,176,61,1221,1003,317,279,1166,1249,469,1158,294,819,85,829,1068,1131,236,1155,785,1287,134,1223,1047,724,982,213,940,516,125,1048,1256,735,198,273,427,826,631,935,1289,700,1026,281,1226,57,150
1036,688,977,628,24,1038,590,28,11,712,445,281,1067,35,125,1321,385,1004,425,1041,784,1023,545,141,1003,119,138,533,350,23,268,47,20,965,616,954,30,383,898,1050,32,800,459,647,381,424,655,34,397,449,234
1054,294,988,1108,1181,1155,838,1180,1266,65,1113,856,275,85,1218,236,587,1222,1079,1171,876,335,1177,488,769,711,1334,465,741,599,1048,1183,257,940,1117,1211,102,1371,295,1138,154,778,1264,469,762,877,1087,245,1186,1019,316
860,687,688,425,1052,800,30,440,426,93,518,1313,136,34,1327,454,261,258,141,614,28,965,628,1321,1320,24,464,784,17,149,1300,509,380,983,459,1322,145,409,116,119,32,453,634,395,1076,720,815,1204,77,1328,125
1104,1052,1113,688,628,1313,385,425,784,1204,616,294,965,459,1003,1050,149,139,700,1004,17,1099,1048,180,507,1175,1287,406,1023,1293,977,1321,1063,364,1310,380,274,230,518,472,1345,403,258,279,24,918,1044,397,865,429,657
846,445,93,687,1204,977,141,518,1042,24,1049,614,406,1313,30,628,509,965,1052,28,1046,364,380,149,613,258,270,35,140,417,403,1321,688,34,675,261,0,389,1050,1292,381,385,427,514,1041,447,409,975,1327,117,32
772,1204,687,380,472,24,149,507,1311,32,1052,965,1313,514,1049,1046,258,93,387,655,1321,145,403,412,1293,442,510,464,1195,800,116,516,1041,425,628,141,138,445,533,449,463,805,1076,1322,30,509,976,17,454,689,430
577,286,498,751,479,986,1074,1058,1222,1062,512,290,604,1123,1234,503,824,791,1230,62,1076,570,1085,59,1273,465,1236,1190,1242,1241,1245,464,864,1135,646,1153,916,1239,318,235,565,108,547,556,1022,1338,1126,569,677,1264,1028
303,425,387,800,1322,1293,1313,426,445,687,1052,93,30,1076,125,1204,1328,468,965,518,149,350,230,1292,449,616,614,1042,463,273,145,142,533,17,406,766,153,136,141,1019,464,258,32,1321,784,380,706,0,712,545,1061
1001,687,425,1026,380,1204,141,385,472,119,449,628,11,381,117,139,17,977,1293,965,1313,1300,24,387,91,268,533,28,438,996,255,35,614,142,136,116,412,1292,1052,590,616,636,143,470,140,975,440,800,395,518,703
1071,687,1321,1202,977,397,387,616,93,385,141,518,590,381,628,691,1313,268,273,1204,973,509,426,380,617,1324,142,433,1003,0,28,24,394,1042,270,1046,440,406,258,252,30,35,118,636,779,1195,138,1293,412,661,965
107,425,406,32,445,1321,1046,403,385,125,17,440,28,616,509,180,30,268,1322,387,1204,1313,34,258,977,518,720,1003,364,1292,0,994,397,784,117,1327,118,348,35,149,1315,655,143,590,1026,447,11,526,380,449,1050
1213,977,425,387,25,687,397,141,93,258,30,1321,1202,252,613,117,385,20,34,590,1313,28,24,16,11,270,118,87,403,142,119,268,514,1292,973,518,442,617,1322,701,0,380,411,381,1295,125,426,350,468,1324,545
578,803,553,522,581,104,1248,70,206,863,862,1259,473,324,214,582,583,1135,204,1244,335,197,325,584,1366,795,606,341,966,233,858,702,574,1206,593,801,571,219,178,1205,304,845,839,328,603,592,1262,63,504,842,80
1312,425,387,406,688,532,1038,1292,800,628,35,430,703,125,687,977,965,454,381,442,590,518,1313,24,17,543,507,1089,984,1090,1052,445,220,264,34,268,138,403,655,145,1041,93,459,119,616,279,1003,599,1293,509,449
256,425,24,141,445,397,380,518,93,1052,385,472,140,268,1202,1313,454,116,149,976,628,616,119,118,32,613,449,1050,1300,1322,1042,1051,16,1327,509,459,87,403,800,680,417,1320,255,514,1292,261,448,443,142,406,4
354,406,1321,125,687,628,459,261,977,230,220,433,688,445,118,965,24,779,77,397,1042,1320,468,1038,984,454,991,28,383,34,649,1315,545,1202,1003,1052,394,590,381,1293,509,449,440,136,17,532,734,93,804,507,255
786,1161,1194,459,506,1158,1209,991,68,845,635,828,1360,1025,1052,785,998,835,399,124,40,1113,778,132,1038,1114,437,1118,329,397,1174,976,1145,200,626,394,770,86,196,190,224,1029,1075,987,1270,1157,1048,665,1129,332,416
1076,1176,921,406,205,916,165,255,478,91,1197,429,981,1262,389,1177,1190,545,433,569,93,1173,1242,1051,109,720,87,34,617,923,1133,1266,1157,219,95,716,472,593,567,1239,1050,1080,616,25,555,649,1288,925,866,1310,860
821,424,1195,405,95,445,1051,1153,234,1202,1049,383,693,258,468,16,456,1052,502,1197,273,982,704,717,1176,1295,949,611,617,350,272,1046,669,514,264,679,117,255,618,119,1292,997,1101,1352,270,266,1047,1287,437,145,429
556,582,536,1340,67,803,592,464,606,570,585,254,1366,1044,487,287,1247,538,556,1141,583,332,869,572,374,604,554,1022,1170,834,608,68,595,196,62,328,201,593,416,326,1277,867,858,856,1119,584,498,60,581,883,523
813,1293,533,1004,17,380,125,1321,1003,1311,1313,412,532,965,153,158,1322,35,1105,996,779,1292,766,1050,616,732,720,655,406,1300,93,41,28,738,119,1046,1025,136,47,11,742,815,1026,1175,687,50,463,729,118,688,1041
947,1052,1204,976,1175,30,784,258,406,1139,518,1004,1194,24,977,700,614,616,687,230,526,93,628,1049,425,1313,1003,1322,634,454,712,397,1293,440,468,973,1310,9,28,1038,429,472,1327,416,898,1076,683,1044,393,965,125
139,24,459,977,406,93,687,28,387,380,445,258,1321,616,0,545,518,509,454,1052,449,141,1046,34,1204,965,1026,381,1327,17,426,255,1292,117,268,440,996,655,389,1328,1202,628,468,514,1322,30,385,1003,149,430,252
482,1212,1205,533,350,1283,473,1235,274,733,1230,220,164,1221,37,38,952,290,1365,917,853,502,904,1246,1135,832,1023,198,920,1179,798,839,762,475,431,640,215,115,312,1146,612,1348,748,1356,980,821,654,625,309,1025,1152
895,445,141,1204,800,380,28,977,387,628,518,1052,17,30,93,406,149,258,1042,616,459,1327,688,145,385,1322,397,268,1175,613,116,440,634,1038,965,1046,35,1004,1293,24,142,16,180,454,509,424,255,1003,136,1320,1202
512,498,971,1068,1061,1360,1129,179,785,752,996,555,991,286,773,100,567,1248,737,514,1307,476,392,478,68,504,584,67,452,391,287,1337,1244,775,972,437,554,1007,41,1202,117,126,582,419,760,870,842,149,147,658,1226
1223,425,28,406,977,24,180,380,1292,141,440,1046,17,1204,1175,1052,1321,1293,687,30,785,32,11,1003,118,616,258,1327,965,614,1019,449,220,119,387,469,430,412,442,613,34,445,142,1313,1061,1050,143,518,385,516,468
1263,800,518,1052,445,252,684,383,145,387,379,454,1321,449,1038,1202,30,1195,977,700,397,514,24,350,703,381,1194,138,125,984,979,507,390,1061,141,468,973,20,406,35,5,230,315,666,380,982,552,147,425,1292,260
433,286,415,225,768,220,298,761,915,901,672,223,531,1097,1352,701,532,290,179,82,647,1161,1014,1027,477,995,1342,126,671,707,498,1067,503,504,439,706,610,547,624,881,1154,37,398,1060,911,38,478,433,301,1207,659
967,687,425,28,1313,268,445,616,1322,533,1204,35,720,125,1321,1293,387,965,449,93,1050,149,17,518,141,628,406,440,145,779,30,447,977,1195,1019,1327,274,258,1052,1300,138,1041,24,220,997,973,1124,1003,1292,230,427
954,687,425,535,675,472,989,991,438,426,35,1052,1300,24,1318,628,17,614,815,896,353,261,534,116,983,977,965,126,448,139,390,1304,567,998,780,649,1292,381,389,976,1204,560,1026,742,117,1328,918,823,255,412,148
704,406,700,1321,616,230,1313,703,149,1003,1202,1052,445,383,30,273,687,1175,24,657,1204,394,391,977,405,28,509,1061,252,77,274,1322,279,511,617,1038,1287,419,648,732,985,398,103,402,1030,965,978,507,447,454,779
1283,1327,380,1328,616,28,32,1313,1049,1322,17,965,1052,93,138,628,445,1286,687,397,425,0,468,720,688,35,252,613,545,118,1005,125,153,258,141,385,1050,463,1204,1293,24,1175,509,350,403,430,459,982,20,406,117
1145,616,687,380,93,628,800,258,28,180,16,425,447,149,613,1175,117,691,139,1113,1313,142,387,1083,1052,1155,406,1345,385,1063,440,614,1042,1048,1287,974,274,1118,720,24,1050,421,118,1231,509,1310,445,50,1328,17,688
691,533,973,384,1048,516,416,990,145,1003,141,149,24,965,1195,538,1175,32,472,518,287,397,1152,180,1168,1292,152,1026,1046,469,1194,1320,1008,785,502,268,463,1005,661,148,768,387,1076,220,116,350,532,1012,454,1322,704
56,258,1052,28,1204,141,380,1195,1047,468,613,1175,1327,518,387,93,1019,252,0,509,1049,538,687,1048,445,16,426,35,693,1124,17,987,294,720,397,965,1321,234,153,1113,614,9,268,1320,395,449,263,976,514,734,459
592,593,32,1152,752,498,1141,167,24,841,403,854,860,1236,532,9,1175,1238,507,509,741,1050,1161,678,92,550,180,402,411,236,364,296,1127,1266,583,890,1235,119,87,648,703,317,1231,1304,774,476,1173,986,67,276,18
1099,445,11,261,1204,687,20,28,385,383,430,1005,518,35,965,30,1313,118,1061,1293,1042,381,449,996,253,616,403,1018,688,143,379,136,119,32,660,984,1321,973,447,1045,33,401,93,1046,800,1322,454,1327,1320,24,315
614,826,581,582,565,845,207,1044,846,803,1256,555,1262,1217,1246,823,284,201,795,262,778,175,80,856,231,69,966,325,756,1205,862,326,1245,761,373,825,504,235,1158,226,847,857,750,302,1192,359,523,1177,608,858,1259
308,17,350,1003,1322,1175,1091,273,41,266,225,161,1195,274,1165,700,279,657,276,706,1067,526,628,538,620,459,268,387,380,1041,230,1005,732,1342,1108,145,248,76,406,426,1327,1019,742,35,1061,1029,1333,736,85,972,954
795,1052,258,255,425,518,965,703,32,1049,1292,397,18,111,470,507,684,616,93,583,509,435,411,389,503,9,261,274,1173,50,688,634,1300,628,673,149,954,119,1204,24,532,1050,454,1318,403,1194,561,975,1310,1042,480
921,425,1313,149,1321,1042,449,470,1004,464,118,655,220,394,11,518,1322,38,107,148,1046,1328,43,381,533,268,647,1062,1195,445,785,414,1194,116,12,274,1172,1348,1041,991,487,255,387,1311,616,454,219,1326,1003,1044,687
1147,329,306,1048,1125,942,582,1200,1251,914,525,459,162,940,1008,238,1142,1061,1336,245,959,1115,777,151,1123,868,164,1112,775,1064,1183,991,1320,576,1051,279,469,366,691,964,1372,787,420,968,723,1107,829,599,310,1192,879
937,1052,518,24,965,1049,274,281,425,1292,442,258,430,1204,1046,509,977,454,472,32,149,1310,1026,397,688,93,687,445,800,1195,30,616,141,116,556,984,1340,387,9,1120,255,28,634,1050,613,270,125,730,532,514,614
1205,931,217,1374,1028,759,1084,1024,517,64,601,1144,1224,1252,74,659,171,850,938,833,966,360,1272,474,488,808,811,550,330,1339,1216,1182,572,1276,917,795,1030,1135,1356,339,1261,757,54,970,831,269,893,86,1194,371,71
949,258,141,268,28,687,93,0,1204,425,614,1046,140,24,116,613,463,1026,25,380,784,1327,142,397,125,387,30,119,509,385,34,628,518,977,449,697,145,32,662,616,1320,389,1315,1019,683,17,1299,779,1052,16,256
458,429,255,472,445,117,126,380,125,118,256,649,140,1026,734,815,1287,509,11,9,701,25,1046,1161,459,687,385,448,977,439,35,438,24,532,1292,146,742,514,975,729,401,748,675,93,91,1328,0,982,1139,1057,1300
543,248,1224,203,1100,759,375,943,1325,788,572,367,160,878,731,199,1137,208,1220,956,764,370,575,192,938,371,1252,366,772,537,670,763,1064,354,960,711,897,872,307,80,517,185,333,926,337,596,1339,885,836,1272,368
1075,274,298,1341,766,810,856,316,470,827,1154,1366,619,556,558,1248,469,490,684,718,867,994,765,681,714,717,970,1277,918,1352,843,817,961,871,990,727,37,915,14,264,706,1049,176,1233,790,751,437,740,166,94,1303
1093,810,459,385,590,429,17,74,445,1366,898,919,257,350,30,896,585,1337,1341,140,174,634,1018,425,729,1162,25,155,4,1052,669,24,725,390,1368,701,697,378,243,20,624,448,268,461,116,1021,973,6,380,322,1071
0,445,977,449,687,24,518,397,590,117,1204,141,1292,1321,258,30,385,703,616,1052,438,532,93,448,387,1313,509,1046,4,406,440,91,628,11,973,142,261,1173,255,270,0,390,380,35,412,403,383,118,1315,417,138
304,425,28,149,406,1313,445,1322,93,509,30,687,518,1003,380,426,258,1292,1052,449,1041,720,17,655,145,268,41,472,350,1195,274,1293,514,1019,468,230,136,616,35,1004,1038,543,395,141,691,977,1204,1327,784,732,427
23,30,454,35,125,387,1161,383,261,1321,273,24,220,628,472,1052,253,1019,700,532,1204,1038,800,1067,725,406,380,1061,459,1004,149,703,518,28,442,32,1328,543,145,447,1173,984,732,468,1018,507,34,688,449,470,1327
228,628,1052,406,784,397,687,258,977,30,34,1046,440,28,24,1204,445,141,145,25,614,518,691,616,688,93,245,426,1003,449,1050,16,180,613,1293,0,149,999,1313,662,1026,965,459,1042,438,417,268,32,693,429,140
1109,449,687,425,350,634,445,145,518,1322,1076,994,1321,1019,230,614,1204,715,30,684,93,447,406,1124,426,234,273,712,973,1175,468,24,800,141,1296,1202,1313,535,779,538,149,412,116,274,590,965,516,680,268,1043,951
715,1119,554,786,751,644,1371,1275,787,522,60,183,600,915,1370,479,907,931,569,870,181,555,570,885,811,164,603,1093,1170,536,889,64,758,1217,844,1135,530,853,840,902,500,62,711,1193,817,882,888,718,1147,582,796
603,332,1247,847,376,846,860,861,832,916,1269,317,924,875,853,1246,171,575,571,1152,1264,1221,608,593,1235,724,857,1180,854,334,756,215,373,56,856,177,1257,62,205,335,497,921,1256,343,569,504,210,235,59,986,328
1285,1340,395,454,688,281,684,91,687,255,800,274,1052,1173,1026,258,405,982,716,18,1042,116,614,180,1204,1120,427,243,673,455,634,440,117,1034,430,141,364,245,401,453,254,145,703,1103,482,1161,261,793,1176,402,1198
367,425,687,977,406,545,93,255,30,445,24,429,1026,118,141,117,433,628,447,387,1313,614,440,142,1300,448,441,119,1008,1204,680,25,116,472,395,381,994,258,459,720,564,1304,509,140,11,1162,616,983,1037,449,409
889,687,1292,149,518,425,684,430,125,514,472,1327,268,30,406,720,35,454,449,380,261,93,24,145,1313,387,1004,116,230,507,1050,383,1026,445,509,159,381,1038,1175,1321,34,274,1300,1322,3,1287,1041,350,364,158,32
985,47,325,1131,526,1113,841,1236,1247,496,761,311,533,370,1215,193,434,1011,736,663,570,423,738,716,1207,665,639,774,1256,499,495,795,586,304,1068,175,1079,607,678,801,512,568,317,1127,497,477,235,908,1354,755,754
189,383,1336,573,430,91,402,1061,1292,107,15,405,576,720,419,286,522,666,509,1300,502,478,532,641,415,745,479,1321,1241,473,1081,671,986,991,511,1094,1165,152,1176,472,676,34,498,611,557,433,1213,449,407,507,395
514,1204,836,195,234,551,949,751,347,1038,518,224,251,1049,532,1019,449,902,399,1001,150,220,107,1072,917,474,387,36,418,683,366,266,1168,1135,477,1011,707,517,398,1234,1239,134,506,302,145,1047,1134,480,1122,1046,946
538,244,916,736,904,912,20,283,707,1352,920,367,1369,1130,1137,343,23,892,523,1147,73,1284,956,893,1338,591,37,921,1087,910,923,1193,766,1282,880,1182,11,12,874,1188,814,754,513,1205,1346,424,68,331,765,220,1373
877,380,468,445,800,412,274,387,142,614,1327,732,1204,1049,140,472,977,24,1041,28,997,968,117,32,1195,1328,965,17,459,159,1050,273,447,125,1067,1322,1003,464,514,0,87,1161,1007,518,617,30,34,234,126,545,256
837,1038,965,24,385,397,425,459,268,977,454,687,125,279,255,447,784,1204,800,688,533,20,270,1313,230,149,1003,768,350,614,380,243,703,445,482,1345,1332,1004,35,116,449,590,38,1092,430,1293,274,220,273,264,1052
988,369,1125,769,316,280,549,208,966,922,496,333,539,1369,939,887,579,970,1086,53,1121,1284,663,912,1337,65,765,542,1241,1325,1277,724,1248,810,1233,716,1229,295,541,791,1256,288,766,899,723,1341,868,1111,1012,900,578
1306,149,274,1003,459,1067,1175,1038,273,463,688,1313,41,30,1327,252,380,245,1152,1328,421,1004,230,397,406,387,145,784,125,220,28,1316,425,1321,526,1146,1296,1092,43,395,317,261,249,1165,236,800,1345,691,1023,158,703
513,1248,194,948,103,566,1360,1270,833,825,832,739,827,970,376,60,1049,188,203,891,1096,1260,846,1141,718,610,1115,211,694,1187,826,551,862,966,596,724,1194,534,1370,820,1036,185,903,860,1278,1355,1042,1224,309,593,195
770,149,1313,1327,1328,1204,1041,1292,1322,1195,425,93,616,380,274,687,516,145,1052,1003,28,258,720,1046,1061,543,732,655,32,406,1286,146,464,1311,116,412,273,1076,800,141,613,41,1105,518,614,965,1042,771,454,683,514
1115,425,387,268,1004,1322,1321,800,252,230,1195,125,397,687,1202,1175,447,977,973,35,1003,24,1327,28,688,1313,590,980,149,220,30,145,518,532,274,1076,118,712,1019,1292,459,614,1041,994,264,1005,996,965,784,141,225
1124,125,449,24,350,1322,965,28,1026,1004,445,687,255,149,800,230,533,397,447,425,684,624,657,9,249,1003,532,628,1013,273,225,1195,1050,260,1038,725,779,180,614,315,977,145,253,1175,634,258,1027,918,1313,429,459
586,28,258,425,1293,977,1313,34,509,688,30,1042,518,445,1019,255,628,387,268,17,389,141,784,0,125,468,655,634,1204,526,965,514,145,1321,729,119,427,683,116,440,636,712,1327,136,429,464,77,1076,270,397,149
374,30,28,1052,406,252,125,426,1321,445,425,17,397,258,628,1202,16,613,468,977,141,688,430,87,616,1003,34,1061,387,220,734,93,648,514,35,118,1313,24,440,0,1315,136,459,393,145,1046,1019,1322,449,1089,391
693,766,281,581,139,1102,175,1036,539,470,1061,867,1041,1048,187,684,203,489,424,731,316,486,262,361,495,856,434,615,691,887,63,1023,872,1025,955,136,787,238,1113,516,14,869,683,1099,718,895,727,399,438,179,484
43,449,268,425,230,687,387,445,1322,145,628,700,149,1175,532,1293,397,153,1003,688,24,518,30,616,720,1313,430,614,468,118,255,1052,977,395,1161,655,1026,545,34,274,350,138,649,815,454,433,980,1312,965,261,1345
916,425,687,1204,449,1322,1195,1321,1313,445,230,380,28,387,93,118,720,1042,614,426,1327,518,424,406,977,30,1052,145,965,1293,149,447,1046,1004,24,252,1076,1019,655,688,616,1003,397,1320,141,273,983,996,16,538,628
1058,1113,1102,1048,734,1175,766,864,298,1222,1158,1056,464,998,1246,399,1271,1351,1325,134,36,380,1204,1320,778,200,747,1277,543,594,166,732,1289,415,539,274,286,1130,889,235,86,771,1154,565,139,1254,1211,1200,1172,506,1340
905,445,425,977,688,687,397,1052,385,1049,24,258,30,1327,1321,403,628,701,20,1314,518,1313,32,142,143,454,261,1202,1018,378,976,634,34,459,25,93,140,898,997,16,1286,438,17,1173,381,507,1292,965,509,1204,442
650,1222,1232,1262,1228,215,70,1214,1156,861,941,587,337,209,307,780,788,299,579,157,89,868,664,23,131,333,177,1299,217,335,670,1243,1045,201,1269,93,930,864,595,572,938,458,283,184,1365,375,1206,1272,608,1205,769
201,1204,445,613,509,30,997,514,35,1019,1175,380,464,687,1195,614,1313,117,518,125,732,1007,0,447,1321,1172,1047,141,468,1292,36,28,463,403,270,1046,136,1091,1173,159,996,364,1049,616,145,427,1335,257,274,1113,32
109,425,687,30,93,1204,1003,1321,28,445,977,616,459,1327,1041,1322,628,141,380,688,965,1052,784,1175,385,387,440,614,32,1019,720,118,149,509,180,1046,1042,518,700,1320,468,34,1004,1287,426,145,613,982,245,11,1300
400,1043,706,477,1162,268,422,445,425,1341,705,90,387,270,654,985,266,1352,1051,110,661,398,1295,1089,141,381,901,1038,630,28,1082,1131,125,876,996,1027,810,248,155,12,397,1372,454,813,43,977,603,525,691,426,137
1190,972,480,734,1103,419,636,63,1245,994,502,150,219,586,54,395,908,1008,715,1114,661,503,477,977,1187,228,234,462,252,1251,286,296,648,1131,1215,264,851,799,716,424,300,1250,535,347,418,165,968,39,225,6,548
845,268,387,140,445,975,93,815,1061,996,1083,119,1295,613,95,255,720,687,1026,1292,729,390,514,1090,16,397,509,270,616,478,315,146,364,1288,458,294,25,643,395,30,653,258,929,430,742,125,33,234,141,800,24
589,856,509,578,305,472,504,387,514,161,526,1313,1354,860,581,1310,463,842,1204,774,862,910,71,1177,841,1063,447,805,1217,30,572,149,175,145,1256,180,1094,205,1273,1262,1175,584,954,1345,207,752,803,1164,412,920,1173
926,425,440,1049,1204,32,454,438,1292,445,968,1321,472,1046,141,397,383,514,449,351,1045,35,800,261,93,980,613,117,116,406,119,785,380,427,143,628,20,403,24,441,997,684,510,518,732,545,1195,447,442,1020,1042
128,255,397,977,1204,687,24,445,380,258,472,268,385,425,117,459,518,315,118,381,1293,28,20,982,140,449,1052,390,447,30,387,1046,1287,417,25,1292,649,965,11,509,1161,383,270,406,628,729,680,16,93,1300,91
891,472,93,403,1311,445,965,378,464,1292,613,18,509,149,30,616,514,1046,364,386,9,116,1019,1320,449,1049,0,1050,687,159,28,805,32,438,435,439,245,409,416,87,385,1313,1005,688,634,815,141,429,91,1052,968
710,220,1168,700,125,35,311,1321,1058,716,27,749,1200,852,1072,829,1059,705,1086,1047,533,673,991,1352,1291,1018,734,266,482,350,419,903,495,758,256,273,1082,260,1312,1289,1002,422,1296,532,494,691,876,512,146,562,1001
1000,387,1052,572,977,366,1042,1027,47,459,252,425,645,1307,1340,264,1275,688,28,1265,826,627,781,897,885,800,934,911,840,224,903,395,731,1089,325,426,458,655,310,737,773,866,255,1321,613,148,428,260,359,786,820
720,1154,176,705,1113,1345,172,1263,1221,749,168,274,1131,1023,1149,1107,38,298,1352,1249,864,350,708,279,134,1191,740,1047,273,724,766,829,1110,1169,1036,1204,306,533,152,1067,1211,1155,1368,952,317,1311,1183,633,1218,303,1254
554,680,427,1063,1289,634,440,1041,1042,270,1000,1083,274,1333,444,838,412,141,116,1325,17,1296,43,30,140,732,298,166,706,1155,145,905,1036,810,981,549,267,1046,35,12,253,725,701,613,336,1199,1047,156,724,896,1086
1164,636,1352,220,1070,876,495,1359,233,281,1152,1250,106,1360,283,1166,1042,969,1076,990,1117,1314,310,959,824,867,1207,630,843,469,1229,189,422,298,607,1369,358,160,688,1053,1308,766,346,1062,1131,47,1236,1102,691,329,1137
13,545,141,220,429,1041,1321,385,406,1052,427,472,688,449,140,445,34,0,412,543,976,125,1293,706,1204,590,270,1018,628,729,426,424,394,447,1004,390,468,350,161,1291,469,273,616,395,990,680,272,29,392,142,649
205,425,977,1321,24,1322,397,93,687,445,387,268,459,1313,406,385,800,616,1046,965,518,30,1204,449,270,1293,149,1042,440,350,28,25,380,1026,426,1292,20,17,1052,1038,273,996,545,0,590,472,1027,509,442,35,1003
447,387,720,425,445,433,1313,28,125,149,252,1327,274,93,800,449,118,657,1328,687,996,1296,1076,230,1043,380,1321,1038,153,1091,533,426,30,815,468,263,41,350,463,1171,730,779,691,145,255,1041,1202,538,614,480,620
970,387,1052,445,30,425,406,141,1322,800,616,93,28,720,149,1204,258,274,1175,252,380,1003,1195,614,977,613,509,145,518,268,1202,1321,142,459,463,1019,24,700,426,230,752,447,687,395,617,1327,994,430,34,273,545
904,687,1204,380,24,141,518,1327,116,1046,268,614,93,1313,449,28,387,397,258,977,616,784,1322,1003,454,447,1293,145,472,1292,1052,117,628,385,30,994,17,32,274,1321,1324,1050,429,613,1328,440,16,381,996,1175,1049
119,445,425,687,30,397,28,381,447,4,1204,1052,1026,350,977,973,394,118,800,0,509,385,1045,252,16,35,138,9,270,518,1287,449,545,380,93,406,430,234,141,454,255,997,440,258,720,125,768,1324,590,11,655
405,800,28,687,149,258,1292,1052,93,518,1313,1204,616,784,463,425,445,459,688,1328,1321,1324,381,507,628,965,634,454,141,252,982,509,655,977,720,1042,268,77,424,30,281,662,139,1293,116,1175,1062,17,387,717,9
1019,425,17,387,1038,1003,700,449,152,1152,145,1046,445,43,532,138,1041,406,1345,616,125,149,273,252,1004,350,1296,28,655,691,35,176,687,397,430,749,1322,1161,454,380,628,381,1091,268,526,459,38,996,220,649,383
802,143,1173,1238,433,687,682,968,1258,628,1310,1022,1161,472,836,305,154,535,1050,1204,447,878,144,329,1056,375,15,87,1231,312,7,732,1119,1290,34,441,1299,734,383,1304,331,1075,1330,1175,1251,990,779,906,1269,1305,544
940,397,141,24,687,445,1313,117,590,1292,1322,518,472,973,380,425,459,394,1003,1026,1052,965,116,34,1161,268,30,1321,1014,11,387,800,1324,140,509,16,717,255,32,720,118,383,1202,447,25,1327,1286,1293,258,20,390
783,54,836,867,1238,329,196,1209,863,320,862,818,825,328,104,370,770,581,366,70,795,197,499,233,326,808,792,1244,585,839,203,335,754,522,553,103,580,920,375,296,493,577,307,846,574,966,823,575,520,201,648
170,425,1204,445,977,800,28,614,1052,616,687,380,142,1327,180,258,628,1313,385,440,30,24,0,17,93,459,994,395,149,245,412,1071,1292,1321,1328,387,784,117,1046,613,140,680,1041,545,448,1324,688,1162,252,274,1000
754,406,387,1313,687,34,149,268,30,449,1175,518,1321,145,426,779,230,683,136,1322,1003,24,445,800,1204,784,470,1327,1052,412,655,0,1042,616,1041,159,28,545,427,999,509,1038,1019,516,613,752,52,1287,17,1046,628
496,1175,469,990,498,864,1154,571,1041,1311,180,1127,172,271,472,887,487,286,1352,732,785,1221,1222,1113,164,380,1293,1155,510,525,99,1067,1271,41,734,1235,1204,278,1159,1254,565,1160,965,170,193,675,28,757,1107,1151,312
196,425,1204,472,445,977,614,518,1046,406,141,93,30,438,613,449,1292,149,447,442,397,258,1050,380,1026,17,142,32,180,509,1313,1321,1004,616,143,381,34,973,117,119,784,385,116,965,28,680,25,1019,270,427,403
1072,274,230,683,636,225,286,867,387,253,990,491,727,1129,477,1175,1169,777,1296,29,1195,154,1107,791,545,1341,41,712,1328,251,220,1089,480,444,706,543,425,800,901,729,285,1067,264,671,148,295,1142,703,503,535,422
635,406,387,449,425,518,1168,445,389,1295,34,463,430,1226,593,141,1221,405,180,611,689,700,1202,25,779,613,93,800,971,784,1186,687,400,30,675,862,287,158,768,1262,381,986,1313,842,119,823,273,584,397,1152,1133
562,1223,1155,910,856,1211,784,205,1313,1345,549,764,1222,1262,826,582,769,864,487,1364,790,1246,180,817,1113,149,732,455,862,906,1274,154,369,1249,302,614,838,1099,139,159,1217,294,427,1177,262,912,628,860,827,1003,990
423,289,502,570,862,907,177,329,214,1141,505,834,604,370,986,908,104,1232,59,328,586,522,574,341,562,1238,324,841,575,593,1251,523,15,806,853,567,930,1354,1114,925,585,433,1200,420,1242,1273,650,189,1153,499,803
462,675,988,711,992,759,1139,736,1232,181,794,1127,212,639,1029,317,1052,270,728,746,484,797,28,706,8,1174,1151,723,1055,108,1059,370,834,563,725,2,954,9,134,996,670,429,377,1003,891,789,842,16,644,597,837
337,425,445,258,977,800,141,1313,380,1049,454,518,459,628,440,613,93,976,385,449,688,965,614,117,509,616,1292,270,140,468,261,149,387,24,395,30,381,430,16,1026,406,680,1327,1046,427,1020,1324,1345,636,703,700
123,1059,320,1036,990,981,304,1239,198,234,406,223,557,648,619,823,439,473,583,1014,449,631,142,392,569,1096,834,550,1210,728,335,220,725,390,1331,496,1180,432,418,924,917,551,996,698,1152,296,40,398,410,191,692
469,406,347,996,433,729,498,1227,1105,158,1061,421,50,522,1300,125,41,1191,146,392,380,1336,90,17,611,1337,121,285,439,599,532,1327,1292,1319,756,193,655,742,1140,395,1345,44,140,136,738,1335,737,1341,452,746,1344
561,1135,960,39,1151,283,1126,876,915,66,1072,793,988,624,495,914,178,160,85,462,1295,881,1210,598,970,5,735,279,852,1178,482,6,354,80,1260,1353,1344,762,1035,42,306,1112,944,908,475,1130,65,112,702,212,123
521,1026,24,425,684,447,449,1076,1293,768,116,1322,977,507,1321,397,117,454,712,533,387,1313,1050,1008,1013,1204,1161,415,1051,274,441,445,994,688,459,350,1195,532,255,472,784,261,1038,141,1120,149,720,225,442,661,148
385,1236,1239,498,325,826,1247,358,1246,836,517,1211,754,1257,1269,1217,736,186,193,568,363,750,761,1244,782,841,875,967,373,555,332,554,71,318,1350,1220,755,1274,646,1108,235,794,1191,317,1235,1210,842,53,1237,777,780
1233,445,518,1321,93,449,1292,472,440,406,24,116,34,800,30,628,454,1204,383,381,118,16,91,261,380,977,532,32,433,149,258,145,996,426,997,387,141,0,268,688,119,1300,1050,507,409,364,125,117,1168,447,152
600,504,810,1167,1192,605,787,1164,1066,745,778,1275,151,1121,761,365,803,637,1052,510,529,147,349,955,833,754,879,179,1362,724,519,357,603,1248,430,776,187,332,466,857,395,18,1343,902,409,68,1370,167,827,653,359
699,425,268,1038,28,125,255,387,1004,230,24,1322,545,35,406,220,1321,687,117,350,965,1195,381,397,426,252,1175,424,470,16,1312,716,800,270,1041,1026,1043,991,509,628,223,720,267,636,1304,1292,454,1046,447,1161,1059
1119,687,425,380,141,459,149,387,1292,800,454,1327,445,449,385,680,976,977,274,472,784,24,965,518,116,1195,613,543,1328,395,17,616,447,253,1038,159,93,1345,140,918,1052,1313,1026,729,397,1049,732,1042,634,440,1175
999,784,970,1063,1327,1049,1328,766,688,1048,164,298,271,179,464,633,1154,689,1194,1364,303,681,1095,738,1175,1274,120,615,800,1221,320,139,463,459,827,1187,1041,1000,588,862,1036,705,732,172,918,749,740,619,724,1313,1267
708,273,753,1333,441,1155,1051,425,1195,371,266,268,1047,170,1296,1231,962,1307,1328,456,965,162,233,630,1202,905,142,1082,356,706,83,1112,1187,614,1049,294,1212,960,1331,1176,1092,117,627,1091,992,1167,664,1152,123,140,878
1125,17,406,425,125,445,590,688,657,1018,687,430,350,273,385,28,30,700,145,11,1032,138,507,252,1052,599,35,1287,660,119,381,34,1313,426,136,1082,230,701,1304,977,784,250,279,1046,16,1014,268,1003,32,1041,509
694,836,1197,419,15,1046,946,1277,205,1251,1115,949,1310,844,1113,937,529,129,336,1173,395,502,1129,181,108,396,1234,433,347,1269,1157,91,437,183,479,525,564,687,1163,554,569,677,1287,50,510,478,967,751,1198,304,991
97,406,125,445,1292,1321,17,1327,616,965,1293,32,1003,430,1322,397,509,454,688,784,984,11,258,449,149,93,518,35,1046,403,703,140,383,459,1004,136,472,800,1204,117,729,982,261,1328,684,1005,516,142,25,9,1202
507,1175,1345,1292,425,464,732,415,41,785,273,703,380,1293,99,1099,1171,387,1003,406,1155,585,43,522,279,159,149,1091,164,261,526,532,729,742,1341,1296,427,412,1041,143,1165,1161,1313,116,17,691,1195,918,1335,1046,308
387,1042,836,845,779,525,1275,136,1044,1354,555,67,1249,595,577,581,1269,389,688,1321,433,193,197,756,68,767,364,122,786,1367,852,916,332,632,1003,918,1083,858,691,974,420,331,585,1274,616,28,826,1320,1265,862,1148
546,294,776,863,104,233,859,580,162,596,354,861,860,826,782,962,66,867,1181,237,870,862,650,823,70,608,310,942,338,872,631,109,562,775,868,486,855,593,1213,103,313,858,726,178,897,606,848,796,741,179,627
819,234,85,715,274,1195,680,356,1038,905,437,267,1042,1062,117,1096,33,141,727,1047,687,636,149,1322,1327,224,987,1171,458,812,1325,962,253,729,77,640,772,1132,258,255,937,1135,1333,20,919,285,226,142,392,945,559
827,582,581,1238,1052,964,803,507,565,67,1247,1219,585,504,305,287,841,503,194,792,566,1246,1271,867,1150,1048,752,1248,60,879,151,646,498,1044,845,211,795,1259,780,878,313,242,1360,940,837,487,1209,86,99,1281,1099
1288,1041,425,427,977,172,459,1293,406,468,1204,1292,50,140,975,687,281,180,628,766,287,982,464,17,32,1313,1175,1099,1052,611,412,472,118,1025,470,706,675,1067,429,1049,1286,684,2,1061,1003,1341,143,1026,380,261,159
563,1168,380,1046,997,136,472,1287,35,119,1300,996,1003,1005,678,982,390,423,445,401,447,785,1092,1236,90,655,92,1292,1204,514,1227,439,1173,1211,805,1319,611,32,1318,479,315,385,509,381,395,220,797,649,973,1059,91
1309,30,687,425,149,1052,387,445,1204,1175,977,406,24,268,463,142,614,1041,258,93,1045,1322,784,994,613,447,1327,1321,28,752,667,973,518,1038,1004,1324,516,1019,270,470,683,1195,454,720,459,533,380,976,381,385,424
183,425,445,406,93,1052,387,509,616,30,17,1313,518,545,118,141,16,24,1322,258,687,381,613,1043,380,800,996,433,655,220,977,430,125,409,1202,145,119,720,965,459,1296,385,77,34,0,117,440,1042,628,149,1076
687,977,406,616,28,1321,440,628,1052,24,149,30,459,445,687,518,1313,387,614,965,1293,138,270,700,1204,17,93,1026,125,258,1038,394,385,800,447,532,268,1003,454,380,220,34,381,984,691,1042,1322,1327,688,648,1046
1068,915,836,1175,905,743,682,1042,246,1124,943,1064,1049,731,372,955,423,203,792,209,418,1372,1327,339,965,468,67,149,976,670,239,1231,1331,28,179,812,399,375,451,1343,1159,358,1224,185,581,704,867,767,1307,363,625
249,258,977,687,385,28,1204,30,25,24,425,93,141,1046,800,616,688,1052,440,459,1026,34,429,628,117,17,32,0,518,143,1005,315,1327,973,996,1324,1313,118,252,447,393,784,449,1042,982,1293,1322,613,509,11,387
835,425,977,141,258,180,1204,261,406,440,28,567,397,577,117,700,616,825,614,1315,971,675,1202,24,429,779,395,991,384,976,438,509,468,1320,1061,255,804,453,583,584,430,389,687,364,445,91,564,557,391,0,287
1044,24,887,687,472,518,1290,438,533,312,1026,990,1004,376,1366,1120,891,968,435,449,613,268,1050,434,1222,569,1096,532,126,779,167,800,138,1070,1014,1370,724,420,965,1293,229,66,1030,689,544,1046,447,1316,821,416,403
1025,861,839,143,372,712,71,1042,581,17,1052,214,1327,620,252,34,1292,49,863,304,836,375,577,823,207,662,373,1237,1062,217,210,700,585,62,1221,1367,867,800,786,1000,22,141,245,1019,857,211,559,859,326,70,67
969,28,1313,425,445,1052,459,30,397,141,965,387,616,1327,268,270,533,258,1293,1003,1322,590,784,417,1004,518,140,687,385,24,220,997,380,1286,655,1014,16,1005,1324,25,252,1292,1049,470,468,1204,509,149,117,976,454
25,93,258,364,406,472,425,440,117,977,1310,395,510,634,4,507,1050,616,1313,703,666,397,126,1049,389,752,256,149,400,24,119,628,315,1201,243,545,1052,87,378,433,261,268,394,999,1046,32,142,437,1139,20,538
1081,1155,1025,165,775,1372,749,1113,302,817,940,1246,282,939,500,164,1221,736,303,179,787,1325,1361,904,738,478,764,1335,1370,129,1195,867,1151,444,1183,38,949,802,607,1049,820,911,751,987,203,162,786,1240,1362,872,757
1322,1154,376,946,282,1155,1264,1182,1308,1205,191,1347,931,1282,1372,1360,1346,924,1218,764,1152,198,1211,949,492,707,1132,1365,1047,1257,177,1284,335,1100,342,302,1058,1348,115,215,1368,1196,832,431,213,1216,1212,209,200,101,1359
1043,498,1047,1352,127,281,477,915,502,1064,737,738,476,508,801,1160,1135,59,1191,1068,361,970,672,350,439,423,705,1059,182,1153,1215,146,1290,311,1144,985,495,1168,1127,813,736,1207,683,771,172,248,528,538,480,550,748
399,180,687,510,117,977,395,409,116,141,535,1292,449,427,734,30,1019,509,440,412,1316,805,445,380,1310,425,514,1197,393,1326,1175,256,634,469,93,438,255,110,1293,111,0,1161,1294,1051,1173,149,1300,614,1204,518,1176
992,965,1321,1195,459,976,477,1076,1342,24,1322,507,1102,613,701,768,551,1311,77,1194,1037,465,1310,680,149,268,380,219,1042,1085,1010,779,430,1135,438,220,514,1204,403,687,533,439,394,722,36,1023,1048,751,30,138,9
1150,1321,279,720,1061,100,734,507,1351,1344,30,1161,157,1171,1291,464,280,1293,871,1000,1076,1222,1330,623,1019,579,1195,378,1175,959,208,1145,430,509,1188,305,119,543,1041,984,436,294,691,386,240,1313,518,1271,1181,47,634
736,22,150,447,768,1313,264,715,234,240,20,21,716,307,243,363,1122,54,149,1361,1070,299,946,1004,745,485,1358,931,640,430,518,949,910,408,623,339,1036,96,938,1015,288,463,655,1059,419,601,1132,33,1321,805,941
319,687,1313,1204,93,616,628,784,1327,977,258,30,406,149,387,1046,380,24,1321,1003,1175,518,614,800,385,1293,141,1322,116,268,403,1049,449,17,11,34,613,965,994,1052,145,1042,447,1026,274,142,1324,1004,35,261,463
1176,35,498,1321,50,511,487,978,419,703,527,1313,254,2,148,1292,676,427,971,1070,532,364,982,261,219,383,194,478,1319,406,503,1300,14,684,785,1052,720,402,58,464,220,604,255,1044,433,245,502,453,1020,544,469
1018,1292,1052,255,459,1310,429,518,406,125,430,261,703,91,1094,1019,522,149,628,585,435,248,1038,1326,256,220,397,116,1204,923,1173,426,1161,1316,1086,1221,734,454,673,381,383,532,145,1139,968,634,245,649,50,1020,30
617,582,854,553,555,858,863,201,1208,842,211,324,862,826,845,104,325,595,593,860,389,1141,1259,877,927,62,1256,700,972,56,273,1371,861,584,609,604,406,1139,585,375,326,393,1108,984,70,855,890,824,319,509,1373
418,510,498,795,1068,1247,756,761,803,1244,60,836,841,666,1221,824,502,944,420,792,204,935,1254,171,570,745,751,825,1271,828,607,857,700,754,596,494,950,254,834,196,937,332,734,289,359,811,1209,1236,1289,197,1364
834,425,614,1204,445,268,1042,518,1026,994,93,800,433,380,636,315,258,34,454,424,1052,16,4,381,30,1300,117,1293,261,447,429,784,430,1324,1313,119,149,397,1070,91,1063,977,449,145,459,684,1038,35,1327,385,409
298,819,411,460,555,295,662,422,1314,870,1291,557,570,1149,776,1168,46,214,367,673,1190,637,1028,719,787,626,280,618,969,202,484,4,661,591,311,1033,755,624,751,890,6,462,923,653,610,924,690,944,915,853,910
479,102,1019,196,239,1204,86,386,1313,897,32,283,601,1148,493,250,228,1052,1141,673,851,6,616,370,1200,908,157,385,445,325,1340,323,186,825,648,328,1156,538,973,1020,67,752,524,406,1306,518,517,1243,920,1311,1173
1212,687,800,472,1293,425,149,445,1046,24,141,1175,387,1041,628,93,965,32,385,28,616,614,1321,17,1049,1050,447,258,1026,977,1313,1005,116,514,1195,140,449,440,442,1003,412,613,390,784,459,1052,406,383,403,532,1322
633,522,915,582,498,233,321,585,527,1283,1135,553,328,543,1373,718,798,633,1022,1267,486,1210,600,237,308,875,1137,1208,907,326,415,867,650,641,104,758,570,726,73,80,877,297,870,299,1111,367,874,733,248,189,765
154,445,687,93,1321,425,1327,1313,1322,28,518,616,141,406,30,149,509,268,1046,784,613,258,965,145,34,274,1293,24,403,136,35,116,1320,385,617,628,977,17,732,409,1324,449,507,412,684,138,252,442,1003,1292,364
349,1061,406,1321,1041,1327,425,273,1313,684,430,518,17,1175,41,1195,136,459,1293,522,145,1076,1052,976,387,116,164,261,687,611,720,514,149,380,1202,1019,784,161,463,1204,445,464,691,1042,1296,585,279,616,472,766,655
1088,236,1242,1154,917,849,1359,946,1235,1092,1113,500,1239,607,949,165,899,1247,334,844,794,1282,1180,1125,1133,232,945,749,740,831,47,791,1039,827,413,1131,1368,492,1220,990,911,1365,512,431,1255,1256,565,550,1152,756,1334
100,1204,425,472,973,977,268,149,387,30,518,381,1026,1313,34,20,417,429,93,449,380,1324,968,397,614,1019,1004,438,258,0,1292,350,440,116,117,28,406,32,140,385,270,435,4,138,9,16,1045,35,634,1046,800
525,522,653,795,813,860,593,803,1344,1093,1206,435,242,834,196,1033,104,378,1010,122,1226,1087,974,221,1319,167,460,105,846,292,1180,1276,1088,850,1336,1308,1372,197,875,748,202,69,175,479,1120,599,782,1142,67,24,1304
673,567,751,431,899,824,1153,879,562,527,512,638,498,286,481,787,861,775,1053,910,650,949,1234,871,289,946,1213,777,907,1129,915,734,1157,1085,794,274,753,162,868,629,765,368,1352,859,870,1145,1340,462,154,500,569
1265,977,425,449,687,149,445,800,628,994,634,24,1042,1052,1313,518,459,424,1204,680,387,116,253,385,616,139,274,636,1019,688,141,976,28,268,1322,613,1327,380,1038,1320,350,472,1027,281,1037,973,507,1328,137,965,701
412,1175,125,164,268,1092,729,491,1195,30,145,167,1107,350,1344,1026,149,1082,1032,741,464,1105,1003,1061,657,931,725,1136,1058,1165,168,1161,174,425,1342,516,1322,465,136,1293,1335,406,526,1300,568,463,1039,507,1125,1321,1097
788,1175,1195,1155,425,1293,180,380,1019,1292,279,1152,1003,449,17,445,1041,688,965,28,159,1067,1345,1322,93,412,1321,464,1202,687,351,1052,691,118,50,41,976,518,258,387,538,617,784,616,1313,447,468,294,271,139,378
1298,1204,141,1052,142,784,149,977,449,427,800,459,1345,274,440,533,1004,1019,24,302,424,1037,1003,994,30,1041,1067,447,518,1113,281,438,700,1050,688,634,1023,234,395,1048,918,687,385,1313,1071,976,1327,470,998,613,454
314,687,1052,1204,387,1321,258,628,141,1313,93,616,30,1175,700,1003,440,145,397,518,380,1327,24,977,1046,472,125,274,1041,614,430,688,784,800,180,395,509,1049,1019,1328,35,459,532,514,32,17,34,1345,426,116,159
91,1300,395,433,387,255,116,383,219,983,720,268,687,532,454,1168,406,779,126,626,117,449,729,768,1292,649,980,4,267,715,1061,405,381,473,34,472,390,91,478,394,261,1197,1319,1307,614,1165,1026,1059,174,567,991
204,406,445,509,687,616,387,977,28,1313,628,34,30,1321,258,613,397,118,403,688,965,545,1204,268,385,1322,518,1042,16,1046,0,117,429,364,590,1052,380,426,433,975,252,24,449,440,136,1293,389,1327,634,11,255
403,803,289,776,1152,547,867,818,420,863,328,1222,487,332,661,782,496,834,314,473,986,826,733,80,68,856,295,72,357,523,650,859,1266,920,109,753,626,775,583,233,498,219,70,562,1153,580,608,825,104,335,287
465,111,1135,55,624,698,233,844,561,255,929,90,4,254,606,92,935,295,1127,50,603,599,69,1371,489,1332,135,120,340,109,296,453,104,51,374,779,631,1230,661,989,1295,39,381,702,564,63,309,569,882,249,392
613,273,862,205,825,201,324,335,203,803,592,1258,553,80,541,67,170,326,1152,670,928,78,1224,456,860,49,328,182,1042,867,1119,189,753,853,288,808,99,1156,886,103,1229,726,970,214,568,960,586,887,846,930,1264
936,433,1004,220,125,35,230,252,406,921,920,916,268,274,910,419,545,480,1230,688,1171,700,1321,350,43,912,255,264,620,1050,1312,150,647,149,923,493,437,414,1313,1132,1023,425,107,1212,1174,1043,1157,1041,1110,657,654
794,867,751,915,1159,953,911,607,761,358,500,830,346,1240,504,736,757,1241,727,359,308,82,733,913,1352,606,505,1062,1153,290,496,570,537,1012,773,1358,597,944,1311,581,754,53,151,503,477,820,499,899,220,857,922
27,1161,1239,1131,439,91,296,1321,416,9,745,117,570,522,390,666,472,1292,1094,233,992,835,1022,1330,383,1050,1341,279,1118,1173,392,644,276,7,473,778,557,780,797,438,323,804,1249,774,14,1206,650,1176,986,567,502
272,687,1204,425,397,449,472,518,35,380,258,965,268,1026,1321,1046,590,977,381,973,1202,34,1019,0,93,387,1318,454,30,141,20,800,1173,126,510,220,385,140,426,389,390,125,1292,544,448,315,1018,447,378,32,261
276,1204,425,258,141,445,93,965,977,397,472,440,30,628,406,28,1052,613,1313,1292,800,261,1300,449,454,32,1321,1046,149,180,616,409,1019,1049,976,1050,381,34,417,1026,614,514,973,16,119,116,447,143,383,468,118
662,1135,980,733,850,500,192,343,789,508,1137,607,1092,708,917,833,394,1129,1130,759,760,177,396,895,1066,667,893,204,941,736,909,1338,640,938,768,342,376,677,1021,668,173,606,737,48,788,85,165,735,73,891,108
738,445,350,1330,252,425,225,1175,1061,928,482,1195,985,1030,634,549,264,1321,447,1019,273,684,1046,732,279,1194,552,1202,491,682,1345,716,419,1225,506,286,1340,514,1204,556,1327,671,4,1021,1172,590,568,1171,405,35,965
534,1247,555,935,1173,411,406,510,581,60,842,863,841,846,860,435,1256,582,887,1141,180,1208,105,332,67,975,175,389,472,284,201,509,688,523,557,1177,1133,416,1271,364,61,536,741,714,1179,1263,321,637,92,845,391
1160,1052,426,258,1204,28,700,141,125,142,380,977,30,459,509,752,1067,628,1292,997,655,734,17,136,430,1318,406,1049,613,693,987,383,617,1327,397,1003,1313,1336,976,1029,518,1020,691,1286,999,1031,146,1007,1300,9,1287
1271,687,1052,1313,141,445,1293,30,425,965,1049,380,468,385,258,518,1322,613,93,472,35,24,397,1019,350,800,16,117,32,28,976,1005,617,20,1324,1003,616,403,706,270,1311,968,469,440,1050,142,118,982,688,1194,1026
1225,406,1204,1052,445,977,425,258,30,440,93,687,613,1293,509,28,34,616,1321,973,143,1041,1313,700,468,1046,438,976,0,784,17,1292,387,1029,1139,149,380,180,614,385,518,1003,1175,117,688,270,427,434,1061,389,403
717,294,962,878,864,67,741,1218,1118,1222,783,281,236,1107,50,774,705,1169,1113,1039,1237,1177,1187,293,940,198,205,278,1154,1142,876,85,1101,441,1239,1067,1022,692,1023,866,1249,915,1186,1263,1159,764,1109,1219,399,423,488
431,425,628,1052,459,800,1042,977,125,350,1322,406,538,449,545,268,1321,397,252,468,24,1003,700,1320,273,387,991,590,17,118,274,30,28,1175,1067,1019,734,281,687,965,509,34,684,225,1038,0,445,1327,704,391,1202
112,916,856,523,716,57,862,1173,61,838,1079,295,922,1262,619,1239,908,33,670,289,1153,1230,1242,205,219,319,252,558,972,214,564,790,986,1157,117,801,19,395,853,120,1277,473,1053,335,818,1167,25,437,326,954,839
295,1195,1200,1171,1099,1061,1070,1042,464,910,465,35,502,614,991,49,1091,734,1290,682,153,914,271,720,996,510,478,1151,401,731,1105,732,1347,1274,742,568,1335,1296,998,632,255,766,475,994,815,1176,912,19,294,715,91
451,286,1127,1047,50,63,705,502,1207,1152,766,1246,281,1078,233,36,1113,538,738,692,1160,575,1056,1236,1131,915,962,830,1212,1155,1135,424,755,1109,1191,828,59,1215,464,278,10,531,1048,1245,356,1230,1254,1035,172,910,1217
688,425,1204,445,141,149,634,518,387,380,258,24,93,145,636,255,1046,1313,977,268,440,784,397,116,1004,142,30,800,454,16,28,472,35,1052,1019,17,613,424,381,1321,385,973,1038,1042,447,616,996,1050,1175,125,779
898,1204,380,425,1175,445,628,1046,1328,406,93,1313,1293,800,149,1049,136,230,385,1345,1042,261,32,965,1292,1321,732,1019,28,784,1005,440,1050,143,1092,30,688,1096,449,616,17,125,1041,1320,142,689,35,1322,153,1287,968
927,425,149,406,445,1204,387,380,24,1313,784,1327,30,93,142,1046,509,28,116,1321,613,454,628,617,449,996,141,34,117,258,1003,1026,800,977,268,518,516,472,16,1175,145,1292,463,378,180,1202,1052,1300,148,440,1287
288,720,1175,543,1041,32,387,1200,1293,406,684,1321,509,1051,1327,50,119,1076,991,975,1046,514,1173,655,146,164,117,167,1161,671,703,491,532,568,742,41,1052,1172,464,35,419,1330,364,1313,1105,430,1096,161,273,1019,732
490,561,271,1153,503,1152,1352,59,354,312,864,1290,1200,948,480,502,771,574,1175,1319,1251,1149,1206,722,278,465,1127,585,311,985,290,41,328,527,370,841,1135,675,99,862,851,1228,1151,1222,469,1215,1344,314,1232,473,289
22,406,93,518,1293,383,514,387,1292,0,472,720,136,28,1161,445,125,380,687,11,119,1204,983,389,1061,1321,1052,1300,220,9,433,987,815,399,1046,1202,258,381,1168,617,159,1287,459,991,16,141,528,35,1288,1019,531
1254,425,1321,30,397,252,35,387,1204,258,1019,426,1313,406,688,454,509,16,977,628,800,28,449,1042,141,350,149,125,145,1327,613,1046,261,1292,430,1049,138,93,973,518,24,381,440,459,17,34,1287,616,784,634,1004
1292,380,385,1327,1204,614,1175,687,1313,136,1320,1321,260,28,1046,35,982,139,258,245,445,688,1052,406,1047,1005,141,1000,153,785,518,1048,720,464,628,0,430,447,387,427,17,252,766,1172,145,987,716,689,425,1050,1019
859,687,1026,1041,116,406,24,30,1300,145,387,1052,1046,1195,518,1204,996,1327,543,261,149,425,514,430,1161,141,32,119,464,1051,613,1019,784,380,1038,449,509,1313,614,684,1194,110,258,634,976,95,234,1175,980,1292,87
756,518,1204,425,1052,472,687,965,380,1292,258,149,24,406,445,616,1321,613,1293,32,1286,403,28,1026,447,1328,1046,30,968,688,617,628,703,141,1327,117,116,752,1322,975,440,34,1175,720,442,0,982,397,1324,180,459
870,445,425,1321,1322,28,1003,459,380,406,977,149,387,1038,93,518,268,24,616,687,30,32,720,688,628,997,258,1286,1324,397,965,220,1175,17,1292,35,34,1005,1041,800,385,1311,447,145,657,468,784,614,509,350,590
460,1300,125,1026,729,273,168,1295,41,38,1061,452,687,1337,99,164,1175,1107,1092,568,146,487,230,599,1195,533,145,387,158,720,532,1096,1287,151,425,516,147,1313,451,491,453,461,163,684,427,1327,449,274,1041,498,26
542,1114,1358,1135,1118,150,1177,1182,38,707,836,945,1368,1155,751,907,576,902,1111,479,1241,1347,1218,1195,330,282,764,1319,186,539,1273,45,644,932,1373,205,312,176,1362,1239,1055,1132,1220,1258,904,419,748,1357,114,911,659
320,425,445,30,406,1321,800,397,459,449,258,141,1313,350,688,149,700,380,977,125,24,34,1322,628,145,381,468,138,454,509,655,93,538,17,518,616,545,679,16,613,1003,1038,590,1041,0,268,1204,691,148,706,35
1052,459,425,1313,1204,688,977,784,1327,616,1322,28,1049,397,1076,976,1292,35,24,1026,1293,385,1003,800,380,17,406,141,1194,1321,1320,454,614,230,258,1175,613,1342,1019,700,628,533,445,252,443,1328,687,274,453,706,1042
886,141,117,380,468,1318,685,613,1288,258,684,987,255,982,1331,379,90,387,458,36,158,1052,356,234,16,729,126,403,395,444,683,85,1337,1168,1293,1090,1109,687,83,1300,1292,400,979,119,25,643,563,445,1026,315,162
342,445,687,425,34,28,406,93,24,977,628,468,1041,509,32,440,454,655,1292,1003,472,1321,220,380,996,1313,409,449,383,387,997,1327,614,17,145,459,35,142,518,688,350,41,1204,1046,180,447,268,11,261,1287,16
1009,279,717,1246,718,298,1181,867,1210,751,738,765,594,496,367,736,1113,278,864,600,1136,644,1097,1214,769,168,737,1273,1110,164,1151,809,604,870,294,504,1209,915,1067,1353,1266,829,570,547,1117,837,1274,671,172,291,783
296,1222,1127,482,877,813,725,331,1252,525,1125,1126,924,85,824,1370,225,731,115,1335,735,562,1130,1068,970,889,1289,460,1374,724,1123,1251,888,1344,488,337,51,772,736,217,1116,8,879,266,896,1091,716,276,914,747,1065
672,305,1155,1212,1249,528,1347,641,342,566,801,1211,421,292,884,1047,838,413,50,1216,127,168,139,717,700,611,783,1023,1274,1154,974,1270,565,692,315,1078,330,705,228,1084,282,550,1088,1204,784,1254,1055,809,226,1090,1218
377,1321,273,0,1152,268,473,472,679,510,125,350,406,1292,93,1221,1149,433,910,1180,426,829,862,839,30,319,1050,1316,592,387,688,1345,1014,87,687,307,205,1022,861,440,1235,1019,1046,447,1175,1007,449,415,305,19,514
583,1222,1249,856,1236,1141,1023,1235,1256,582,1258,1205,1271,302,839,1113,875,1161,317,1175,61,828,922,853,1263,1146,890,1058,205,261,312,460,803,821,45,939,860,838,245,1039,1316,1371,732,1246,1196,335,1270,966,827,523,207
865,149,1041,454,24,261,1175,532,274,449,145,1038,516,164,406,1342,965,1345,614,628,387,41,1061,459,1004,32,383,464,1026,430,1300,734,148,1322,687,38,1321,230,1060,649,544,146,248,35,996,28,426,350,1313,732,1105
805,1052,258,380,425,30,687,406,800,1019,141,445,784,149,614,24,616,93,1046,976,28,472,1175,1139,397,1049,468,395,1313,255,142,509,447,1320,965,1293,1322,1340,117,634,1026,387,1328,393,1292,20,1050,385,32,1324,1042
1226,430,454,30,406,440,252,976,149,1161,459,1019,700,258,1204,34,800,1042,688,142,117,16,141,582,951,205,305,1049,613,234,634,1327,95,805,977,687,1045,628,67,426,1292,395,466,507,509,1018,645,138,784,1231,655
1203,174,256,1292,690,1296,1099,140,643,46,90,1006,392,543,296,85,1176,1314,1059,1101,993,428,720,77,719,16,422,1125,913,234,1138,1137,698,1286,295,1051,987,4,651,1155,705,448,983,444,439,432,427,280,111,654,411
568,687,1204,510,425,628,141,1042,406,976,613,117,294,1052,700,395,397,614,93,1019,16,688,258,119,1320,364,582,545,800,990,50,91,691,454,734,684,578,1327,1046,1115,469,679,34,427,509,1249,449,405,1173,17,30
176,864,1271,734,510,887,472,860,1113,498,1152,1311,1204,50,1173,775,1046,1249,349,1293,380,1140,1237,134,1289,514,1221,312,827,438,785,852,67,493,497,211,594,36,271,1058,570,210,1211,539,504,948,512,683,644,1310,666
828,465,273,41,350,1175,464,38,1047,538,1368,1168,468,552,107,286,47,1218,491,424,1130,1085,230,1124,469,655,550,1359,1106,1152,266,1155,994,1006,533,1165,264,1352,502,1350,1358,274,1374,100,831,58,949,1092,1065,495,1166
419,1052,977,258,1204,973,141,17,393,385,445,976,1019,24,380,387,234,440,30,628,1026,454,472,518,687,661,20,145,468,616,700,800,680,429,28,563,965,140,93,997,614,634,1345,180,443,688,350,1292,255,590,406
167,687,258,93,1052,30,616,141,977,406,1313,1204,387,380,1321,628,518,800,1327,1049,149,142,24,16,426,1042,1046,403,397,1322,364,468,614,617,440,1292,34,514,449,268,691,0,784,145,261,252,17,430,1019,700,1202
820,800,1048,1328,1113,1109,385,1063,1327,616,865,990,725,252,463,403,1308,380,1322,350,447,1152,167,1049,1313,507,1050,1023,245,1013,305,705,982,1310,1219,1056,439,1175,157,732,1107,156,1092,518,1217,1007,43,242,1042,1128,87
896,1327,1204,149,1052,518,93,28,1042,800,1324,976,424,1322,1049,406,380,258,261,1328,1310,1313,464,1195,784,965,634,459,543,535,230,425,1019,655,35,732,447,507,514,1048,271,30,1293,118,383,538,682,139,426,1320,1041
497,274,350,220,533,1041,1050,477,1107,706,298,502,126,1004,1067,230,473,921,1175,738,768,495,1116,498,624,50,414,910,630,616,449,273,415,1195,1341,977,732,146,990,439,387,1092,264,503,1124,278,1324,153,649,1003,463
1146,425,445,688,1052,30,1046,1313,687,628,590,385,616,1320,459,430,24,118,117,1202,1293,440,406,442,387,145,141,973,1322,20,273,976,518,268,614,449,149,454,17,397,965,426,140,220,1041,507,351,93,1026,1327,137
832,165,1177,1362,917,282,945,205,38,507,940,1155,576,45,1309,1111,1358,1125,856,1164,472,150,659,395,907,1272,1183,751,1167,529,43,1197,1198,510,1221,1241,245,778,823,847,1239,419,1319,371,166,912,479,703,1176,1182,1277
1184,1222,1113,1211,1048,141,1152,380,1037,294,805,749,1195,337,864,275,354,764,964,949,962,465,611,1186,12,282,769,1263,946,1112,1221,469,939,1319,988,159,1295,1364,116,449,492,710,245,1226,1254,460,463,987,1101,412,273
33,1038,1004,712,472,768,533,125,730,141,551,415,268,261,1050,234,518,35,751,449,439,1051,1037,419,28,861,1293,977,445,166,1202,616,965,762,738,503,383,1342,980,1019,1008,824,1311,720,256,1176,1300,398,532,1069,1061
93,445,93,258,380,406,1019,28,141,387,1321,0,1046,385,628,459,1292,468,800,447,430,397,449,149,440,973,17,138,32,634,16,234,140,403,378,136,119,125,655,454,116,350,1293,145,1327,35,1313,143,142,784,417
1064,1195,1175,350,273,274,425,712,768,1327,779,1328,800,532,1204,449,1322,543,41,977,1019,592,225,271,387,732,1049,419,1202,24,684,1026,687,281,1003,268,1320,125,683,442,261,704,1096,507,1076,110,628,1335,752,426,503
351,1322,149,380,1003,1195,1204,406,93,28,1311,32,1321,965,425,125,1041,732,1327,468,472,445,518,447,1286,655,464,616,509,35,1293,99,24,997,1061,41,1076,687,1328,543,145,465,516,30,617,1052,533,274,136,273,703
404,149,1313,425,141,784,1204,449,445,454,380,1292,145,116,1293,965,30,614,1046,32,1328,28,93,518,1322,119,1026,800,655,274,516,387,472,997,125,768,1195,509,180,440,720,1052,1004,1003,616,406,258,1321,507,142,1286
53,425,977,145,406,258,430,17,28,141,30,687,514,397,996,614,117,93,1204,509,1313,149,472,16,518,655,613,426,260,800,424,252,445,1046,1292,1327,691,634,1322,255,380,1324,24,454,590,459,449,395,34,1019,628
1204,528,943,367,1059,257,455,1117,298,1230,1064,611,1039,275,941,227,1181,1018,619,306,590,456,700,1350,915,997,764,363,1298,734,1274,942,88,147,1202,207,287,1083,130,423,273,907,1086,1358,272,984,919,1024,89,58,1203
300,425,614,258,149,1052,445,616,800,268,30,141,687,628,125,784,380,17,350,145,965,387,406,1321,1327,1041,1313,459,454,255,24,1175,449,426,252,1320,1038,142,634,977,1042,261,424,138,93,281,688,1204,700,518,1026
140,141,142,397,951,426,125,614,1052,20,997,784,468,1299,39,49,1019,513,712,1315,449,463,687,280,127,25,395,1327,800,977,87,729,1000,29,509,393,143,446,266,973,445,720,1320,84,1300,459,674,457,1233,898,979
325,1204,93,425,628,445,258,380,24,977,440,30,397,1313,1293,1026,1052,116,406,800,784,17,118,34,32,426,0,509,1046,616,385,145,119,449,472,141,965,973,20,1315,516,387,268,1292,11,614,409,613,655,140,180
731,337,1048,208,1102,1113,1058,282,1154,164,886,1155,856,736,579,291,1158,864,288,1335,1278,262,769,620,184,826,1175,1258,682,1156,303,1223,157,248,1271,1206,331,1351,1340,156,1217,731,941,1215,1205,784,880,1003,940,1100,780
782,1204,425,1061,11,93,1042,720,687,1046,141,28,118,433,468,406,117,255,616,91,387,409,32,429,258,472,1315,1293,1175,545,449,1202,1313,465,383,991,1320,996,36,984,443,50,982,1310,140,35,1312,732,509,1197,1226
642,864,1222,1146,317,1107,168,1047,827,1246,700,1112,693,306,688,565,170,86,1247,1207,308,230,176,917,1266,976,294,1235,186,1003,305,1048,741,732,469,1256,245,1092,1058,825,906,172,1101,1123,1260,1328,845,1239,278,1264,542
466,977,425,1052,141,258,426,545,230,1204,30,687,1313,125,387,445,688,1195,449,406,1321,800,538,397,255,1293,24,220,1026,93,518,1202,628,614,655,815,28,454,385,1041,447,145,350,270,469,734,1019,1322,1042,395,464
842,977,1052,93,687,406,1321,258,445,1313,545,616,397,30,1204,387,965,385,688,613,141,28,1042,380,364,1322,440,117,426,34,468,1292,628,518,976,255,118,1293,454,427,136,403,270,395,590,1202,409,125,1320,634,252
369,912,555,860,981,816,876,890,450,850,1096,992,1125,1053,723,1264,1167,1365,1101,833,171,406,45,1164,794,1333,334,322,198,625,847,916,1055,1269,835,612,875,205,1272,1058,869,866,479,1061,670,938,1244,1127,1039,1066,1051
155,445,687,406,1293,977,34,380,24,387,449,509,514,628,1046,1292,1204,30,0,28,9,116,1052,381,403,438,430,1026,429,258,1041,1321,141,409,426,383,800,117,532,616,613,1318,145,1050,965,433,617,1310,119,32,149
149,445,385,977,28,1321,20,590,141,425,25,30,87,118,430,406,1313,1320,1032,720,380,315,1029,1202,34,509,1018,23,688,142,381,616,1042,701,1057,628,1046,1038,119,383,0,136,241,1061,220,143,1014,387,1327,800,1252
449,286,281,636,949,712,703,415,1008,443,258,1049,503,220,459,946,965,1153,1151,274,1062,706,470,1094,43,398,498,116,37,1286,63,225,366,891,502,38,597,1070,824,324,1187,50,248,49,153,152,1114,165,1270,1352,1124
1189,205,827,1221,849,1242,1063,1023,1364,1154,1316,312,615,523,910,694,593,846,766,1270,769,345,197,187,853,839,281,61,939,1212,1249,841,1067,675,1186,821,826,1177,860,220,823,950,680,832,688,313,376,740,1274,840,195
200,425,614,1321,28,141,687,17,628,30,1052,784,977,433,655,117,116,0,981,449,545,691,996,430,118,700,509,93,255,648,445,1202,440,34,693,1313,11,1046,800,91,1327,1176,613,268,387,1075,468,590,142,992,991
659,1277,585,203,1247,245,845,581,316,853,836,1256,517,205,578,847,62,57,862,1252,186,67,1340,61,572,769,1164,207,199,201,1262,1249,1224,369,1211,102,326,1246,1269,593,1310,803,45,37,1217,875,1255,421,839,869,754
253,1327,445,125,1293,28,17,30,687,1202,1313,1321,425,141,164,387,720,406,230,628,509,1320,93,449,1061,180,149,1204,965,459,977,1091,1292,24,143,34,614,768,732,142,350,617,994,1050,119,1195,655,463,779,426,688
520,1360,61,967,320,1141,958,934,1114,911,718,187,196,1038,933,792,1230,420,782,830,183,836,874,640,328,480,370,302,1110,1044,1373,537,1194,908,765,1113,828,203,195,1274,636,308,581,1277,867,332,297,360,835,935,803
416,385,1175,716,1102,668,1287,838,1113,745,1171,1137,252,1129,1061,96,36,1321,1291,998,1135,225,987,1018,1227,502,1310,240,401,705,1123,1145,168,467,475,549,176,674,1296,495,1065,1293,47,1025,174,117,762,253,959,35,1087
316,425,1313,688,1321,616,445,93,965,28,1293,687,518,800,1052,380,628,149,406,1322,258,509,11,1046,613,977,1048,1175,1327,268,1023,784,732,141,1320,994,136,1328,35,1049,1063,720,1076,30,1050,975,1000,507,1204,138,533
1023,426,1042,165,395,1277,125,1197,649,815,916,393,1320,918,766,1310,139,1299,1002,716,475,472,572,1129,389,1311,752,91,1145,998,283,920,912,1020,995,107,1269,255,670,1158,136,1293,1052,750,954,102,688,674,258,1346,406
978,41,268,1051,167,116,543,553,1175,294,684,273,620,928,312,1061,133,1195,1008,464,516,415,1041,646,503,1200,1026,286,103,1171,948,497,556,175,994,779,3,1048,1293,768,661,1038,1172,125,491,161,264,993,671,1022,439
1106,445,687,93,1321,28,628,1313,30,1052,1204,24,440,141,258,518,118,387,965,1046,613,385,1322,1202,34,380,1327,17,142,1003,449,459,614,403,1292,688,149,0,617,32,397,136,1042,468,270,426,545,11,800,1041,119
958,1052,800,1124,426,468,627,1195,397,720,1213,230,445,273,903,350,1322,480,251,700,430,1165,387,693,95,696,315,1153,929,586,1327,120,704,493,418,775,1090,148,70,84,117,1005,495,0,359,1049,424,982,503,830,1288
259,800,687,445,0,1204,32,11,614,784,628,1049,93,1327,153,1050,509,234,380,1318,259,1045,381,28,16,1292,660,315,1083,1019,126,140,20,228,1052,399,258,281,680,356,613,25,968,951,1315,435,678,133,468,443,1029
917,425,977,28,509,93,1204,687,24,1321,518,258,613,1046,514,390,270,1202,117,459,118,617,119,17,1313,1322,35,616,0,973,1327,447,397,1052,655,30,800,417,472,429,1003,1026,140,11,628,442,448,136,996,805,142
1172,264,307,985,619,951,70,790,411,329,286,1149,130,170,1243,502,4,491,310,972,80,1340,538,1124,534,470,859,535,290,1,1120,1049,1187,312,650,1233,96,324,273,1103,240,503,928,910,1338,712,381,65,327,1201,730
180,380,93,518,628,24,30,509,1292,1052,28,1313,141,1046,149,1321,616,1293,387,417,34,397,617,1019,1026,142,136,17,429,1175,613,1050,0,1327,117,32,449,403,1041,459,800,261,614,9,975,140,119,435,973,1173,381
875,125,220,425,430,1041,687,149,1161,35,406,703,980,383,145,387,1004,459,264,1292,918,38,230,1195,1165,30,253,24,397,1168,152,394,1003,688,655,381,449,1296,779,150,1092,112,405,77,984,1342,391,544,433,437,768
698,1372,1265,780,736,782,363,208,1108,878,718,859,337,579,190,932,122,1257,756,144,131,955,1058,209,1229,225,460,816,525,1269,1263,724,767,1270,580,855,874,1158,291,1095,886,360,329,248,681,875,1210,1258,1375,1278,342
692,923,912,862,177,1050,716,197,25,274,730,907,925,214,502,289,268,1079,65,1205,818,732,505,219,586,806,325,1230,570,523,1252,252,311,1340,790,545,433,1338,647,839,954,341,861,972,1173,335,57,626,1069,1262,256
1017,1052,769,1140,287,823,676,570,1237,124,1064,1201,849,2,780,861,750,834,808,1152,837,628,1131,734,228,466,1029,688,375,977,571,294,17,1270,493,852,839,863,1156,144,1188,1228,1360,304,555,829,579,816,71,1316,777
941,425,687,454,518,800,449,406,1313,472,24,1321,145,116,387,220,381,459,430,1003,93,1052,1041,634,1204,1175,30,507,470,688,516,628,125,34,447,784,38,532,768,684,445,397,1026,1019,230,616,261,1045,380,977,700
214,425,687,628,28,1321,406,20,145,518,387,24,984,93,397,125,800,385,1052,350,590,25,784,688,1046,977,616,1204,1322,426,141,1313,613,35,430,258,119,442,468,34,118,614,1042,655,381,1019,509,1050,11,1202,447
297,449,1061,991,1320,445,1202,1175,773,800,1048,405,1019,387,1161,1200,687,426,230,107,350,684,1168,1070,430,465,968,125,268,518,399,514,996,1046,425,255,468,24,380,965,535,286,1204,36,437,220,976,260,151,424,993
598,507,1204,383,687,1310,438,518,666,968,380,30,590,1292,1049,445,977,116,91,21,397,1175,1161,449,1019,634,1293,9,1311,617,1045,552,535,510,381,0,1173,409,429,997,443,678,805,149,415,24,1316,973,18,1177,557
852,977,509,390,1292,624,117,929,1312,1046,1026,119,387,649,389,1293,785,255,32,34,1322,545,1052,0,118,996,453,25,687,729,975,514,445,425,472,1059,125,567,327,429,1050,258,1162,532,720,397,383,478,983,406,92
516,823,856,839,826,1248,875,1119,368,863,1210,827,1180,803,711,962,966,104,878,326,593,581,332,1362,1239,924,832,1255,1238,1365,312,1141,775,776,341,866,609,1221,413,369,1244,571,757,577,1247,523,869,324,578,759,1133
175,810,62,669,826,768,73,1048,38,705,1205,536,1038,877,326,1079,385,425,1162,1222,459,1321,1023,231,61,1032,595,276,784,578,492,847,620,445,1287,345,662,406,403,1186,196,11,1346,1305,132,463,811,139,919,1221,933
38,1161,768,416,433,18,34,472,1168,655,522,425,409,108,91,545,514,394,532,383,381,435,411,1300,256,116,1162,567,454,84,459,406,666,805,438,16,981,557,510,455,1051,644,1366,758,112,287,111,750,844,60,327
454,445,616,425,1195,1051,1322,261,1328,125,350,1076,270,1335,965,657,149,230,294,41,614,1061,447,1175,164,732,502,1313,526,145,687,1050,267,1296,1003,1101,538,17,1204,152,1135,720,1105,1171,1321,491,533,464,16,153,1049
1249,1204,687,1300,117,472,996,614,140,973,447,1292,997,1026,805,440,397,380,448,983,1322,1161,988,126,680,1287,1293,1312,118,4,653,83,518,1027,90,24,514,1004,159,385,1288,32,533,116,1295,141,685,270,35,1313,381
682,445,687,1046,141,24,628,1202,1204,1293,518,93,616,472,11,1321,614,1004,397,1324,440,270,30,990,28,768,117,380,385,447,1050,617,241,255,800,140,142,350,965,1041,688,429,784,16,268,411,406,17,1003,1322,387
471,464,1195,125,997,119,41,439,153,533,1161,1092,687,98,729,91,281,90,261,32,274,38,1066,1287,1082,107,427,611,447,454,1059,1168,514,1099,1153,158,383,43,257,502,703,478,1169,159,1047,1176,440,1333,145,30,1026
1130,687,977,397,141,1204,1052,387,628,1321,28,616,1046,93,406,800,149,380,1313,395,385,518,440,614,1042,509,142,145,24,1202,30,426,454,688,691,0,1026,381,268,613,784,1003,1327,252,180,1320,261,117,1345,140,636
209,522,986,810,510,438,769,981,1152,326,586,570,472,861,819,1314,1242,898,1173,817,435,576,496,219,24,536,143,968,834,205,429,824,1234,887,201,1131,818,798,20,535,569,1036,724,1180,411,1222,562,852,555,74,990
411,1052,965,24,800,380,425,687,149,141,28,93,977,518,459,258,30,1324,613,1042,1328,447,509,445,1313,616,1005,468,406,397,32,1195,688,440,1292,784,20,614,117,261,403,1293,463,1286,140,442,387,1003,1019,118,1041
636,837,1260,1261,86,849,313,588,1259,566,948,1184,354,857,1010,596,826,1278,823,1373,962,308,585,594,504,581,865,1368,953,864,834,945,565,1263,501,1205,582,1266,879,60,1361,1235,56,303,208,881,955,1258,486,862,601
452,1262,1256,845,341,373,201,335,1271,864,1249,210,171,325,1272,1237,66,572,431,1154,1246,875,1365,836,578,948,317,71,235,780,885,555,67,826,1354,1222,890,1180,829,853,1177,856,1371,389,319,1367,1258,1266,75,336,338
283,425,1204,459,440,1052,628,141,258,454,406,800,20,449,445,380,1026,442,149,965,1046,614,143,17,472,30,688,93,28,385,1315,447,509,117,545,518,616,1327,784,387,973,142,468,180,118,443,234,590,34,119,1003
1011,852,555,1058,57,175,1152,593,525,279,861,887,1271,1221,312,1278,768,860,1217,1371,50,965,66,1161,562,857,641,877,69,229,569,1249,824,472,802,1081,553,306,604,202,805,325,1258,1344,609,1256,1180,940,986,62,1330
1142,425,445,973,1313,977,661,449,518,1322,30,1042,174,1004,1038,688,994,24,381,1293,1076,965,258,403,118,426,315,1052,93,385,616,397,784,545,387,252,1204,636,1321,1026,459,720,687,657,28,814,815,712,453,1051,1014
211,687,1327,274,445,425,800,965,1204,1292,0,1042,149,426,93,281,1046,688,364,454,225,1293,1052,32,1175,616,126,507,230,18,1286,35,141,1195,518,258,1313,675,261,1026,701,28,468,356,397,380,1342,1124,449,271,982
950,1204,425,28,687,616,93,1003,1313,30,380,445,1175,387,614,406,24,628,1004,516,145,1321,449,514,274,447,472,125,1046,454,800,1050,430,1052,1049,1327,258,1019,440,1328,116,1311,32,261,17,613,350,438,381,1293,459
219,425,28,141,1313,687,1322,380,445,518,93,616,1292,1327,1321,965,784,800,1204,1293,180,387,464,720,145,459,136,258,149,1052,514,274,1061,1042,449,614,118,463,613,628,1050,732,533,30,139,273,16,406,701,691,688
871,472,380,518,1313,507,1175,1322,1292,1310,1293,1342,1038,464,274,703,1316,38,30,9,734,24,1003,533,1321,688,430,255,1351,1026,429,397,32,1004,387,454,968,1052,383,918,256,258,409,526,249,394,1319,1005,435,426,468
752,425,687,1313,149,688,28,445,965,628,261,449,30,118,977,533,24,1052,406,1050,387,93,1293,274,273,454,614,17,1046,1041,800,141,397,440,463,230,815,1026,1204,518,119,1076,180,459,507,142,1321,364,470,1004,380
701,965,616,425,118,545,126,0,768,164,93,1292,225,779,1026,457,389,276,804,468,393,41,441,412,24,815,392,1091,394,390,364,180,459,655,742,85,17,1041,1139,649,119,510,117,426,153,977,161,630,406,1067,28
624,823,862,569,875,593,860,591,712,1235,867,853,583,177,839,846,332,562,603,201,930,523,72,842,753,57,577,376,504,609,824,1255,604,584,312,1141,559,1221,56,326,335,1247,854,582,1241,567,233,570,536,1246,877
111,1246,761,1127,878,995,336,45,1215,287,867,181,290,757,367,481,756,817,836,497,766,299,718,1025,304,357,943,915,88,1274,1117,1175,508,146,787,173,752,368,1335,286,731,1144,413,1258,1237,837,895,1137,67,759,235
62,687,34,268,445,425,977,1161,380,9,117,1287,1026,30,449,116,518,973,1292,454,1046,390,1018,1318,996,1300,438,35,509,1051,590,91,406,385,1052,141,459,680,409,1063,544,119,140,447,1008,256,430,628,435,1204,994
16,445,425,1204,687,1046,784,977,30,1321,1327,1173,1320,449,1195,1052,93,666,634,438,590,24,1175,1042,426,406,518,4,440,380,447,141,234,800,1049,350,1293,16,87,35,118,984,258,385,688,116,17,994,976,34,1194
997,912,1053,966,856,572,207,187,949,307,366,847,1241,601,1262,866,1075,922,578,529,659,795,862,1111,905,1272,1120,962,113,565,778,1354,946,751,1222,803,1190,65,940,910,197,288,1252,920,1100,1106,1375,71,1266,575,1256
847,425,270,977,616,28,30,628,614,447,1204,117,24,965,17,93,687,441,1313,180,526,406,1049,267,459,1050,412,261,141,766,990,1004,1327,427,976,1046,1293,996,1052,1003,1341,1322,470,454,411,149,810,220,973,533,1042
357,687,274,425,1313,1042,387,1321,141,380,688,445,93,628,684,406,125,17,616,990,180,440,1175,442,412,294,965,478,1096,984,1345,119,1327,273,143,281,50,146,465,350,145,427,509,468,34,472,1204,28,1322,230,142
977,281,1032,66,877,286,279,1151,452,41,1082,1041,425,268,543,1290,1191,1147,1159,1235,38,1275,525,606,177,1092,737,129,1327,757,772,1058,516,1135,748,779,402,1321,901,1154,569,357,870,290,728,220,1175,276,388,1061,813
915,687,425,614,784,149,454,449,24,768,253,980,148,433,35,424,977,142,1327,1313,220,1003,427,116,800,381,406,28,1204,997,459,16,1049,532,387,655,700,125,34,30,545,417,429,1045,1014,463,268,255,1037,264,628
293,425,406,687,1313,93,445,1175,426,688,518,35,17,30,628,1003,977,1046,125,0,1293,1052,720,700,387,252,1202,28,1042,268,119,800,509,138,965,1318,440,1061,655,648,449,616,145,230,447,24,1076,77,1322,468,590
1062,1052,1322,387,274,252,1195,268,397,426,449,425,350,688,1175,145,149,445,720,1038,273,468,1327,687,424,24,545,258,1050,1042,28,1313,459,614,1076,125,30,1004,700,406,518,991,141,430,704,684,1321,1165,148,1204,1005
397,911,795,1241,944,1258,629,1213,787,234,504,867,953,776,1362,500,1246,777,879,785,899,768,864,104,1159,1209,775,933,967,1260,830,780,834,868,645,1240,304,569,302,803,199,727,857,151,1095,577,757,913,1210,765,286
777,751,245,475,769,611,933,61,1155,1,908,288,99,1113,1246,302,1256,313,533,761,173,1098,947,253,1189,775,578,1126,501,559,292,918,604,1154,1200,766,1240,1254,565,576,948,704,59,51,606,78,817,148,856,558,771
1278,425,459,1052,628,397,141,24,590,258,394,973,445,614,1139,406,385,142,976,1320,449,220,616,28,1046,430,1026,1202,440,30,140,395,270,687,255,688,804,398,443,25,509,1003,34,1321,1019,472,454,387,234,17,426
946,687,1038,800,380,24,1026,430,1046,425,454,1327,258,145,445,614,397,1052,387,449,1322,148,116,1313,784,518,1003,459,1204,516,1004,752,1050,1019,28,1194,152,442,683,20,406,1175,1328,253,394,616,976,390,628,977,768
833,1175,273,469,387,543,41,412,1154,1041,785,864,1005,732,99,487,271,220,495,1003,1322,233,1202,1194,230,465,286,768,843,1342,464,1222,965,1352,50,473,980,141,274,159,1149,990,1107,283,1311,1321,1204,1076,1241,172,170
1291,1113,1047,1023,1321,281,245,738,294,1107,829,1092,1048,864,1118,1152,942,1125,740,688,1263,1368,502,47,306,1102,172,1158,1032,1212,1320,689,125,225,1067,998,220,1131,987,995,1146,1123,164,1095,1112,876,1000,652,1287,1187,12
943,1175,449,687,1204,965,387,41,425,1019,274,230,1076,36,464,107,220,445,286,447,538,720,1293,273,533,1322,468,1004,1321,1342,518,491,118,93,1070,614,350,35,426,1313,153,1041,1118,261,28,50,149,125,994,24,164
746,687,800,1050,380,149,145,1046,1327,387,1026,1038,445,430,1313,614,1004,449,1096,1322,268,533,1293,17,442,1105,425,385,518,1175,125,616,459,1328,24,1019,274,752,784,454,683,1037,768,720,1204,140,142,230,1292,1005,472
975,687,24,406,1052,385,1204,30,1313,688,1287,634,397,1332,425,535,445,472,590,1197,32,1345,1019,435,459,977,149,968,391,429,427,20,34,1026,453,973,1322,33,614,454,6,125,378,636,315,258,1020,25,1018,387,1050
117,1004,35,380,153,532,43,518,24,1293,149,17,687,1127,454,11,614,688,28,1003,225,403,628,438,630,140,654,36,126,381,632,705,444,406,480,918,544,50,125,1099,267,829,1341,1322,965,417,433,1070,507,1311,1050
638,864,1245,311,893,1280,1152,1131,988,245,1263,1371,749,1221,329,1183,317,876,1158,1119,215,213,306,1211,793,852,819,69,73,570,1057,758,790,1222,354,490,310,960,1103,619,870,1275,1260,324,880,1151,894,735,826,593,525
199,425,93,687,141,380,509,258,387,406,1003,30,1327,784,149,628,145,1052,688,1321,1204,397,1049,518,463,613,116,32,800,977,34,449,1292,1322,655,252,261,268,614,136,364,274,35,454,617,426,119,403,11,975,1175
574,769,1310,864,1249,1254,565,1258,1247,68,349,578,828,778,1364,60,1211,555,464,585,740,1111,886,875,175,1317,299,1023,595,571,1256,1311,231,593,1177,1154,1276,766,1205,131,510,539,841,955,885,1266,284,853,1344,342,741
555,879,1213,504,104,950,577,503,826,782,1053,382,866,1246,567,834,934,570,366,496,1096,1244,462,961,923,1136,179,803,1255,646,365,972,1277,1220,456,529,754,332,369,487,358,607,1190,505,1238,371,842,1343,1224,1011,816
1082,402,122,915,958,826,775,498,1200,527,183,286,604,750,1,644,1281,1140,795,61,609,1157,419,193,242,773,798,135,374,486,1267,109,934,577,748,967,1217,1232,911,881,1093,1178,1208,487,855,58,1114,841,799,950,54
753,614,1052,149,425,258,30,1313,628,977,518,445,1175,440,1327,613,1293,449,973,680,93,459,28,116,380,406,145,688,454,616,1320,1046,24,1049,385,800,17,143,1041,965,430,1063,994,447,1310,442,1026,1004,351,142,427
158,30,1195,445,93,1052,9,397,973,266,1175,449,613,447,800,350,430,380,260,149,1026,268,125,145,687,509,28,1295,538,1313,385,468,252,274,426,516,459,976,141,507,119,720,24,1293,634,1005,294,399,997,1107,700
118,861,230,586,860,569,62,261,196,733,473,1262,841,570,189,559,69,219,842,675,545,319,557,353,304,1114,572,574,67,844,296,1244,405,694,496,314,1259,626,368,346,555,486,779,627,966,29,213,1041,1042,1322,264
657,383,402,666,437,785,205,509,1012,151,617,405,691,1161,514,435,1194,510,425,1202,1366,18,968,557,453,378,768,1197,9,1287,842,419,319,472,977,15,1336,254,1093,1068,805,1236,934,430,403,406,141,347,807,852,1200
681,1046,440,628,472,425,1161,977,687,117,1292,30,24,16,11,1293,509,649,180,270,1321,992,34,526,1026,118,510,784,617,1051,429,785,93,1176,119,140,438,1204,1300,327,445,984,613,1315,25,380,1332,152,616,614,514
186,406,687,1204,1175,1321,616,28,1327,93,380,30,977,1292,1293,387,628,518,1046,24,1052,403,149,449,1003,509,385,784,145,800,261,1076,35,274,688,1322,984,258,613,141,350,11,507,447,1019,1042,720,136,1026,34,440
1274,582,606,1321,329,553,603,1275,1272,1140,1200,433,782,608,1064,875,61,341,412,514,248,498,624,1372,600,287,1373,425,320,62,586,161,861,201,785,607,526,1354,574,420,543,854,449,422,964,776,1366,1232,278,189,273
914,687,425,24,1204,472,1313,30,445,1041,1052,628,614,440,1046,1292,518,32,1026,28,449,116,145,406,380,516,784,1321,1049,93,261,387,1038,447,141,430,35,634,125,1004,258,977,613,381,1161,270,965,34,1003,1327,383
322,24,507,977,397,518,454,258,385,1018,459,350,30,1287,430,252,445,613,800,138,425,590,9,381,660,259,227,20,509,976,687,1286,35,1321,973,965,634,1194,1328,447,1318,673,1313,34,268,1324,1310,898,700,1292,552
579,712,268,141,1004,532,125,636,762,459,561,470,395,180,35,1292,49,256,784,234,28,397,628,433,684,117,260,153,495,464,815,161,463,119,249,965,980,264,111,251,800,688,661,393,225,1293,39,1126,266,1321,387
1132,425,732,1204,274,273,279,543,687,703,1321,1313,445,1061,406,1345,258,507,230,752,286,254,125,472,1173,1099,1102,350,1030,149,93,447,1041,50,975,965,611,779,419,771,544,498,1195,159,383,405,628,671,271,766,464
148,425,24,687,149,258,800,30,138,1313,454,965,397,507,1322,145,459,1204,628,426,1026,468,20,977,700,1328,9,509,125,430,28,518,381,32,1292,364,545,1321,447,616,648,720,684,472,779,93,655,1175,435,1089,253
570,553,1208,583,834,862,867,324,326,593,273,753,1258,254,1246,1266,287,527,861,329,312,863,487,219,580,823,609,279,986,860,1022,1238,852,201,486,233,803,567,559,839,846,1154,332,34,1152,547,56,319,1267,1190,1236
1103,1372,172,1152,1064,594,1004,1010,1058,725,750,1151,638,1226,829,667,837,609,182,1314,1336,1130,1319,988,1012,85,771,1081,789,783,127,1088,1307,1183,1145,301,460,1256,1047,286,850,928,302,615,990,64,1261,1194,36,3,948
1273,425,1175,687,387,472,1046,533,518,766,628,977,1292,1204,1195,1050,1026,1004,532,614,145,1327,149,1003,965,1313,800,24,180,380,32,768,1322,438,516,406,649,28,125,720,616,220,655,447,116,445,412,268,975,691,430
341,687,1204,445,425,447,141,93,1321,1195,1049,1052,16,614,24,261,406,700,688,440,1019,518,634,20,28,380,800,149,34,1313,997,32,514,468,1327,145,125,1322,117,1041,1038,965,1018,1046,387,613,1050,270,465,1287,459
741,1254,828,1154,1023,1246,465,585,506,856,774,303,574,875,633,1258,189,1194,320,291,1236,196,1217,50,1200,195,897,278,1263,54,1278,767,499,1011,1156,493,874,1271,826,947,1112,1177,845,1146,1143,1152,489,1190,825,1110,539
478,788,951,1013,753,962,588,626,323,1031,345,250,428,1012,84,1137,80,39,955,69,636,707,1331,457,846,662,998,247,232,905,23,938,859,195,566,446,537,849,862,844,213,755,781,477,762,1248,52,1224,239,285,320
55,425,687,380,518,1204,1321,1292,258,30,0,977,1041,613,24,141,406,149,965,472,397,509,17,1049,387,381,1313,117,1050,180,270,145,1052,438,1327,32,116,800,35,996,1003,16,403,430,1026,11,454,409,614,268,429
79,149,117,800,614,268,28,433,996,1197,994,687,35,1173,447,1050,234,720,16,634,545,1046,0,1312,93,533,424,1322,445,437,784,253,252,153,1041,1292,440,256,1287,1080,616,417,1013,91,480,662,387,380,472,929,1175
866,261,687,406,532,1300,478,657,119,230,383,1168,1342,1161,145,544,1292,274,1038,974,507,38,684,35,138,364,1026,1328,425,1321,3,729,255,225,435,403,561,965,454,24,628,720,453,433,387,32,1165,449,41,430,149
510,864,1246,543,570,785,1270,990,1236,1191,522,487,419,41,1175,766,861,1359,1247,1154,50,59,469,1235,473,818,604,854,1215,565,780,571,547,527,312,328,281,361,1003,1352,734,1131,1208,758,210,271,569,402,1256,242,164
398,687,518,93,965,800,126,125,230,425,815,533,416,24,364,0,255,514,426,118,435,445,653,380,616,18,415,712,258,133,779,439,1290,153,433,1042,28,9,274,256,263,1070,507,977,1300,768,1026,532,636,766,390
229,459,445,25,784,406,16,11,509,397,141,32,1327,409,997,93,977,687,1014,1321,380,1313,688,545,720,1019,1293,1044,28,472,468,655,543,393,1029,620,125,1052,24,454,87,118,1320,41,898,91,1007,980,385,394,383
494,281,498,464,230,1320,543,164,1195,449,1041,125,1102,274,732,502,426,487,41,1061,1019,1311,965,1313,1003,1048,1293,1270,139,1124,990,1113,561,533,1044,1107,1099,1025,1076,50,32,975,36,1152,439,475,510,1327,472,1290,419
1178,1222,1211,317,1113,876,749,1146,1235,1196,168,1263,1058,1107,864,802,233,1175,342,841,1264,236,668,312,1131,1223,886,1246,1218,641,206,873,172,1266,791,1154,1149,1258,469,282,1254,1186,878,740,99,291,611,303,839,565,1125
207,1322,1204,387,118,449,687,445,977,273,1042,965,1175,406,93,518,1313,28,426,24,412,268,141,1327,30,1321,394,1041,509,447,1004,614,1038,1003,1046,145,1315,617,661,768,136,533,1294,1085,991,1076,973,532,272,152,397
251,687,628,1313,977,93,28,30,1204,380,518,258,965,509,1321,613,616,17,1322,688,1046,1052,387,1026,125,590,1003,440,11,1292,141,447,973,429,1005,459,34,1315,784,449,149,800,417,403,1327,381,119,1293,976,138,0
375,141,4,126,427,569,480,425,454,532,996,117,779,437,440,405,1176,1038,35,1295,677,1120,140,619,766,1312,716,729,43,1041,125,220,29,270,642,255,761,478,1072,110,680,687,645,1090,116,1288,1026,636,422,1089,506
1286,93,1327,149,1204,425,258,1313,752,791,286,380,424,1047,1328,1292,1286,687,1195,800,1052,1324,1187,732,419,28,1194,715,616,117,406,982,507,518,274,394,458,1025,614,440,977,538,1310,1046,965,1321,469,116,1311,1322,495
851,425,1321,1204,445,965,518,1292,93,149,35,406,30,1327,1046,385,141,28,800,628,1175,32,1026,387,454,616,720,440,116,784,1041,11,688,24,403,136,268,383,997,463,447,449,180,1042,145,1322,533,1038,1003,977,409
881,445,425,1204,30,1321,614,628,24,613,380,1052,258,1045,616,509,28,381,406,93,34,472,409,449,430,16,1313,140,973,1049,1292,468,700,143,1046,800,454,447,385,387,617,0,1300,997,270,268,17,117,145,395,138
808,425,445,1202,687,1327,1175,1313,1322,1321,125,1195,468,268,30,538,274,977,387,459,406,350,1292,800,1076,142,17,1320,784,252,997,1003,35,1052,1204,426,449,700,688,965,545,1038,261,1328,412,41,1049,617,159,433,28
47,425,687,387,445,1313,1175,426,688,149,1038,616,700,1052,28,397,800,252,35,30,394,93,125,380,459,628,518,258,136,1161,145,220,1046,34,1004,1042,141,430,532,509,472,977,138,1327,454,1300,1293,655,1003,383,1019
151,34,118,912,25,433,984,523,1304,1321,1161,136,1038,91,720,921,509,641,425,862,865,818,1044,87,1365,1061,564,30,210,119,44,981,1371,1032,1316,1014,478,532,1320,639,766,1249,32,1085,920,1235,567,1046,287,688,383
1209,425,687,141,1204,93,30,380,1313,142,258,16,140,0,1046,28,616,387,440,116,1321,385,463,784,691,509,25,145,1019,406,1049,977,518,449,427,34,510,680,412,973,628,117,17,270,1345,700,1294,1042,6,417,976
626,862,863,870,233,325,1239,1259,324,583,553,329,1371,592,201,70,593,66,1022,1141,406,300,296,741,910,834,178,869,700,197,570,877,326,1266,328,62,1235,854,1180,875,803,774,818,860,1135,196,1133,320,523,1208,1255
231,425,518,445,1204,614,449,141,380,387,1321,628,30,800,1046,28,516,125,1026,406,1038,93,268,1313,24,1322,116,1076,454,1041,1050,1327,514,1296,680,149,1292,140,468,1293,385,784,412,532,440,20,447,684,32,613,38
1289,116,1204,1310,1008,712,117,687,968,675,805,518,990,634,680,393,109,800,424,255,703,636,24,1051,381,441,1139,256,4,435,447,397,20,449,1045,977,219,438,1013,411,1070,400,973,514,21,1026,684,166,2,6,503
1094,1211,1370,887,792,210,875,1266,505,1036,1305,1265,1259,1222,613,1346,104,816,835,891,1249,1245,1310,60,317,889,1289,1209,892,355,987,1236,756,1360,124,821,1152,666,500,1235,1217,1275,530,986,840,1193,1366,1244,778,1263,118
1083,687,24,514,380,507,116,383,149,440,1204,509,141,1321,117,1293,438,977,968,1046,387,510,364,1026,447,403,965,454,35,119,628,30,93,32,703,1300,1313,406,425,1050,445,18,613,270,145,459,381,1316,1168,417,9
1055,445,425,977,149,28,1321,1041,616,688,140,24,274,397,148,395,684,1313,965,459,449,516,125,220,1322,617,406,141,628,17,975,1004,532,412,152,454,1286,1292,1027,180,784,145,994,380,1345,590,470,1311,427,1293,442
127,125,1292,628,459,509,387,544,350,472,435,507,268,442,149,353,255,634,381,364,445,915,468,1003,281,383,433,28,426,706,24,1019,234,258,274,37,225,249,1008,429,43,526,687,161,409,449,561,279,260,0,545
3,425,93,628,509,977,380,472,24,30,387,258,1313,149,28,800,976,1046,449,447,440,1175,616,1293,385,17,34,1327,965,468,397,459,138,430,1049,16,145,973,514,32,141,614,136,35,426,117,438,417,143,1322,590
115,454,119,47,33,90,514,445,687,125,397,1038,34,426,980,30,1168,32,739,991,159,1161,903,352,684,688,381,449,450,19,822,264,120,252,234,929,734,1145,661,815,1226,315,1018,446,516,406,656,679,491,655,625
1194,585,782,524,124,366,469,636,527,111,825,1337,47,187,776,1360,561,913,358,1137,998,1224,228,534,68,718,496,109,567,1200,103,166,360,12,1229,580,1012,361,797,278,160,1044,1087,955,237,537,581,867,328,459,487
279,518,800,1003,1052,459,380,28,9,1004,965,1322,614,472,687,406,274,1310,141,387,1194,425,397,1204,616,1313,445,1327,430,454,268,507,258,976,1019,30,628,977,442,403,416,613,145,688,1026,116,463,1036,1328,125,514
599,1211,1249,1175,827,1141,1113,1208,803,320,1246,593,233,1267,780,332,1007,856,1266,633,1244,581,1154,469,842,846,1259,325,860,236,935,826,1022,937,489,1271,606,498,553,464,854,1264,316,338,459,760,522,565,809,1179,206
210,826,864,571,818,1141,201,175,1217,856,1262,823,583,1242,1221,858,1263,795,498,765,1131,60,780,1022,935,1371,852,866,592,845,741,66,1264,1053,1258,512,61,335,586,562,776,844,1152,890,68,1154,835,305,71,547,836
370,514,459,464,518,472,350,30,394,1310,261,118,320,349,1292,412,526,584,1204,141,447,380,463,581,1332,1195,977,116,99,1049,1020,687,1321,1052,425,810,24,1048,270,1013,1327,159,634,473,571,1044,590,976,145,273,387
972,1327,41,261,687,464,1003,1300,800,1195,1328,1292,281,509,454,425,1049,1061,1161,1295,449,141,274,273,350,427,1175,684,397,415,1022,1204,32,977,561,661,439,116,997,164,1286,1067,469,140,180,965,507,276,172,1076,516
1174,498,1123,1264,1222,1153,1135,734,1102,311,791,1058,1076,495,473,1290,948,960,1266,1145,1234,1271,59,562,1129,503,1250,1000,1251,851,481,745,1120,1168,802,486,310,465,477,189,1195,100,335,1012,510,407,751,134,485,331,1171
383,1004,425,24,141,387,1052,590,655,30,980,1313,28,687,255,973,430,149,449,394,1327,397,1043,784,1321,533,11,1041,241,1026,1014,614,1194,442,234,463,976,383,472,545,1202,406,270,1312,445,1027,20,385,419,117,1286
72,425,687,472,445,406,977,616,965,149,1052,509,1049,440,30,397,1313,28,613,438,1046,447,385,1175,381,968,403,1324,800,1292,1311,143,117,617,429,118,9,1026,982,507,435,1050,1019,180,1293,752,514,32,1321,364,997
1098,1204,977,397,28,518,449,381,425,1019,1046,687,387,220,417,16,1052,385,24,20,1202,315,30,6,509,270,93,380,252,35,447,1313,268,260,1321,0,428,1291,1005,613,514,426,1293,616,951,1018,1292,1324,4,472,34
807,28,445,425,1204,800,1313,426,468,397,252,93,509,613,687,30,538,977,149,141,260,1042,720,406,616,518,1322,274,951,1321,454,815,545,364,700,1049,145,16,459,255,395,1019,430,263,706,138,636,410,614,117,470
868,687,425,445,1321,406,628,1041,17,449,1038,472,35,1293,532,1292,387,1327,996,24,30,383,518,380,220,977,145,385,1026,28,32,688,350,1204,149,430,700,454,734,785,397,1005,655,991,1175,146,514,649,230,984,1050
910,258,1204,445,977,509,28,468,30,380,425,1049,614,1318,1313,16,93,514,616,397,673,1292,440,409,32,459,687,997,11,675,976,17,1201,406,965,1029,140,1005,628,805,417,381,403,784,653,270,1321,20,385,34,472
318,17,800,1052,1003,1005,468,538,258,459,1004,397,230,406,380,720,439,1327,1204,518,252,387,20,616,149,688,274,93,1175,141,725,426,693,9,32,1165,1067,348,509,1328,965,399,24,982,225,424,996,1048,447,628,983
393,258,393,468,142,28,93,1204,440,752,119,389,406,396,364,1047,395,458,380,1288,982,617,1053,691,387,613,999,1318,912,87,616,378,0,399,545,143,1042,445,1303,720,814,919,33,572,469,684,113,954,876,390,348
565,378,1152,282,176,1345,1222,1113,472,912,510,439,687,438,1138,910,1168,552,1314,516,838,666,1221,615,1241,464,1287,383,1292,745,993,841,275,1037,1161,473,293,36,550,1231,1223,1300,831,717,312,305,805,1106,756,1094,167
781,310,943,834,65,486,825,867,313,793,751,55,328,358,499,947,870,1151,366,360,67,650,306,908,1232,287,183,104,189,1126,160,1246,1121,78,281,187,291,338,63,178,1357,774,1369,367,1224,47,370,837,292,594,876
1053,234,117,983,981,21,980,138,440,0,1014,24,20,409,293,30,1043,90,929,441,16,898,1292,951,645,1114,34,437,44,1153,39,992,679,47,745,1176,1288,420,770,505,468,510,1090,35,280,910,393,2,46,112,141
239,380,472,274,1026,469,965,1175,1204,543,616,91,419,1152,766,117,1050,141,429,406,1345,465,1292,982,1067,425,1342,684,395,464,687,741,149,152,1003,526,439,1311,968,245,383,1197,1320,990,312,510,729,139,261,387,447
540,1154,122,478,268,1092,917,705,865,309,947,888,312,154,232,225,660,753,1283,1227,1146,1216,1084,707,904,1059,672,240,1142,8,1083,223,379,476,1174,892,127,1025,771,646,737,690,891,781,1135,1231,657,1028,963,1096,1038
1241,687,268,1026,25,533,1050,720,389,116,255,117,119,34,975,1004,1019,1061,93,784,429,364,11,815,445,158,234,140,518,91,1041,1204,1292,3,1300,425,32,1336,387,141,28,403,614,616,463,509,30,458,17,153,149
908,35,614,454,24,459,1070,472,380,687,116,1008,1052,800,518,634,1316,95,159,395,1195,1320,1062,510,661,30,391,468,409,412,997,784,980,420,1168,994,245,255,110,1049,1327,514,383,680,448,1322,785,1226,1308,674,1202
1002,684,387,125,1175,1041,1004,268,561,683,1292,28,1153,1321,350,270,706,264,41,35,422,628,691,630,661,815,220,419,800,274,1051,491,766,459,480,1003,1089,1043,1296,725,624,111,990,1076,1342,712,532,470,1312,498,703
415,125,1105,465,1161,703,1175,543,684,145,149,965,454,261,1292,271,99,159,116,153,286,49,1328,510,152,516,1300,532,491,449,93,395,712,107,1076,1026,273,1099,1061,110,568,445,1038,427,815,561,1313,469,472,36,32
663,1366,69,603,741,283,1028,751,892,602,482,924,68,115,1332,66,1323,705,1283,606,128,985,359,607,1160,619,130,600,376,789,605,1350,608,788,197,218,536,1275,397,1035,311,819,1361,477,160,75,1144,320,1036,1021,343
470,498,1154,766,1110,736,625,722,320,737,1342,179,1229,64,50,1152,363,740,958,153,905,54,1359,792,204,1270,1274,1331,1084,1143,98,1113,1319,1372,841,370,172,79,707,588,1117,1073,474,824,748,1244,917,360,936,782,303
287,141,28,17,425,380,687,93,628,11,445,385,381,977,463,142,0,613,509,616,1327,440,417,406,387,119,30,409,24,140,143,34,1313,1324,1286,1052,400,518,1037,800,545,448,397,1046,1042,1032,421,138,784,260,655
862,687,1204,614,447,118,1050,117,425,20,997,1292,397,138,424,628,93,17,996,406,24,1026,380,1300,32,125,472,800,270,616,350,977,1176,675,518,965,143,532,30,35,4,119,990,77,141,968,1324,1161,982,255,679
1090,1264,1235,317,1196,286,1266,1177,917,1218,1179,1222,376,1112,1211,1247,1191,591,752,768,1152,1175,890,1039,1269,1271,832,864,233,290,504,646,1133,1241,1146,62,1251,1371,276,1058,525,1262,1025,799,1212,912,1365,164,1239,1117,1127
677,790,1222,864,61,826,1211,1249,1221,1263,201,302,724,880,324,789,1247,923,853,920,1190,586,1256,1245,852,806,207,862,176,1149,587,1269,1158,215,335,1205,847,66,593,1154,1141,1243,1345,922,803,857,493,1308,197,1254,714
439,61,74,343,782,935,765,811,1366,332,875,826,776,73,1262,1370,950,911,1068,68,1247,887,581,1263,944,475,162,525,496,967,757,766,870,422,608,66,933,501,889,760,530,777,287,487,31,359,1235,382,796,1372,874
46,425,800,258,141,149,445,1313,614,1049,459,28,1204,230,1046,1321,720,268,30,464,688,380,509,1076,977,784,518,17,449,93,406,136,145,616,1195,118,1293,965,274,1292,545,538,116,0,440,655,139,252,1194,815,397
1026,765,994,173,975,867,165,1171,715,899,912,1181,1011,579,736,568,908,777,925,784,731,369,1324,149,253,363,187,973,856,1175,1062,457,1073,1023,267,933,1115,451,1192,684,1122,1042,351,739,499,428,1240,1325,922,897,694
961,1052,543,971,977,628,419,818,406,144,785,1044,481,1003,782,425,752,1313,28,975,780,1327,801,2,547,384,1336,581,131,776,803,211,17,228,385,32,458,11,148,616,1139,683,124,675,180,361,436,595,1041,292,1026
45,28,688,1175,125,766,1042,153,507,136,655,470,518,1304,815,258,1300,36,406,261,93,77,459,634,509,1052,628,693,561,1172,152,145,1000,268,34,409,997,255,657,364,352,1340,720,999,17,1124,180,779,468,1286,3
670,570,376,60,778,1144,887,1366,522,1248,1036,211,510,810,607,723,133,1140,585,64,817,320,1361,904,794,434,552,223,615,181,197,620,569,493,416,840,857,1303,359,596,508,832,8,505,170,176,495,733,623,895,1233
724,30,1042,141,117,996,118,34,411,694,0,393,441,977,20,1327,392,1322,440,445,800,1202,425,409,140,1328,815,1293,983,25,93,509,514,270,1324,1292,126,1062,273,17,1046,545,41,28,252,1051,448,90,720,1000,170
1007,1344,668,864,1135,1223,789,337,460,1276,386,1081,1264,816,488,725,788,208,601,1271,1291,594,39,1185,45,1336,1161,1183,805,476,479,1254,940,60,1351,959,1152,299,543,1121,240,1319,1371,242,311,100,41,1158,574,200,1156
925,687,141,425,30,977,1204,1313,20,380,258,93,385,11,16,617,28,1321,509,252,34,1202,406,143,616,613,1320,800,449,590,614,1046,440,25,24,973,268,1324,1049,994,0,1019,1052,1327,997,1032,1201,403,6,409,518
401,687,380,1019,1293,472,142,628,258,440,425,445,438,614,1321,965,385,1175,149,616,977,976,17,30,449,459,784,117,1037,141,447,1052,180,1026,140,442,968,93,24,28,518,1003,613,20,1292,973,732,712,406,800,1320
1258,380,965,687,518,93,447,1313,24,445,30,28,1175,509,425,35,141,1003,258,1005,32,1052,1195,1076,350,118,125,1202,1050,268,1293,468,464,1300,1311,1292,616,800,397,661,1026,261,1321,230,1287,403,973,982,1004,617,149
1323,799,358,1137,773,812,905,880,496,1220,872,80,562,765,844,796,500,955,366,834,283,826,1228,776,499,707,173,1369,601,428,1167,160,663,57,1250,1224,354,476,841,921,577,1222,944,830,798,325,302,1117,239,203,953
347,1321,445,425,381,518,220,1292,378,590,1204,688,1161,11,1291,417,666,270,406,472,1162,1345,514,973,1330,459,1041,662,91,536,24,980,585,385,430,1014,464,977,679,1293,21,606,454,12,434,28,429,438,380,245,1316
366,977,30,445,28,406,688,1293,1049,1046,518,1313,32,1019,616,1321,0,973,1005,628,1041,20,649,426,430,1148,281,590,11,125,34,425,700,434,965,1052,1201,1286,472,766,241,258,533,531,1020,403,459,655,784,1311,1292
443,861,750,1008,1292,249,107,43,654,301,485,359,22,331,800,45,1145,480,1188,31,1338,310,173,34,145,260,533,569,339,153,141,822,430,601,821,454,737,762,1004,659,158,751,1153,1319,640,1040,1072,733,220,52,351
269,425,616,406,1327,28,800,509,118,1322,1324,380,457,1049,977,149,1204,0,258,1175,395,268,440,687,117,1042,24,390,518,1013,411,77,409,459,543,433,1321,720,143,965,142,996,458,1293,393,136,1313,1038,1328,545,443
651,317,320,816,875,312,201,1235,864,66,1263,460,826,862,890,1244,603,570,1156,1117,1230,601,861,607,302,1222,1262,214,1360,569,1248,1149,841,829,571,1128,924,880,772,525,332,290,493,562,376,1366,593,776,339,1269,1243
1262,687,397,425,258,380,141,381,255,1292,116,977,24,973,449,140,518,472,1204,387,315,385,268,1287,383,1046,34,390,117,91,729,982,125,16,9,25,1162,430,20,30,270,800,628,703,0,119,395,1161,93,145,459
294,261,219,720,406,1012,1300,1051,1026,152,1321,996,454,984,125,1082,144,107,81,419,560,1165,516,267,1161,127,1176,980,721,1315,676,1195,1076,626,35,1092,599,118,253,753,991,234,1168,297,220,1130,241,20,425,5,222
932,800,687,1052,258,977,1042,397,634,614,616,425,447,1063,142,1345,1019,385,976,327,1050,1071,680,24,430,1045,143,180,20,445,518,77,349,149,93,566,261,442,636,679,1049,1020,1201,784,449,2,1327,1320,998,978,965
310,380,1204,1113,258,399,518,141,1049,17,136,982,693,616,1327,617,1340,152,1293,1175,445,997,93,514,965,613,463,683,800,538,139,1313,77,509,1003,526,1195,464,614,1067,1320,266,766,36,1044,134,142,87,403,742,16
1311,1204,30,1045,447,1052,973,687,977,518,445,149,1019,472,613,385,258,387,381,20,24,34,93,1321,463,142,378,417,386,406,507,243,138,440,425,509,380,6,997,715,1351,1004,968,1029,28,898,1054,459,270,1014,145
1202,1175,469,502,286,791,50,1195,611,785,1222,498,775,990,503,465,473,274,1107,675,164,1149,1241,152,1352,99,59,419,172,870,771,495,170,538,1113,1133,1155,1062,314,1211,1047,864,36,766,1202,547,706,166,1191,261,1264
737,845,581,304,862,582,1235,553,187,574,197,201,433,1258,288,910,577,604,803,1255,551,1209,440,373,821,235,320,56,226,203,571,911,1270,1238,570,926,539,827,569,565,1246,692,1096,832,1277,510,1009,1239,473,1115,54
215,141,425,1204,1052,258,28,445,687,406,440,800,385,616,628,30,459,1003,1313,143,614,136,1049,688,180,509,968,24,1324,397,613,1005,468,1042,350,976,1063,424,417,965,999,1322,252,973,784,403,1287,93,1019,691,140
873,273,1322,1321,274,387,268,1003,1313,30,252,1038,449,687,425,230,1327,688,1292,1175,1004,35,1019,628,800,28,41,145,518,141,149,93,509,397,380,459,225,447,1005,472,784,732,426,32,385,261,24,657,118,1050,590
590,522,765,1245,1007,526,498,67,606,931,842,1208,758,254,699,1141,592,321,1247,641,795,935,1283,841,826,334,570,879,792,196,875,916,754,907,834,923,639,937,504,37,530,617,911,326,597,910,854,1273,319,1114,1238
863,445,687,977,1313,28,30,24,380,387,258,800,518,430,1204,93,385,628,149,459,688,616,1046,35,509,1038,614,252,34,449,1019,145,1327,1175,17,720,141,1042,138,268,454,125,136,447,397,350,433,440,1041,1003,590
391,472,518,149,1204,125,449,1175,383,454,1293,1046,380,507,447,116,145,32,24,30,1195,628,464,274,1050,1061,425,533,438,703,1292,430,152,268,1300,800,440,445,9,1328,514,634,38,1287,965,996,1321,176,180,1099,378
380,977,387,445,1321,28,273,1052,30,141,406,268,459,252,616,125,145,1322,449,628,230,1041,426,700,965,220,687,17,149,38,24,688,1175,590,397,93,468,1038,180,34,385,545,279,509,657,526,380,984,274,41,447
179,255,636,1324,751,978,634,165,704,109,53,680,1021,977,1340,366,462,607,197,425,336,1201,396,1374,345,394,1075,1310,358,581,4,68,1182,1277,650,765,1133,606,617,575,475,20,374,754,963,331,919,569,1168,1008,1174
1138,1038,118,1046,996,532,425,472,406,1293,24,1292,390,35,533,768,1322,785,412,514,1312,518,416,149,117,470,108,433,437,287,454,1294,220,545,387,1341,32,1059,357,427,1313,30,516,704,11,1161,564,43,1003,1321,161
796,1293,616,1204,1143,532,975,766,32,17,403,660,1286,1342,259,507,974,1096,1360,887,1005,740,1148,385,1026,681,688,1311,675,425,139,153,1067,1041,706,279,990,968,1316,417,1056,1270,1328,852,1136,1313,1219,628,478,1265,1050
49,425,1204,93,628,1321,445,518,440,1313,1046,472,30,180,28,688,24,141,385,800,34,982,449,1327,1293,1052,149,1042,613,616,1175,387,1049,258,977,17,417,968,965,136,1292,0,509,426,1320,143,397,1019,381,403,117
766,170,1152,317,304,324,1119,332,1208,789,1131,522,834,817,1151,172,500,775,1138,1247,587,1191,917,899,765,1117,372,861,943,891,88,867,1133,832,1160,300,165,883,1055,1103,844,64,1211,328,1209,915,569,810,935,1263,178
440,35,1041,1292,1082,1296,1341,1321,516,1105,706,1087,125,1004,412,381,430,17,350,495,444,1125,1155,1300,1183,5,1312,680,433,716,1081,993,1171,1076,1000,722,655,38,1168,703,141,1058,1130,152,980,996,282,1195,138,533,1319
120,687,454,977,1052,1327,93,996,1204,387,30,1300,406,425,445,24,258,1161,0,16,28,614,34,447,380,1049,142,613,655,1041,1026,545,125,409,459,270,136,149,116,140,1202,1168,683,997,516,364,1321,518,815,800,1287
667,766,482,230,970,1050,274,922,416,688,912,37,856,921,1079,496,1041,220,636,1067,118,1154,225,1277,433,1074,920,954,532,268,1038,1247,923,718,569,616,57,177,916,925,862,11,286,61,201,874,900,966,1173,1174,415
34,149,1322,965,230,24,1313,425,274,628,454,687,688,253,268,1026,380,1003,17,1041,533,145,1327,38,125,28,1050,784,657,704,463,703,387,800,406,1004,442,152,118,684,1120,1070,532,273,556,11,507,430,141,543,766
73,445,268,117,20,1312,11,687,234,6,1332,22,425,28,142,16,381,327,1327,614,1322,219,256,804,1026,455,433,255,1162,1042,116,87,657,141,977,1051,929,429,109,448,118,624,509,697,564,984,996,669,1013,973,919
749,614,687,425,440,636,518,684,680,4,234,1292,445,93,424,141,261,258,117,1026,149,16,30,634,965,1313,1101,1195,32,1139,381,270,470,1019,994,152,166,1052,675,464,140,427,1051,447,145,715,1201,1070,1197,403,800
134,1052,977,425,445,1204,380,1042,258,1327,385,447,518,1324,30,459,149,1313,350,1322,315,688,252,24,636,116,20,449,274,93,255,616,397,140,1194,1320,1049,142,430,784,16,145,387,454,268,1070,28,440,117,35,260
94,509,406,93,518,1052,1321,87,613,380,425,258,507,1313,440,472,1322,20,997,141,34,1007,118,385,616,149,1204,459,720,687,394,514,1311,1042,468,11,28,403,445,24,252,1029,386,910,732,1175,1049,464,16,701,411
8,445,258,1204,406,687,977,518,30,1313,28,628,613,616,440,1049,426,509,614,34,1046,141,800,1019,1321,397,142,16,449,389,387,468,145,24,1042,136,395,634,252,951,1318,1202,1324,700,617,1201,779,17,385,380,138
35,387,117,429,28,406,425,433,11,977,1061,1026,616,25,270,116,274,1313,141,1051,140,380,118,815,729,720,614,526,268,1322,545,126,538,973,1200,649,91,16,419,1320,1046,447,30,350,996,1052,472,1003,148,919,255
952,425,1313,380,141,24,800,616,274,1322,28,687,1321,454,1175,1004,688,125,30,1194,1204,518,614,965,977,35,1052,387,230,526,700,1041,148,445,261,1327,703,447,784,41,1311,427,468,180,785,1050,449,472,350,397,976
2,425,445,385,93,509,977,1175,34,459,784,518,387,141,397,380,1046,252,628,125,136,1204,426,616,1003,468,449,118,1052,688,700,720,1287,1292,590,427,28,1019,383,17,1327,472,16,35,117,350,634,230,430,997,614
817,993,298,306,1372,749,1008,706,125,1155,85,667,876,460,1105,315,1037,1026,275,268,1070,495,1099,212,1151,270,245,705,829,1048,140,257,793,484,470,108,1112,1142,462,354,725,1126,83,256,1108,982,1086,1342,316,1051,724
884,425,28,628,518,509,977,30,24,687,93,1204,1313,613,1292,397,445,468,34,387,430,141,1019,32,440,149,1321,17,145,426,800,459,454,395,138,380,9,616,655,119,378,976,1327,507,720,965,136,1320,1322,385,442
133,977,20,1014,87,1057,30,509,141,403,662,429,117,140,409,16,143,986,717,559,0,981,810,406,119,118,531,545,445,1066,327,557,720,567,457,440,381,142,425,1029,778,784,32,1324,1046,1318,385,1161,1044,666,641
1196,425,1321,445,125,230,426,34,1322,688,977,509,28,30,93,687,433,17,1052,449,545,252,118,628,397,136,1041,273,24,1327,138,1313,590,1019,429,1003,1175,394,145,616,430,800,149,255,720,380,543,468,395,1042,1038
1173,274,1041,261,281,1249,1364,1221,1246,827,205,533,504,1352,464,316,1159,1247,245,1042,50,1175,607,61,523,1113,1340,571,273,1,1277,862,691,823,939,811,918,489,1048,869,1271,935,299,1107,271,1044,298,254,1141,856,230
656,54,978,329,1141,480,196,800,302,538,317,1209,751,1176,1123,1230,1239,1103,834,324,1108,1124,700,251,828,734,792,107,1008,908,190,949,189,233,502,914,1158,1208,753,1244,932,306,304,1131,353,397,286,66,394,576,829
1318,268,725,447,24,17,800,977,1004,1069,385,1332,614,406,1327,716,224,1082,769,1026,590,257,1050,1083,25,118,425,823,429,1227,424,20,981,996,1252,430,1344,432,138,473,167,526,1063,1304,149,231,350,865,680,1127,728
1248,1161,125,649,1061,146,122,543,165,1290,445,1051,425,509,255,671,545,48,107,972,1020,720,502,15,1342,729,1297,230,395,401,469,503,544,41,91,611,684,1026,498,151,564,573,163,154,527,433,406,1336,532,1300,129
1003,317,1222,1246,541,943,579,1174,413,132,496,827,769,969,1239,66,1184,1131,839,542,1210,990,867,857,784,861,864,339,947,823,601,322,519,777,89,619,1180,49,899,1138,849,368,904,23,868,992,215,859,762,966,1343
334,380,1321,1052,616,977,426,17,141,688,30,1313,387,425,430,385,252,409,258,397,118,445,350,628,1003,509,976,800,149,545,394,406,77,526,468,518,1322,136,93,1042,634,393,125,1320,614,1029,1007,784,1044,270,37
197,445,1052,1321,977,30,141,380,518,406,454,1204,449,628,387,800,258,28,93,24,149,440,614,509,426,125,145,117,965,17,1313,261,252,1292,270,385,34,35,1049,1026,976,395,472,468,634,1046,1038,784,1293,590,514
441,255,1313,116,533,470,261,1310,149,152,459,918,30,715,636,1052,274,614,999,1340,712,464,1000,1041,784,994,1172,1322,281,1300,352,1286,1287,1296,751,1048,125,1051,268,680,516,687,1341,1042,1175,107,1197,1008,1020,77,561
625,1222,1180,593,1235,328,853,1152,887,856,104,1267,1246,841,295,1100,854,175,890,215,847,1236,1247,864,1156,488,574,201,1208,376,178,823,59,1125,826,553,332,1179,600,780,1190,171,522,1241,1365,580,1239,828,562,1259,205
1239,28,468,628,30,258,389,999,393,977,1041,67,425,261,1019,17,440,616,325,1204,34,1049,395,613,655,1003,459,688,397,693,1328,399,1042,93,411,364,1029,141,1139,538,430,784,180,119,842,509,136,142,52,0,617
51,1052,406,977,30,687,1313,141,688,387,616,35,800,380,397,93,509,1003,28,628,1204,518,381,17,270,1046,1202,430,449,350,138,590,1019,1327,0,117,258,1049,459,426,720,691,1018,613,440,514,34,1345,149,143,472
242,93,34,684,1173,145,688,1050,136,30,472,700,17,509,425,125,1046,766,999,954,387,364,1168,32,205,860,518,1327,1041,119,161,148,180,784,274,703,16,87,449,319,639,1180,975,0,273,159,1242,466,261,389,91
247,977,687,1204,445,380,258,141,1327,1052,800,616,24,30,28,93,614,17,518,1322,784,613,397,1026,149,976,447,440,965,628,1042,688,590,1046,1049,387,406,1003,994,617,543,136,509,143,449,973,32,270,412,468,403
809,230,30,1019,732,125,41,350,784,1202,279,1022,274,1041,225,425,406,159,271,383,35,1327,252,734,1239,1195,261,1141,691,1023,465,468,1107,305,688,67,1345,419,1003,1165,717,1039,1321,1204,538,294,233,628,58,1038,205
164,687,93,1313,518,149,380,1195,30,616,1046,449,514,274,614,1321,35,258,1292,1293,613,800,1050,732,387,510,1019,1328,0,350,141,270,116,977,634,117,412,968,1004,617,440,464,469,159,406,1041,509,438,145,1322,1045
484,141,1318,126,364,1292,119,30,117,234,1043,140,315,980,929,403,93,387,545,445,34,32,44,700,35,661,1052,1124,1049,258,1173,87,16,538,440,509,1303,831,910,348,220,252,804,46,990,1174,24,613,0,270,1295
473,1023,1152,439,1067,1204,380,1049,1131,997,749,740,1154,225,176,459,1194,965,1321,1351,679,1211,1160,1271,423,1005,386,531,507,281,252,1127,415,1212,518,1229,1025,1056,678,758,1352,1048,170,1143,1258,1254,279,186,1359,1123,543
849,1138,296,1353,317,127,27,1207,63,1314,705,480,731,392,225,813,214,737,439,690,1103,1123,353,570,877,780,1022,476,824,300,924,192,498,178,477,736,722,169,1239,527,761,1152,90,415,1331,638,85,1137,1124,508,246
531,406,167,1175,257,1321,230,1061,1120,720,320,1248,464,1313,316,551,335,1195,1191,425,1023,488,1344,974,1059,717,1155,93,259,730,1032,543,585,273,518,30,473,268,1018,1154,790,1113,818,1047,681,491,732,985,267,1172,1349
1022,1152,843,1352,1369,450,876,1218,191,1117,904,1264,1263,342,317,72,195,306,1235,206,304,1366,754,873,740,293,1371,1249,849,1039,874,160,186,1023,171,880,177,1191,1177,1247,1092,924,215,413,990,1241,1053,705,213,115,835
1317,1204,973,445,24,1293,1139,28,406,510,417,518,616,977,687,976,762,425,220,628,1003,440,398,93,784,1076,1050,225,268,614,258,389,1026,648,364,613,77,533,675,35,1029,1004,234,1313,0,1320,126,975,700,1049,397
1308,49,220,478,1016,381,994,720,1114,684,480,1319,800,37,1124,712,223,166,636,687,11,1313,762,965,1195,281,1292,449,998,444,36,1043,1038,1098,183,815,1325,38,739,485,139,1233,445,267,410,1000,398,116,234,1076,1301
475,459,225,1048,397,1026,1293,279,734,429,315,380,1118,125,612,443,9,1142,1067,705,401,1091,256,649,395,461,680,107,353,729,469,281,1155,1113,1002,688,168,268,901,1183,710,991,1092,1123,815,671,742,47,1287,998,249
558,1114,223,1205,1338,931,49,326,1184,913,861,1011,867,527,219,881,770,1258,606,862,823,1221,762,930,531,239,574,308,953,788,904,551,302,286,1022,921,1373,911,532,604,177,1319,753,54,1283,341,834,39,1124,569,80
1116,1222,864,273,1107,317,168,819,1211,1092,700,1196,705,1003,170,236,176,1314,876,172,496,749,1022,1149,460,852,802,1067,525,985,877,225,1186,1236,1155,233,1223,41,1242,1208,1058,886,1218,1160,717,312,1266,411,1371,296,741
982,312,768,1205,891,543,620,690,1154,1180,1138,789,335,1241,988,1366,1009,256,268,701,215,1344,1125,385,12,1222,1036,432,315,587,651,301,276,522,969,1092,952,176,610,1295,1035,463,1152,904,892,1062,1248,654,415,1058,290
725,818,283,734,1125,286,1321,1344,985,1042,266,1058,477,525,482,263,599,350,788,628,445,864,1076,57,459,125,770,544,1228,848,258,984,55,310,560,972,157,1299,712,624,535,220,814,977,119,137,354,1000,353,1304,804
82,273,1195,77,1175,1322,350,425,20,1202,383,261,445,268,1327,234,1168,1165,715,720,1022,716,125,491,286,296,502,394,1076,1051,252,390,1062,118,1038,432,814,972,272,997,1101,1162,1153,726,167,1187,921,1355,30,225,636
608,1042,592,1049,1297,1019,453,1337,603,976,556,554,295,151,600,1340,460,559,614,793,1063,365,161,165,1033,117,40,211,111,850,675,929,583,256,1353,392,972,389,882,375,546,535,71,269,1343,670,969,1326,142,109,1214
252,30,1052,24,385,800,258,149,445,234,430,1322,1324,252,977,440,459,898,6,243,28,1045,454,1363,545,1313,394,1355,270,397,447,381,810,378,1054,253,241,406,1321,35,425,17,1042,77,25,1199,687,350,614,976,9
317,425,1204,258,628,380,688,800,142,93,1327,518,445,1052,509,1049,426,706,1046,0,1322,1313,440,17,459,385,30,720,687,141,403,617,1320,399,468,1050,143,11,449,1324,1003,136,976,220,973,507,1076,613,1014,350,1042
706,1127,58,1126,50,551,1254,1319,583,465,759,767,1203,196,479,499,51,328,665,488,668,924,917,1358,362,64,1118,54,169,902,291,1171,1092,278,1210,502,1353,1342,774,812,813,86,711,751,884,121,954,190,1194,240,1107
742,205,425,34,523,0,201,1050,862,870,619,555,840,593,577,390,999,510,604,617,975,854,683,67,324,93,790,553,364,1049,345,142,431,675,336,268,567,319,863,57,603,1041,556,1068,842,1173,545,416,197,133,608
661,607,541,1131,1152,827,178,873,113,206,1154,1246,1353,941,1247,875,233,1186,1263,290,1274,1167,1146,830,769,1264,1117,587,886,876,1216,765,874,1107,61,312,668,908,879,864,168,787,1279,1255,605,1170,1249,1230,1218,723,754
1321,116,286,503,1340,683,583,311,646,1344,1217,689,970,781,1079,549,123,1035,4,1103,458,1228,70,312,793,102,479,574,486,798,1201,592,1293,1084,556,1140,310,211,860,462,622,290,1116,1167,772,929,988,238,1056,578,697
1236,687,1321,93,445,977,1313,628,616,1292,509,507,380,149,1204,965,24,387,1327,613,1046,385,258,1293,30,1052,28,472,32,449,1175,440,1041,968,617,800,688,438,417,1322,720,1049,784,136,34,116,17,138,590,975,145
1028,67,862,577,604,1177,510,1237,504,578,305,1238,413,34,18,593,842,1039,406,1249,530,1236,1290,245,1115,306,841,553,1255,1192,1209,425,581,1217,827,186,435,294,509,863,828,1063,617,1259,207,845,1277,1258,571,910,1019
537,751,701,1188,394,459,611,590,391,255,174,378,385,397,748,634,455,478,1168,1366,429,243,367,47,431,147,1068,476,678,1242,1310,984,898,1283,507,824,729,1030,1304,582,105,30,1087,451,838,523,38,623,1179,383,100
132,687,1204,1313,1175,1042,518,440,30,1049,380,406,445,258,509,800,965,1327,1322,614,24,634,1046,613,976,1321,688,1052,270,403,977,1345,0,385,510,752,994,145,691,703,28,1194,447,136,449,409,138,118,1328,126,364
64,944,613,140,670,468,142,90,258,0,596,349,990,1049,32,625,223,505,283,87,653,7,531,1352,143,121,732,1046,93,165,444,392,33,836,950,567,11,146,126,1016,629,109,1324,804,1355,1075,347,379,872,440,915
504,864,1152,785,852,1151,553,766,343,985,1240,1247,487,733,887,1256,608,317,469,61,819,176,834,1058,1107,931,66,376,193,1372,1269,1086,1235,958,1232,523,522,1276,1200,1273,278,1277,604,578,571,543,565,773,1366,27,71
511,1222,864,1270,1259,684,286,769,1069,871,940,166,262,1271,1048,1233,868,1242,595,928,57,783,964,994,294,734,861,219,354,1354,415,838,571,565,578,1266,620,579,887,1367,1232,877,859,211,1115,59,870,62,819,116,910
993,1344,281,1041,542,970,1113,856,278,880,1246,887,1293,1340,614,1247,47,153,568,497,17,28,526,827,190,464,631,918,422,193,75,482,682,563,134,1229,427,424,1195,161,608,1067,857,1277,1329,747,434,1325,852,444,506
576,251,856,583,923,95,545,1234,472,1004,569,1173,823,424,431,557,928,1149,636,692,199,1277,683,910,842,260,1119,769,549,712,1197,684,369,935,609,34,634,1063,853,371,1221,475,52,449,839,523,914,954,1103,46,906
1123,425,977,590,268,1026,11,117,30,687,424,784,1327,116,980,620,91,225,1300,994,397,433,509,281,25,403,437,1173,1293,132,419,669,1057,507,108,712,9,1008,682,1001,865,429,965,16,1070,459,1038,110,454,1043,1061
477,1135,728,915,1191,1210,759,1203,346,817,51,82,1370,367,738,917,224,1130,292,1060,1126,654,43,242,782,948,144,1275,772,1353,501,308,813,1254,837,718,299,498,895,955,354,547,882,59,173,795,408,606,328,1142,751
191,419,1140,1300,286,785,1161,636,274,478,532,405,255,230,454,703,1168,734,684,1340,1277,1173,279,149,125,219,556,1157,937,879,1153,281,729,425,751,1123,220,287,165,475,91,978,1175,449,254,151,768,567,193,573,1194
1020,1244,803,585,326,856,201,570,857,834,792,332,328,374,565,104,795,770,46,846,572,1141,187,823,206,54,827,836,571,835,39,188,317,293,841,801,324,1133,755,523,883,1255,1119,756,596,1261,1235,1241,335,1135,1143
1182,498,335,853,1208,1141,790,593,1246,370,583,1243,341,862,665,186,1135,841,1009,606,177,502,834,774,1230,604,574,1154,376,1273,317,493,66,1191,832,1152,1196,754,54,1236,1092,178,890,176,59,205,854,1238,201,72,1104
1102,28,425,149,1313,1322,1327,1195,1321,93,1041,274,720,445,616,1003,406,145,230,655,268,1328,412,17,463,30,687,784,1052,380,800,1076,43,136,1204,691,732,1004,427,518,1296,1286,41,614,252,1124,1292,426,273,620,141
1214,149,1204,438,472,1311,93,1175,28,518,258,628,887,440,1308,614,687,143,507,385,667,1287,613,968,30,1322,996,516,9,24,760,1036,617,447,509,1042,36,1265,118,1058,964,134,1211,1063,1046,585,200,248,1048,976,412
44,1052,800,380,425,1292,628,442,655,406,445,141,1041,145,397,255,1322,1293,688,149,1004,125,426,35,532,138,449,1313,180,1003,1327,252,220,260,268,691,706,1067,468,412,454,117,590,395,258,614,518,742,24,0,470
933,380,687,518,445,1313,93,472,28,628,1293,1049,30,977,425,965,258,409,1292,1019,149,438,141,616,381,976,440,385,1052,11,447,968,397,1175,614,1003,406,688,24,35,32,590,613,16,180,116,459,417,1004,655,398
709,1313,616,657,268,1042,1322,273,463,274,99,984,267,138,387,257,100,445,126,722,28,994,25,43,425,348,93,1003,533,1296,1175,720,125,33,30,270,1321,406,1076,679,1341,1127,421,706,1328,1004,526,1101,634,38,98
755,687,518,445,425,1204,380,1327,509,387,1052,141,258,406,24,28,1322,514,1292,397,447,17,0,1324,34,613,117,30,440,616,16,252,614,688,996,977,119,385,965,628,684,1050,1321,35,145,9,1046,1175,1313,1195,364
476,445,258,141,800,1313,387,688,1042,977,1322,28,616,1321,1204,397,30,1003,149,614,459,93,426,468,628,700,350,406,1175,687,1202,509,545,230,449,613,385,691,16,273,732,1320,994,17,380,245,447,518,1327,1019,261
1065,700,273,406,1022,1175,426,425,522,1003,35,233,261,688,523,570,1019,34,387,1076,1322,867,473,592,220,1152,329,583,1004,125,252,415,863,350,633,1296,498,803,391,544,1249,254,538,30,1259,364,427,459,319,1114,1202
116,687,445,141,28,93,459,0,30,1321,800,149,509,1313,518,426,1204,614,468,1049,447,387,977,634,252,545,255,655,1045,270,24,616,454,430,1322,16,25,1052,1038,258,429,9,688,997,994,472,145,406,1292,125,1003
430,687,1292,1204,380,965,518,220,24,141,383,1293,1050,30,997,180,768,1311,514,34,93,445,1173,435,449,805,712,1004,438,440,149,417,968,454,18,1019,91,1049,1046,973,35,145,429,28,117,116,649,256,125,32,977
327,425,387,616,687,1313,30,406,149,258,141,1204,268,34,380,1003,628,1321,1327,17,688,518,614,1046,509,463,1041,24,116,449,125,397,140,1052,32,1322,1345,381,965,691,1042,634,0,440,1019,800,975,16,180,142,426
257,687,425,380,1046,385,93,688,518,977,1049,258,1321,965,614,116,616,1327,784,440,1313,30,628,1320,1328,976,327,35,28,1063,141,1322,149,17,447,800,1026,139,117,1052,143,1324,142,1050,680,815,973,11,20,613,438
998,118,1310,93,258,281,433,412,11,9,1320,263,468,119,543,425,1236,504,445,774,717,732,406,692,1066,1238,628,1007,30,387,1153,611,616,1127,538,617,141,34,954,977,50,28,102,1294,469,531,704,1318,1052,507,364
1048,1204,518,1052,380,30,445,397,1313,93,24,141,800,385,977,1310,976,687,1324,509,20,149,616,1322,32,403,387,425,28,1049,965,406,468,459,973,1046,472,1311,614,1070,1327,140,145,1292,982,378,454,463,142,514,997
1175,1175,1221,841,1113,1154,271,1236,1247,464,335,758,59,1246,487,421,1342,864,99,1127,862,1249,439,510,502,1352,172,1131,1254,1235,570,168,749,1256,242,495,1092,1007,1222,176,843,839,774,1180,473,1263,50,803,611,193,1143
1180,761,477,730,825,103,1200,1188,196,644,54,1201,581,610,397,224,1140,653,584,498,836,415,551,499,774,1225,675,359,1209,105,228,1237,585,373,804,832,202,737,907,197,754,189,497,62,1334,821,211,502,336,195,870
765,168,170,1215,164,1160,1131,717,141,789,169,710,448,677,88,1144,643,1003,172,761,1334,38,140,108,275,919,612,1253,1055,1135,1026,1036,674,98,1066,1045,992,893,1280,206,779,1057,156,126,1117,339,624,659,299,270,304
1120,425,687,1313,614,800,149,688,387,1327,994,141,268,518,965,145,116,1052,1076,380,93,30,977,28,1050,1320,445,1195,533,634,1293,118,24,616,1324,1175,449,351,720,1204,17,1038,426,1321,636,453,463,1046,274,784,684
559,565,1175,1222,1246,856,1221,839,1154,1264,1254,1258,1120,551,611,1191,1239,864,939,1271,1058,1177,1056,489,803,1158,823,960,312,498,497,293,778,571,1272,1238,841,745,171,335,317,846,1100,1235,1223,1243,1039,847,857,986,290
1168,415,766,970,242,1248,738,172,14,1097,1047,585,1325,308,1366,1260,594,737,179,1341,392,1333,439,850,797,286,156,740,416,610,1214,422,1025,278,357,1105,606,1048,1136,522,1041,540,1267,915,212,82,801,1113,343,600,1127
29,1293,1321,425,545,11,35,268,409,1042,125,655,1322,140,983,688,464,687,25,445,28,20,1046,397,385,412,270,1320,815,47,429,701,706,1043,141,1076,616,255,41,785,463,1007,965,245,380,977,91,394,1000,225,427
523,459,1113,1175,865,385,427,463,224,1158,258,1211,764,1063,1320,426,1079,1160,1048,1223,1344,1146,713,1044,1039,1038,1293,620,1368,1194,815,1047,550,172,563,893,1019,543,266,1204,668,744,1185,174,276,723,977,136,386,931,1308
1091,279,818,1225,1268,555,863,751,1271,151,294,1215,1094,175,238,816,147,58,1367,803,684,1342,825,878,857,503,867,592,837,86,504,1209,799,796,759,671,797,1084,104,808,168,802,1281,984,774,130,685,83,162,290,940
345,425,977,380,687,149,976,93,616,28,628,445,613,1313,406,1175,688,1019,385,965,800,440,1321,468,784,1327,1049,24,509,141,17,426,397,1046,614,1322,1320,145,403,142,387,430,634,1292,617,136,700,973,34,1041,1324
136,1023,312,264,1364,1045,910,866,948,290,205,859,1361,960,1063,839,715,821,207,549,1217,1221,847,1187,1149,593,1138,853,441,329,1313,373,1205,778,1036,714,493,1204,105,825,505,186,612,863,235,689,869,708,1141,579,447
962,149,687,449,425,1313,784,1038,1321,1204,518,445,616,1076,533,1327,1293,614,268,28,720,1041,380,1322,1003,35,1195,965,1292,1328,800,387,36,145,230,532,1019,261,1046,220,253,274,628,1050,116,24,516,454,973,464,258
438,337,813,600,775,1353,1372,776,179,1362,328,793,855,633,1108,353,782,85,626,162,332,856,962,1240,598,914,460,61,952,902,338,1224,787,1279,848,196,1051,790,1183,496,772,587,606,237,1269,759,1170,488,872,178,1121
587,842,703,325,1270,45,890,827,1141,907,1157,572,646,1244,741,1254,883,922,816,754,1084,925,517,1247,341,585,875,238,841,807,906,1039,188,1360,179,1350,1188,874,1263,757,718,320,290,774,206,52,374,1175,54,1280,312
527,252,1239,1131,498,1103,1135,717,570,198,415,1088,1352,521,586,1146,1113,172,1047,1261,450,1157,1300,1347,783,1176,1023,1154,738,700,275,1345,1191,233,1227,719,206,610,675,477,1152,317,690,1038,1039,1353,505,439,290,1207,177
944,274,430,800,1313,687,454,380,684,449,1038,1052,425,125,145,1328,28,445,472,1322,616,1292,252,397,1004,1321,1003,24,634,406,148,805,459,30,138,117,442,395,1026,141,381,255,180,258,688,700,35,38,658,691,230
225,93,800,406,28,445,116,1321,449,1046,614,1041,141,977,1052,616,1293,24,17,274,1042,1038,1292,543,230,447,118,459,732,454,1004,1049,30,509,628,268,1026,32,180,412,125,784,1320,350,688,752,514,684,1328,472,1076
840,454,1052,977,255,634,397,1026,425,687,628,1292,24,270,116,1321,125,149,32,34,518,680,258,1161,1050,1293,30,784,449,268,447,688,315,800,1320,91,387,526,279,1046,385,117,380,636,1041,138,590,445,1313,440,532
359,1204,687,1052,28,30,1019,141,380,397,518,614,406,440,1313,616,387,1049,0,1327,613,459,426,1322,628,447,1324,149,16,1292,634,800,34,117,468,449,429,1046,472,142,268,617,24,997,968,1042,385,514,1175,1321,1320
1296,1313,965,35,1038,1175,1204,32,784,1194,535,149,24,116,614,994,454,225,419,447,688,1345,255,620,395,315,464,1052,20,1195,1300,634,1327,1322,150,1173,1019,655,406,997,636,385,433,1107,480,425,1340,152,459,1320,543
645,264,800,252,1003,234,141,350,1187,1140,1345,347,661,863,248,305,315,150,878,1131,94,627,1268,583,419,972,447,286,1204,1292,83,454,371,1052,861,1228,859,679,140,418,965,445,219,676,1067,553,692,797,671,260,903
1240,425,1321,628,258,28,977,30,1313,445,93,1204,688,700,518,430,261,1019,440,1042,509,1327,459,380,800,149,720,24,17,687,252,34,138,1175,141,180,387,142,976,613,143,965,468,403,395,1003,426,1061,1320,136,1041
1010,1049,1047,1328,684,687,50,439,472,141,281,1050,1139,442,616,465,732,350,429,1204,1107,766,1327,117,261,445,241,533,683,356,140,468,1154,424,977,447,1292,32,1212,1004,968,785,514,275,380,1152,387,498,427,982,99
620,862,66,600,1022,592,818,793,864,1180,104,860,593,324,555,641,210,562,892,69,871,1259,882,854,1208,1222,927,1210,525,233,863,325,848,591,1151,332,202,811,1232,866,201,297,582,824,1141,845,776,1186,59,606,196
1037,687,1321,449,1046,406,125,977,35,380,261,518,472,1038,628,30,1293,28,24,688,1041,1003,34,350,1313,1204,544,1292,1175,1168,438,381,617,649,397,32,149,507,403,532,454,152,1202,11,1049,590,1173,426,93,616,1327
928,687,1327,425,1313,1204,1322,614,1052,274,387,977,628,1328,616,380,1042,230,1292,442,1041,449,406,141,24,440,784,258,28,1050,1096,1004,1076,688,965,447,994,1003,732,445,424,1049,180,93,518,385,1293,1324,32,145,30
425,389,509,637,510,364,1292,653,472,91,34,18,378,1315,1161,92,0,411,93,180,557,805,1336,986,514,544,24,202,1094,1034,971,438,119,390,1051,395,584,804,776,863,391,1173,975,420,527,1026,393,666,703,429,1316
876,220,387,425,406,700,1321,125,1004,43,463,268,655,1313,449,145,230,657,616,426,149,433,394,264,28,224,1041,274,716,454,532,614,107,1043,35,1352,654,784,1001,421,688,248,865,1314,1175,728,252,1070,152,1023,241
364,125,411,1300,532,1003,1321,119,543,1292,511,180,383,87,996,1041,11,34,1293,1099,329,440,498,1026,9,547,1034,864,1330,406,717,986,439,24,419,108,1222,628,416,472,415,91,1152,1266,1029,1336,1131,281,491,15,1319
980,445,425,1321,1046,1195,145,17,268,1026,1313,543,270,1003,1293,1202,687,380,1322,350,99,385,730,447,977,125,449,41,655,1296,533,661,257,628,294,1168,158,518,1287,706,1076,140,24,472,1105,491,1086,965,785,1061,617
700,425,616,1004,688,687,1321,28,24,449,800,1041,965,977,657,1286,125,430,1027,397,784,1292,255,1313,700,1003,532,706,1327,394,380,17,1328,118,918,387,261,406,385,180,35,274,655,703,712,141,137,1052,1043,11,901
95,425,406,141,445,30,687,0,268,28,518,634,387,1204,380,616,24,1050,1313,800,429,447,449,628,1175,1321,255,1041,779,1173,1345,350,145,16,274,472,125,149,1322,1004,509,394,409,545,784,688,116,440,35,389,180
564,445,687,425,116,4,268,30,141,16,117,1176,634,234,409,255,34,1046,1321,614,378,140,1202,1026,24,91,1287,784,380,715,590,455,973,977,440,142,997,1300,433,1313,516,1292,1045,454,93,383,448,1168,6,270,261
505,1204,1293,1041,965,32,380,447,616,1175,1067,274,1050,691,1345,93,1342,703,1003,161,628,472,543,28,1311,706,975,125,425,1292,1026,439,518,561,459,469,9,533,38,440,1195,1099,470,403,464,41,180,149,729,285,732
1165,1204,425,1202,406,1300,1175,1052,507,1051,965,977,1061,1019,30,509,1293,398,142,1195,976,617,752,273,405,717,261,524,635,426,1176,720,383,973,220,700,230,491,258,472,985,9,997,628,687,254,168,779,18,272,469
1324,766,274,800,688,1327,245,1107,281,533,255,225,1293,475,28,784,750,31,36,1050,161,1277,153,459,900,1042,277,220,579,253,1222,734,260,1041,965,164,1113,179,464,139,1000,1002,393,132,424,470,1195,482,1270,310,1154
907,1052,1042,1320,425,445,30,459,613,1018,449,1204,28,258,1202,406,1194,463,614,1162,679,688,977,93,545,538,24,409,426,1324,34,266,395,0,1017,142,1322,590,327,20,153,1085,33,616,412,6,469,1019,273,655,268
1280,397,1052,430,141,24,252,687,34,350,1014,454,268,977,30,768,1328,1000,983,1026,688,380,395,518,1038,0,449,281,255,898,426,509,1204,784,230,433,9,1327,276,614,425,429,1345,1287,545,406,385,256,125,1162,1321
567,1211,1152,159,1195,1345,1175,1113,611,931,1049,576,666,1045,1092,946,1347,307,788,687,273,100,715,143,764,1204,464,864,94,1161,1183,949,152,445,1258,1292,330,1111,1242,902,261,176,838,1351,168,99,1262,1180,817,427,801
984,1004,230,614,1321,30,440,35,1204,1313,998,438,613,472,445,397,779,509,680,1175,258,518,918,248,125,732,427,387,406,480,191,149,700,800,1173,253,715,449,990,997,701,815,143,350,1050,532,138,1019,274,784,980
508,460,1208,276,46,259,1112,1295,411,599,990,706,257,1304,981,834,628,618,432,34,87,1081,119,1149,593,829,438,1162,242,312,1315,619,178,1087,1088,1104,1059,904,1161,826,447,154,801,43,1032,611,580,1108,544,9,522
751,986,11,1044,555,60,0,750,536,1297,1252,998,742,415,662,810,734,68,758,1217,852,429,769,510,133,1366,438,1316,336,1227,1293,1085,845,991,688,132,1321,1344,1046,663,411,558,637,745,1032,472,401,1188,819,12,494
1015,425,34,18,687,1161,126,544,268,1316,24,779,653,429,472,545,0,255,364,804,9,389,532,406,564,968,405,510,768,1292,438,1173,383,570,381,125,1026,92,449,649,409,445,509,202,569,249,4,148,141,390,557
652,862,1247,1241,846,823,233,1154,1248,839,312,1235,802,1152,328,1205,523,326,332,871,803,324,753,827,317,376,368,841,1263,769,1218,1264,1262,66,861,838,864,1254,1243,790,776,826,633,870,338,847,65,606,504,600,593
190,910,921,496,220,607,923,558,916,986,1316,559,304,911,61,606,281,575,912,511,1247,920,1041,569,862,193,567,934,187,1114,1341,900,557,1235,604,473,197,1352,922,950,765,842,1373,531,1098,603,11,253,283,967,287
498,751,281,1127,502,910,328,985,1191,487,298,274,920,915,278,1153,1251,907,665,254,160,1140,99,311,948,465,834,954,1260,1137,319,1069,367,1354,1246,921,801,62,1243,737,1215,312,242,496,525,583,473,475,1119,331,523
1299,387,518,687,1026,380,447,1175,28,1041,149,1019,36,93,258,24,406,976,965,613,145,116,449,1293,260,1322,468,454,1004,628,982,1058,1048,1047,543,683,469,1372,30,472,1292,514,611,32,1037,17,973,1052,425,800,987
880,1370,705,246,613,915,773,1047,1212,919,1301,476,1010,1036,795,162,1288,380,905,1135,500,944,1144,962,976,1200,172,179,1220,888,1095,439,1290,813,537,1307,1352,998,771,131,508,1312,768,140,1127,531,937,995,1159,1005,588
162,1321,66,1265,599,62,1259,205,233,1156,778,574,104,577,886,312,1217,1102,338,1120,596,1123,648,1249,855,189,1222,520,1305,1238,331,144,869,601,209,345,897,236,769,851,70,375,1044,860,1275,864,1251,415,1271,1293,774
388,1003,380,28,387,274,687,445,406,180,614,449,1152,1049,472,427,1004,140,1204,1052,1313,1175,616,518,1042,1327,454,24,1311,628,258,997,463,425,510,1321,145,30,126,1019,412,1046,17,43,700,613,732,996,1292,16,93
360,28,17,11,380,996,1046,433,509,1322,136,91,93,425,268,1292,620,0,1332,385,439,1327,117,560,815,270,616,1312,119,818,628,390,669,1091,445,1127,1299,416,1321,24,1050,25,1175,4,977,1061,1293,143,381,585,164
6,977,425,24,687,472,509,387,454,800,445,440,1052,397,270,119,628,140,381,532,996,180,684,1161,613,1049,118,93,965,364,253,34,392,1321,390,16,32,429,438,35,380,1046,805,459,142,403,518,433,0,449,391
10,687,380,383,518,509,997,397,268,93,403,91,4,425,1321,784,35,1161,1300,1046,28,34,1293,472,125,429,688,1327,116,364,141,1287,0,220,800,281,1050,24,390,590,1049,965,32,982,117,449,507,153,701,815,616
1078,510,771,611,795,413,751,1039,1177,801,977,760,584,117,907,113,1241,768,425,442,1255,582,204,557,168,456,1362,796,472,953,773,637,1153,1049,765,641,597,437,976,18,613,25,692,931,817,149,509,567,1133,517,391
270,425,688,24,28,17,1313,149,125,180,965,784,258,616,30,977,687,261,397,454,118,145,119,1003,93,1321,1322,440,984,141,1327,518,1042,34,800,1292,590,430,459,657,138,1041,442,509,704,143,1286,11,1038,1320,703
1118,425,1275,1293,705,279,28,66,734,1052,780,976,845,585,1044,742,1260,749,60,268,590,172,380,1320,403,220,132,560,161,672,669,152,691,1202,426,77,985,1023,137,266,35,1102,768,964,877,139,1020,522,12,157,1113
1310,425,445,784,93,1321,1327,30,1046,397,258,628,440,406,1313,119,141,149,17,616,800,380,509,454,136,261,385,1204,381,463,426,634,700,145,994,1049,28,116,1038,34,1293,1328,16,1063,268,1052,518,1000,614,1322,1287
797,506,234,1123,224,225,223,1135,83,914,1137,441,663,1195,1035,1036,85,1343,357,695,961,437,1027,1293,731,881,1194,962,96,123,185,195,1057,746,707,965,998,1233,392,219,1067,1178,1124,1060,260,738,820,753,1330,850,503
160,518,1161,779,1019,1175,35,687,1076,1321,1004,248,1319,1191,1293,1058,118,680,1195,682,1176,132,1306,250,997,992,24,405,1135,1344,631,1091,255,449,1155,653,983,1210,561,288,425,989,267,268,381,1118,1027,611,535,507,480
591,539,1248,1270,964,551,1238,320,543,522,1271,926,304,373,472,1246,582,1359,1244,792,514,785,827,211,566,54,968,1136,1209,803,1225,1268,1310,86,292,1247,60,646,801,1143,1258,594,235,604,755,210,1274,1278,329,837,1256
309,258,1322,1049,30,406,784,688,425,800,459,509,1313,1328,141,700,1310,397,1003,1038,93,1286,616,24,261,1042,977,274,445,380,628,125,253,454,245,440,403,518,1005,385,1175,20,87,507,1194,1062,391,614,620,34,35
641,856,1254,1154,1152,718,335,875,61,320,60,1247,1141,1211,600,1048,302,874,1262,1217,1266,1243,790,1235,1023,164,823,803,317,332,489,877,1371,841,1249,818,303,1222,1223,846,292,237,1255,778,1256,595,338,828,1236,201,854
509,286,953,1178,1043,308,684,795,911,864,547,770,487,773,867,661,857,803,1191,944,1241,233,671,1246,387,727,604,359,751,986,505,502,41,285,761,765,137,830,1027,741,473,658,1240,287,194,498,775,755,873,419,50
918,32,977,1003,125,1327,28,425,1038,1052,17,454,1313,449,11,965,1292,687,119,984,24,445,274,800,180,1067,140,424,468,230,1322,380,1320,406,387,145,397,590,385,258,459,1041,220,994,1321,315,1202,1286,35,1070,704
1079,1175,28,255,281,1067,1340,1327,616,1293,1042,800,636,139,449,977,1041,1046,1174,784,614,919,425,1049,687,253,533,380,470,1313,982,634,1023,1204,688,680,274,258,1324,691,464,649,136,36,161,93,358,241,116,77,153
649,921,839,1346,214,1365,912,1221,910,33,823,541,205,1262,1371,916,95,668,871,925,740,861,372,920,1252,335,201,59,923,788,325,177,924,56,941,841,641,875,1284,724,877,860,1369,67,1119,838,707,591,70,65,593
581,205,1248,864,281,872,162,306,1187,1239,859,1062,1242,1209,932,203,289,286,751,953,208,274,1261,861,366,1184,1362,213,753,959,942,1259,1260,1372,251,582,310,1246,900,1013,503,1308,80,650,963,684,1118,474,1224,326,966
899,1175,1327,1038,800,225,1023,149,274,245,1092,978,459,1003,1328,1322,1062,734,994,1004,688,424,252,1136,918,687,425,720,136,281,1321,965,385,1313,1154,1249,738,700,1287,176,153,1076,784,350,716,1360,543,533,982,1118,35
666,845,523,559,205,288,1022,197,201,61,374,986,574,327,950,68,780,718,536,633,600,782,62,309,316,1246,321,908,631,1014,457,254,1235,342,930,606,702,916,1042,564,534,1208,554,80,382,753,338,1074,332,424,20
1029,290,1209,755,187,1246,836,282,504,873,827,191,313,54,756,565,168,208,1347,179,946,1039,941,1181,354,235,754,342,1211,1155,737,485,1360,308,1036,879,906,787,1113,842,1235,646,188,886,1262,955,953,640,193,908,888
1113,800,387,149,1328,350,538,1322,1049,1327,445,1195,230,480,28,720,687,1052,261,268,616,125,1062,1313,153,1175,126,700,994,397,684,1038,965,249,716,258,1003,1004,148,99,454,273,93,1321,468,706,225,294,286,426,518
767,948,179,265,1274,485,753,1246,33,757,859,860,1270,625,206,1132,343,941,888,612,891,821,909,1235,841,610,820,240,1128,719,105,1262,151,1290,194,1170,1,890,365,1314,953,1267,849,556,1281,588,836,748,212,127,541
1126,447,973,687,988,445,1058,142,266,16,1026,380,1287,1037,1019,974,432,315,996,117,141,550,20,463,1004,30,1045,1063,982,385,680,997,417,1332,247,1032,4,465,6,1162,723,838,242,985,24,1155,614,697,919,1018,399
549,1238,826,1259,205,858,1255,504,530,863,595,201,780,765,596,862,911,936,304,522,1247,500,803,834,842,332,585,1373,104,302,1248,207,934,823,254,581,1249,324,818,856,1211,967,604,1244,1241,926,1245,375,1007,66,1114
202,445,93,687,1019,614,447,613,258,116,973,28,518,30,380,117,141,653,1195,1052,514,1049,387,800,509,997,465,1300,996,32,976,142,424,449,35,429,1047,140,468,425,1046,1091,260,680,1287,1292,784,1005,1045,440,397
157,1049,125,1038,445,965,1328,1187,468,684,535,800,712,1050,35,230,700,1005,1067,688,395,274,1327,478,1096,220,785,391,1017,93,141,165,329,425,775,1335,372,1293,364,1292,954,1003,687,1194,891,397,380,703,167,119,660
1282,687,472,380,1293,230,1019,35,447,965,977,1313,149,28,258,973,518,383,141,427,93,30,1049,1322,1321,614,976,425,468,1003,1052,1292,784,1195,125,712,24,117,464,397,1194,980,350,1162,1076,276,268,1050,440,398,469
1073,268,477,1135,236,279,877,225,924,1180,591,1152,887,1131,1235,1222,1147,525,1058,819,388,861,814,1123,1251,1160,1283,852,748,1370,314,170,439,892,562,607,510,802,276,63,431,296,885,648,701,779,66,569,317,104,753
601,1340,862,498,286,1079,806,910,281,274,19,153,86,331,164,916,793,585,921,1344,1107,923,724,575,160,607,920,278,1290,349,497,821,179,689,352,335,825,161,1335,970,630,549,928,1151,829,749,503,1124,1120,99,1254
723,1161,91,1173,15,910,549,117,437,734,262,981,438,929,455,11,409,16,1052,430,1341,252,0,472,256,1094,1330,132,60,143,1321,835,503,778,1061,643,871,570,411,296,555,30,805,1294,514,732,79,1213,383,716,23
934,440,406,381,585,447,1204,1321,518,118,687,526,24,93,1095,270,1046,810,417,448,669,1049,1003,977,543,616,661,385,951,1327,155,571,257,667,1202,2,514,1171,445,412,730,141,136,1042,427,149,1314,581,1248,804,996
1287,814,734,331,295,962,1310,1200,173,346,751,915,115,482,1058,534,1372,53,367,358,560,1311,535,476,338,726,220,1068,607,134,477,314,1008,81,109,283,160,1142,61,475,1085,1006,998,351,1151,1033,1226,328,1195,354,812
177,776,104,567,570,739,233,753,420,834,650,911,799,580,332,1209,944,537,863,586,477,55,341,329,950,598,500,727,908,915,935,527,861,65,189,304,559,328,733,1153,857,486,1331,535,1053,522,61,269,899,295,357
124,425,1052,24,628,518,459,385,258,1321,1313,30,34,28,472,118,1293,397,509,0,445,394,720,973,17,1292,687,426,93,1046,688,387,136,590,447,968,429,1322,440,1204,616,11,965,800,442,417,1029,138,20,468,1026
335,425,1313,459,258,17,380,141,1003,616,387,800,655,30,445,784,628,509,1292,1204,1322,700,426,468,1321,252,720,142,397,965,136,1175,1049,1328,24,1324,430,973,590,617,395,976,385,93,145,149,424,394,390,1046,1041
758,28,425,1321,406,688,445,17,1003,1327,30,380,468,687,35,1052,449,268,1286,459,965,720,1322,274,1328,1038,463,800,225,1175,545,1292,1293,1049,11,149,180,34,397,387,977,1042,16,258,145,509,1041,706,32,691,43
759,445,977,1321,449,440,397,1313,261,24,688,616,268,406,230,30,447,590,273,387,385,657,149,1038,1042,255,270,35,1327,454,614,634,17,1204,1004,20,417,784,119,141,1046,381,1202,1026,1052,700,145,1322,800,996,77
408,350,1041,274,703,145,149,425,1038,268,1195,116,516,706,449,387,152,99,264,177,150,634,454,1332,1092,624,507,1003,585,125,1313,984,1348,704,684,533,430,1321,1089,230,43,270,447,381,1328,800,1296,433,1026,463,1151
1230,1052,258,445,397,459,687,1204,141,616,628,440,1202,385,449,28,394,1313,406,1320,1042,142,1046,545,614,395,636,1324,380,24,509,973,117,965,590,230,270,118,426,1175,976,1321,30,800,468,0,387,180,1049,398,688
615,325,1367,860,525,845,1344,555,595,1217,866,585,175,71,885,836,955,847,842,616,887,731,691,1048,737,1156,654,608,865,840,1222,1171,73,1140,1354,1272,88,144,786,373,778,582,363,756,343,312,1246,964,578,878,892
332,425,509,276,1175,628,977,142,445,1327,390,93,406,613,266,614,141,118,557,254,1320,412,224,801,1204,426,0,617,577,1344,599,1315,1370,389,1343,1202,385,30,616,1305,146,263,775,68,258,387,1052,468,1318,1299,257
105,675,871,556,472,18,1051,578,148,609,1248,971,629,1049,389,377,553,1034,683,294,368,1271,597,555,1115,1119,371,305,319,151,1201,1242,1094,676,512,583,1168,1139,785,581,714,435,787,1093,592,1232,571,653,4,752,440
658,518,425,380,149,687,1321,397,1204,93,286,447,514,258,683,616,526,965,394,976,24,509,1332,977,449,416,387,28,454,116,1324,1327,445,415,393,1286,661,37,426,470,1026,1003,516,350,725,392,1313,1322,1194,1004,1052
1084,445,35,387,1046,1292,1161,687,385,395,125,425,996,390,427,1300,380,28,117,141,614,119,0,454,138,4,655,977,447,1287,459,679,406,140,1204,514,1003,17,383,1293,136,729,268,973,440,24,545,720,1026,126,434
130,425,687,125,406,445,1046,1313,977,1003,1292,93,449,17,34,965,119,518,28,35,1041,24,403,984,380,11,385,1322,532,0,180,383,30,472,136,426,784,590,440,387,1050,145,720,655,509,1004,507,1175,438,616,800
171,459,427,543,584,412,514,319,1085,472,1327,464,810,510,180,17,553,326,201,1287,1321,1310,287,1042,159,691,211,701,818,141,1316,555,245,1046,384,320,583,870,801,577,292,786,1314,775,385,1140,1061,1062,797,803,509
748,425,687,1321,1292,268,119,395,93,977,180,545,1026,24,509,255,34,454,445,628,430,991,433,472,720,996,1052,703,397,532,449,729,141,800,28,1161,616,364,17,145,440,149,118,1041,815,429,1293,390,691,442,1046
713,1161,473,912,1149,1176,219,415,910,923,462,1051,1022,751,1138,989,1135,715,234,922,1242,997,431,650,921,324,383,564,15,1074,680,1038,289,1008,196,1094,721,753,1132,788,177,397,634,232,197,916,226,791,544,1341,296
580,687,628,616,1293,440,364,1046,1042,1327,449,142,532,119,1204,977,268,17,141,545,117,965,28,1026,25,433,91,1041,395,424,975,800,680,649,391,564,389,636,145,93,779,438,140,32,691,24,274,675,1315,442,785
654,846,935,61,591,1239,332,875,756,1249,754,1247,607,1039,593,325,72,626,827,1246,523,1205,235,376,1149,826,115,801,113,323,765,304,284,205,530,857,1241,1179,1154,317,908,1068,293,171,206,1235,606,1279,1208,782,589
929,1204,687,149,425,387,1313,1327,28,380,614,30,406,472,93,1019,1052,628,258,445,616,449,800,1046,141,977,116,1292,440,752,1003,518,24,1321,784,1322,732,442,1293,516,1320,1041,1049,655,509,617,463,1004,17,412,613
1195,532,17,28,387,977,1041,1046,1003,1292,616,965,1091,167,140,364,1140,412,545,1293,0,628,392,427,385,1096,1204,93,1327,509,390,43,141,260,1307,655,389,785,577,1202,1097,975,543,421,661,270,1052,996,691,1025,117
727,425,445,24,449,518,145,430,387,628,590,268,1321,1315,220,616,241,397,219,532,1038,712,1292,951,973,984,768,703,687,118,661,804,800,662,680,1052,1202,660,977,657,655,270,4,1041,1004,28,119,234,1046,1014,240
653,331,606,682,1036,768,74,66,1205,73,312,904,845,724,608,201,811,215,916,877,1147,343,335,37,585,575,104,798,1195,603,607,886,72,36,525,1262,1371,213,1095,1243,223,1260,880,321,177,1151,339,861,806,388,766
315,1052,17,141,28,425,468,977,426,387,538,1322,1003,230,273,1195,412,965,24,118,459,545,30,1204,266,397,1067,470,424,180,837,270,258,1292,655,350,599,688,161,411,16,145,1049,691,800,469,675,617,294,9,616
352,28,977,425,387,445,380,616,449,406,1313,24,255,424,590,655,258,965,142,430,532,11,1202,394,1041,1204,398,138,691,1321,385,1003,107,1046,468,399,1324,397,1029,703,996,136,648,617,649,533,414,35,1052,442,628
629,860,1180,1266,863,870,1371,916,867,205,572,368,1053,523,113,1242,105,646,512,877,577,899,923,65,862,175,868,411,457,1369,325,1346,336,536,1237,841,1241,334,606,1186,483,793,875,593,569,396,1079,765,769,486,57
696,965,406,24,779,1313,616,28,118,1321,459,149,1026,977,648,268,768,433,270,1052,526,38,148,1003,93,800,976,397,532,1089,145,430,1322,590,110,225,703,424,77,380,1345,1038,614,139,230,245,387,687,394,138,628
787,125,445,447,449,1321,24,648,518,32,406,688,1204,380,472,1345,800,425,687,628,397,965,977,1292,1175,118,532,1004,544,28,149,1050,1038,1005,387,1019,93,1161,1322,649,1046,230,268,526,383,1311,274,997,509,220,138
410,518,425,1175,687,1322,1003,380,406,445,125,1313,965,1204,784,93,385,24,403,225,688,1328,30,261,35,1038,258,459,152,17,1023,616,1327,507,700,386,544,464,1005,1287,245,397,28,1076,997,732,159,628,516,153,1004
372,425,1204,406,445,28,24,977,93,440,518,1321,688,30,1292,141,965,1293,800,258,180,11,385,1313,1046,784,438,17,616,472,1052,149,1050,140,397,1345,429,1327,509,430,442,32,409,449,614,383,387,459,1041,454,968
413,273,425,406,1175,1202,991,818,1304,1152,502,1004,118,491,824,1321,268,823,611,257,1235,1168,795,286,1195,583,1051,1032,1038,1171,802,167,1287,447,1141,233,136,628,700,972,550,984,618,1264,1059,210,803,768,1058,279,1179
390,1161,997,152,449,1292,145,1175,720,116,516,518,1195,1061,415,1321,687,533,1310,502,1041,1322,1046,261,965,414,784,1050,1099,286,509,800,454,139,1091,380,543,634,498,487,439,91,1328,1320,994,281,108,268,614,472,1000
707,43,1152,419,94,322,1095,273,1368,1092,772,12,245,946,711,1341,108,746,1348,441,717,164,172,282,17,733,141,819,785,1252,473,587,459,988,427,270,727,630,729,1182,817,778,1125,1314,708,66,1374,492,279,977,526
671,459,397,406,425,20,141,545,468,426,429,28,0,449,30,472,445,409,440,628,393,24,17,1038,1029,616,394,1204,454,1046,1320,655,145,412,526,1288,982,389,700,25,140,649,430,391,564,380,384,34,1052,538,1049
187,281,766,684,1041,543,387,785,422,50,125,815,149,140,614,616,1328,478,732,727,1099,444,427,117,412,277,747,139,532,1337,161,1345,975,1342,677,918,255,487,461,1325,434,41,749,99,1327,683,1026,421,636,390,429
1004,734,751,795,991,286,1312,129,151,1161,777,179,165,774,907,498,509,500,1153,1251,107,1060,122,799,582,1273,737,1053,771,325,419,226,754,196,977,787,358,626,455,131,554,112,768,504,433,1209,770,1127,748,672,398
858,425,1313,688,1321,28,149,93,616,445,1204,1041,518,965,440,403,248,1175,406,30,613,700,977,1046,380,258,426,220,617,125,655,1293,687,1052,351,647,35,270,1311,1029,32,732,784,1042,468,381,399,1296,1148,691,509
152,977,387,1321,28,687,30,800,17,1052,24,380,1003,518,1204,616,1313,252,614,397,1327,406,268,449,688,125,385,468,93,447,273,1202,545,34,628,965,35,274,509,149,1195,138,700,994,429,1292,1049,1041,245,590,1038
732,675,593,1141,860,233,328,853,846,862,803,584,1149,309,726,863,1068,1243,609,870,498,70,619,62,867,103,374,878,1244,818,554,834,460,178,317,1133,288,1023,1208,523,457,292,312,1152,201,332,1231,1210,793,602,702
956,445,425,687,977,994,1026,270,688,1321,1008,1046,973,116,16,24,965,1202,1091,628,380,255,1293,77,1296,273,350,616,1322,657,34,1019,1313,730,424,17,429,1003,1139,1042,720,141,449,315,800,447,649,142,599,590,1327
221,28,628,445,977,687,380,406,616,180,24,1321,1327,387,385,1204,93,1313,1052,965,140,449,614,1046,440,0,142,412,397,459,518,1322,34,655,688,784,800,1202,417,30,145,149,136,617,700,381,590,268,468,143,11
836,687,977,1052,149,445,258,387,614,800,454,459,380,518,680,424,24,1026,30,472,1204,268,117,1070,93,145,274,397,1042,1324,270,449,616,395,1322,447,385,16,545,784,514,315,470,142,688,400,712,1051,1038,965,448
485,1200,1143,1238,1085,102,313,596,1225,905,522,585,15,1093,517,465,577,778,514,808,758,67,412,206,373,54,692,987,1271,1113,1268,553,509,117,641,926,720,611,750,1171,270,797,1169,795,845,818,267,71,1055,187,1248
957,387,116,145,518,1313,380,454,1292,472,274,1046,425,1204,514,1003,93,784,445,1327,1175,30,463,628,614,141,1026,24,406,449,1328,261,440,152,800,1321,180,785,32,634,1004,507,430,613,28,703,117,159,447,148,1049
779,381,800,996,37,256,1292,149,624,248,1161,4,31,725,1155,1162,1324,223,1319,433,249,94,810,1325,951,531,253,115,116,507,1013,268,430,448,1328,1127,768,915,1008,516,1051,192,1250,708,713,1286,654,127,645,1272,409
472,445,994,30,509,1052,545,141,687,258,119,387,684,815,468,800,117,395,16,977,514,1292,1300,397,20,1061,929,32,255,1000,252,1161,613,34,1288,21,25,90,656,518,1031,463,655,87,1168,973,1019,91,458,426,1145
643,864,607,62,1275,1152,569,1245,852,1366,824,861,1271,312,811,1371,376,857,571,66,819,1119,1269,1036,877,1186,1058,1247,1151,562,593,924,546,181,1221,1235,941,1370,325,834,555,171,1068,823,1283,875,939,1246,57,885,591
75,425,977,387,406,445,381,628,1321,440,258,93,252,270,430,454,688,16,255,800,30,1204,24,1292,1026,634,28,0,509,315,34,118,680,614,119,1042,518,141,417,472,1018,983,138,996,234,973,779,1049,815,684,395
255,118,687,482,381,21,270,397,30,688,1052,32,385,240,243,22,1026,327,349,119,1020,24,781,679,454,225,4,1204,23,440,518,997,33,445,315,645,1005,11,409,261,1000,1029,491,351,19,929,9,96,1042,90,401
602,1222,1211,856,317,1177,1247,827,876,1131,756,835,1236,1271,802,555,1266,325,1152,778,1154,1263,1371,1242,912,1259,1256,171,245,829,565,1058,210,512,342,1264,1218,1150,741,1157,1158,1246,1273,492,332,1244,869,883,986,966,235
1100,445,397,294,141,255,977,538,385,1052,1204,994,687,16,1313,429,268,636,1201,252,973,680,1026,634,274,800,717,1324,20,463,380,30,260,1197,443,228,897,1049,117,270,982,140,425,459,1107,1063,978,613,688,395,975
1253,425,406,687,255,268,125,996,449,28,977,17,779,978,800,545,991,628,426,657,16,1176,1327,1038,720,1321,49,614,478,532,138,1004,117,230,77,1091,1003,107,34,1313,688,1322,691,1165,397,445,394,616,387,395,429
1041,1292,518,380,687,514,117,1050,381,447,439,1293,256,1046,1004,532,140,383,255,1311,116,507,438,800,24,454,14,544,87,1161,1025,706,268,543,125,400,93,1300,433,35,643,1319,270,1310,126,34,149,651,401,1045,470
213,425,387,141,687,454,445,509,93,117,397,406,1322,614,449,395,28,1292,1026,1052,145,977,30,1046,35,440,628,613,1003,815,532,1321,268,90,433,1161,514,1300,545,32,110,390,805,468,180,447,1038,34,616,409,270
811,724,1023,1038,251,1004,700,1249,917,1323,386,904,198,706,856,1360,1174,225,800,272,867,922,1355,852,1126,167,1120,1365,289,1096,1186,30,245,1114,688,204,607,924,1351,1195,822,912,313,1005,660,191,640,342,1308,1113,1025
1313,1204,1175,380,425,1313,149,1046,614,427,245,1327,385,139,613,918,1345,1049,977,417,258,1310,1047,445,1042,443,1004,785,1026,732,784,472,1287,116,440,1293,801,1092,1321,965,1063,1099,136,734,976,447,1328,680,689,93,701
346,425,141,380,93,1049,1046,116,30,149,784,1327,28,258,1313,616,32,1321,16,1292,613,628,385,24,17,463,1026,1003,268,447,438,1019,440,965,387,472,973,977,117,449,800,427,145,406,381,142,397,143,35,454,429
258,256,1052,381,252,211,891,509,127,626,514,795,433,1033,610,296,126,1049,1248,1366,675,637,1140,64,673,679,4,1110,569,1292,1030,1144,46,524,197,477,870,1225,1267,1103,553,361,521,808,1324,196,534,367,329,370,74
801,684,387,567,867,599,1083,1012,1337,729,158,478,979,1316,251,1136,154,280,611,265,1018,294,1213,1075,44,395,1168,457,991,1107,142,868,401,422,272,911,1200,119,146,656,555,453,430,141,315,205,1089,120,442,269,391
80,117,387,180,141,268,256,514,24,422,661,447,440,449,910,1291,1051,1197,805,93,1295,87,142,1087,380,433,91,111,28,260,4,687,1176,1070,1204,110,35,448,1026,119,518,406,1004,766,392,412,30,516,36,1080,127
1152,687,1175,800,406,149,445,1003,1313,141,28,93,616,784,965,387,628,230,380,1322,509,1042,258,1049,1046,1321,145,688,24,449,732,614,518,32,1328,180,684,136,1052,1041,17,1204,977,142,403,148,385,273,1292,261,364
1034,687,149,1022,234,994,1322,1051,1050,1038,274,273,634,1076,425,30,1327,978,24,997,703,391,1328,383,465,614,447,535,779,1313,110,454,268,712,125,1019,1175,910,464,684,116,700,918,1300,159,544,1161,1202,720,784,35
1171,1175,628,687,614,1003,469,427,784,1113,17,425,785,1345,143,1037,1211,1372,142,1152,139,440,443,1052,1091,1026,1313,380,180,680,424,412,1246,384,1025,1058,775,2,543,385,611,351,516,1327,487,1196,732,141,149,449,1195
333,425,687,24,28,380,258,406,1052,149,965,616,1313,1327,445,93,977,387,614,440,1003,141,613,518,1322,1050,1175,143,447,1026,180,617,1345,17,385,449,1046,1324,1328,1049,976,509,32,468,1019,1041,784,1321,1292,30,268
857,425,977,445,628,687,141,1052,459,258,385,24,30,1321,406,1204,688,143,518,449,20,1315,380,1202,976,93,426,17,1020,395,25,28,616,255,381,1313,77,614,34,118,438,409,1046,443,140,405,784,429,11,700,997
424,543,394,395,1300,125,734,509,380,387,478,163,459,41,1135,720,9,1287,117,151,1319,91,1026,406,1292,1337,255,815,445,383,430,1312,472,401,685,641,649,532,464,1336,658,1105,149,1310,321,1165,1293,1311,107,1321,785
743,716,160,1079,970,1015,433,920,1171,1135,1120,600,333,1251,337,1272,1127,161,916,907,65,295,808,924,231,603,885,1367,763,582,892,196,855,177,521,61,1085,578,1188,952,1369,178,549,57,723,955,608,214,844,71,316
585,66,525,823,332,1222,607,819,953,1366,1152,986,867,562,780,1373,496,317,199,80,1210,1259,310,650,799,733,1141,1159,329,1260,283,1205,887,523,343,930,776,877,908,1246,1280,844,326,882,603,870,782,1232,846,913,210
1221,406,687,17,977,1204,459,1327,616,1313,784,24,427,380,628,688,1042,1052,1321,440,141,590,800,93,614,1026,149,395,412,965,397,445,1041,1175,245,258,1287,28,896,180,438,394,143,136,230,976,118,518,1038,1322,30
923,1204,687,425,973,387,258,1059,449,1313,1046,397,472,543,977,1295,469,538,261,429,1061,729,93,518,1195,771,1175,1202,385,1026,427,6,140,985,1019,617,406,142,272,381,975,163,141,997,785,443,991,982,628,478,116
1134,684,424,977,425,994,1313,1042,1052,1327,687,1076,253,1038,628,1321,1025,634,680,251,1000,965,459,614,116,1049,1063,2,225,784,139,1114,57,454,1067,442,35,287,507,255,449,704,1293,430,1023,395,305,1060,252,720,1102
1229,425,687,93,440,28,30,445,258,688,1052,1313,614,141,509,616,1046,136,976,977,514,11,380,87,1320,679,1204,628,406,1321,518,510,784,1063,1000,34,965,1049,1324,1327,0,118,33,142,270,800,1085,17,426,412,351
990,24,378,1161,761,383,1177,1173,824,276,1358,112,569,841,138,1239,819,981,552,1191,1222,1236,1247,10,233,1235,288,1017,519,986,21,648,852,307,317,1339,1036,980,839,322,1106,279,601,823,1174,1365,119,821,1271,437,974
1303,1141,460,411,1152,104,66,852,275,496,1208,1371,56,213,876,536,611,1162,992,570,776,557,1210,1135,793,1055,523,346,296,1131,567,1221,1129,314,823,220,824,802,935,46,440,398,1191,593,324,1373,328,473,171,831,304
311,1052,687,977,425,688,28,459,454,397,800,380,140,445,614,255,449,180,1026,1327,616,628,440,117,30,149,24,409,258,1320,391,261,126,142,387,919,1067,784,518,385,684,395,17,270,1316,1313,119,11,1322,453,426
208,1204,445,425,1195,30,687,406,149,1321,1292,380,1327,472,518,125,800,1328,614,1322,0,136,1019,28,24,387,412,464,1042,426,1313,1173,510,1046,145,447,1052,712,1293,688,965,383,616,1050,1049,41,273,230,1076,32,468
12,34,93,24,445,687,509,472,380,381,9,268,1050,389,1318,1292,409,258,32,125,425,447,653,1204,406,628,28,514,30,429,507,438,1311,800,468,666,510,1019,968,433,416,149,1321,426,18,118,364,126,383,1316,141
518,607,872,1159,1178,358,787,796,283,1325,1355,933,1233,1066,913,766,363,160,298,1361,1224,1105,253,905,857,605,880,248,911,817,603,359,1351,179,128,754,1370,1151,895,955,1152,482,271,1183,788,1068,357,304,903,208,504
392,282,917,298,738,1254,302,1263,918,164,1212,740,736,1102,1175,1270,1132,987,904,539,139,764,1229,1211,705,179,945,399,1158,1105,1092,1200,469,1360,1348,718,1207,1056,342,172,817,566,1331,766,444,1196,79,594,1325,533,242
222,687,1321,518,1313,655,1322,445,1175,125,1195,387,965,1204,449,997,468,93,1300,380,1050,158,1296,616,1049,779,1041,107,1038,425,1292,32,1005,263,426,800,973,815,126,657,30,447,1328,149,403,1286,1327,138,406,17,464
457,290,498,172,736,642,423,164,766,1152,801,275,317,737,543,1117,738,286,570,758,1191,1207,147,279,1352,1334,756,1036,857,891,565,283,343,363,1135,1067,439,1342,1222,38,248,99,1003,771,1136,985,308,1140,299,181,595
848,687,406,977,445,380,429,616,93,141,545,17,255,117,24,28,268,387,397,270,34,1321,381,149,30,1052,1026,454,1003,385,526,1313,1038,628,543,0,409,427,126,996,1204,614,1322,1042,426,440,390,468,1046,800,394
336,93,30,406,509,616,1204,380,141,28,258,1313,687,1175,1052,1042,1322,613,252,387,449,1046,17,628,1195,977,720,35,1003,1327,385,0,1049,655,997,1076,397,1293,16,459,350,1292,125,440,965,507,700,409,24,87,118
1185,826,786,1205,1217,582,1252,885,530,1224,769,299,931,368,369,765,798,952,823,64,215,335,1261,57,647,375,302,324,80,918,1338,204,943,526,1248,966,780,707,12,245,218,1246,933,881,371,207,492,370,862,190,962
271,258,1204,385,687,977,93,965,425,1026,1313,28,24,406,628,440,800,459,141,1052,1327,445,118,1293,180,143,509,255,149,982,1322,815,688,429,613,614,784,975,315,30,387,996,119,720,261,518,976,997,268,1046,729
165,614,687,1046,140,445,116,425,427,409,1097,1341,166,628,117,281,1292,1313,680,422,729,1105,526,381,94,4,443,1344,440,815,248,973,1321,163,996,1049,1337,647,1155,380,108,137,977,267,1342,43,38,1199,118,454,77
69,445,141,93,616,628,1204,406,1042,149,17,977,1313,258,440,1049,1327,614,613,449,1321,509,545,142,180,1046,380,387,118,268,412,1052,0,24,784,800,30,1003,136,1175,1320,442,16,965,427,518,433,11,976,1041,417
974,1222,1246,551,1258,836,1191,841,1111,565,553,571,320,413,302,856,498,205,857,827,867,1278,510,203,1236,299,1238,1247,1141,373,574,1036,846,795,187,1271,1235,801,290,864,1152,473,1209,201,860,522,1256,584,1113,609,59
70,122,1350,795,1358,787,891,1132,588,1274,909,1030,226,801,1109,508,859,208,100,481,534,718,1125,1290,771,780,309,488,579,567,1084,640,224,217,850,950,265,830,757,442,6,204,407,1241,33,428,959,1314,356,748,1375
1305,1022,720,1204,383,67,791,1264,1061,617,1019,1152,230,30,1310,406,1161,423,273,635,210,687,1300,779,472,1039,1023,174,997,1076,994,1235,149,553,1195,1249,1202,987,712,433,1113,715,15,674,1287,916,136,378,1305,535,449
58,977,1052,1292,1049,616,1327,429,442,545,93,445,687,472,628,1313,142,649,143,17,459,149,117,509,0,440,800,24,1204,1286,394,258,30,16,380,28,395,976,468,1019,613,567,1020,965,255,141,139,118,411,617,1324
1188,1211,593,1254,1266,1371,582,864,1263,555,1223,1208,856,803,1152,1180,862,1206,875,860,1249,312,66,847,1141,45,837,827,302,60,1150,504,802,175,59,1151,1256,1217,1264,1246,236,1112,362,595,317,565,1259,61,1241,1177,1179
1156,923,1050,920,149,1153,912,732,616,502,126,766,364,954,1352,350,545,30,268,197,220,925,1124,1090,1042,205,252,800,19,994,261,387,538,688,1340,1043,154,1173,294,716,1310,37,1290,558,1041,472,1296,289,281,730,632
88,1313,518,687,406,425,93,1293,24,447,445,1019,977,472,1052,468,430,440,1050,35,1004,32,149,454,28,1049,973,628,141,1322,145,614,1292,965,387,463,268,507,1195,784,533,380,459,125,429,1026,616,1139,117,634,261
810,1222,1111,184,1310,750,641,973,1045,1058,1125,1019,589,612,1211,45,805,413,889,760,916,620,155,649,907,539,1139,906,1044,262,39,22,25,939,734,769,1020,784,188,565,764,584,288,132,1256,1291,1055,669,651,1102,667
1,425,687,30,93,445,141,977,1046,406,380,472,433,1292,1321,270,1161,509,1204,11,614,140,655,28,429,628,24,616,255,119,116,996,459,25,91,383,268,87,1052,118,1327,1049,1014,514,518,649,1042,454,449,390,35
882,977,1052,28,397,35,518,628,687,385,1313,449,1321,1029,30,1046,125,32,380,425,997,784,93,459,965,381,468,1292,590,1351,426,976,11,406,143,16,616,0,255,387,220,509,417,472,260,720,614,951,1020,136,17
1215,425,687,459,518,1204,965,93,445,28,616,1292,800,688,403,1313,406,1175,1322,35,17,720,149,655,387,141,1046,472,385,1327,977,30,628,117,409,509,1003,268,0,1052,507,180,1067,1049,532,34,468,784,1004,125,258
1161,32,518,1293,533,1076,145,687,261,997,255,800,30,965,268,694,688,1044,20,1070,415,994,1292,784,463,116,380,153,1046,315,397,24,1026,11,119,680,1300,1322,1313,766,1005,703,403,1067,139,141,34,1174,815,1327,614
137,687,397,472,425,977,258,1050,34,445,24,93,429,125,634,380,459,1292,364,1026,9,1046,965,616,32,684,281,0,315,703,518,815,149,30,268,1052,91,800,140,180,145,649,440,545,1042,1316,117,1204,454,532,406
144,445,1292,24,1204,34,1321,518,454,965,32,1293,447,1046,509,532,16,116,1026,0,117,800,397,119,661,991,614,125,613,977,449,30,440,1051,1019,510,1195,1173,405,381,126,433,261,545,491,779,628,270,1052,1318,387
551,1236,543,1330,518,279,488,1194,574,304,476,539,1217,402,329,1351,553,1149,801,347,507,1344,1058,829,875,415,646,1246,321,570,828,242,582,1238,167,606,1128,312,248,276,604,1258,385,750,105,594,378,774,1191,386,1033
281,387,445,149,274,449,425,141,614,1322,1292,268,1321,516,41,350,472,1026,687,518,454,125,1043,1051,1003,1046,1076,661,1041,464,533,17,30,273,99,706,397,514,655,684,624,510,470,465,800,148,1004,1052,1175,38,152
328,406,1052,1003,1322,445,426,252,1313,1321,425,149,258,1042,118,1175,30,616,141,397,24,125,784,628,1327,93,17,230,35,387,136,997,380,1345,800,274,620,459,700,364,657,225,145,429,148,1320,720,509,34,391,1202
825,839,273,1264,1262,916,1235,205,431,312,862,853,1141,593,332,1356,1208,376,227,1274,832,164,700,488,1230,523,874,790,1151,912,583,591,413,328,657,569,1039,907,336,735,1092,856,62,989,1218,59,475,1154,335,917,1155
428,273,274,465,125,732,159,1175,268,116,730,1003,684,1195,1342,167,993,1061,281,1051,464,141,279,145,412,350,543,491,180,717,1041,161,1107,615,1292,1091,1105,1327,38,1048,1099,556,230,1082,43,415,1290,516,30,17,1200
106,697,96,226,351,831,1045,445,30,973,127,1202,241,838,409,155,1324,941,1065,947,443,1040,694,327,1074,441,983,1166,1043,234,1018,90,1291,1343,930,980,590,25,1014,984,34,1323,394,634,548,447,1101,463,330,396,1350
446,1328,703,274,454,38,125,430,149,1082,616,387,406,17,628,153,684,687,1321,425,655,614,1342,613,1041,1313,657,1096,516,32,568,421,119,36,1052,28,1046,267,1296,138,348,1003,463,268,1091,800,1026,1335,95,468,1195
1252,30,1313,715,447,921,1153,1061,1176,1202,1171,95,720,273,315,916,730,117,994,814,1195,583,1175,270,329,1043,87,267,4,234,505,996,1041,268,219,90,547,289,1101,34,261,1008,1076,294,972,1295,65,1322,119,684,472
1049,687,20,142,21,784,383,30,1004,1197,1313,997,977,634,415,916,447,768,1321,994,565,1300,1102,394,143,454,1118,268,641,276,947,614,419,485,552,898,1222,745,981,236,720,378,1037,24,1056,154,279,398,507,912,440
850,509,433,32,996,611,257,1287,93,1313,439,130,451,406,11,1005,720,230,476,997,1304,974,687,1322,381,532,401,35,491,1023,1319,1300,1292,965,119,518,385,762,379,268,1161,660,225,24,240,445,1120,9,242,982,281
224,1204,93,977,24,800,380,1327,1313,616,1049,1322,518,509,258,445,1052,387,440,1292,752,628,449,613,459,141,1175,447,976,442,472,1046,394,142,454,397,30,1004,784,180,1321,32,148,268,34,768,0,1026,1293,117,118
330,545,425,117,118,815,1052,996,509,387,636,518,256,459,977,270,93,1341,141,4,1300,458,11,691,655,393,1145,392,410,1041,634,16,616,116,1312,119,1042,258,472,395,684,897,680,445,364,563,440,929,9,448,397
146,380,24,628,1321,445,406,28,977,93,118,30,616,800,688,141,965,381,440,258,20,136,680,454,1327,255,590,614,1320,1313,397,119,447,1300,1322,976,1041,1026,143,1038,1293,449,1049,429,1046,438,784,636,509,433,1328
784,1049,582,211,581,1052,862,803,258,166,1141,1292,67,792,99,825,836,371,584,161,517,863,1188,775,583,1064,867,808,49,834,375,878,1195,774,328,326,421,359,1153,1204,71,464,1261,1240,1210,857,1029,28,456,572,355
102,445,425,518,1204,1321,30,509,468,459,93,24,141,406,1313,976,397,687,380,628,1019,449,1202,514,973,800,616,1320,454,1049,815,1046,35,1293,381,430,545,145,0,1322,34,17,270,538,16,136,409,1041,1292,1042,268
110,687,543,1313,1041,380,1175,125,1293,1061,616,1342,387,425,145,41,975,533,1204,1327,516,815,478,1026,1003,180,454,406,1311,684,918,1195,720,153,628,449,463,140,518,412,28,258,680,614,93,472,164,997,1046,784,655
174,1113,380,1263,245,1305,1320,36,516,43,687,258,449,1151,705,149,17,1195,1044,427,693,1183,1222,28,459,1196,1204,136,260,518,1249,1311,876,397,835,385,829,1344,60,749,406,937,614,1327,35,1004,395,1328,172,525,800
1069,1161,1292,1042,800,409,1175,430,126,440,679,766,464,153,1300,271,18,454,614,1052,510,687,1328,703,1049,1017,720,509,1060,1290,779,91,50,380,225,261,1320,498,655,433,36,1120,929,1176,997,1327,149,258,1096,616,15
63,225,1076,751,1342,245,220,510,1293,1292,353,1050,694,324,704,706,281,688,761,464,1120,766,230,482,1195,857,675,930,38,1041,1014,1026,861,470,551,487,1338,310,547,532,1004,768,784,153,82,823,556,660,1311,289,1141
131,445,1313,977,425,258,24,800,1204,1292,1293,141,687,1046,1052,381,125,32,1202,965,149,35,688,145,34,768,1327,449,1175,268,9,628,1287,409,514,468,0,180,426,1311,1004,1041,590,1324,973,1050,784,119,142,118,1300
989,425,273,1052,977,1051,1175,329,220,1321,590,691,125,383,294,459,1168,1320,147,419,230,225,863,671,503,270,700,202,991,741,1343,405,1152,1225,411,438,264,980,426,1161,684,15,897,855,233,539,1291,1089,449,491,106
1089,1107,170,397,717,273,294,1215,1295,315,1020,317,876,586,245,411,1039,774,258,1332,649,1157,968,1003,1153,426,445,117,261,305,275,252,19,973,233,274,1071,279,1152,929,1169,1239,429,710,1018,700,863,693,1139,734,168
195,219,768,418,751,701,20,1026,396,478,138,963,712,1036,1004,222,38,1021,861,904,350,1054,408,268,314,274,53,109,1126,1067,1014,1027,1074,980,1283,914,4,153,912,690,649,798,545,607,25,612,533,1008,1051,1234,259
192,445,687,380,406,977,30,1327,93,1293,387,1026,472,258,518,617,117,449,447,613,385,1292,28,1313,397,141,142,965,425,1046,1175,800,1322,1320,968,20,463,16,1195,25,1202,616,997,1139,442,976,32,230,1300,468,982
362,518,125,403,93,687,28,965,380,1313,425,24,1292,1204,1005,11,1311,140,258,1293,261,1026,1061,1195,439,387,720,616,1321,984,141,449,1322,35,406,30,274,149,119,468,20,429,613,660,975,703,379,383,509,268,1046
979,425,1038,268,24,687,965,1195,800,977,125,1175,532,1026,518,426,397,1004,1322,406,628,1076,447,535,118,145,1202,636,472,1070,688,973,1050,1320,1005,712,983,507,273,459,661,1019,424,968,720,703,1313,533,1304,991,220
273,518,380,965,149,1003,387,28,425,800,1321,35,1292,616,1050,977,1004,1052,472,30,445,687,1041,533,93,447,1204,125,32,688,274,180,412,268,1175,459,614,516,145,507,1327,1005,454,1038,406,997,1076,403,994,1026,385
1246,614,30,687,234,1204,28,1313,258,141,445,397,16,973,440,1052,1292,116,145,1300,1327,406,700,509,427,1003,393,1019,518,468,380,32,24,464,142,17,516,20,125,977,463,1345,983,1014,276,965,982,613,1161,1000,261
733,397,459,1292,1067,1004,454,532,1293,268,449,394,34,965,35,687,1014,1050,1321,518,1322,380,350,464,634,470,381,1286,24,28,153,1328,426,655,545,977,706,784,628,180,393,1038,472,1052,425,1161,983,1327,430,17,533
830,1371,593,853,741,891,317,296,860,583,1238,329,1180,796,870,839,1149,335,1131,176,924,834,1235,863,890,1268,610,170,66,1168,307,320,1242,892,1141,832,1264,690,609,569,59,1093,644,854,666,205,104,178,476,811,324
74,381,380,448,141,140,1051,116,789,1026,117,234,810,432,614,281,1176,1168,951,455,270,696,982,445,996,1049,1015,1059,1292,1161,37,315,717,993,433,166,0,83,390,1046,529,804,669,400,256,645,470,949,653,150,1204
331,149,380,752,274,139,616,1003,1313,1265,1041,249,341,1270,24,387,180,1175,421,975,918,854,887,766,406,438,243,964,50,518,32,628,582,817,732,93,1247,860,1069,1219,657,1154,312,516,678,148,433,435,965,800,1286
1314,687,425,445,1313,93,141,1292,784,1204,149,1046,1175,800,965,977,261,518,1328,30,454,1042,1052,688,628,1194,28,509,463,142,380,617,364,1286,994,616,442,543,270,1293,1019,507,403,32,440,1041,116,1025,35,1139,1003
780,687,425,1195,590,163,1026,543,984,628,1295,140,273,445,784,17,1046,426,387,448,1332,466,729,116,110,241,626,461,684,145,516,996,1087,141,268,424,26,270,1038,980,691,38,983,1012,155,1314,127,651,41,394,657
1211,425,977,1321,24,445,406,518,687,628,385,11,143,30,472,411,1046,34,532,397,509,28,93,138,403,449,430,1052,507,383,0,984,390,380,387,1161,9,1292,417,1202,220,409,1204,440,976,4,617,448,1162,768,2
461,1292,509,425,270,406,585,1204,1059,440,526,447,469,1041,1195,32,28,1191,1049,982,1344,518,320,427,792,704,1052,1029,434,468,1175,1171,514,93,392,713,661,422,459,996,8,136,77,471,1322,491,973,977,416,350,29
396,862,570,67,863,841,197,56,313,1238,1246,592,581,1244,523,860,1247,646,583,373,233,604,324,203,329,486,553,498,832,103,821,332,1271,341,878,849,1084,1200,795,551,803,1242,765,775,1022,1210,948,211,753,527,870
1112,425,1052,977,28,800,445,459,387,141,509,93,142,397,406,395,616,1204,687,252,468,34,1320,266,393,0,636,628,380,390,234,1327,426,394,613,117,260,1324,24,1042,392,982,268,1175,440,140,1049,458,1046,1321,729
773,502,59,803,761,503,328,795,324,570,879,834,1191,1135,487,473,824,953,861,1215,910,527,864,870,857,1153,58,825,1151,888,1270,1328,1235,867,274,1246,547,311,948,1175,699,1338,485,791,1273,604,359,726,481,504,164
771,445,1195,141,1313,687,412,145,1204,732,1175,149,30,1327,1292,93,350,41,1322,464,425,1003,1049,125,472,28,538,180,613,1321,1041,509,614,533,449,468,616,136,543,258,38,965,1311,518,116,159,1005,1345,17,32,729
85,6,1035,20,993,1028,418,381,663,1174,460,960,814,96,246,695,788,225,1021,130,1065,315,22,636,1369,89,234,1157,445,223,65,259,428,672,831,7,923,21,650,327,929,552,462,696,548,970,456,241,1331,1031,698
185,687,1042,996,454,1018,509,93,30,688,90,117,261,126,141,35,1300,679,815,32,255,643,1327,327,929,528,364,159,401,409,158,406,136,468,445,990,252,1295,1194,118,426,125,440,1052,154,1061,476,240,16,1173,674
639,862,867,841,473,1246,335,1141,846,583,582,319,328,775,1152,875,1239,320,817,827,286,1241,1180,498,757,860,864,201,586,801,504,487,565,854,230,341,823,1243,1267,324,1271,332,790,1256,312,857,780,585,1238,1255,570
42,425,258,93,1047,1195,1204,426,28,468,440,394,1042,538,687,459,965,392,1327,1052,1324,141,1187,616,409,445,424,1124,509,1286,743,17,406,518,1340,999,1020,30,545,652,1303,1139,349,20,976,270,514,142,617,679,1095
1275,149,116,449,425,1026,261,1042,800,24,445,145,1204,397,253,1328,684,1327,784,442,387,1046,1038,32,255,1292,634,614,430,628,1052,965,518,380,472,1161,688,703,1313,401,274,996,1096,516,1070,327,26,440,1300,258,680
212,425,977,1321,141,1322,28,24,518,800,387,268,687,1204,965,35,628,380,1313,397,614,1292,406,449,125,445,468,1050,784,545,1026,426,616,1076,1202,655,688,149,118,1327,30,1175,145,180,116,1019,117,93,526,973,509
768,445,977,406,687,24,28,32,1204,380,93,518,30,509,1293,440,1321,1313,472,11,616,34,1041,965,381,403,383,258,118,0,968,688,447,442,385,1003,270,1315,1026,1049,1050,119,1322,20,1202,17,145,143,142,507,1139
169,800,1327,518,1322,459,965,261,380,464,994,1005,1052,1328,35,141,403,1038,400,533,230,1044,24,720,20,1042,28,149,1049,1113,507,1010,1293,245,172,1313,1026,706,390,687,1048,268,620,688,258,660,383,1212,167,416,1000
991,1222,769,141,613,805,302,1010,864,1211,945,1183,208,1360,1242,872,1308,783,860,667,205,1081,676,175,827,891,939,1347,784,234,1246,413,258,154,60,18,826,843,582,1270,509,819,492,829,365,142,386,516,1289,1239,1016
966,687,1321,125,800,1195,518,149,36,464,720,1004,1313,145,628,1204,425,32,274,28,1076,532,1003,614,1293,35,380,688,1328,1292,445,655,1322,1327,616,1345,965,387,93,230,1046,1041,351,1105,784,732,766,427,38,406,107
108,445,425,1204,614,117,28,140,1313,1293,387,149,518,17,24,472,800,268,258,93,977,397,440,680,385,142,180,454,1292,255,982,381,30,516,1322,429,628,449,965,145,1046,613,1050,25,417,16,409,1197,616,617,459
426,164,168,1047,380,741,1175,172,236,1152,611,729,1092,459,463,50,98,1039,1218,1171,118,1109,427,1235,406,1165,1055,1342,1024,271,33,1125,38,919,1290,44,668,278,1337,1195,1335,843,465,1236,1264,158,526,1185,1368,45,612
744,245,1310,688,205,549,910,1164,1340,856,1201,578,287,1277,1316,906,316,472,1188,838,925,1108,91,576,186,467,369,1364,723,826,265,2,385,255,175,582,1227,556,61,623,65,557,928,1163,315,484,634,305,711,1094,849
84,268,973,426,449,1042,387,616,158,163,1293,126,93,30,463,470,1023,36,95,1328,674,107,127,118,464,250,3,406,261,720,240,445,668,1300,139,1312,149,136,1019,1048,352,634,533,1004,116,1076,111,1013,983,694,1077
1080,498,465,50,921,585,1311,604,527,316,774,1310,1084,511,502,582,1270,319,312,1061,1102,505,15,370,539,1342,845,1093,59,464,507,732,419,487,404,1271,194,308,574,1238,18,1111,79,522,1141,1171,1048,611,14,1290,594
901,141,1292,412,17,977,1316,180,990,543,454,1041,24,472,117,11,391,425,1018,532,126,1326,91,459,35,1295,397,976,32,1341,1046,706,409,118,616,34,687,1318,417,429,1286,143,1294,385,440,390,442,1293,996,1321,30
785,593,577,845,62,325,67,866,555,863,803,595,554,841,581,389,254,584,336,583,825,862,878,1266,238,202,205,201,592,1271,1188,523,553,133,319,1208,331,591,1340,644,752,1243,842,971,216,782,536,778,1133,1210,575
40,510,1200,703,975,261,116,965,380,279,281,1140,1008,125,378,532,1175,41,734,516,1248,567,24,1328,641,720,1026,732,687,34,577,1236,119,133,1041,982,1291,741,611,159,1050,442,689,1321,535,757,180,476,219,256,795
679,525,1003,223,177,480,654,125,1004,1025,24,1011,477,603,249,449,1038,1152,569,854,387,148,965,376,398,963,817,1064,37,1311,354,985,624,215,901,867,43,1027,1142,924,601,329,1232,281,752,733,923,757,737,1228,478
241,397,1052,258,387,687,426,445,463,509,459,141,468,518,464,425,1313,1070,655,1195,41,47,688,393,1321,703,268,997,965,35,800,125,1292,451,255,634,395,149,261,381,34,613,136,119,159,24,1042,1076,1322,561,449
800,509,1296,634,252,276,1292,800,16,433,583,117,1173,415,35,1013,1094,1310,480,63,91,118,427,1327,455,999,994,1120,4,1239,616,545,126,93,256,305,1322,228,350,585,296,797,1286,261,703,661,1052,159,470,65,385
483,1042,1101,36,878,983,1307,418,627,1231,1124,120,371,643,962,1155,372,89,174,693,148,753,955,441,234,1065,141,905,651,33,1372,162,182,185,392,368,90,812,92,1333,375,969,535,694,675,1091,97,172,1328,1176,1183
1293,426,230,545,286,1320,118,912,1043,734,471,991,1327,387,688,110,148,921,916,1038,274,1124,1070,433,910,1294,425,136,1175,779,1352,1322,704,164,815,28,1085,1290,983,95,1079,655,684,179,253,96,1195,1340,393,61,406
1033,1019,430,994,459,252,973,634,350,716,768,800,28,697,24,226,454,977,1051,614,1026,1312,416,545,262,387,428,30,669,117,715,16,626,258,81,1038,4,810,976,620,1340,243,112,132,746,730,1122,37,270,137,712
622,1022,1131,290,419,741,716,110,882,876,1170,286,324,319,480,306,1187,753,972,859,233,556,1035,609,433,561,705,1208,554,317,45,479,535,604,1197,395,570,1145,583,1353,829,342,651,245,971,877,453,646,1028,450,848
1024,233,220,861,523,864,570,607,477,495,1131,819,73,1205,876,915,504,603,811,935,317,862,758,113,1152,654,311,171,1221,834,750,236,1235,1074,921,202,160,852,1222,913,499,1369,1137,916,691,62,608,923,239,215,1117
902,425,1292,93,965,687,28,141,380,628,518,24,472,1052,655,32,1046,440,387,180,616,1327,17,0,1026,1328,614,468,977,427,1175,976,149,613,117,459,449,30,1195,1300,145,34,119,1003,543,464,258,142,1313,116,445
522,1003,380,717,1327,1204,628,427,1099,141,140,459,385,180,614,245,17,688,687,918,34,24,274,1092,1313,164,616,28,1041,1113,1014,977,1052,1332,276,965,279,429,1292,159,470,1067,1155,543,440,142,445,1046,421,701,143
930,1175,1327,1313,125,274,1322,720,273,1003,425,141,406,977,1091,427,41,445,30,687,543,17,419,1041,752,1321,1076,1293,136,1096,261,1336,742,918,996,1300,1038,143,1046,1320,350,452,965,1165,991,700,509,616,1335,387,1195
39,684,255,433,126,151,425,1070,205,990,380,141,1161,274,800,720,556,703,676,142,383,564,438,223,442,1292,365,230,1008,429,140,532,1099,91,1297,219,910,982,417,4,1026,253,540,254,681,500,544,165,507,9,116
1063,687,281,454,141,684,675,1300,472,274,16,117,119,32,30,140,397,1099,1049,1067,703,91,383,910,634,977,1052,424,1008,258,1197,997,429,87,34,11,270,784,425,438,18,440,1286,680,116,294,441,172,649,1327,364
544,684,599,329,646,863,867,315,269,194,1295,676,102,389,914,860,618,312,1108,1087,555,971,1244,1188,486,859,254,251,1156,503,650,581,776,787,1208,264,661,1031,1115,714,1209,556,577,741,92,175,366,681,1012,66,453
1251,498,208,313,286,190,370,825,1246,1281,308,737,1181,1242,594,588,837,86,797,1360,1056,861,103,358,1207,962,913,179,162,1359,368,650,184,1219,1067,222,921,1102,477,346,1069,738,1232,502,189,342,879,747,506,636,527
740,62,67,325,210,750,433,71,662,935,1251,858,254,995,608,1252,336,104,214,524,74,1032,409,207,564,1053,593,1367,1235,870,603,848,367,69,1262,592,855,555,778,199,1373,1208,1349,171,577,839,751,332,324,1085,1371
1208,445,687,380,93,616,406,1313,1041,628,1046,977,28,1204,965,387,116,17,35,30,688,449,381,403,1292,1003,800,1076,1004,220,1042,1322,507,385,655,472,459,440,268,532,270,145,24,149,438,720,984,152,1175,77,590
61,445,1204,28,20,381,687,380,977,1045,30,518,1313,16,409,385,403,997,509,784,973,143,118,32,258,25,0,720,116,443,383,438,1029,531,1049,425,429,117,1292,616,472,662,447,440,327,119,628,897,91,141,590
243,258,628,397,1052,28,1204,440,24,1049,143,438,613,30,25,32,141,20,149,1305,93,118,1292,688,472,614,87,1314,509,454,17,997,687,394,256,380,411,348,923,261,1020,1327,670,1029,976,1027,566,616,784,393,821
804,1119,375,955,770,1152,711,208,199,1160,1065,303,831,1155,897,951,788,904,283,763,102,39,371,1224,1282,370,190,1278,1137,203,89,743,670,239,160,456,924,823,759,588,320,1181,808,537,878,499,169,872,1182,493,915
900,1204,459,687,1313,784,141,445,425,30,28,1345,977,616,258,1052,1327,1003,427,997,143,973,800,680,440,1005,142,1113,245,20,518,397,17,11,394,395,140,1310,982,149,1324,447,136,1287,252,1293,1023,93,1175,634,976
278,977,687,1204,445,28,149,800,613,1052,449,142,397,518,30,380,616,387,965,509,406,440,617,1313,628,1026,1003,93,454,976,1202,614,1046,180,145,459,385,1327,1321,1324,691,1322,403,1320,442,32,268,447,430,1315,784
1272,1052,445,258,472,425,973,976,30,397,447,459,24,687,93,634,406,385,518,968,1310,449,1046,1139,628,141,34,380,1049,614,0,1320,28,590,509,142,454,440,426,1313,616,613,965,117,1173,951,387,430,350,16,1020
1047,459,24,977,445,117,1204,255,454,449,141,395,440,268,1321,149,965,628,258,680,429,800,394,1292,125,532,118,1052,1038,472,380,1004,1293,991,1322,688,406,116,387,381,614,230,93,433,427,729,1300,590,17,385,110
517,287,867,823,440,870,148,141,861,860,411,834,457,577,863,180,361,714,304,784,583,381,2,427,977,1295,1180,572,782,413,377,326,698,267,57,567,555,142,234,559,680,687,990,1366,614,793,846,292,212,29,897
68,1195,125,1175,1321,425,1292,965,616,387,1313,1293,93,406,164,28,1327,380,720,412,350,1061,32,1204,35,1328,118,628,1050,1105,30,274,703,491,427,149,614,136,38,447,518,1172,706,1005,684,514,800,691,459,1202,984
1186,664,1250,1155,510,469,864,959,1214,1314,1048,843,587,705,944,740,1222,1154,312,1211,810,988,108,876,749,172,1337,789,1009,290,1212,872,142,1359,1117,874,317,15,154,1336,819,1082,654,191,873,1087,785,569,43,432,132
4,1292,93,24,1293,965,258,445,1052,425,32,977,800,378,28,380,687,1019,30,616,34,532,628,514,1322,406,440,1050,468,1046,507,472,397,1026,435,784,459,385,389,390,1328,1327,438,1321,1139,149,447,1049,16,119,1300
612,1222,1102,1258,886,248,283,787,740,969,209,290,291,1111,1372,308,266,262,366,157,203,1142,873,286,525,486,944,879,827,1278,707,1351,891,823,953,1166,962,1369,287,857,1025,860,539,580,298,244,179,1248,1348,481,816
1030,862,66,1222,593,376,61,1217,811,536,562,702,75,80,1246,790,854,606,832,821,1158,608,930,948,1241,966,201,1208,289,56,1256,733,68,207,853,325,523,806,326,197,1258,1221,335,286,494,73,580,290,569,341,601
861,425,1052,1313,628,17,445,406,28,688,784,977,385,125,30,700,248,220,427,252,526,34,245,1020,616,397,380,394,1023,426,381,1041,387,590,468,1345,1286,443,522,518,35,655,1038,250,11,1019,1292,1097,582,691,43
1151,1152,1235,1371,1211,565,1125,823,1155,856,1058,312,236,791,1180,1223,862,1177,877,1112,1258,282,1195,641,1113,1239,210,1271,290,839,1256,986,1111,601,1246,1262,871,335,886,1166,45,861,1039,504,949,1276,1255,576,816,860,541
718,795,254,329,577,804,500,570,1168,666,753,1209,989,848,818,154,977,112,527,776,435,432,985,799,109,830,1238,15,1362,286,304,962,801,1159,650,575,1251,867,944,834,870,522,1176,1241,462,68,618,269,714,972,272
596,569,870,839,778,522,1353,233,1152,603,133,875,269,1100,1371,852,63,1228,916,867,1151,1256,650,1022,214,215,992,104,1133,559,790,966,332,113,167,877,367,723,960,862,1245,295,489,59,854,66,1087,307,693,1250,1255
145,687,1204,518,1321,1313,445,380,30,24,688,977,628,149,1292,440,616,35,387,449,614,1327,1052,397,1041,17,1293,28,145,613,1003,406,459,1046,1026,350,430,274,385,268,125,1328,32,706,655,119,1322,117,180,34,472
83,117,1204,425,1046,406,472,1292,1019,440,116,965,1300,16,1321,108,93,110,981,996,445,509,532,1175,405,433,234,395,1195,1061,973,50,992,997,449,1202,91,611,454,983,387,1293,805,268,409,641,1319,991,398,441,1026
1114,445,1313,1052,93,1321,687,258,977,406,397,385,616,387,613,628,149,688,30,1202,800,24,28,1046,1204,270,403,16,141,691,1322,34,380,1003,507,426,1327,1042,700,1049,440,617,449,518,994,965,315,459,273,590,634
1268,1204,258,28,425,977,30,1019,380,1049,141,459,149,800,430,24,518,614,468,454,387,93,965,445,1194,1042,616,406,1327,142,700,1313,442,509,1320,687,140,628,16,973,1324,385,17,691,426,397,987,440,784,683,449
799,274,1049,1047,165,1340,705,225,1204,443,445,356,970,9,683,751,1139,1324,1131,477,1197,142,977,752,134,380,743,28,1148,1187,1305,1363,1157,18,343,729,1167,1352,166,7,1035,1308,271,298,143,1020,652,1289,1327,636,385
1198,680,449,687,1042,634,445,1195,1313,469,1204,535,258,248,1019,424,1052,973,425,1070,784,628,149,977,145,1320,712,998,919,28,274,1175,1322,220,387,994,253,141,533,20,36,688,17,722,983,427,1004,1076,124,30,444
763,687,1204,258,445,1292,613,1327,274,518,509,0,440,364,117,141,30,18,32,454,403,34,653,1318,380,800,1046,468,9,1328,472,1124,1019,28,1041,965,514,628,1286,126,675,683,261,507,425,994,1052,381,1195,1187,982
604,911,1249,937,1308,530,383,1360,317,1245,304,1263,666,750,842,1053,765,1209,531,1014,570,302,758,883,400,1110,1163,852,1247,1211,754,844,31,542,1117,714,913,1282,303,1005,1154,739,830,957,807,789,205,92,207,596,523
103,425,117,445,1161,93,472,509,149,380,1300,126,34,532,1313,125,406,454,116,440,996,35,364,1327,16,268,1173,32,397,119,997,91,383,720,1321,1287,478,118,1312,1046,409,381,429,1004,1175,427,1293,261,628,18,387
1200,425,445,590,518,380,688,1292,507,628,11,143,220,977,403,965,34,687,1293,997,415,225,385,1076,24,394,17,381,544,720,279,784,459,77,599,406,141,397,9,509,387,383,994,1022,1003,273,1322,438,543,616,261
660,579,205,856,827,549,57,313,1120,1063,294,862,1229,786,316,310,970,860,336,1366,1079,1222,62,845,175,869,265,766,558,839,866,262,74,61,295,180,740,1036,161,940,19,1271,823,496,342,593,1340,942,512,187,343
240,1049,435,1310,281,617,472,364,205,1139,389,604,1120,752,149,577,751,687,1200,442,498,659,841,836,544,567,689,1228,589,194,1075,1030,968,1327,678,312,1237,768,290,116,556,509,578,1271,869,415,1311,866,24,653,305
66,1327,687,125,425,965,274,628,454,1041,1042,230,1322,657,406,688,1293,616,463,1313,174,449,24,1038,1286,1175,30,387,1004,634,1003,32,93,34,426,445,442,700,1292,1013,800,984,459,1321,518,145,116,1050,1049,712,590
1237,425,258,1204,30,977,445,538,142,1019,141,634,252,518,426,1313,468,617,266,507,406,315,1320,693,700,270,387,1321,616,145,447,691,951,1063,973,385,430,636,345,614,1051,1042,1049,1018,34,1168,273,294,28,305,453
217,380,1052,28,1321,1313,406,628,11,143,136,1320,720,425,140,141,385,614,1076,1042,1293,1322,687,30,464,560,1044,145,1029,688,680,144,424,20,1172,784,445,180,742,35,987,468,976,1337,965,1175,655,469,1188,1070,977
838,518,1204,687,93,1175,514,472,149,445,1292,261,1049,30,464,447,666,516,800,1195,805,634,509,1321,425,403,1327,1173,1328,1019,614,438,427,1293,364,35,383,380,1161,784,16,1194,703,510,117,440,613,415,152,1313,41
566,824,39,502,569,112,972,697,477,661,1126,861,350,359,415,525,1004,234,773,533,562,419,279,1312,1251,431,1245,416,761,592,276,372,495,266,1260,1162,439,503,879,397,68,1205,1012,256,1058,310,1145,802,532,1014,472
402,201,585,1235,205,67,832,582,194,823,584,837,320,553,860,1244,821,854,842,1366,312,775,286,930,836,66,593,861,604,442,514,818,1241,1256,863,1141,796,211,565,793,1094,510,953,555,845,577,581,1259,440,850,617
995,1222,852,1131,965,785,1204,275,1263,233,990,1113,1154,749,296,543,675,152,279,245,1041,317,17,864,465,236,1342,791,1107,50,887,312,522,571,985,1371,1093,553,172,1003,273,1166,877,769,1047,1314,705,975,412,1149,819
11,142,445,977,996,929,433,234,1051,455,387,478,390,448,1202,255,1324,1176,381,395,1168,729,268,1300,425,6,1161,1046,1197,994,973,424,720,90,1307,618,636,1059,418,126,951,1015,243,697,315,1312,392,661,437,140,327
339,425,687,1313,93,977,1049,518,1052,258,447,973,116,20,149,141,380,614,1019,634,472,440,616,145,28,526,16,1293,1045,617,385,34,514,994,1046,613,468,24,397,459,784,261,509,117,1324,628,1050,140,1321,350,32
515,457,460,65,337,496,601,927,1239,793,66,1371,1112,912,441,877,224,51,353,289,852,1079,831,483,1058,27,293,1214,599,225,392,898,1101,557,981,802,555,1241,269,1333,725,265,1353,1186,411,234,856,72,390,834,251
1097,1041,406,965,543,1038,687,28,30,1175,1195,445,616,449,230,1321,118,41,1202,1204,273,1042,628,426,1293,464,454,1052,1026,125,1327,1051,1313,433,1342,518,274,152,1320,383,430,270,1003,136,159,1328,145,220,77,468,700
867,688,230,1321,507,459,281,255,77,657,477,387,274,734,509,815,9,145,628,258,518,430,1038,30,220,397,449,268,470,918,691,468,167,1070,3,998,528,1052,544,28,1300,379,1020,684,532,352,1102,1313,703,36,1322
948,149,1313,387,28,1041,965,425,380,616,274,1327,93,24,1204,1175,32,800,516,125,720,148,1026,1293,752,180,447,533,445,1292,30,518,617,628,1286,732,688,141,139,145,459,412,1052,655,469,1004,975,454,977,1345,41
557,1222,854,525,341,562,785,465,1149,314,832,986,286,498,873,861,1235,1264,864,329,1196,472,571,354,1256,1058,849,565,1112,66,553,473,460,609,273,442,1,862,1205,527,1371,725,1109,968,1050,1365,1141,1273,1208,811,1038
1294,1191,1230,51,296,196,728,498,759,1171,1182,1358,54,754,1121,479,328,550,1055,362,1350,682,63,300,1273,308,737,1253,731,751,1373,160,789,1123,321,1341,370,917,1110,665,224,290,1283,736,970,907,27,1374,767,760,311
1219,425,977,1204,616,397,965,394,440,258,143,687,976,459,380,93,117,225,24,800,614,141,110,20,1026,1070,1315,983,680,1176,409,1324,385,1027,118,180,142,628,729,469,28,255,1042,393,636,661,449,1202,233,1293,83
702,867,777,757,422,1342,77,285,727,194,543,100,503,1292,41,442,1089,1090,421,274,753,267,567,901,1195,861,387,1341,984,545,125,444,704,17,799,1153,164,1144,468,703,837,823,1105,1270,49,211,527,1136,1337,737,1286
841,425,380,445,687,1293,93,977,1026,1046,518,141,406,472,24,973,785,258,1292,268,1287,28,385,142,1202,429,30,116,383,447,965,0,1050,140,387,438,1049,440,509,35,4,16,613,1041,1322,997,1162,34,1300,683,1313
1027,439,687,442,329,1050,800,860,965,411,1222,628,1293,1026,294,425,119,440,616,32,1096,675,1235,1251,660,24,1046,507,532,689,403,118,544,279,172,1112,1204,205,1036,706,93,617,1128,1322,317,273,92,225,1237,1175,236
286,613,1057,100,784,941,20,541,1083,458,905,127,119,1314,1313,1327,268,938,218,155,697,1066,563,217,257,93,28,1295,192,87,208,1252,1085,146,885,711,457,141,1199,174,815,95,1028,140,232,30,414,1185,513,22,1332
931,141,977,425,30,445,1204,509,768,1049,28,258,1327,468,655,440,406,87,11,119,613,616,396,972,1324,697,403,1320,93,143,1052,399,385,241,387,20,155,411,458,752,984,266,557,1042,1041,4,234,412,393,437,981
769,687,425,1204,1313,1175,1049,30,440,1052,445,977,1327,1019,142,634,447,258,454,116,1045,800,24,430,145,380,683,93,1046,449,387,270,141,1324,994,1195,1041,628,274,350,784,518,616,117,424,472,28,1292,406,976,1322
378,445,425,800,507,1321,406,380,449,628,149,93,116,1046,430,509,1049,720,1293,387,454,1328,514,125,1052,426,383,258,968,684,0,1204,544,32,1026,145,364,703,397,24,532,255,438,984,1313,17,429,655,9,1327,16
81,977,24,614,1026,141,125,28,17,93,397,406,30,1327,34,616,1321,1052,1204,387,380,258,518,381,1313,149,440,429,1293,0,1322,447,117,545,454,1050,35,140,118,225,116,1046,449,965,32,680,270,261,25,1328,394
28,24,687,1050,977,1293,397,445,509,800,383,1026,532,1046,1204,93,34,425,435,9,364,117,28,118,32,439,982,141,4,440,255,403,438,514,447,507,409,126,400,973,429,11,18,390,459,628,140,268,1161,996,116
735,570,1366,1119,775,705,1248,1221,1049,281,1152,60,1187,1270,751,780,1030,522,610,1234,1062,594,194,64,867,508,497,292,733,860,66,1359,873,1160,1212,1151,371,368,211,168,167,407,644,757,706,67,275,151,1093,170,597
648,641,104,844,858,834,66,842,582,592,1208,325,326,56,913,1235,935,28,1349,1259,881,1270,406,870,332,214,1265,52,776,1263,846,852,782,196,757,606,1366,202,811,823,527,1044,861,862,525,328,989,877,1225,739,837
99,1321,532,445,430,687,1161,454,30,518,628,406,449,32,1173,381,1316,425,24,464,1038,1168,688,34,1052,649,507,1061,1342,1313,1004,514,997,138,544,255,387,28,438,350,126,145,1300,984,141,1175,1050,533,91,996,391
637,616,261,149,472,533,389,1311,965,1328,350,518,1049,800,364,1139,1003,24,439,1327,779,628,1004,141,126,1041,447,1204,50,93,910,766,1322,465,583,732,435,219,1310,281,687,180,614,703,431,32,1340,312,230,1173,1175
1207,972,534,320,888,1103,68,535,780,208,131,127,583,1068,1234,581,481,941,803,450,300,488,651,170,771,304,1206,807,743,543,222,332,1274,554,850,110,290,1215,309,522,1028,620,291,33,586,734,870,718,286,324,508
1101,425,141,977,397,687,30,454,261,255,406,616,1204,380,28,149,430,20,518,1313,385,468,140,700,24,1020,628,220,270,688,976,784,34,125,381,449,117,93,1292,1327,395,252,394,1321,409,403,442,1139,440,703,472
533,273,862,856,1241,177,201,590,606,633,431,650,634,1022,541,861,214,1100,326,811,336,1243,1106,324,1119,269,1221,1030,307,854,863,80,1180,371,553,608,860,846,497,823,211,712,603,867,373,504,55,423,1190,332,859
686,1204,149,800,425,445,1042,784,712,234,447,255,30,1195,145,518,16,449,454,1313,1050,1324,258,1052,274,440,141,350,535,1049,387,93,117,1063,1327,268,261,977,973,1070,4,715,472,1019,270,1076,380,514,1000,1046,20
571,1314,1248,1152,570,341,1100,862,724,871,1149,910,335,484,1236,853,990,242,205,312,890,1242,1369,860,497,206,856,1241,1316,854,1093,1246,801,489,175,826,873,740,899,1364,923,1154,646,928,1180,289,847,307,1352,849,550
172,862,849,1239,205,839,1262,203,832,330,847,317,821,837,836,1272,872,811,846,217,1264,1095,572,334,966,1224,1371,371,1282,1180,853,756,860,56,693,213,313,1184,912,796,571,887,71,66,210,104,406,816,368,566,541
964,445,425,687,449,28,116,784,397,17,268,1046,381,149,1321,1162,438,628,614,141,1013,16,1003,25,1287,117,532,411,273,429,533,649,470,472,350,77,1041,0,785,1293,93,1322,440,1204,35,1292,977,390,545,394,1289
468,688,281,96,970,298,1260,106,310,1323,1070,976,679,556,495,270,454,959,19,502,220,540,506,1195,464,1000,1018,1049,636,814,20,762,1028,1125,404,1361,1320,684,409,510,749,1291,491,1340,724,316,153,1085,1140,1342,549
491,469,766,985,459,1107,472,1316,1067,1352,990,429,412,1154,1041,1155,741,464,170,729,470,522,489,1204,387,41,380,168,553,275,1175,98,278,1371,283,487,1195,140,706,810,285,843,161,1048,17,400,281,1113,1291,461,1321
495,1238,860,646,841,644,312,205,498,854,1354,1239,1200,1242,774,780,604,1271,866,1084,67,553,593,846,103,577,1093,869,615,435,1127,756,752,242,803,827,292,527,1268,1261,650,887,319,1281,133,1115,1247,488,216,871,1180
1191,834,923,583,863,1247,1239,593,205,67,700,261,1208,862,584,841,104,846,473,966,867,774,803,1221,1261,391,864,832,332,326,922,1242,1149,1249,80,586,609,870,289,921,328,197,201,220,619,826,604,935,1196,861,411
1057,1131,1152,705,143,986,290,423,225,233,411,1231,1154,457,236,873,1235,394,698,1300,1092,1014,1106,997,876,130,543,819,168,353,1147,177,1211,1146,768,436,53,1283,1161,881,11,403,1305,127,1038,738,1022,1142,1028,1314,174
356,724,242,1156,1339,1127,941,1035,838,246,1135,850,1353,816,1047,788,1024,160,89,633,70,1206,1223,72,1144,1264,550,948,1022,320,541,1106,360,860,952,1121,293,668,1276,1231,265,772,144,295,335,695,1152,488,374,4,1054
722,30,409,406,509,1173,1211,383,380,60,0,1061,440,34,437,1321,1019,983,1204,734,426,11,1292,1303,1052,378,472,117,1081,18,9,1336,16,91,929,1046,510,1319,438,999,15,1044,576,430,518,1287,1293,805,159,200,557
153,977,687,445,425,141,28,30,268,258,142,509,24,93,381,628,34,973,784,472,449,380,617,117,234,463,1026,220,1004,613,25,518,976,590,1049,1037,417,614,409,385,1320,1052,1313,16,397,447,440,1038,680,1293,180
1301,1204,614,634,1195,687,1052,976,712,30,973,472,447,1194,1175,680,24,116,1070,230,258,994,510,234,149,1310,800,977,445,636,387,661,968,350,6,1106,518,983,674,1324,951,1320,143,159,898,1045,454,1051,1173,1076,449
1304,187,54,937,1096,1257,1209,1360,46,958,950,304,420,754,1277,577,183,205,373,932,933,193,874,313,1274,203,939,835,936,905,849,539,792,812,987,596,1025,521,1220,840,821,842,855,1282,347,191,1269,888,525,1372,179
307,1321,406,445,17,628,977,965,616,258,380,1327,141,800,1041,687,93,1042,24,1313,1204,509,1322,35,454,613,268,430,518,996,614,1046,118,136,1320,117,1026,1292,426,545,459,688,270,145,385,976,1293,11,119,180,720
960,649,1135,225,669,0,1287,749,697,268,17,1252,1335,731,996,390,1293,992,742,904,94,655,347,153,1127,1055,125,434,701,259,408,1227,1299,445,917,1097,1161,394,1024,924,991,736,824,1082,1312,1332,118,973,892,418,256
166,445,472,268,1292,387,459,977,28,996,1004,24,1046,509,380,532,270,117,149,141,447,545,1322,17,161,449,687,526,390,140,1293,0,425,1026,742,35,616,429,34,1327,628,1041,543,32,518,533,973,1003,145,93,815
1269,50,465,35,1271,294,151,1048,730,795,1084,58,503,175,365,1311,549,1171,968,1268,556,576,732,1297,684,806,579,1018,194,1063,126,910,851,585,524,539,254,498,1225,1086,401,220,689,79,1281,1313,774,553,535,734,305
348,1052,1313,445,1292,149,380,145,1321,463,387,425,16,28,1327,454,406,430,252,116,800,1046,472,687,141,590,459,997,518,977,34,464,397,1322,634,93,138,616,1324,32,41,703,720,273,784,381,1049,1202,1041,1293,1286
1279,1052,977,976,125,30,426,425,1194,406,472,688,1332,1313,815,454,149,590,543,1321,509,784,687,385,1293,1327,427,397,1063,1139,281,429,545,34,507,394,468,264,255,1286,380,514,634,1042,1320,230,270,1044,734,453,1038
268,445,977,30,1204,380,614,406,454,1313,149,1026,1321,800,472,1293,628,965,440,142,268,1322,784,32,34,655,1052,616,533,1004,119,532,613,17,381,509,516,385,140,1038,996,138,1003,11,180,397,136,442,634,590,1202
126,255,425,800,449,977,274,258,684,281,518,28,406,636,399,142,693,616,1324,509,431,141,387,260,350,1174,252,430,230,416,17,93,994,954,514,1168,445,0,720,628,251,468,1075,415,545,1175,268,426,91,77,538
1199,425,30,687,1321,655,220,445,977,426,35,141,1195,393,387,449,118,117,459,1004,1296,270,1042,20,694,230,468,800,688,980,1038,1312,268,440,680,153,441,93,691,712,397,47,614,1323,234,983,16,1313,28,1322,590
1158,281,1041,1311,1175,918,1256,149,1136,688,421,1340,856,1271,1067,487,887,271,1270,1154,827,684,230,1277,99,732,1003,817,854,1316,286,180,724,558,616,533,970,1107,965,253,1342,1,607,757,125,475,857,928,350,1221,1249
312,30,426,445,397,800,17,977,141,616,1313,1327,149,538,688,1204,1042,1321,430,691,468,687,93,230,628,509,380,1322,34,784,1175,77,1049,136,24,387,385,999,20,454,395,518,1202,613,429,1038,440,245,1320,1003,453
1319,736,257,1110,1191,299,731,737,370,190,665,1144,1126,1097,1203,1121,362,568,63,85,46,199,51,246,278,808,1333,328,335,160,943,728,913,367,884,259,677,296,1353,878,178,770,187,1260,1137,692,738,193,303,375,772
959,425,28,1204,93,509,380,688,406,1313,616,1321,445,687,1175,613,1052,385,1042,139,440,734,977,518,403,149,136,30,397,1041,1061,180,426,732,1046,459,125,252,399,1345,387,617,1003,1048,449,1293,17,143,469,1102,800
282,449,430,965,518,425,1038,688,220,138,1052,628,1313,35,406,387,1292,590,800,28,445,149,1003,454,977,145,613,252,1005,1027,378,1014,655,125,1351,32,768,1202,397,1004,380,976,1070,253,243,1045,1174,30,442,779,687
65,687,445,387,268,93,230,1313,149,509,258,1327,684,32,30,145,628,449,119,614,28,1041,35,634,1042,406,1321,720,273,1204,261,616,688,800,994,518,1292,691,1328,1019,447,1052,141,514,1038,255,350,1076,1300,454,159
872,687,406,28,977,93,449,509,1202,590,30,397,268,1313,518,1046,381,688,252,1003,125,628,145,1322,385,616,1052,136,459,24,17,258,0,394,1042,350,514,273,118,984,800,655,691,77,973,34,1195,1204,141,35,613
1231,397,20,118,459,255,1332,1044,25,1026,11,393,429,394,1161,1057,110,977,898,1020,416,9,380,395,24,973,513,687,426,91,457,464,385,1014,433,1320,590,784,919,409,87,965,400,111,21,815,535,997,744,1253,327
31,553,254,867,1246,279,1208,1267,543,1022,522,603,194,676,985,611,164,1271,886,1247,498,877,483,489,1264,890,556,860,816,604,871,67,233,570,823,870,59,1100,1258,811,242,775,1154,1281,151,1147,308,565,1276,1152,606
486,1295,140,258,406,429,445,395,117,141,397,687,25,628,977,119,1292,125,440,142,385,983,234,1090,1300,255,969,478,93,698,9,381,315,720,1332,1052,1080,1005,44,387,34,457,138,982,20,1057,32,611,400,411,417
1201,329,1270,867,286,753,861,580,290,314,527,104,1245,66,914,1266,213,233,498,834,1222,80,289,56,1118,733,930,324,486,927,547,341,86,802,592,707,1208,483,1246,570,1372,1263,1235,882,1259,782,862,1112,776,251,332
1144,285,684,255,387,996,3,1319,729,707,32,121,347,37,116,667,1132,1295,158,1157,1012,1300,479,175,516,529,539,125,1307,95,119,1272,703,400,646,542,312,626,1329,1302,446,720,1009,748,1227,315,1070,1010,343,452,451
690,800,977,445,425,1204,1327,687,141,1052,28,385,616,1322,17,24,258,614,397,1313,429,149,30,447,20,518,1003,688,982,93,965,1026,143,994,117,252,387,976,1005,255,1293,454,1292,543,270,1049,1345,440,34,1194,430
19,445,380,30,141,93,1292,1293,406,1042,977,1026,449,387,140,459,1287,255,119,454,1052,509,91,409,614,24,397,16,427,1175,28,1313,628,634,383,146,385,145,800,983,447,545,518,543,142,430,973,390,448,616,87
421,973,1161,1019,1194,1126,535,1116,259,456,198,1168,219,112,260,962,960,614,502,117,57,1173,1123,712,680,4,1330,1106,970,661,1174,437,831,768,301,482,745,1052,634,8,791,1014,838,1035,715,697,980,583,1178,914,619
616,756,826,342,986,849,862,1222,827,1274,780,777,589,837,235,595,1263,206,781,1266,233,1186,1270,1146,290,1361,755,846,62,1154,105,969,1120,1192,61,700,1237,541,209,761,694,691,399,821,162,1244,948,301,485,504,864
790,397,996,91,1202,258,703,315,1300,1046,1026,228,509,1295,385,256,118,270,685,411,1315,111,1168,448,701,1161,977,616,443,751,392,395,109,4,119,661,347,528,255,449,83,252,127,26,971,974,180,405,279,1140,32
619,1262,292,860,62,582,553,1210,71,488,336,201,585,845,1246,577,1235,836,60,875,583,780,593,281,841,328,870,206,1272,1353,1208,343,718,839,1243,554,1256,133,750,1276,332,854,1022,809,941,1267,207,604,606,1039,210
812,1236,1247,1246,1211,61,826,867,1158,1360,1191,287,904,341,736,834,317,206,944,1037,801,936,803,460,1110,565,570,1263,493,1244,320,292,883,1209,790,1113,856,332,496,1152,571,754,314,1255,841,328,198,827,864,952,1221
1276,800,687,387,274,425,614,145,454,380,1292,965,445,140,24,1195,688,141,784,1046,1322,543,230,17,1041,149,32,1328,159,532,1050,616,142,1105,1313,406,1204,1061,261,732,1026,447,729,442,116,180,449,1003,41,918,350
1108,472,510,768,429,887,1316,769,500,74,1036,1180,1242,1366,968,607,555,778,60,24,891,378,590,411,229,992,312,64,175,857,1026,892,579,140,819,496,376,1247,18,143,1222,899,1293,138,417,650,637,1311,403,530,567
406,125,1038,706,350,687,1050,1195,274,149,965,145,270,425,1004,433,703,1003,1322,447,1342,118,459,426,533,449,17,642,1091,387,1313,470,28,153,1026,1097,1025,636,1043,1335,688,712,628,725,648,273,624,657,1165,766,415
113,117,856,93,1173,87,716,159,1242,141,634,688,691,305,912,473,1023,1223,205,120,16,34,1345,994,440,558,687,784,395,619,437,1239,923,33,1204,1197,455,925,769,975,1046,791,458,61,393,1175,643,251,1313,295,1080
1127,1204,445,425,28,149,613,93,800,518,397,628,141,24,1052,1026,509,385,472,440,1046,143,977,1313,616,406,1049,442,1327,965,1292,976,982,387,1175,142,454,180,459,449,1320,140,139,1293,1310,1321,17,117,30,116,614
432,125,274,28,1322,616,1327,387,268,50,380,1195,732,279,149,1293,164,1328,1342,419,543,93,35,459,1335,779,1165,465,17,230,785,1313,1194,161,766,406,614,1041,703,1091,116,526,153,445,464,1202,390,1067,286,1292,1004
1005,766,406,28,732,1313,1041,271,734,1327,149,274,1320,1052,1042,628,616,469,1113,1293,688,30,720,258,281,1321,164,93,538,965,1322,1019,425,380,459,918,1061,977,125,426,139,136,1249,487,464,1173,1204,1044,1194,1102,41
37,920,923,910,1053,607,925,1230,523,1074,61,922,862,505,1365,911,1153,765,953,1098,177,1264,591,605,289,81,197,558,376,1241,766,1262,986,1106,1255,295,1356,290,332,1240,1282,1198,160,806,873,559,1235,900,715,283,512
263,141,1052,220,800,387,1038,996,518,532,28,454,430,445,268,256,125,252,1004,965,1322,126,688,1321,148,138,1005,509,390,397,250,1027,1018,1292,616,442,661,514,977,391,381,32,149,253,225,389,1050,11,406,119,1202
1111,445,688,425,93,800,1313,30,20,268,406,509,440,118,1046,634,994,258,1322,1050,25,518,34,1052,385,315,397,380,1327,616,117,149,1063,87,968,679,426,447,1321,1324,1320,514,716,351,119,33,977,545,720,689,136
535,751,415,1151,477,544,286,915,706,1251,1037,870,294,1129,498,1142,156,977,472,1094,990,480,804,220,793,223,166,1210,1050,459,594,350,714,738,624,701,901,502,24,1033,1149,734,604,882,1232,1097,675,125,354,1196,671
774,168,50,1127,1084,1311,1059,704,971,76,1139,1227,729,667,273,312,1135,752,429,1039,232,85,1149,1119,1155,1169,1151,1152,165,1055,878,659,1105,1026,384,408,1092,1009,771,285,529,423,943,49,751,1342,239,1231,1154,1001,517
305,445,687,425,1173,397,35,258,1118,149,509,93,613,688,417,1019,403,616,406,449,438,138,16,24,405,440,0,442,154,1099,268,225,518,9,628,1204,91,77,18,1030,648,153,991,1296,435,1004,1148,975,1045,1046,126
1006,1204,447,965,50,1139,968,1050,1292,977,117,93,380,1046,518,1026,1311,118,1004,116,24,687,1310,785,442,535,35,990,32,1005,510,976,270,973,1025,1049,459,1195,526,1019,1086,383,533,514,1340,438,1175,0,1313,465,805
793,751,229,249,68,220,301,607,795,768,1072,173,75,803,46,317,104,834,1009,533,1038,496,37,570,339,1068,1120,482,810,822,821,728,923,1312,569,736,523,799,506,773,191,290,1126,944,654,289,430,366,920,1361,253
1307,965,1204,24,397,380,28,459,1195,977,20,973,1067,30,518,688,1293,800,1194,526,454,430,706,140,1324,32,1322,1139,447,613,464,241,1052,1003,1046,1342,398,532,93,1041,616,35,350,429,628,997,145,406,655,445,982
630,307,862,871,1241,273,1190,1065,912,282,716,853,316,268,335,838,1180,724,601,57,1369,1262,1155,157,1230,839,790,923,545,877,272,966,289,587,927,295,910,231,769,1239,80,549,1059,920,266,916,496,1214,712,1101,177
1238,687,406,1046,449,117,649,472,440,1051,445,1321,30,394,1202,142,11,617,91,1204,628,768,16,141,557,614,255,433,24,1293,532,395,455,996,34,973,397,1026,509,116,108,409,270,1313,616,590,327,424,1294,991,93
529,1127,1151,877,870,1259,583,67,328,214,66,62,1135,254,604,332,927,862,233,1120,104,869,1022,878,882,85,1247,609,1290,498,733,1267,966,326,772,421,786,885,553,791,1138,765,741,1232,1103,276,823,834,582,70,340
1133,406,230,1076,1195,1061,1322,424,1321,1293,1327,125,425,1313,164,1091,464,383,41,36,1172,149,107,449,273,538,1292,1202,152,1335,167,779,1171,687,116,1019,1296,568,145,752,655,800,1328,445,28,620,784,1161,734,387,1003
1217,258,380,518,445,977,459,24,1204,1052,687,30,1310,590,1313,688,425,315,800,255,472,9,387,20,449,973,394,634,1046,252,381,1324,93,616,784,1005,149,141,463,430,454,25,1026,701,1321,1327,994,997,982,32,403
260,1292,800,628,93,687,406,1327,1052,141,518,616,1321,397,387,28,454,1322,613,1003,32,149,1313,118,119,258,403,445,440,532,380,976,459,545,1046,17,1286,1204,117,34,514,417,389,449,784,274,225,385,1026,148,1050
427,1154,1211,1231,1133,206,1186,1236,1263,1180,290,1146,839,279,312,1249,342,700,878,413,1196,809,113,1239,1169,990,1222,1179,1160,1055,565,1208,841,541,257,1255,1155,368,1149,550,862,570,1175,512,489,41,1237,495,1221,719,306
1255,1292,445,380,1046,32,1175,125,687,518,385,1293,1003,543,93,17,784,28,1313,1328,800,140,616,472,1050,1322,720,24,965,225,742,1005,0,732,1204,655,977,1286,1321,119,141,149,620,35,406,11,1049,425,509,1004,153
760,1328,350,1175,149,268,1327,125,1004,447,729,164,445,387,1003,473,732,785,1092,1321,41,746,683,43,1038,687,425,38,261,1058,614,1046,146,725,800,991,1345,771,1161,406,954,779,152,1195,449,1059,624,116,716,1047,516
1210,1292,1321,518,279,32,507,1293,965,464,58,1140,1173,312,238,1161,403,39,590,655,750,644,623,1175,386,1222,415,383,816,1111,24,439,250,225,35,476,1031,1311,573,1270,543,1058,416,216,293,175,472,1271,1050,497,568
750,1023,1048,107,1204,233,1019,186,634,198,997,980,875,574,1022,1146,767,1236,1352,1351,1039,1194,1165,1138,841,1254,1230,585,774,1195,320,538,366,1044,596,1209,237,1202,1047,293,54,1135,754,236,1077,189,1035,973,499,307,669
711,1123,1254,1211,1058,865,1222,611,1368,749,705,759,1107,1246,1143,308,330,1130,190,877,244,1344,1125,53,917,245,738,766,1346,1111,1132,499,1023,290,1092,1191,731,1102,1278,886,1137,543,1247,342,291,1131,1146,51,802,169,353
275,445,977,1204,258,387,93,1052,1313,1327,800,30,397,385,117,406,634,24,141,440,142,1046,119,994,614,1202,1026,1042,380,720,32,149,1292,16,28,252,518,1287,118,454,261,136,973,268,616,34,688,1328,997,20,4
1042,445,433,220,125,425,532,261,544,687,126,230,478,383,268,281,1004,381,1051,648,255,1008,4,996,35,491,649,24,380,1321,406,982,143,429,390,1003,705,1091,1005,973,350,1296,424,706,1114,1038,397,738,449,672,977
1270,380,1204,687,30,1293,1321,425,258,1313,93,141,28,397,464,1046,116,1311,994,24,800,449,1003,472,35,977,616,459,385,149,997,381,403,1050,1049,514,261,383,688,617,34,0,628,1052,415,1292,1310,32,152,255,655
1050,1038,1067,1025,731,1113,917,1058,122,367,408,53,737,747,363,1027,817,756,439,1028,164,1174,1021,777,1212,612,865,1246,780,23,85,738,761,874,118,1097,1060,309,1339,190,1146,1130,837,1135,281,424,749,882,1127,244,943
1143,445,255,397,425,149,800,634,24,141,381,125,140,1038,614,234,680,34,1004,145,463,449,25,1026,1042,1050,784,1046,116,17,119,153,387,20,430,35,16,258,126,30,657,1327,117,701,996,315,994,653,447,459,688
1260,687,425,1327,445,1204,1042,149,440,93,380,800,0,472,982,270,30,518,617,141,977,1139,689,1175,406,1313,628,616,449,688,117,655,1328,116,397,258,1063,1293,424,351,675,996,140,381,28,153,614,1025,463,426,20
420,1111,764,1351,541,45,311,668,171,504,1024,1241,1365,1217,1135,1023,299,1205,1223,1019,1055,1222,759,517,913,239,1283,892,966,488,75,413,828,843,186,1177,530,796,1368,550,499,52,322,905,206,1371,904,1221,816,1182,1147
1316,141,180,273,1327,397,784,387,406,997,140,454,427,977,119,1161,628,34,30,1313,1345,687,700,996,315,125,425,1292,445,421,463,528,380,385,451,32,92,117,1107,1026,149,24,1202,383,142,257,1131,87,543,1336,1041
481,551,1252,1230,1126,728,915,1137,1283,1178,196,498,737,1191,755,907,370,1033,502,920,367,1106,39,707,892,63,488,499,477,320,913,173,909,192,943,476,1069,59,115,904,104,759,54,309,473,1210,626,286,215,1373,654
912,445,30,687,145,614,1322,784,1328,616,28,350,93,258,425,1076,142,468,32,800,125,634,720,1300,1286,149,1041,1042,977,1175,729,994,116,1352,657,454,518,1000,449,36,403,424,1007,701,447,152,380,815,1046,412,174
1259,687,977,149,1292,24,387,406,507,509,965,1052,1321,141,445,1046,1327,628,616,1328,1026,116,459,117,440,472,984,270,430,703,1049,1038,1042,800,449,543,1041,142,433,145,684,1313,417,1202,380,532,274,34,1320,752,385
719,950,198,787,817,718,81,663,460,148,967,179,911,681,1248,850,672,1302,230,191,14,1036,944,201,204,475,640,313,631,1062,1372,61,72,532,1,588,222,937,753,1120,936,986,1114,1274,358,933,223,958,534,407,343
547,1222,1154,856,1246,1223,994,459,1003,205,1063,1249,1345,1245,1263,1236,1247,565,1237,1313,1180,885,595,463,400,1100,865,1037,66,758,1221,1158,688,1186,427,862,1364,317,139,931,977,614,847,1256,1079,395,149,159,939,827,12
429,543,1292,1293,1195,125,965,1204,1321,1313,380,1322,465,261,1003,1061,271,1048,164,152,32,1076,732,491,628,468,687,1161,1311,93,425,159,518,815,766,688,1320,720,28,35,427,149,383,533,273,1019,139,1107,412,136,1165
623,381,11,118,55,560,457,986,532,1162,104,1315,544,397,296,628,590,1026,269,119,24,32,261,433,660,741,125,491,714,327,965,411,702,818,1057,353,631,240,580,599,980,35,811,460,23,1318,28,254,998,974,1147
792,687,1327,1292,141,454,779,614,1328,1204,18,1026,445,655,1046,729,684,387,380,255,32,509,800,4,390,34,364,1197,425,145,468,516,1293,117,440,715,1051,1049,16,720,1161,261,1168,33,1287,805,28,532,30,395,1041
1169,556,1352,766,1041,274,751,166,970,673,718,1277,740,1364,108,482,1341,415,496,704,47,1126,1340,1243,1154,164,1325,490,186,1151,470,1048,306,1260,137,37,706,1069,1063,173,183,310,1130,294,416,1009,179,419,829,724,161
363,684,1292,454,800,509,1070,1327,965,93,687,464,274,141,1195,125,532,255,281,465,1049,704,16,518,425,514,18,472,364,380,387,116,401,24,968,1322,1052,732,1342,11,653,1194,997,451,545,994,256,1096,1041,1204,655
1060,583,556,1243,70,825,274,273,1326,286,311,790,633,592,984,1079,862,503,502,856,496,80,586,562,724,549,427,189,1340,295,264,688,102,818,1344,157,826,850,554,186,575,684,523,803,1260,859,1252,287,201,960,772
1038,758,748,1177,1222,783,1247,705,1246,1147,191,276,1221,1267,302,1259,1022,1023,678,854,641,1152,780,877,824,841,1180,1236,986,1263,802,66,388,423,1205,177,864,215,870,498,1032,233,1371,510,245,1036,1352,92,1146,402,175
36,1195,1338,1049,288,1076,556,1120,551,965,675,177,5,191,939,454,1342,655,1124,1302,173,1014,232,552,599,1311,316,748,533,534,37,1340,1075,362,588,1154,359,1324,241,47,1106,960,223,1319,220,1356,424,583,930,351,706
818,1125,1177,1266,1211,1241,1152,1058,864,1155,337,1112,856,1264,1278,802,262,1371,889,913,1218,1223,1111,331,1245,1271,1239,307,579,1102,1237,1205,342,1133,924,238,236,1135,601,396,769,1231,1257,1242,940,745,1346,1273,208,354,334
501,1204,141,261,445,465,1313,526,732,616,380,440,427,447,1311,1161,1050,180,1152,159,614,464,93,1041,687,30,628,406,1175,472,397,425,350,140,965,1092,125,32,700,1292,145,469,996,1300,1101,439,1342,274,543,43,518
487,252,1321,225,688,245,1222,1038,253,1211,769,1221,303,549,1223,620,1113,838,386,1092,817,1004,579,467,1154,322,1146,244,385,1230,1351,1205,970,1048,724,1313,786,1217,191,664,856,139,647,864,177,1365,463,1064,1175,1249,791
1206,280,751,183,54,897,962,538,370,905,1124,166,715,102,502,545,830,1233,537,1062,596,65,1220,154,480,359,1183,486,942,517,799,495,872,499,1252,100,274,911,262,203,680,286,636,1209,224,387,1195,585,1108,294,505
594,850,39,952,1062,72,899,201,904,1195,1324,1214,930,1248,823,953,810,222,712,603,1338,799,844,74,191,535,456,496,872,791,601,474,1106,1260,1234,1194,1066,1054,733,104,1095,1121,6,770,89,970,80,740,320,551,1374
1067,1327,1328,1175,1095,784,655,672,149,1139,1286,164,548,442,141,507,153,116,1025,617,425,16,1292,984,666,1214,142,1314,1047,152,614,274,225,1172,23,687,1004,424,1194,21,43,800,997,22,1344,1293,791,463,94,165,1140
216,425,628,387,1003,406,1321,616,125,965,977,1322,1293,445,706,380,1313,136,11,390,614,1286,412,1327,1341,657,141,766,274,984,180,30,532,273,261,403,742,459,220,785,93,599,164,1292,145,784,118,268,426,421,1052
1086,1327,1042,687,149,628,614,445,700,688,1019,258,30,125,350,634,994,230,1175,463,800,712,100,509,28,1328,1052,449,252,145,141,1299,454,32,970,684,421,440,1320,430,119,691,281,984,425,96,658,142,701,25,426
14,141,425,687,93,28,1204,1052,1327,258,1046,34,784,454,800,30,380,509,140,1313,973,614,149,117,447,1321,628,381,590,35,472,1324,449,616,613,655,268,1139,1202,403,1293,406,1003,1322,514,270,997,119,688,1026,429
299,687,1204,425,24,518,1052,397,387,800,93,409,613,1321,509,149,430,30,628,34,1026,406,616,1313,140,385,977,440,655,0,138,35,449,32,997,459,16,1049,117,403,142,982,17,472,617,463,1046,417,9,429,468
822,1263,1249,1003,393,935,1293,440,317,210,325,176,516,406,805,52,750,858,864,760,628,134,1247,60,380,389,1046,844,180,1373,28,827,92,213,571,426,1041,785,1360,741,1222,1141,472,436,700,655,826,1321,883,525,1081
739,510,41,628,24,1320,281,543,1222,1152,225,180,571,1058,261,440,279,273,1050,768,1342,616,442,1293,862,62,532,1076,732,286,1175,380,110,1022,1221,220,1129,1139,292,1044,389,784,687,1003,1041,544,1032,472,1067,867,425
248,425,1204,977,687,141,445,468,30,459,628,258,268,28,518,1202,1019,472,1026,440,616,380,406,800,93,0,1320,34,1052,24,393,469,387,1315,617,545,125,180,1042,973,447,1175,509,614,1195,983,397,17,1313,230,951
973,984,1125,1041,444,630,257,100,43,1296,1374,709,1082,427,979,470,17,488,267,550,174,1105,745,810,1325,1054,26,1171,725,722,706,1000,728,981,516,436,1097,414,657,1337,282,763,167,655,904,1122,1058,53,146,913,654
499,836,373,795,1239,830,799,911,493,1171,347,1209,500,581,205,794,304,872,770,582,328,203,1232,835,1362,926,1272,905,765,629,856,797,777,934,1127,1273,1240,187,486,756,1244,199,820,646,1261,492,162,944,1236,875,936
1148,445,425,1195,1313,230,406,30,1321,720,149,93,1322,41,387,616,1204,1076,274,732,1019,1202,145,611,1042,469,1003,1327,28,487,350,1107,1041,449,426,1165,261,784,691,1293,688,268,700,1061,1171,159,464,617,252,1152,271
920,687,406,616,28,93,1313,445,387,30,141,1052,977,614,965,380,440,1293,628,459,1003,149,1175,17,1327,24,142,447,691,518,1042,268,1322,258,261,784,427,1321,800,385,454,180,449,1026,1049,1202,412,1046,117,700,1050
610,921,862,523,856,289,205,826,925,1262,575,922,1205,1053,335,607,505,197,325,790,376,572,847,1141,806,1179,1371,295,591,113,900,593,853,369,1074,65,1255,811,171,59,793,908,1273,716,1230,1180,875,1209,1055,1153,600
71,445,425,1204,440,119,509,30,117,34,1046,406,1324,258,409,381,433,380,996,16,118,1300,126,0,32,997,1327,1049,447,268,1292,397,518,1042,141,140,116,1313,614,33,815,24,1318,149,28,661,261,454,448,20,417
1227,425,445,258,977,93,687,380,141,459,472,149,24,613,1292,449,395,1052,518,965,30,509,1293,117,180,628,385,440,28,976,1041,1046,1313,406,800,532,442,1026,1321,1328,1345,614,545,145,274,140,447,454,1049,220,1019
611,279,1152,594,67,887,860,539,555,50,1270,1256,1235,1140,175,757,574,1238,312,1273,504,1269,62,565,941,1247,646,1268,60,875,756,773,1156,1048,317,1131,498,604,562,889,66,1228,1367,845,740,802,1211,1154,1237,582,819
220,406,28,1321,445,628,24,687,30,387,977,1052,1042,688,1003,545,449,1313,118,459,590,34,268,77,397,230,616,700,779,965,93,125,145,136,1202,440,350,394,25,655,1296,149,657,984,141,252,1287,273,35,385,351
203,425,509,1052,30,258,518,440,406,1313,380,1049,397,614,141,628,24,117,447,472,1292,1046,427,1321,385,965,973,616,468,387,438,403,514,459,1327,0,997,34,1293,1175,32,449,140,784,143,800,617,149,270,28,142
1187,766,230,732,867,498,785,803,775,818,570,329,683,1152,577,149,586,495,1003,201,1041,287,523,427,628,286,864,923,1238,319,920,522,1204,571,469,583,425,547,752,1248,61,1149,574,102,581,585,863,817,1136,878,1215
726,734,281,151,1151,271,60,1068,1175,787,498,918,164,502,1277,856,1360,349,1121,887,889,1158,948,796,146,1366,211,838,1337,732,487,1222,689,274,286,1340,605,1372,928,724,1195,952,1200,36,163,1096,773,482,914,772,162
705,1052,425,687,258,445,509,1204,397,141,440,514,119,977,1175,1046,518,815,1293,472,30,996,1049,613,1292,406,255,149,616,387,688,0,1042,364,545,28,380,975,1288,118,395,16,1026,87,32,35,459,1322,1327,1321,800
467,1000,463,1046,514,270,409,1085,145,132,255,17,28,16,545,526,1188,669,1293,393,1052,1252,815,11,711,12,161,30,464,459,786,1042,153,1303,91,155,513,25,378,116,1275,98,1048,1043,1172,634,454,108,688,136,426
986,1131,1221,438,1139,641,766,1256,472,717,298,678,1211,1056,246,336,692,1117,292,941,841,383,184,995,1104,594,60,1137,1293,1237,1169,870,1119,23,1263,740,1149,248,67,413,200,1148,1249,1029,1022,92,443,913,759,1035,871
1095,445,435,1026,751,125,968,1153,433,315,350,1094,268,258,973,1173,364,965,294,477,389,1107,255,387,1168,126,429,661,472,532,1116,426,110,636,274,225,1292,706,1008,260,1332,649,223,923,449,687,256,510,1295,1342,891
502,1175,1293,1204,1340,1311,538,406,93,1107,469,76,317,1139,982,778,1084,968,1362,1049,380,1271,0,864,134,1187,472,1200,245,500,965,572,670,389,683,165,940,1005,1239,162,49,852,1159,57,18,734,371,486,887,205,1310
655,133,158,585,67,406,187,1127,1089,878,430,1064,528,360,1086,161,211,125,480,778,744,1291,49,34,1319,524,561,97,1372,453,648,656,1331,250,488,354,969,1134,174,489,1083,52,625,1012,679,996,433,278,361,725,470
1085,122,1017,581,780,225,907,577,596,505,0,595,1346,572,317,777,500,292,1209,370,1141,1177,646,325,425,1220,1236,761,322,869,842,1237,795,826,637,364,1217,589,332,866,135,758,1266,530,1118,582,885,1249,1239,1367,700
816,1211,1246,1177,1180,1217,856,317,1249,302,827,1113,61,841,1371,1223,1247,1266,1245,57,593,66,1186,769,860,1271,1184,565,780,562,1237,290,579,312,325,582,940,875,839,853,175,724,289,1152,910,847,1235,335,877,1259,186
280,687,1204,518,30,425,459,93,1293,440,141,1313,380,688,977,1175,1292,34,438,406,32,1003,180,385,1321,1041,614,1050,1052,1327,258,965,976,447,616,445,116,800,1019,1316,454,994,261,1004,429,143,507,514,435,516,613
178,977,687,425,445,518,380,1293,1026,973,268,965,32,440,1004,93,1292,438,141,628,142,34,617,117,406,350,435,1046,258,383,417,800,143,0,30,116,180,140,449,20,683,785,614,1041,1322,390,385,1005,982,997,403
218,425,1003,616,380,30,93,445,687,141,1313,518,24,261,34,965,454,1204,17,220,977,800,426,180,258,35,468,700,430,350,270,397,1322,149,145,996,252,1292,381,532,447,140,507,509,1327,1042,119,703,1345,684,1175
1325,655,965,533,1026,996,1204,125,720,1004,687,36,1322,1175,472,1328,1105,380,449,1313,1091,614,815,706,459,1292,543,140,977,1005,1046,725,468,17,1050,680,1058,158,1327,532,108,117,255,713,153,172,164,674,1067,1041,35
632,862,826,875,600,369,201,1100,61,593,1079,839,1180,847,65,846,874,790,853,860,282,608,473,838,488,177,205,1266,827,606,1246,1205,583,811,523,326,885,312,966,1241,504,376,1264,1223,550,818,328,1255,912,207,1210
888,149,125,268,1050,1322,28,628,1003,616,24,17,153,779,1293,614,447,406,766,533,32,425,145,687,30,1041,630,996,118,126,440,1120,253,433,1312,1083,25,35,1313,1175,93,16,1327,688,1296,984,1091,180,720,424,1127
435,1327,464,32,1292,1300,1061,1003,159,1328,1314,1337,164,1359,732,271,141,1319,620,125,1336,427,891,273,785,419,287,422,514,1342,516,757,491,1175,1152,784,152,990,498,1195,655,522,274,1099,972,729,478,611,597,1322,503
1315,425,1204,1026,977,1050,380,1313,518,533,1322,687,1041,1003,1005,628,403,616,24,688,507,93,279,268,417,1046,28,32,389,766,1327,472,768,1311,1070,975,526,447,245,1042,532,385,17,459,180,1292,116,1286,406,145,779
261,253,397,1038,430,1321,387,350,255,1004,1005,1067,445,125,918,1313,1322,459,1311,281,1168,716,141,385,5,502,472,487,470,383,449,264,732,965,294,720,405,1026,766,978,28,691,1320,1200,415,1041,1140,401,671,11,1050
474,445,93,687,35,1175,30,425,997,16,0,518,1173,261,350,1313,406,32,1322,614,24,159,472,230,1076,20,634,1324,1321,538,34,139,800,273,153,440,397,628,732,616,1004,1293,688,973,245,1046,380,136,17,387,1327
1183,353,944,124,897,1250,315,354,596,962,1343,830,734,969,955,781,911,680,191,198,208,224,1002,932,61,397,179,260,251,200,228,1237,1088,903,1233,1174,940,247,306,130,934,957,820,501,1183,956,645,195,936,1360,826
1242,425,688,93,687,30,426,616,440,136,800,1052,1321,380,28,509,258,1313,518,720,1287,261,1327,395,118,34,445,1046,119,387,628,364,1322,252,617,400,433,459,141,149,385,255,679,453,397,87,409,538,145,545,95
644,343,861,1222,104,834,214,873,857,317,879,1205,504,864,1245,570,768,826,1259,827,870,1366,197,787,823,601,602,862,930,283,867,733,859,852,558,1151,562,796,927,148,1186,1260,1159,877,819,530,944,332,908,606,881
530,286,506,357,775,1344,427,1151,320,1058,779,224,1300,164,565,948,561,254,166,287,311,1116,1157,547,39,1144,485,1153,498,46,1254,480,108,443,483,732,503,314,1140,1241,972,1273,304,481,764,960,1215,997,772,785,683
757,425,1313,1293,616,518,688,800,30,258,965,613,440,380,1324,403,1175,1322,1321,385,509,141,617,614,1052,142,994,149,406,447,628,32,1328,732,28,784,397,1202,449,720,1292,1050,976,136,468,270,24,35,0,143,20
1139,459,766,994,1046,543,628,688,965,425,1175,687,1327,518,469,24,533,1320,784,118,116,416,1050,1044,683,276,634,1041,1139,509,230,516,268,350,1293,472,1076,815,712,274,415,768,449,704,440,1014,1048,91,32,41,1026
1008,418,915,234,619,807,286,1140,803,684,360,58,634,195,1174,1054,650,702,310,556,1103,1339,1270,878,1060,430,503,496,80,1002,1194,928,930,281,1030,548,798,1144,551,1126,89,70,681,1078,408,424,336,1012,677,189,150
1159,976,1107,324,1135,733,1052,1068,459,1322,213,1290,172,1327,543,340,937,454,291,94,306,120,1254,933,785,991,1151,299,1368,1103,374,297,469,164,1152,51,1130,734,1145,487,522,1324,1042,859,997,271,1044,696,521,1338,1263
