user_id,item_1,item_2,item_3,item_4,item_5,item_6,item_7,item_8,item_9,item_10,item_11,item_12,item_13,item_14,item_15,item_16,item_17,item_18,item_19,item_20,item_21,item_22,item_23,item_24,item_25,item_26,item_27,item_28,item_29,item_30,item_31,item_32,item_33,item_34,item_35,item_36,item_37,item_38,item_39,item_40,item_41,item_42,item_43,item_44,item_45,item_46,item_47,item_48,item_49,item_50
1279,1052,406,616,977,784,228,385,17,252,140,703,443,116,153,76,706,264,1328,1332,1204,1029,786,729,270,426,655,694,1136,613,982,1046,429,1314,1044,427,1321,1287,13,425,458,1026,141,403,69,386,1045,701,348,33,9
1285,826,211,1056,803,1247,1044,1,805,1039,238,302,667,576,865,769,916,553,183,1186,1167,534,1219,841,45,856,25,1261,1270,780,911,1259,57,1158,928,319,864,989,102,1248,801,852,771,1360,1316,595,151,866,411,524,777
736,717,264,425,844,205,141,648,1029,647,1039,320,484,495,1321,7,978,1348,784,198,1112,1320,280,397,253,1125,750,1201,796,1253,1222,984,1356,1175,1217,1265,225,1182,307,1236,1142,286,680,150,1227,1234,1086,408,1070,736,723
506,1053,366,464,170,305,286,498,1067,280,526,1177,102,1152,764,1340,766,603,278,294,1056,148,597,1343,1259,697,302,966,1252,1360,1022,775,806,1373,211,1107,1128,1149,1190,694,503,57,435,465,175,214,1262,1173,1341,1275,824
835,28,616,442,253,459,1321,975,425,411,406,427,1202,390,395,468,93,149,700,392,649,403,24,426,87,977,1026,268,712,220,1303,518,805,613,533,458,784,448,691,141,245,393,119,276,779,364,29,470,590,387,125
1200,425,1045,442,261,616,1038,252,997,996,350,687,24,984,978,768,136,1194,620,141,253,988,1003,28,680,397,255,752,976,256,1052,463,919,1327,241,1067,454,270,118,898,647,1049,532,982,1041,977,1129,1047,611,459,427
416,742,274,784,273,136,1321,1048,1211,41,267,1005,67,667,680,464,165,998,1102,918,387,1162,234,406,1286,1113,1105,480,176,45,994,468,36,1014,325,248,495,1190,729,159,733,502,141,167,835,986,864,1047,693,749,506
14,258,440,261,687,403,385,28,141,1204,380,628,997,613,350,1026,125,1041,616,425,378,17,703,973,982,447,149,438,1052,1321,1018,463,509,1032,430,250,1311,1019,25,800,516,691,459,381,406,1310,1324,590,442,468,706
1234,768,389,785,507,1322,1026,720,350,403,125,1041,276,673,1057,779,968,426,385,994,260,149,1168,417,613,472,1070,425,1038,1043,1008,219,445,387,687,402,145,716,1202,380,243,137,1328,390,1014,1162,405,971,1299,1125,991
1086,1023,440,720,1348,1328,574,465,141,205,1082,425,380,1195,1175,268,648,267,680,119,791,459,538,126,742,316,1314,684,864,514,1246,468,645,387,687,153,138,1303,145,729,805,676,815,1020,142,1092,1325,406,263,628,999
419,977,1052,1311,800,1321,443,28,1165,138,394,518,997,393,687,510,141,245,1310,697,396,406,431,387,975,425,1041,544,426,1306,1030,380,1044,108,258,1026,1136,646,403,385,457,507,93,965,1204,701,143,1328,32,252,29
601,178,1360,846,1223,775,1153,104,811,1149,1141,1068,536,584,825,859,823,290,1243,201,862,1259,65,1238,151,498,1364,585,547,1219,68,715,523,598,1228,1158,609,1262,1234,577,1249,787,603,856,799,863,780,70,1177,604,593
944,454,616,412,261,706,1327,427,28,140,1286,406,1049,125,691,1052,1038,141,459,800,468,24,516,1328,693,395,700,997,1041,17,465,628,732,1321,701,180,1089,438,463,258,1345,1124,1003,680,1202,425,148,636,975,1324,393
589,61,179,654,287,522,328,211,1127,570,828,1141,860,826,862,366,1156,861,357,1144,524,66,67,493,70,103,392,834,783,972,1265,1360,121,733,319,284,175,1140,196,359,718,94,310,930,633,846,1243,265,829,849,1100
154,1041,28,687,430,252,779,613,518,1313,16,1322,977,706,1003,260,997,24,697,385,507,141,1320,77,982,1185,1321,1327,406,1000,91,394,1049,954,17,93,426,31,1328,253,918,134,136,655,152,20,414,709,628,1070,1052
1089,1152,1371,1248,1022,1359,66,233,592,1239,1211,1177,878,554,264,659,326,840,954,1235,1208,1270,853,876,582,201,236,717,1236,1249,482,67,863,168,1179,1067,1259,832,60,862,1247,1263,325,1101,852,1246,205,654,210,875,44
66,148,997,1314,427,703,968,516,136,655,1336,21,1340,1161,403,390,487,1295,1022,518,253,107,406,1286,620,1051,676,452,683,989,32,805,971,704,1318,815,35,954,706,469,544,697,465,1304,996,991,611,41,1306,1044,491
491,1248,487,751,1120,524,911,1056,504,423,655,1154,570,761,714,565,801,478,345,439,1175,827,259,970,1113,1127,1143,1246,832,620,168,495,1151,1238,166,60,79,846,41,177,59,660,737,561,791,1173,595,1239,994,933,780
167,1204,34,687,1041,430,24,518,0,20,390,385,1311,700,9,442,350,1292,800,397,1027,1052,996,1019,977,406,1313,77,468,706,720,628,142,614,982,258,261,1321,1042,1046,463,381,30,16,389,446,703,649,93,971,1029
1273,17,1322,387,1003,28,140,430,1320,1052,1313,691,427,628,142,1301,445,1326,350,406,1321,125,1042,426,463,1061,616,32,403,442,997,459,1314,385,405,680,706,41,117,425,720,1292,728,77,688,93,1327,1010,440,613,478
555,1238,583,570,803,325,836,852,60,551,524,201,1228,1263,802,555,1246,1256,319,862,585,769,853,1058,1151,860,866,837,304,857,211,1236,1259,1208,592,861,329,849,529,565,940,1258,826,842,774,604,841,1177,522,577,307
142,149,507,687,1204,1286,400,87,425,270,982,268,391,1032,617,516,394,28,378,126,472,397,1328,1014,613,779,968,1161,18,417,977,276,1027,1327,159,91,256,1051,390,994,1341,1041,1099,380,703,470,1297,1310,1322,130,454
447,136,274,145,703,1091,984,1050,1328,611,256,41,624,691,1107,683,734,1314,153,9,465,163,100,470,148,1052,1286,1204,425,1012,1194,411,1045,590,159,464,1105,1092,412,99,655,17,38,261,142,253,387,429,557,1326,36
1292,464,136,1099,36,219,271,497,1136,11,1140,1092,1306,1082,997,824,1310,1061,166,725,230,717,1329,275,401,389,1145,701,722,732,817,261,1337,172,1105,50,43,975,159,1286,1172,260,714,473,720,158,1027,1024,1305,286,487
1034,273,425,800,35,1082,4,38,533,616,1328,686,427,987,119,1161,315,1038,965,419,1136,716,1306,677,538,732,23,243,350,1173,746,1103,266,666,817,708,1074,146,1314,630,93,1090,1145,254,1344,383,20,1295,279,997,33
470,196,1140,1238,201,67,862,775,356,585,584,1206,214,769,205,574,795,328,644,1068,777,864,787,203,835,596,477,780,828,650,633,102,1146,866,806,1095,654,836,1240,1159,819,817,756,1217,1265,818,536,799,197,845,575
1216,261,965,1172,140,518,997,425,406,1292,383,613,1286,387,250,141,430,274,463,11,180,389,687,655,975,1031,982,978,1018,704,994,514,427,17,252,16,675,416,1202,968,977,996,270,390,700,531,453,440,1000,400,118
1079,990,68,880,523,948,289,1128,821,179,201,376,1346,754,949,567,825,778,205,197,946,691,1240,1174,1262,793,1154,47,1187,917,879,1258,366,850,510,433,761,65,998,358,775,22,337,547,1143,798,952,920,1130,1229,281
958,264,35,400,305,489,148,1214,524,296,272,1155,500,491,1047,852,69,322,1152,583,1248,211,482,319,733,511,750,1168,1191,473,1352,832,219,226,127,67,765,529,626,1154,871,785,698,1359,502,1158,328,777,1187,737,1057
863,426,28,463,1202,706,427,613,691,1293,254,253,149,982,136,700,616,1070,1038,655,24,429,1003,1041,996,125,153,390,1313,687,779,1042,387,518,268,459,449,412,118,468,649,380,1045,430,17,1049,145,1351,378,442,1048
126,990,482,1050,649,603,1195,1312,856,648,823,429,295,365,1103,973,145,335,312,1094,118,409,567,411,757,1169,662,1262,505,1120,910,349,540,545,793,356,861,669,400,1228,557,694,607,1217,561,1240,853,714,1062,1165,596
227,687,445,406,442,977,425,1052,459,385,412,613,397,93,1327,1313,258,440,997,1042,28,518,976,628,1046,17,253,1292,447,996,800,509,380,350,680,16,1038,1045,30,454,1310,25,430,706,1324,116,691,982,387,270,143
774,588,1229,361,881,168,88,668,1349,360,336,1262,170,1279,961,1175,487,313,471,1325,1117,362,873,1255,740,210,181,204,375,696,876,1282,222,188,217,311,199,347,467,504,584,358,817,42,473,172,946,265,182,707,708
1159,1055,62,214,304,505,862,178,565,859,1235,326,63,596,496,923,320,581,846,1230,803,347,1160,86,542,847,504,321,908,1011,1237,761,550,834,586,1178,574,790,59,789,758,324,811,778,840,329,372,845,46,1367,195
802,862,853,826,823,867,834,536,592,523,1243,60,1236,841,583,61,774,584,211,1247,593,1246,1190,1259,633,320,594,1022,860,325,72,852,1249,1256,609,604,319,780,66,842,70,1226,201,176,551,104,570,68,202,769,732
610,921,862,823,329,572,925,592,66,586,853,1235,911,62,818,1247,319,133,1246,575,214,863,205,335,337,583,1269,433,570,1228,790,1208,826,834,860,577,780,845,1349,762,1258,1265,665,487,581,1230,846,816,1248,14,504
1295,1344,116,1314,159,469,1063,791,698,506,1022,1286,415,619,807,145,825,564,1051,553,429,1152,158,705,1190,256,576,998,793,1096,414,174,274,211,401,1332,1141,669,491,289,766,464,149,528,107,994,276,768,453,617,790
10,472,416,429,453,411,617,15,518,1295,590,1171,644,391,243,557,315,661,815,383,687,327,1044,968,389,1140,514,804,432,464,1286,996,1190,1018,1154,1242,427,991,250,551,469,4,636,507,1300,403,46,1226,929,172,470
77,383,425,687,805,1300,0,1316,319,1318,390,411,364,1050,1173,294,951,974,1176,1288,815,126,1197,1044,403,1145,1007,662,268,671,234,637,1168,315,1161,393,438,83,999,327,429,453,649,621,33,433,617,381,1226,256,95
143,465,697,138,253,437,93,1322,495,28,448,1295,997,742,503,620,535,427,507,1286,15,1341,25,149,411,918,1311,1044,543,815,1289,152,715,1171,706,1308,518,447,110,510,440,429,106,364,143,270,490,1049,954,657,87
262,412,703,406,1327,532,28,614,350,383,1041,985,445,514,385,390,613,16,447,1310,977,440,687,459,463,140,17,616,145,706,1052,996,1292,427,35,426,538,252,438,1202,93,997,982,975,253,380,430,437,1201,381,138
374,425,459,447,1204,463,0,24,613,256,261,1046,145,687,616,350,1050,1324,683,406,1201,28,255,258,385,445,997,16,468,985,397,264,380,141,1292,617,978,1038,1287,384,142,41,35,25,649,703,1019,982,118,614,138
426,761,751,504,644,570,585,1022,372,569,1100,1333,970,317,597,1140,748,1143,59,993,168,749,172,1119,1095,1239,201,477,551,283,646,758,840,1344,824,797,290,871,1263,1058,1113,866,823,322,783,555,792,861,705,1171,525
1154,669,543,43,585,1135,159,1127,400,978,482,1162,201,696,1344,860,1095,1191,172,698,544,435,1168,1022,47,424,415,67,1295,569,389,313,1143,1120,617,988,667,166,290,405,730,672,1181,561,205,126,498,1057,647,514,836
1173,585,60,504,827,754,201,1230,1128,570,1236,71,775,1248,211,1277,823,523,1110,862,522,1115,341,565,818,856,205,757,498,879,320,603,1262,1352,878,948,633,319,811,761,236,547,313,317,842,733,70,596,917,950,852
615,862,1259,329,823,570,1246,571,826,595,871,1217,1238,577,1262,202,603,854,583,592,887,609,319,846,861,863,860,553,565,201,803,211,1354,71,877,853,312,555,593,1270,60,870,66,845,504,1225,844,834,1248,214,596
440,698,196,472,583,704,543,487,201,1345,1099,567,1239,329,722,233,166,1225,94,133,1235,1091,804,527,818,570,421,1296,36,104,289,317,1190,586,164,172,290,633,389,1056,551,469,178,223,565,592,38,282,167,738,65
1309,141,1019,427,349,425,472,687,510,516,1027,31,680,836,987,119,395,634,451,706,429,657,227,136,1046,507,1026,614,1052,415,1204,20,1294,784,270,117,628,977,994,918,255,509,599,714,1045,1145,1322,531,16,1286,1254
895,406,445,141,997,385,1041,459,28,397,977,93,24,442,17,1322,380,628,616,138,430,800,424,706,350,1293,387,1042,252,1052,258,700,1026,143,779,403,440,427,634,412,720,1038,426,140,613,447,1027,655,1320,142,703
729,286,665,181,148,534,609,930,864,1246,1222,415,858,1190,68,1033,498,967,855,659,401,987,789,671,747,1267,1111,69,716,472,937,754,2,1022,621,911,1125,935,525,386,1259,67,511,1319,562,176,1200,818,246,600,1093
388,703,516,136,159,150,535,1310,253,991,129,378,438,691,1322,687,30,697,436,1038,17,464,427,996,704,38,613,1320,394,732,106,1286,411,454,766,152,624,350,125,922,518,972,261,1332,1313,472,1345,507,1062,24,116
96,440,1202,383,997,464,975,261,468,1038,108,395,389,1300,514,1287,166,406,968,691,693,87,32,516,1296,387,805,1204,1315,142,41,720,1323,145,804,146,653,620,1030,119,700,1173,167,976,437,687,426,403,1310,37,655
1214,425,785,28,77,24,465,1311,142,390,391,742,800,406,1348,1292,412,472,1303,1308,403,1314,447,687,152,1287,292,564,1286,977,389,448,141,997,700,617,613,378,20,1351,590,9,994,968,99,145,1345,140,234,784,692
393,966,823,1177,832,1239,233,201,584,1364,1210,864,205,104,316,1068,952,1058,816,853,1153,1262,1258,571,826,1206,151,1259,1243,1190,1238,200,574,570,773,102,1277,564,722,834,852,308,863,1236,1242,585,862,811,650,1312,1264
910,261,425,1204,968,616,93,965,412,655,996,628,429,258,1019,975,706,25,380,35,1321,28,253,440,544,687,442,426,976,1161,381,532,350,87,590,448,535,700,1304,453,1090,393,24,403,805,91,417,378,752,1014,459
432,1211,720,252,779,16,1102,463,468,697,459,724,1067,1091,1058,230,1047,1194,274,1045,973,245,1116,259,2,1125,751,138,141,1148,148,145,616,270,800,167,471,535,29,1155,533,1025,655,785,1038,387,980,706,17,389,1075
241,687,480,383,503,489,251,1108,327,15,1038,117,148,347,954,1017,394,1288,1063,1320,268,662,426,25,538,111,1226,860,486,456,1162,1202,1171,130,524,33,507,294,753,392,984,1083,1027,1294,634,441,1051,1004,1013,1316,998
1106,459,1321,700,252,1052,385,1046,613,687,142,397,28,997,261,143,426,16,35,1202,24,445,140,380,270,350,720,427,430,440,448,617,1324,1313,20,976,253,118,1204,387,518,454,93,1045,1018,1322,628,1019,784,17,412
259,862,986,21,583,67,392,853,1068,273,502,650,694,570,553,592,68,825,63,675,841,584,801,637,842,671,551,1102,677,1191,827,829,824,552,724,441,1242,1364,791,1340,787,714,464,579,329,1115,393,1230,35,972,852
516,66,1263,1208,1238,1236,1258,827,68,887,803,863,823,329,319,780,104,577,826,60,233,1247,581,1256,866,555,774,861,575,1269,593,201,852,859,1270,869,1115,609,62,1259,61,650,1228,1237,1222,604,1177,332,1143,857,596
498,1225,504,834,846,862,816,1228,828,933,74,66,1240,1260,214,63,57,823,758,866,210,1263,855,601,577,1272,845,1190,775,329,1262,911,181,592,524,1110,764,879,1259,1239,307,486,1256,865,1141,1234,71,1354,60,795,570
395,168,1044,136,1344,38,473,568,1249,139,1190,740,152,841,1351,23,423,714,570,864,176,1113,852,50,1053,21,22,1326,108,1333,233,1060,1247,1177,507,49,757,1174,571,271,26,159,585,45,391,228,971,522,148,631,302
931,671,425,1037,646,389,1342,862,1297,166,1094,514,426,1292,553,438,594,1287,276,406,99,1318,742,1050,126,985,143,146,491,528,700,465,43,464,448,986,41,1139,172,502,653,312,675,592,274,728,167,544,441,954,1059
1258,1041,425,518,403,464,459,16,397,977,1313,136,996,350,509,720,143,1045,445,17,1311,706,617,703,385,1089,145,1018,1321,32,447,1194,28,1005,982,138,440,687,258,768,270,1328,691,544,439,1327,1320,680,117,1019,378
513,1228,832,1240,862,823,319,547,775,60,776,846,878,818,790,203,1068,1187,761,827,859,66,375,1248,236,863,799,765,806,777,1241,1233,826,861,317,1066,335,819,577,536,876,852,1208,835,194,575,583,368,371,816,593
1004,887,1238,539,1271,1228,177,50,891,811,1277,312,1115,853,1258,766,799,1236,867,1221,1354,74,1262,1156,1360,596,862,133,1177,347,305,104,770,1270,1280,609,283,1243,854,871,1249,750,866,872,500,233,1370,242,57,1265,817
360,1038,350,441,425,1321,138,140,35,706,725,445,1324,385,1342,459,258,1085,997,447,800,1092,746,703,810,465,125,1089,20,901,1299,697,977,261,815,533,1097,708,17,16,683,675,454,37,270,82,1345,380,807,543,687
939,585,286,866,823,751,1141,571,1226,86,871,503,714,60,205,1332,570,66,1140,863,211,168,1238,175,372,52,325,769,1151,828,1241,860,166,1268,550,553,522,375,846,504,316,780,194,1225,233,799,1247,505,305,335,1263
918,613,442,1293,509,680,119,263,255,720,1061,257,1168,965,634,1031,614,1322,397,440,687,1038,518,1052,385,752,977,451,1026,590,18,439,403,142,1013,399,538,380,225,974,805,1320,617,1318,87,252,1059,239,220,241,700
67,472,511,584,2,1107,730,103,193,1340,381,230,1262,234,15,534,1213,331,1114,432,307,989,552,981,1251,670,834,1207,471,557,825,197,856,498,248,1162,383,704,214,1068,1190,202,858,972,862,823,60,806,324,1214,154
193,495,509,437,973,415,824,951,1228,259,419,364,1017,1014,117,999,505,15,1113,514,805,1355,974,503,77,1305,676,1345,1172,1031,293,682,1295,279,620,307,745,170,1204,485,1000,916,543,1154,225,632,1318,1274,20,81,271
174,1063,248,582,764,155,1177,510,1025,1113,826,1190,120,1023,1044,1209,824,584,931,1118,366,57,1131,850,1205,22,828,478,553,576,502,585,60,825,769,721,940,741,148,729,554,1249,21,659,852,1248,1062,1155,299,494,1136
828,1003,1322,1085,990,459,141,1052,691,616,1314,140,1328,1049,267,464,261,412,717,41,387,424,277,145,273,997,253,125,1092,1327,1042,17,93,156,43,149,1041,385,1078,1342,388,683,481,1305,716,73,1286,1218,32,1149,732
156,411,87,1300,149,1194,429,687,118,1161,1107,261,18,507,417,400,152,954,518,1056,1316,1204,276,1286,980,1067,437,250,141,557,403,270,148,327,805,1174,126,531,1162,617,401,510,1058,516,703,1014,139,16,535,620,1340
1260,1327,759,336,901,360,707,1040,727,1325,1338,900,1374,696,101,1257,185,1199,822,397,1203,232,182,474,1109,1301,521,1250,467,833,622,114,1139,1298,156,404,454,281,42,115,1282,1185,690,909,1182,537,961,831,255,1170,881
785,862,66,823,780,319,1208,205,307,846,847,328,853,175,834,61,829,863,827,233,60,583,592,866,870,859,1239,609,64,555,1177,67,1243,852,62,826,1266,1246,317,565,504,591,824,1247,1236,1235,854,1263,861,871,604
883,425,509,30,445,687,0,1202,138,514,655,258,1315,85,136,270,671,9,524,553,447,619,1153,1082,108,977,1094,429,1008,1345,159,649,93,264,1316,34,516,1286,106,372,119,628,507,693,35,170,437,658,570,411,1296
152,385,17,140,397,997,1041,1321,977,687,258,1313,16,1003,703,1204,680,430,440,616,706,634,412,447,143,700,427,1085,449,1324,613,138,35,691,1029,261,28,406,387,1292,509,516,252,518,1320,720,697,1052,403,1327,800
184,425,442,700,24,385,1327,613,1042,686,977,976,1321,532,273,996,1320,261,17,28,655,688,153,81,119,982,468,125,397,380,1332,132,116,258,449,628,0,545,1007,440,691,136,412,1339,387,1038,1313,20,252,430,703
155,28,687,977,1204,510,381,982,261,390,315,416,779,250,1294,415,1161,463,252,403,968,613,1052,445,616,270,394,804,24,544,1327,16,994,260,1031,1321,1292,254,393,385,9,258,996,18,1320,20,430,25,243,276,383
0,148,383,390,438,617,429,1318,146,403,1304,514,126,679,445,261,557,985,432,1315,687,435,982,87,34,92,971,118,416,1139,276,624,409,295,139,400,649,18,20,221,1292,268,254,441,119,516,1050,979,704,176,1197
919,687,1292,720,680,976,412,385,468,977,380,1328,997,706,703,616,261,463,24,628,800,34,16,978,20,143,1027,655,445,17,613,590,140,442,1018,454,440,636,256,996,118,1313,634,255,125,1286,387,1045,427,119,459
817,1131,314,791,164,1053,422,1101,750,460,1051,275,734,1112,306,1172,1141,1346,661,1354,322,1330,410,1312,331,545,712,471,1223,1314,107,1155,775,1144,714,1152,1167,558,1294,286,752,1153,1245,581,437,529,1150,151,1290,524,491
1225,445,417,1204,93,16,616,613,1052,430,532,427,350,896,378,385,657,977,459,140,518,141,1020,448,1293,429,535,700,968,1041,1005,458,614,125,437,28,456,815,447,1313,142,691,395,706,965,440,32,973,250,680,1067
523,986,1039,1152,1249,243,988,1372,81,611,45,21,1146,750,351,1347,983,112,496,1148,324,1161,383,176,1211,302,1067,1242,724,980,626,798,1177,1355,210,701,873,817,1045,826,1058,332,852,326,52,290,717,450,802,455,1359
1073,753,714,201,1241,1239,223,1208,750,862,290,790,669,1312,1211,423,1190,1235,1141,321,650,320,460,167,984,389,1177,145,236,1154,1187,1113,705,1373,775,271,522,1022,1179,259,565,930,536,569,1332,724,600,617,286,151,1237
565,791,1158,802,775,1153,1107,60,1340,1149,876,750,862,325,633,584,852,864,506,724,998,1118,793,1058,1366,1068,176,200,290,1152,801,504,1190,275,571,766,491,823,292,1210,810,376,834,1039,593,1248,266,1372,1243,1131,637
644,827,765,570,1151,787,1248,816,820,862,1240,1258,835,777,864,860,887,325,576,780,305,583,1238,1241,911,1113,592,104,1373,356,819,859,1206,238,585,1275,603,494,572,1263,319,886,312,203,650,885,540,335,874,500,861
613,1262,555,60,860,522,312,770,66,71,761,826,603,846,854,871,1259,74,1270,1265,1371,852,887,808,1152,872,862,329,849,832,877,335,842,1238,1263,1252,836,1144,1266,1244,582,827,581,1271,834,207,856,799,1240,423,592
118,557,766,21,302,1236,319,669,1067,951,423,570,845,1259,296,504,842,321,60,176,94,102,558,511,57,1153,774,164,1235,376,383,1213,777,405,196,1172,844,1337,278,639,1258,998,730,637,211,4,586,1247,1096,716,801
1196,1321,252,616,425,1052,35,140,445,700,258,385,261,977,997,449,17,613,982,706,691,687,253,1003,720,426,703,427,440,1041,1293,24,1313,1038,1204,1324,628,16,430,125,380,28,397,516,447,412,1327,142,1042,141,655
1124,252,273,245,720,465,533,1287,38,1335,532,463,1091,1175,1052,1018,1297,425,1321,37,1124,491,136,167,1342,28,1032,1041,657,1062,140,599,17,219,469,1107,550,279,977,380,1129,1292,1168,478,729,142,153,164,1082,241,985
888,585,862,46,465,196,433,864,583,1056,328,1252,494,503,671,96,724,366,94,1139,383,104,320,57,448,818,824,954,775,865,571,347,522,568,432,1296,817,1230,722,810,15,670,170,1259,1134,1118,601,319,570,835,1140
531,268,402,433,294,416,1300,1213,567,15,604,14,522,1173,793,1051,148,716,1120,201,1191,1316,950,498,1053,1336,196,47,410,202,818,825,400,1346,411,391,1056,528,1093,570,1138,409,577,619,315,633,585,1227,930,621,806
405,687,149,1008,427,454,125,1046,973,145,997,387,117,77,12,1292,470,978,1324,255,977,98,350,1003,1052,521,252,412,669,118,140,463,28,1313,253,415,706,430,1322,447,108,99,0,1287,106,897,673,35,717,141,472
1116,1155,585,314,1149,1063,1130,290,1211,286,764,1135,717,775,1242,1360,864,825,734,740,571,503,498,1221,766,1140,477,1158,1191,294,576,1263,791,1141,1183,567,1364,876,1366,584,494,311,482,1264,1214,1151,1269,741,1143,502,211
299,687,516,24,968,93,1310,261,438,440,980,518,425,91,472,255,136,389,430,673,412,634,544,982,16,1286,149,429,617,649,253,270,1324,390,447,409,613,1311,394,703,994,1202,1321,977,641,25,18,140,1320,616,435
353,148,136,416,514,617,429,1202,1014,91,152,1139,544,1190,276,439,1171,1162,411,435,507,1007,982,401,785,256,768,409,968,1168,464,25,149,532,379,511,146,1008,996,447,159,644,438,701,388,1022,1311,1204,1324,624,1197
369,783,21,1051,477,432,405,514,1210,980,410,25,15,498,1330,1288,590,511,898,1176,296,121,815,1031,458,457,415,976,117,1226,795,975,1168,535,552,981,272,383,871,1137,1141,364,824,109,90,151,983,1140,110,1145,1063
384,1038,350,17,1052,694,1320,691,703,459,983,613,1313,395,36,994,255,138,412,454,655,706,518,1061,445,220,253,30,425,1041,443,544,1322,274,28,464,261,1293,1201,901,752,2,634,700,397,264,252,1021,667,616,287
356,585,823,860,103,862,61,1263,741,319,575,1119,1262,570,569,583,1167,818,522,845,875,1153,70,60,595,479,856,67,196,168,603,863,771,57,233,1245,835,609,828,310,329,1239,523,1371,555,43,62,524,1235,1228,861
1000,1048,695,1178,509,625,406,682,76,1293,546,446,579,926,949,53,1079,363,711,459,13,281,1185,900,1321,945,115,830,298,737,496,456,1251,34,212,517,185,904,960,616,961,909,1282,1052,78,613,914,707,605,377,1374
1165,470,585,775,561,504,170,452,503,543,201,1171,324,505,1366,506,1177,550,469,43,751,1075,1140,274,86,477,475,915,808,326,1340,1258,845,1277,320,316,581,1249,766,1092,866,1241,273,1329,862,948,793,41,391,253,149
370,522,583,201,1366,650,1153,769,1022,553,790,1208,320,864,1241,211,284,290,524,823,1248,372,312,1140,491,775,1238,1190,1259,279,863,357,930,751,1223,326,1217,1364,826,1120,1118,818,565,1242,950,631,197,852,302,561,329
631,66,1200,867,820,773,765,1256,877,871,1273,331,580,215,1228,199,180,868,555,201,777,1255,298,570,1260,859,307,86,911,803,1243,1276,1240,1210,799,879,966,870,875,844,1367,1272,940,924,525,288,581,886,748,598,578
168,704,465,148,533,435,487,441,980,159,491,567,729,1286,470,1041,1342,390,779,429,510,118,991,415,543,389,427,1345,268,815,918,986,1340,145,49,1312,732,412,1335,1099,126,722,1327,1105,557,421,1129,327,742,1332,267
1145,265,1168,1140,662,1058,251,258,576,795,1217,279,860,273,666,211,287,791,518,1312,524,469,58,1288,753,1372,1175,245,317,233,1259,147,1152,476,1131,1171,491,1246,653,429,148,165,438,272,316,90,1155,194,982,1297,827
936,425,694,141,661,398,394,1003,1070,1004,697,987,1039,20,253,408,1115,4,502,134,47,742,125,774,785,801,715,636,392,264,214,1045,648,1037,1173,1027,1175,778,1172,1057,426,918,402,706,495,637,294,667,1059,272,1294
148,425,459,24,427,636,614,680,1041,463,28,17,412,1089,387,149,1049,997,253,1204,468,140,784,35,136,142,1038,1321,385,1328,1313,449,1202,700,616,1027,445,261,273,691,258,613,397,693,1314,800,701,454,465,141,1327
128,649,411,256,18,687,1204,617,469,0,447,116,518,258,446,991,1032,417,225,1046,648,400,126,175,445,25,1014,472,1316,1050,365,453,108,91,1008,378,1168,268,1005,403,919,553,628,161,976,118,34,30,264,977,1300
1104,582,469,862,329,1062,1297,883,856,424,1271,1277,853,1246,316,1022,438,852,795,1067,826,429,663,1359,1025,328,845,1340,827,522,1190,764,1140,570,1155,1048,1058,423,775,324,704,60,698,1187,844,194,530,669,69,366,110
1137,628,43,526,800,784,1322,1165,421,468,406,1321,454,1041,426,138,465,1092,680,706,1025,1038,1019,145,667,149,1061,954,248,1027,299,449,274,125,725,984,142,1049,573,896,1348,742,41,1202,136,5,417,703,167,1037,447
960,775,1175,844,1007,1214,724,486,236,1340,749,987,272,701,422,273,1211,423,802,715,281,1335,99,116,764,1159,471,266,330,275,865,864,772,840,823,490,1107,796,43,316,1258,776,806,600,942,650,1263,1312,492,846,66
800,1316,178,133,305,174,194,522,671,1340,1353,604,480,1120,527,739,111,730,1134,1288,867,1304,284,547,762,790,1172,1140,561,558,329,197,669,151,846,299,583,503,1,1214,726,292,472,753,1297,863,324,312,954,453,507
884,459,1321,613,977,700,387,425,252,28,616,426,35,1293,982,445,976,687,442,454,628,261,1204,380,24,397,706,1038,440,385,655,1026,463,968,93,140,125,983,350,965,447,16,253,1006,1042,518,220,17,1310,427,1313
667,310,766,1120,1304,205,1226,775,855,1068,972,819,60,619,641,21,224,750,329,504,286,487,671,103,667,1249,604,202,1202,556,1104,100,836,210,1258,194,577,20,753,68,927,425,609,704,1110,776,292,347,298,294,307
1241,364,405,1318,675,411,1051,1022,585,553,805,434,661,274,583,774,166,480,1259,345,233,32,757,119,1161,49,167,335,18,172,268,294,1172,127,469,676,916,320,1226,99,1219,389,1330,487,1176,1326,9,1341,748,118,1342
813,1241,864,705,473,353,565,862,66,854,1236,421,757,1263,1208,1270,553,423,852,662,104,1235,774,566,1246,504,1099,846,1266,1248,827,780,570,1127,1258,953,201,233,1012,1022,1176,317,197,1205,1190,859,1118,1240,312,790,172
276,425,406,261,0,28,412,1321,397,977,976,149,613,1041,93,430,141,16,1018,1327,1292,1173,1049,800,516,403,445,390,381,982,784,463,1294,442,387,417,968,1322,385,91,996,720,77,954,240,994,130,399,655,468,514
216,380,1321,274,1175,977,261,35,1322,425,412,1310,533,12,994,390,149,411,919,430,1328,997,11,1076,142,276,1316,448,982,463,1289,697,518,1085,394,703,253,983,268,93,136,687,1052,32,980,1305,134,616,417,1314,1299
612,862,1262,1115,66,585,551,887,845,853,1256,1240,1271,555,826,62,836,860,1263,773,857,205,863,761,1222,319,871,371,854,1261,104,799,1259,368,846,875,335,823,1354,1238,570,1268,834,601,373,874,828,939,328,314,1228
182,445,613,28,385,1204,442,628,983,20,93,397,77,252,1327,24,518,140,1052,447,34,800,143,973,1005,403,350,459,30,1310,406,1027,1320,17,281,965,440,984,125,426,1041,919,779,1322,380,1019,1018,149,1294,982,270
266,411,119,405,32,1099,1176,653,613,1051,1316,1304,100,136,1311,1034,1312,167,434,18,1031,1318,425,442,1321,416,345,552,1328,620,449,590,553,1132,250,1045,364,445,4,1174,752,1342,1202,242,403,475,619,487,49,1052,118
769,636,1173,383,139,393,167,991,437,1314,146,148,253,791,732,845,405,411,1341,694,25,535,176,1045,392,403,391,452,996,974,395,256,127,624,1328,21,1161,119,410,1171,489,151,136,152,1310,390,40,552,1355,1162,785
638,1263,570,862,1022,826,758,1370,1271,891,522,1177,993,846,911,1246,569,319,802,1102,860,1208,754,790,780,233,61,824,867,748,1196,1236,326,1258,841,1144,842,859,328,1222,600,530,1190,773,211,593,847,1110,854,604,592
719,1153,543,991,1217,164,1140,998,503,1312,1191,567,669,583,498,1223,159,1067,793,766,197,741,433,491,815,775,661,524,50,1332,1155,1226,133,1173,290,1239,1243,1241,593,1190,504,986,1068,714,165,506,60,611,823,198,1120
1179,775,570,305,766,264,294,862,1239,65,1238,491,864,568,1056,1242,1223,60,289,522,329,593,603,214,494,585,1152,581,1219,553,469,852,827,596,1191,1177,662,780,238,202,1271,194,1206,504,1158,120,577,1304,790,714,1248
82,38,666,1137,273,904,1173,1087,686,81,1149,1314,1351,1154,913,817,766,463,636,1361,266,1339,289,77,219,1007,1090,1181,533,1245,995,1320,975,700,1325,1218,20,614,1142,94,555,1039,1234,732,1295,271,1300,499,90,438,1117
166,687,411,617,1286,472,87,400,126,590,425,1161,509,1292,1204,982,167,429,136,447,1194,401,127,1175,4,1328,158,0,261,390,255,276,1318,383,1063,415,620,1319,30,152,1324,700,981,1171,142,41,9,18,92,990,118
574,66,864,862,595,826,1263,1247,1266,1238,577,593,1177,328,302,104,555,65,823,583,319,1261,1186,834,1259,317,1211,828,861,802,67,867,236,1219,885,793,764,872,1118,214,304,584,576,877,148,571,878,853,1221,1254,1371
1110,385,613,687,442,1321,1052,28,412,430,616,24,258,977,261,397,93,1041,1204,140,426,700,1045,628,982,16,1320,30,459,636,614,252,976,119,1202,1029,680,997,32,17,1026,468,590,260,449,463,1018,1023,800,34,514
511,862,864,1242,998,524,1067,553,775,1131,780,504,565,705,661,1191,1180,1155,312,694,1177,581,276,543,823,1152,1360,1063,157,1223,529,290,405,50,498,650,551,402,254,314,1241,571,604,866,310,846,803,771,577,824,991
178,617,982,25,383,118,403,126,268,996,1063,564,91,514,1286,649,9,687,518,683,378,469,256,1014,544,929,725,991,327,643,994,401,433,159,400,136,1287,390,148,425,151,1316,417,445,768,92,679,350,1303,1291,411
814,176,383,862,391,824,775,1242,482,620,577,21,1174,146,714,633,981,1022,570,801,853,553,733,1023,460,1351,390,325,671,787,852,815,559,678,1067,1214,827,1205,415,724,624,148,1236,750,1113,324,1068,790,986,511,646
103,118,463,996,532,381,442,965,409,16,0,34,429,445,425,17,649,968,464,417,424,391,447,919,256,1304,469,403,91,472,617,20,132,140,1018,412,590,1091,146,30,468,28,24,268,518,1321,1019,261,470,703,1313
942,268,1175,439,425,784,655,704,984,507,974,491,1292,421,149,389,1295,971,1003,145,991,391,657,219,465,472,152,538,327,996,800,146,395,706,624,136,234,516,1043,703,1005,1304,1336,1037,687,463,785,38,261,1018,557
867,1038,149,406,616,220,1070,1003,1321,983,655,1293,687,387,1286,1322,107,118,449,1313,1006,397,1019,1287,707,1061,404,1021,516,1072,1185,822,994,17,521,675,82,474,385,1327,1008,1014,1052,573,369,232,25,1124,1040,412,807
880,1111,547,197,201,922,205,190,841,836,846,1272,1237,798,193,214,551,818,1228,574,320,1066,716,753,565,1123,812,754,304,523,923,1244,866,930,1127,1240,321,844,329,862,819,1146,104,816,925,1262,561,1251,603,850,1258
323,977,687,1041,1313,463,350,996,252,590,704,655,28,425,132,38,145,1327,464,440,1202,17,720,167,1026,1321,146,394,126,138,41,24,387,1052,516,153,1292,449,997,703,270,779,1175,429,141,142,507,628,616,982,1204
70,699,781,73,162,923,1258,346,819,930,325,1200,1001,779,872,767,765,508,1218,665,308,1241,113,782,171,879,820,1125,787,762,723,942,831,330,626,922,304,204,795,1228,284,572,1106,910,165,547,1350,693,1189,1214,873
878,543,47,41,491,524,487,797,859,550,504,329,817,506,1047,1354,522,1140,1094,644,712,391,290,1120,1333,559,962,1135,570,863,757,1212,1311,774,980,92,50,465,810,862,597,326,1236,1300,1223,478,1265,870,705,405,748
532,823,66,583,1248,803,329,577,1238,60,1258,1371,65,871,650,320,866,825,205,780,966,1266,593,581,522,170,147,846,887,1226,826,1247,70,180,585,863,877,841,855,410,562,1246,489,103,816,770,371,319,1367,1239,827
693,862,170,1244,486,63,847,570,565,59,826,692,551,823,1039,110,67,1370,860,1241,1371,1209,312,58,236,581,307,879,206,685,849,1238,304,1146,317,774,214,596,65,832,650,783,754,104,1273,86,677,503,438,1066,771
5,425,25,1304,429,393,87,613,1311,518,411,391,433,33,403,459,250,435,1318,1316,426,270,30,445,34,261,448,472,442,400,152,443,384,1045,968,985,982,32,9,1197,544,752,1308,401,434,1328,383,258,390,624,1292
131,687,1204,425,977,968,261,24,1041,514,445,91,9,779,389,544,250,994,350,417,680,1026,16,628,18,1052,980,1018,149,1310,996,270,125,1019,1032,256,447,426,1320,510,1294,624,2,315,141,442,401,260,978,143,1287
824,514,990,25,1221,1242,691,1152,194,775,294,1310,1019,279,791,1330,349,715,429,1155,576,447,1312,783,1051,996,973,968,1351,325,1328,465,86,1271,1219,152,9,472,87,491,401,510,748,489,151,564,984,158,643,256,1067
380,138,1041,687,17,385,463,35,459,136,996,426,1328,779,1204,143,997,1321,533,468,118,159,406,1320,148,732,149,1052,657,977,440,140,403,41,145,693,448,253,532,701,516,1296,383,507,720,661,24,1027,427,20,1287
783,1238,54,329,1225,1167,1228,1244,44,863,907,1200,936,477,774,368,770,190,1146,851,1208,347,1256,503,300,1207,335,1246,799,1354,911,872,847,370,1236,74,196,332,308,1235,874,1367,574,773,1192,875,753,1262,808,565,818
992,510,980,1312,1294,557,762,561,310,405,1067,259,653,410,988,751,250,389,424,1318,1141,790,1211,18,164,464,409,1066,225,825,779,379,768,341,678,386,1022,1005,898,276,482,558,304,469,411,712,1019,1311,320,965,429
462,465,305,102,522,491,775,553,918,722,1060,571,1165,325,1141,314,795,503,328,1140,1354,816,1191,1152,1364,721,505,648,320,214,194,790,764,662,435,1089,1316,133,433,585,657,1092,810,1082,487,170,189,593,864,44,311
165,1129,1063,701,1286,810,1175,148,427,99,1299,747,671,817,916,1289,37,150,234,1134,1320,470,1245,1107,159,411,1303,1060,1092,1300,766,1091,840,1270,1348,1105,1327,82,1087,274,981,268,717,153,912,1173,1316,824,1159,108,1011
1237,406,700,425,35,459,426,693,691,703,1319,1321,445,442,617,142,636,383,624,269,982,1031,1287,412,1318,1029,616,87,514,1204,28,1023,255,34,351,1324,287,1304,25,146,0,261,435,258,119,91,411,1226,679,1065,728
274,412,93,1294,391,613,148,691,448,1202,628,1286,140,427,532,120,400,669,409,687,1093,141,110,34,387,381,357,406,433,253,287,410,976,442,420,518,31,647,1327,492,164,785,118,429,469,28,94,790,1315,315,1019
1257,468,1321,445,385,454,125,24,406,17,613,700,380,350,20,442,447,28,977,397,390,628,93,1292,145,706,412,1324,149,138,1038,261,720,514,1041,140,258,965,142,387,141,1322,976,119,997,463,136,680,532,403,234
109,449,1321,149,703,628,680,350,1322,387,1041,706,445,32,1052,140,616,454,459,687,720,24,261,425,385,532,613,655,253,28,1003,994,1286,516,440,1026,1314,378,143,463,779,430,1320,403,30,636,1018,426,270,258,975
700,1321,1052,125,1004,463,141,657,140,533,412,532,700,427,725,800,17,118,701,268,25,1026,1310,535,468,1293,245,976,648,918,252,429,975,315,613,994,426,1027,784,968,35,1061,526,706,977,448,28,649,394,143,150
1202,585,498,50,570,766,502,491,592,1341,1190,1248,823,1022,524,1141,504,1226,1312,1228,603,1200,1259,329,609,790,1271,1239,1225,576,1155,1243,832,320,151,166,553,1242,1210,861,887,60,211,565,551,176,1219,581,469,803,1143
409,997,43,470,701,1045,1092,149,742,1129,353,1101,41,1091,99,372,435,680,1345,671,1097,994,817,223,85,1173,1316,12,706,1161,1008,784,703,0,1296,427,563,441,1286,465,118,138,1079,732,453,1333,459,292,429,597,543
1245,1052,616,425,459,261,252,253,24,35,706,350,140,426,687,28,385,440,982,977,445,32,142,628,430,16,997,975,691,978,620,703,701,613,397,0,17,403,387,1305,617,624,544,149,448,93,436,438,29,412,1095
1009,1153,592,105,477,585,792,1094,278,522,60,1345,841,84,311,1268,1344,751,465,329,298,569,1140,491,1259,816,1135,96,389,823,797,194,742,1292,526,594,324,267,456,1138,1059,1226,1256,113,890,805,825,747,677,86,328
528,585,817,571,1177,170,319,248,1141,1256,792,539,176,1228,1158,845,86,102,597,1310,715,841,198,553,1138,1191,1238,593,1068,196,584,292,438,1023,890,1234,913,50,871,1243,325,633,1254,494,828,1270,775,242,594,806,1271
1176,272,592,1226,609,1354,604,327,619,70,1027,211,524,251,357,522,457,603,1,504,1051,557,1341,133,818,870,823,202,598,1161,296,748,319,862,624,80,1120,536,1332,392,103,1225,109,577,1176,554,562,294,863,583,527
658,620,234,526,372,1287,669,1052,649,364,1067,90,118,639,41,1173,751,568,448,514,654,1127,552,1171,583,1059,529,1304,482,714,468,4,1060,1012,657,410,815,133,634,1194,1321,254,61,974,1312,45,509,279,1174,219,28
1132,1328,411,1295,258,683,136,250,666,125,1047,1352,255,1324,641,1304,655,110,439,507,703,1204,437,919,145,274,965,3,611,502,139,146,35,971,1174,1286,399,425,152,616,380,897,400,434,975,266,982,1124,1127,630,1018
460,751,43,274,166,273,1068,734,585,524,1123,801,1099,1102,1335,487,1113,320,561,482,1241,771,477,567,1075,1311,136,584,45,835,469,506,1207,1326,1223,14,313,405,1366,1092,1249,581,452,532,1236,1047,1211,1095,63,504,41
457,362,1135,1244,375,59,665,840,86,1371,308,1265,849,1106,300,1156,692,335,1143,1360,1100,504,1349,371,749,201,215,861,1233,1152,886,1262,317,946,207,1269,741,69,966,62,1127,503,339,705,1259,1179,306,947,1024,1120,1247
840,1204,470,1041,620,1328,261,1202,164,118,465,691,412,468,985,706,116,1091,159,1019,401,732,431,1173,997,683,1286,405,990,687,136,253,491,1327,514,694,1161,270,1165,1162,445,526,424,1311,805,250,661,440,653,728,425
606,585,522,966,1259,852,202,930,547,325,952,836,320,844,584,863,1149,556,577,853,319,1022,878,1187,194,72,578,1131,523,1169,356,337,1258,1228,775,799,856,1155,312,1206,790,1244,854,599,211,861,311,278,1039,313,65
619,860,853,823,827,66,1371,824,1266,1263,1246,741,1277,1258,1249,61,236,1270,805,312,592,874,205,329,875,774,940,1273,1236,604,1254,307,335,1134,1247,1022,869,718,1113,233,69,650,866,371,1354,852,748,1146,1140,863,879
722,662,127,1316,1051,1056,146,715,1099,1063,489,1340,864,411,4,33,1173,120,724,817,1304,34,1303,429,491,400,453,25,214,999,535,694,452,409,327,1007,151,1176,270,1226,118,968,1083,90,1045,148,442,1296,644,264,983
864,385,445,687,977,442,1327,380,149,454,28,1204,613,965,425,17,394,1026,387,252,350,1052,140,1322,406,1293,1038,800,1041,16,463,232,255,1006,459,449,628,32,1046,1324,982,1313,25,403,1310,24,1049,700,720,655,614
659,823,818,585,583,862,60,845,825,329,952,202,852,603,835,65,457,877,593,606,196,853,522,859,95,827,328,592,1251,861,57,863,577,1262,816,487,245,986,1158,570,547,780,324,70,103,834,858,104,338,966,305
823,1023,825,200,513,387,1273,423,298,750,1363,584,593,1019,1359,1005,1210,967,989,184,1211,1276,120,864,55,240,553,309,1058,611,1190,287,332,1118,905,550,292,692,1347,339,740,1259,303,1196,915,633,233,730,1105,770,1340
745,585,304,312,1154,863,1233,201,1144,857,525,504,854,177,1270,1271,1371,1143,823,371,368,1223,413,819,866,96,211,317,861,867,868,859,88,1260,1344,493,839,887,62,1212,1244,878,1160,871,331,319,570,758,1262,569,543
593,1135,829,792,1263,992,1127,167,1107,745,1222,66,891,62,67,1111,761,890,862,1152,1141,875,60,105,555,841,419,1125,1144,1094,805,604,714,1187,311,592,834,802,824,1113,175,21,238,312,1156,1151,1102,319,45,596,168
987,1075,543,286,1113,1111,1160,878,317,1341,1014,771,172,1084,274,415,994,487,41,482,638,177,741,570,67,1122,1107,303,313,59,648,984,720,477,166,751,272,989,1024,69,861,503,1152,1153,578,308,1077,712,853,1144,239
18,119,1171,1173,364,294,410,1337,529,1325,1300,4,434,281,116,161,1314,643,1316,107,183,1290,90,694,670,1114,926,747,372,999,1053,805,149,687,1120,1331,465,117,683,1323,471,1189,33,1079,1082,1226,1302,1017,15,470,125
1316,1047,1328,1322,145,768,1038,988,1308,1049,12,1195,1152,1129,1175,983,455,261,1119,43,398,1321,464,150,705,1311,995,984,1169,1305,526,1063,256,666,107,996,1194,1092,275,1358,712,1045,1001,490,997,1131,414,125,427,1113,951
614,853,328,847,860,846,1246,1365,324,1222,862,205,64,834,1100,867,1235,1160,523,887,827,1372,923,886,823,953,209,215,869,66,852,288,1208,776,1238,309,207,308,883,856,849,778,920,939,208,1265,1270,316,906,329,770
576,834,846,802,1263,826,862,66,823,1259,1246,867,555,861,1222,769,1270,65,1236,803,859,856,860,583,853,864,104,837,1115,1187,714,855,577,575,1242,849,863,328,175,832,1141,1247,524,835,202,777,60,238,1258,819,609
296,86,877,1127,307,1252,331,317,314,866,1232,325,1209,802,525,56,941,1144,375,1260,872,1106,286,66,1222,795,1107,808,591,761,413,861,343,1241,763,869,767,799,1258,1251,1236,308,1278,749,330,1180,1187,1130,283,1263,304
570,201,862,570,584,853,585,593,553,547,328,867,320,592,930,583,775,818,1258,104,776,619,14,1093,581,329,1191,823,841,325,1187,834,60,852,1208,863,181,780,308,202,790,326,825,120,72,335,1141,61,1068,769,487
882,429,975,968,518,613,965,417,1318,1304,976,919,687,977,32,649,350,1321,140,1014,469,425,1287,655,628,1052,459,35,1020,1168,378,553,447,1031,971,1067,294,996,93,691,453,896,683,1032,1023,287,446,491,380,118,983
832,917,336,955,961,513,1357,339,1250,1257,945,160,182,546,374,1203,731,707,962,54,1301,881,449,360,1040,115,474,1374,914,1279,893,602,42,293,1035,695,1184,169,942,334,587,338,932,1280,1361,956,673,759,548,343,298
712,862,304,61,803,826,1056,846,1208,203,581,801,852,206,577,1246,802,302,324,238,96,66,859,718,1263,178,793,818,823,775,214,827,71,1132,595,619,326,1162,1039,863,601,830,592,923,839,329,506,1128,234,321,1247
806,1175,1321,1186,827,1270,512,987,506,852,1152,66,556,1259,282,666,1141,561,1238,447,1239,65,576,724,887,453,1258,860,533,1221,1007,864,465,563,1177,331,714,1351,1346,650,524,1052,4,1340,227,1083,1252,263,270,528,469
705,140,977,1321,1019,613,918,488,1108,146,1004,984,1052,180,1042,1000,987,143,396,459,1025,616,442,33,996,378,657,640,24,87,379,706,422,965,1293,982,785,250,715,451,896,417,976,11,509,95,28,590,220,1027,518
905,680,380,800,1328,634,387,453,250,1018,116,145,507,706,403,645,1005,687,152,614,239,412,419,1168,1292,1052,234,149,696,155,1067,1175,720,245,1044,965,1023,470,440,261,1169,1090,636,255,1310,544,968,975,1019,535,997
1065,220,1174,443,438,804,270,1056,741,1355,1290,403,234,139,597,327,641,1118,725,563,800,1360,1161,1052,1304,706,95,1067,595,1248,582,4,348,248,1194,441,20,496,144,440,1325,240,1122,1030,823,1245,747,60,1292,154,29
1121,141,424,1293,518,1052,688,691,1324,93,245,385,628,28,470,442,1321,76,1047,655,247,683,904,380,994,250,1026,1194,225,687,533,138,700,634,17,0,145,397,395,1327,134,1253,114,399,1126,16,258,261,29,185,260
1182,862,570,585,853,319,201,603,780,329,592,775,834,870,522,604,72,320,593,1068,308,790,823,104,561,1140,1277,584,569,341,292,551,1238,314,1208,650,714,109,863,317,1262,103,986,202,761,194,1235,1266,827,1272,795
527,304,862,790,496,570,1208,1187,853,319,203,852,1,826,1267,592,66,522,15,823,326,748,487,68,553,1236,569,842,863,663,780,819,283,972,206,633,1093,604,402,536,762,836,236,1190,1263,178,993,565,341,562,577
243,469,411,429,12,1063,378,1292,391,994,234,390,1311,785,1008,425,564,415,302,440,999,141,617,136,502,270,1204,472,159,514,268,447,400,1287,442,703,292,152,444,1140,172,126,146,1004,448,422,254,986,535,919,510
1289,433,411,429,391,148,400,996,1047,390,381,544,409,256,383,631,618,784,351,295,92,276,448,425,968,57,669,94,416,87,633,700,725,141,698,34,1304,146,1044,401,564,108,1168,634,624,654,614,1007,469,1289,785
1103,1365,220,811,382,603,135,55,219,1234,766,1210,633,607,931,72,144,605,929,995,54,178,938,1074,356,1124,681,609,1023,726,855,74,596,64,718,1110,39,941,935,376,289,1358,972,673,1176,631,751,776,944,1033,523
1001,704,703,438,453,421,1292,159,1313,143,1089,784,427,1005,141,1090,706,617,261,815,1204,425,1041,403,1297,968,543,387,91,618,447,1304,553,1099,445,509,641,383,126,984,412,435,389,440,614,250,9,1105,465,1286,329
57,425,1327,518,430,93,463,977,20,706,442,17,613,1321,1042,1204,687,1313,1052,1322,387,16,412,720,1293,509,1049,141,997,393,132,994,427,417,391,1342,381,445,250,1310,389,252,385,397,1161,704,350,380,31,996,1027
316,687,385,34,977,20,397,1204,442,440,613,590,136,1321,518,116,463,1052,425,445,24,1050,516,1041,1328,984,1292,982,91,16,387,30,406,779,117,379,1016,1327,142,510,31,614,1313,1037,25,87,28,994,617,380,688
1011,826,1242,769,823,1263,802,1372,862,239,1211,852,1246,829,1265,1248,60,67,1190,1217,1096,61,1113,1270,835,764,824,210,780,569,998,1236,211,1340,595,1177,57,62,236,878,302,1366,571,1266,1014,570,861,1360,1219,460,12
799,422,1065,294,976,489,973,286,445,1147,750,893,471,447,758,1026,1006,298,542,688,409,892,764,1034,357,334,525,889,1200,50,610,155,1126,396,723,1046,41,545,1260,16,1354,1374,478,788,778,526,897,768,431,0,30
84,197,409,698,1093,111,327,110,950,1316,284,14,621,604,453,1138,557,341,1235,522,15,1297,196,561,1051,74,433,304,92,991,18,558,4,472,804,290,583,109,491,1140,927,606,564,178,268,164,803,853,324,176,1022
820,524,1140,423,862,4,824,766,211,1241,852,570,503,854,1247,1068,543,522,631,863,846,151,60,818,341,712,583,498,603,110,551,50,1236,536,705,561,698,758,1063,104,553,951,504,1022,870,1259,92,411,986,44,194
738,543,1353,172,1120,133,585,279,666,926,870,477,1134,280,1109,524,526,744,1354,170,1119,815,834,626,1223,70,317,324,978,207,1137,603,371,560,596,698,774,713,1207,88,61,343,1083,878,202,300,860,1360,62,214,1230
1024,1141,585,862,570,311,312,1144,875,179,314,1127,1149,319,765,1191,988,1152,1359,1187,236,945,816,836,799,460,1228,1222,930,1256,522,876,1190,1263,750,368,1113,66,317,423,415,1022,1208,1058,554,966,864,751,1131,210,1183
1006,276,1197,968,1319,35,438,807,544,93,514,125,464,1341,447,564,390,701,268,92,386,617,82,1303,402,524,41,107,416,725,1316,1291,148,678,1286,1056,1051,434,357,751,507,429,553,151,383,1058,166,58,454,99,1014
618,862,803,1262,1228,826,1056,1247,775,1243,827,60,1248,1259,832,846,304,818,863,866,596,317,1177,841,609,834,1246,770,592,1236,504,887,650,864,860,70,575,1206,1270,1277,1269,581,852,741,210,66,816,71,802,601,1273
602,862,1058,1241,1246,827,1259,233,846,1247,423,553,148,986,565,1248,1236,570,853,504,1352,826,302,1154,861,577,583,1022,802,1242,593,319,714,1068,775,1211,491,317,631,236,1263,823,1258,1177,834,585,1238,766,66,790,1205
417,132,535,92,327,421,998,741,1295,21,234,20,577,148,624,1174,451,1202,725,60,272,138,464,263,1044,411,729,273,815,230,1122,584,141,416,329,981,257,119,1304,264,1092,390,14,1296,1226,862,704,219,526,1315,278
471,1094,99,644,1341,1316,1340,470,487,127,416,1175,762,1304,164,671,862,592,433,504,1119,561,166,704,617,411,1009,790,810,402,1127,87,801,570,389,624,522,111,915,823,1292,1190,132,92,1173,621,203,118,46,296,1128
772,1310,1204,785,141,381,996,389,472,391,440,463,968,380,417,1046,429,390,419,445,531,805,258,752,18,1318,412,24,180,1019,965,393,425,706,91,1311,33,687,403,250,544,134,411,87,270,510,1351,1320,20,982,136
1207,986,862,846,144,639,1022,1039,593,1208,238,824,197,1058,841,304,326,1141,705,1177,1258,536,780,611,21,1235,857,775,45,1236,853,453,585,203,826,496,624,685,663,583,151,1191,1068,803,1123,867,845,988,553,617,201
703,233,795,1241,824,201,1187,304,986,570,780,775,320,653,328,846,862,802,236,827,654,581,205,1111,1127,4,1102,1266,203,1113,1318,1258,842,753,1039,724,126,1151,1236,59,860,1068,63,1208,1239,555,197,325,321,225,312
1248,791,136,469,998,294,435,1128,158,166,174,1096,148,164,757,1341,38,429,279,268,41,689,705,649,1068,1102,543,1312,1190,1297,1036,159,1050,118,1294,557,433,257,145,1197,211,1332,352,1366,766,107,313,327,1153,201,274
974,581,1222,846,1371,1181,579,887,1238,845,1271,860,859,857,1221,566,1278,549,331,834,1084,1270,343,534,317,236,104,1247,826,595,872,191,1265,1112,1237,761,852,565,832,798,866,1206,1261,609,328,1246,86,1277,1146,964,184
725,820,1220,904,955,356,1274,358,880,115,217,812,281,844,185,957,961,1253,887,64,548,914,1144,53,305,939,1232,1301,424,1164,186,572,1362,330,1072,344,377,856,182,361,205,871,605,1097,71,1160,190,520,336,899,926
483,583,320,823,585,925,60,487,835,816,1141,1234,582,704,818,621,70,1153,214,202,929,435,1239,921,1262,603,841,607,329,586,778,951,1251,862,170,856,1352,479,57,910,71,1248,46,335,659,372,74,741,952,698,193
1193,1102,1064,1135,543,860,684,760,1360,853,439,1127,1320,1022,177,329,754,844,201,705,61,1258,1333,1047,1108,493,866,1251,1177,482,286,864,780,282,304,1247,1205,907,1246,885,100,600,1048,556,496,1156,41,748,738,283,769
1030,823,319,1259,862,1058,827,1238,802,1271,60,803,210,332,609,863,854,842,1266,852,1263,1270,864,595,1265,1248,555,201,577,846,1249,66,581,1246,1222,571,766,870,775,1247,818,423,570,1277,1128,911,592,839,860,1146,871
634,823,1352,570,319,1239,1154,410,1314,46,514,1247,489,312,780,90,1248,662,522,1174,1118,1238,827,856,861,1128,1011,50,845,1266,505,766,311,592,341,816,572,60,1155,852,714,296,878,1271,583,778,58,1242,228,1312,1262
724,319,854,1063,860,823,583,1259,1265,1245,864,849,1050,826,90,1246,312,57,863,514,1266,62,1186,791,1140,1360,856,836,60,1249,1247,741,842,1180,61,871,1241,805,852,1219,1270,1239,1263,582,846,4,981,472,400,148,593
776,164,1312,1202,986,250,661,165,393,704,1287,441,1175,412,971,975,1095,653,148,559,824,507,557,558,480,1318,617,357,180,742,126,1048,391,146,862,453,801,473,464,92,692,425,437,624,470,1037,136,694,43,1068,1102
747,1176,416,975,391,620,453,1304,141,507,415,451,683,535,614,518,557,784,1161,91,28,420,18,25,624,1051,296,276,21,544,567,1202,146,390,986,11,712,92,613,590,32,487,180,380,965,989,429,448,968,805,533
510,1155,1131,764,758,211,1141,503,1360,659,290,825,592,1143,59,210,606,766,305,754,1190,366,74,1110,1354,254,1142,314,1225,1153,524,570,741,1200,862,775,1248,1252,1149,584,1209,562,289,1230,1359,176,1373,61,1352,1135,60
976,197,1346,865,1258,1340,225,234,917,827,650,1116,1274,665,1074,595,1141,1067,790,1047,543,1146,1025,506,663,299,749,879,823,780,423,962,1110,1348,852,1270,172,776,366,321,1205,821,262,834,1066,666,1187,259,293,1113,316
1091,49,1152,1131,740,168,878,1211,1166,1270,876,443,1218,1359,585,824,1196,69,236,1141,1118,837,1113,152,1254,210,1181,1241,498,12,1348,729,749,1092,170,248,1259,771,1371,1179,1231,836,1177,1370,1147,650,291,802,582,1180,1112
1062,145,533,17,138,425,267,219,261,24,732,449,445,974,1328,1003,29,706,661,526,119,38,1082,965,350,90,1027,1030,815,140,784,264,1249,438,532,149,918,1038,273,448,1136,32,468,687,1306,118,465,691,148,568,327
1232,20,252,509,613,403,1321,380,445,700,385,720,93,24,28,141,364,514,472,1204,398,628,77,1042,397,412,688,965,968,16,1322,680,440,394,447,1027,383,442,145,390,315,1052,1059,392,379,994,800,532,1168,415,430
415,1041,387,435,353,1322,99,43,463,35,649,1202,703,985,1161,675,991,136,1091,166,1003,1092,36,1089,1287,427,1081,779,1324,164,918,268,405,452,31,152,1135,409,597,1176,149,1168,278,1341,1345,683,12,1332,1099,153,454
1044,1190,1312,824,489,1294,550,1239,790,1364,409,1177,583,289,1211,1055,1141,290,825,176,753,734,733,1373,724,197,491,1241,536,21,565,626,304,980,319,702,551,155,666,320,201,1235,1014,775,566,522,969,1332,464,559,1093
98,687,624,411,9,0,996,1318,1310,1204,472,968,1316,469,1202,1315,25,381,445,518,514,409,613,447,92,1341,440,1050,433,1286,118,403,119,1045,446,1052,1304,256,557,87,442,779,680,406,553,91,159,136,448,703,1226
572,1221,1155,1152,282,569,603,1211,823,1131,497,377,1310,890,105,1206,1364,764,1135,990,1191,1234,571,62,196,1166,863,923,1369,1180,577,256,302,290,175,373,1345,592,1347,292,1222,835,1024,896,1242,1179,177,944,1354,1239,70
871,445,454,140,1286,1328,25,258,28,261,703,442,32,1327,1038,628,1322,425,1049,397,1052,1204,449,468,1018,17,1310,980,350,977,1019,996,253,683,1314,406,613,800,687,444,465,107,0,427,1324,700,118,41,403,997,1046
1112,0,380,687,350,281,149,1323,118,261,140,454,1324,125,25,445,968,17,1161,1327,800,706,35,613,145,406,385,1311,417,976,982,459,1026,1328,442,1302,463,478,403,1322,996,409,136,1103,24,1197,107,1306,32,742,1047
250,425,380,445,977,613,463,397,1313,403,994,145,412,996,255,516,1294,440,655,518,24,140,129,1046,93,138,965,468,91,28,258,424,1038,720,507,1320,389,417,119,628,106,25,1091,1008,447,1173,17,350,9,973,1286
484,4,438,514,87,522,151,1171,327,585,999,662,691,294,1140,624,435,503,60,1366,405,975,775,805,1318,1295,715,157,1226,119,392,393,1228,1050,9,1316,1145,320,411,491,425,804,823,25,669,871,785,991,846,599,1032
330,666,415,672,296,391,669,988,256,246,1316,429,641,815,472,634,435,785,320,507,174,25,110,633,910,912,1364,11,263,985,590,1162,1346,151,223,329,133,356,1333,529,531,398,544,18,203,1145,648,1288,1007,276,194
748,1052,426,616,977,700,252,1321,706,24,997,253,16,380,687,613,463,249,28,440,140,459,261,617,518,1202,1322,978,427,93,1005,1089,425,680,385,1038,35,693,258,1042,1313,1041,982,720,130,412,350,240,145,703,1311
1266,429,425,518,381,472,968,544,1315,391,268,378,996,136,144,384,971,383,704,400,159,532,440,133,583,435,148,417,1287,698,703,411,34,138,390,270,514,9,1168,256,1332,1099,180,32,453,1304,662,982,315,804,1050
629,319,860,307,592,328,862,66,1372,834,854,572,604,1259,1209,1246,556,1208,304,823,1359,312,1238,911,1241,583,1265,803,1247,205,67,1273,1141,827,504,780,841,1263,1228,1151,308,1240,329,1239,953,317,62,1261,1256,486,206
150,1031,389,21,381,18,261,968,624,239,453,28,704,437,1052,250,1292,419,617,1174,32,1051,1286,514,394,1311,425,391,276,93,435,438,395,544,531,1172,1202,804,1000,390,472,429,1012,616,1318,416,392,1226,380,929,1059
1160,470,263,380,1032,1300,1087,716,16,453,5,617,1071,804,260,998,455,227,266,636,119,1194,437,614,660,1076,259,680,1270,452,720,116,147,641,416,687,225,454,1004,630,689,142,447,974,532,701,206,590,143,1018,323
458,400,982,717,532,463,409,535,1289,1038,1175,411,1315,401,1292,544,429,705,1173,0,1330,1096,472,1204,424,697,379,432,649,1366,258,47,567,38,460,353,1299,1162,381,669,164,34,704,455,117,655,420,1295,490,25,256
934,1304,381,138,1045,448,433,1029,951,1332,261,1067,1202,488,1038,95,1082,426,411,409,148,844,126,1089,717,1366,784,170,619,489,647,804,624,111,661,120,406,422,453,410,840,315,1296,1226,1007,201,52,441,742,641,621
1199,1202,440,436,0,406,385,661,438,514,108,706,429,982,1287,1299,136,1026,411,687,926,455,561,1050,36,25,30,126,624,135,1315,996,449,1313,437,234,691,447,704,400,138,426,658,270,1316,268,1197,620,703,34,1318
501,464,1161,465,1322,1075,253,41,149,1195,1328,533,1172,137,1152,732,543,1064,716,918,1323,230,1358,800,1342,145,37,1145,495,516,994,1092,498,1041,991,43,1089,1312,279,1173,624,1011,32,292,980,706,438,85,26,1105,951
1111,425,977,1327,463,20,30,445,700,397,1321,132,994,973,442,518,350,1047,459,984,258,1204,538,1054,28,77,24,1000,430,997,919,900,385,261,428,424,1029,1313,613,380,17,510,688,982,978,1057,717,406,1324,1045,387
86,118,557,504,585,766,214,435,491,910,524,790,757,567,714,62,154,437,1226,1208,197,133,775,1316,411,60,1304,274,321,1246,762,603,793,592,92,317,624,583,818,522,493,429,551,144,61,102,433,769,559,564,292
136,869,343,370,1209,373,591,871,1268,1233,205,1241,317,66,953,206,874,940,873,827,777,371,1370,555,578,860,773,189,1156,1235,1039,1273,375,1244,888,1117,1248,1367,861,891,486,959,1245,770,1261,872,736,64,803,847,1186
1297,261,1161,1327,296,590,11,990,988,599,226,1336,110,250,1037,431,1067,1042,324,197,989,255,1003,69,697,1185,398,416,638,93,1030,219,1312,645,339,982,1022,786,414,1194,91,741,247,461,635,415,1018,798,152,888,978
972,1140,464,43,172,766,35,992,498,279,1341,246,427,1135,526,810,219,1014,1111,126,1092,493,274,712,495,205,1205,705,585,136,439,864,1067,176,1102,768,1105,448,750,290,1095,41,1082,504,1045,275,30,1187,252,778,631
1122,25,425,951,327,429,409,983,87,617,435,118,472,400,91,1295,655,976,533,1286,383,393,426,468,438,1304,52,401,1316,4,464,257,463,679,1161,514,974,1173,666,624,1320,148,415,621,732,34,391,390,1204,234,1045
672,1270,827,104,775,780,802,852,1258,1247,1155,1158,248,845,1211,846,766,1221,302,1360,835,586,1264,1248,593,497,1177,862,584,67,803,724,769,823,1058,1241,324,59,857,650,601,210,1262,214,860,292,1266,1222,1236,565,304
1253,429,425,138,741,46,1194,1067,1171,294,118,691,912,687,862,1102,335,470,921,714,464,841,431,1174,669,1053,133,775,423,996,657,405,990,694,1191,1236,1082,991,567,1050,907,1246,544,469,41,531,325,256,828,585,1217
482,1238,754,817,995,761,201,823,845,775,839,770,486,766,1247,857,717,846,1208,1261,868,1146,525,1235,859,362,71,1269,757,1206,1177,1217,1179,317,799,43,280,749,1258,819,806,864,104,852,1262,1271,773,844,911,826,289
205,687,350,440,1050,1327,973,140,20,996,1005,315,417,24,1046,145,409,538,977,397,1026,220,1295,815,495,28,429,514,125,518,1145,126,1027,929,425,437,31,1324,257,252,982,704,258,30,390,83,533,138,975,983,463
716,460,947,314,607,992,1183,1166,1118,490,193,331,711,210,1263,825,682,864,66,311,585,988,488,1229,771,1354,1270,1346,945,479,1026,1141,702,750,946,275,749,845,1213,942,837,766,478,248,571,570,1191,529,1181,320,806
11,504,233,524,109,750,60,861,714,383,317,21,15,1225,477,637,133,3,823,1176,835,433,827,90,611,570,862,811,1236,853,506,846,801,887,752,87,666,356,555,1068,775,1007,319,1051,950,633,716,202,1226,316,712
812,1110,803,774,1177,1146,1238,859,857,1353,846,801,1209,1244,754,1143,1039,1211,1360,105,950,368,870,589,845,1186,332,1254,576,362,1179,826,1208,65,761,1235,705,751,1264,197,54,863,1247,59,555,1239,366,1058,494,530,290
264,425,687,447,442,996,143,691,440,1294,977,518,116,703,385,403,1041,976,617,258,378,350,351,438,982,270,31,973,613,397,628,514,768,516,9,1315,1027,406,472,383,1286,1313,785,25,459,1287,509,1322,427,253,430
1153,1204,28,509,385,613,977,412,261,1313,24,9,406,430,258,1052,381,0,700,140,252,516,1045,616,703,978,16,687,614,118,1292,77,1321,1201,350,997,442,1318,93,459,440,518,397,429,34,390,20,617,141,985,684
9,687,617,381,649,252,996,613,141,1321,700,459,411,429,116,438,261,35,516,997,350,1292,1005,138,87,406,16,400,17,32,412,380,378,1318,978,256,9,11,453,706,628,426,680,1300,1310,390,159,417,415,454,394
363,46,329,1187,118,529,1197,487,611,908,1116,1304,1316,498,435,705,661,427,1110,495,504,453,211,286,916,564,733,201,503,1333,1191,172,1154,26,716,712,205,1095,989,818,411,567,737,1235,107,38,1022,911,1035,1009,448
76,1162,435,391,381,127,507,1031,32,415,219,146,1171,1304,558,119,698,109,678,18,801,327,92,118,1068,103,234,1014,1173,636,712,276,662,619,1099,968,1295,528,554,631,165,716,136,1226,1316,618,34,243,38,544,269
622,570,823,569,769,790,555,862,919,1113,60,878,824,861,1226,1067,852,1312,775,571,102,565,319,827,764,603,1174,749,819,65,662,816,329,322,557,1097,1116,834,316,1242,661,559,225,826,1371,504,317,1304,864,201,849
804,1254,579,423,1270,862,864,827,104,1092,1179,828,915,248,1196,555,749,74,817,595,802,777,824,1146,553,1247,1277,593,233,1113,1158,620,1177,796,856,176,552,845,823,1148,940,1266,168,1211,57,36,60,1209,271,214,783
714,823,1262,582,71,585,329,862,1277,179,827,1238,305,770,70,863,816,836,1191,86,861,1228,61,853,372,856,586,312,799,1373,875,765,210,795,878,952,1244,1144,522,596,575,1239,1259,368,670,834,840,371,67,583,592
841,472,383,996,514,400,256,9,984,276,415,91,687,544,1168,1005,440,379,518,613,391,386,1162,397,1291,460,528,0,146,447,398,364,136,649,1327,968,411,378,87,1202,145,439,385,1041,144,40,643,1050,507,233,1051
391,1202,613,403,1328,997,1306,968,445,250,425,136,447,426,703,139,17,1204,620,276,11,683,0,35,976,693,464,897,975,1292,385,982,1005,518,327,544,1321,994,380,1089,1326,1322,717,159,1029,389,258,145,260,414,417
975,687,661,815,148,425,997,507,438,703,119,614,998,20,234,145,24,1226,389,1043,532,294,390,980,994,636,533,141,219,552,1168,663,441,1096,164,1008,440,463,439,516,620,804,464,667,544,138,1323,1101,954,4,1306
533,1270,859,823,1259,585,603,1265,582,196,571,878,70,105,1264,177,861,67,601,1238,1005,331,828,1209,570,1228,1271,60,875,581,524,597,803,826,362,555,329,877,816,1186,302,757,71,1247,494,832,337,504,862,836,1354
400,1304,167,655,1082,263,230,438,1101,533,35,619,951,435,427,136,119,599,464,974,1191,463,436,4,700,1194,176,149,274,24,390,1226,1050,1195,1045,273,558,227,159,254,991,41,327,691,1305,426,590,1139,43,1355,416
857,381,141,977,614,425,616,687,116,1050,380,412,393,518,395,1292,24,385,978,261,1046,136,378,784,1327,442,672,126,613,454,1018,20,429,1310,18,34,139,270,563,403,443,447,1062,117,1194,470,132,997,976,1286,982
682,687,440,703,470,385,138,381,126,468,140,24,145,445,447,1050,429,459,1286,1204,261,141,532,17,426,270,779,1321,9,706,435,617,43,20,1315,514,427,997,1327,1091,616,1194,327,544,1089,164,628,243,271,1041,32
102,406,463,459,628,1321,700,385,252,1038,425,442,1293,616,468,412,141,687,533,261,779,1061,720,395,1041,706,1026,693,975,119,17,380,16,35,93,245,997,636,399,516,440,1327,153,994,470,454,397,270,1320,590,315
505,286,491,102,1200,201,918,292,1344,775,504,294,92,855,498,522,477,1152,435,1140,527,311,1354,806,194,669,825,65,567,1075,1155,1097,915,1141,1153,320,43,189,1093,465,585,248,510,1268,1243,103,493,1149,550,1120,1228
717,488,1025,1175,1056,152,988,1132,86,331,1252,852,1044,288,317,248,1106,1067,721,1146,1144,761,308,1270,928,1039,50,579,1278,1141,1206,168,1259,1143,67,1113,989,990,1372,282,1222,292,878,1152,646,648,860,563,857,876,892
320,459,977,406,616,425,700,463,35,706,779,1041,1321,125,253,997,720,613,1038,1293,93,16,397,220,385,140,17,628,445,443,454,395,31,1327,655,687,412,427,245,1003,1026,449,532,142,994,693,41,261,266,76,29
209,319,1208,826,1051,567,489,1226,633,1022,1173,1246,197,111,824,829,650,1318,324,1063,577,44,410,972,327,435,1161,783,769,1265,1162,551,1217,242,1259,558,376,561,823,867,1128,234,152,986,290,1304,870,522,196,433,1190
124,425,613,24,385,1204,687,700,252,509,459,380,518,976,628,1042,1321,617,445,1046,1052,442,34,684,397,1005,28,403,984,87,258,447,982,680,616,387,1019,116,140,978,1026,417,412,634,1020,142,430,532,1313,440,446
248,425,1052,28,1041,700,430,977,687,17,628,119,387,406,1322,125,616,706,143,1321,140,1313,395,230,657,100,403,350,675,1320,16,77,691,35,896,975,385,145,448,532,951,30,1042,533,636,364,1292,463,440,32,688
284,687,141,717,98,988,1327,409,1324,1328,768,994,641,510,463,385,700,424,28,507,12,558,241,401,400,648,1053,624,455,129,991,399,1292,971,423,270,559,1316,1294,697,227,533,620,1057,349,453,429,898,531,1312,655
549,966,741,862,1247,585,1177,1146,1371,1270,324,1223,853,584,1152,870,1263,1264,803,170,827,325,1039,1271,570,775,596,777,366,302,852,292,341,1238,1131,593,1141,319,1143,59,863,650,304,1208,1158,194,70,1179,826,530,832
604,1282,1189,933,1257,958,377,360,217,1163,42,889,759,937,961,188,1350,1338,1302,1203,1178,622,53,123,963,51,884,1339,183,831,892,1283,967,89,872,1117,537,767,222,893,115,868,1279,731,1269,362,160,707,782,545,185
822,862,802,846,826,823,1208,304,1152,790,775,1241,861,1177,1238,834,864,724,863,1247,1246,205,201,1242,841,853,325,769,1039,1249,1022,1190,60,1209,780,1136,1113,1263,536,206,1239,571,1248,741,1269,104,832,233,1191,857,1236
849,570,1208,585,66,1239,583,1238,1236,592,1341,196,741,862,1241,44,574,1230,575,1263,816,834,841,1332,328,714,569,1228,321,685,866,554,567,864,312,335,319,524,1141,325,853,758,551,498,1235,604,61,650,750,863,777
607,834,823,74,604,866,827,522,1128,1238,1259,861,596,609,102,803,774,877,841,603,854,593,305,1273,104,856,328,816,570,67,555,1262,1228,591,205,871,766,302,592,193,860,304,504,329,952,317,863,826,1208,887,335
68,703,470,533,1300,38,1089,1173,268,1316,996,689,691,426,463,274,815,991,624,661,729,742,1092,158,149,1082,435,138,1323,905,567,100,706,1007,720,1061,552,1336,805,433,704,1107,1225,294,649,405,1314,1032,974,473,166
30,1204,687,425,613,403,463,518,1052,16,445,703,977,532,997,390,149,385,11,25,1318,628,636,691,706,30,968,459,417,1321,1027,427,143,440,397,253,1314,442,136,655,1295,448,426,119,261,406,1292,434,1327,391,973
434,784,1300,34,459,509,636,141,703,856,406,17,230,1052,535,421,167,445,1091,65,1096,256,427,698,613,410,647,329,1020,700,153,1168,159,0,1082,1322,691,96,119,1005,762,145,429,433,267,1326,239,1348,1134,1140,1097
497,498,294,201,1259,1141,1155,1200,491,1152,529,777,823,50,311,793,991,785,314,799,194,248,825,570,487,1234,791,489,503,1096,758,864,1094,59,1232,1058,483,553,46,189,1239,435,669,1242,567,63,911,502,320,577,604
32,1327,1204,412,616,415,425,510,141,1328,1049,143,91,687,472,704,1286,982,24,785,531,973,385,77,378,25,613,617,9,381,240,1041,542,628,1313,261,16,509,383,447,20,1014,253,977,994,1145,87,458,440,968,400
780,427,1245,1326,281,1293,141,850,1202,144,691,1310,24,1089,1248,680,351,117,1083,403,658,349,1043,789,397,440,888,471,688,1108,410,545,1325,378,400,647,942,761,172,258,1321,514,1313,434,693,129,271,1314,1322,411,628
1155,585,570,286,201,522,824,769,314,571,329,555,278,828,310,1344,1135,1131,1259,166,790,775,1346,855,1092,492,553,600,985,58,66,711,311,597,733,283,825,1254,536,320,1208,46,1266,1295,1058,584,586,494,1122,460,1144
731,852,595,846,1270,1271,826,939,802,571,803,1186,1217,864,1113,67,583,1221,1196,1238,1278,1266,860,1231,862,859,57,1275,1142,780,576,769,1179,1263,764,302,329,845,593,1258,581,205,1262,887,839,1128,878,828,940,206,1181
1243,1052,616,261,700,459,140,706,1321,118,703,1327,24,28,350,16,412,253,1313,680,687,1045,126,649,1202,440,32,252,385,977,149,35,1328,999,997,395,17,143,142,380,0,784,982,426,270,1286,441,1292,93,448,430
600,863,596,205,846,319,1143,375,818,834,775,609,839,861,1244,841,855,70,1208,803,423,368,592,766,777,821,370,583,585,371,1200,626,1110,808,493,536,1055,811,72,1277,204,878,308,1156,201,504,529,816,952,1068,202
382,463,687,141,700,425,28,261,516,149,17,1052,258,442,706,445,683,982,1313,412,350,703,1204,118,427,253,0,30,140,1041,1293,447,387,977,1324,472,38,720,220,385,655,468,440,533,417,390,518,34,968,1026,983
1123,141,1327,1324,1046,1175,1322,1154,241,1049,683,965,380,996,1295,1182,409,1047,973,463,261,687,118,631,696,1057,271,418,898,919,976,951,1286,397,1338,990,1195,743,1003,1308,28,669,994,1139,455,897,223,353,129,1313,447
1118,406,1052,252,387,779,700,87,1194,691,440,977,620,742,41,706,954,728,136,132,1292,465,438,514,561,697,250,138,491,256,720,167,616,693,389,258,1287,126,1175,35,400,1311,1025,641,553,447,1037,261,544,1018,518
219,996,256,613,1041,1292,145,385,34,139,118,425,141,411,535,167,614,269,43,24,381,655,429,398,9,965,353,94,725,390,468,683,720,599,1312,753,252,1071,784,1025,1300,274,1204,1332,1065,384,1029,470,380,117,77
753,977,1005,518,445,425,965,16,680,1313,24,258,412,380,532,613,430,406,590,655,983,628,447,1018,385,614,996,145,141,429,440,1023,982,403,93,1327,379,409,143,397,997,617,417,433,1000,387,20,164,535,25,1292
616,1238,861,60,823,319,1140,864,524,504,846,835,581,1247,335,852,827,1265,1245,862,803,201,1248,61,1236,570,214,860,1228,1127,856,236,834,585,863,1277,67,1113,857,878,305,316,1360,70,1211,887,849,761,62,205,1219
421,1274,307,835,1023,645,61,869,1373,1110,609,197,497,879,718,811,601,828,1146,420,290,871,862,908,504,989,925,915,1145,778,593,242,1221,934,1056,1273,823,730,951,337,800,1210,529,721,803,319,103,764,870,594,750
566,312,329,824,279,1352,750,211,1259,194,524,503,105,477,165,570,1266,603,310,319,653,274,769,1122,491,1225,609,148,1344,576,159,771,567,631,1155,1190,1245,514,405,150,1242,551,825,785,1141,795,829,864,460,863,1187
991,1141,620,803,1143,1039,650,197,756,1247,862,574,790,841,485,739,662,753,1206,201,768,718,408,1263,317,1058,61,524,420,290,856,189,227,1014,1095,819,639,1246,828,203,328,343,648,855,845,234,565,1154,176,312,311
711,827,862,878,749,1144,279,367,761,170,66,1371,375,233,585,1152,1209,1263,291,837,876,659,770,316,1160,853,886,285,943,1100,1270,371,308,1196,1278,286,303,1166,1258,871,834,1156,780,555,769,236,1231,1259,1143,772,852
1247,1328,1018,256,514,1292,1295,509,1000,1031,485,442,1014,261,1174,416,118,250,997,267,381,406,437,126,470,451,234,146,507,965,1161,1019,1194,419,268,252,127,263,422,1012,698,720,245,411,223,974,1171,1032,43,672,1296
861,425,1038,997,1328,1052,350,253,17,35,706,516,691,1322,1026,430,1165,1085,406,717,648,149,720,991,385,0,1070,613,616,261,454,742,136,1045,791,784,445,141,800,153,918,701,138,680,982,807,1067,657,270,896,620
172,324,862,60,1141,1262,841,586,816,71,603,1238,1248,592,811,867,863,170,839,572,775,870,536,780,583,59,202,335,856,326,1067,522,555,1371,65,633,790,818,523,834,328,242,206,770,103,70,177,762,609,923,757
673,862,853,329,823,268,66,592,600,1096,60,834,568,826,1258,604,1129,583,791,1259,15,827,65,1153,911,793,1068,1151,861,1180,214,1277,1022,698,292,871,328,1242,504,650,775,790,584,197,562,572,603,319,565,618,102
1101,1204,1321,425,28,1310,706,613,973,141,977,628,703,518,655,447,1019,1327,691,406,1005,1292,700,261,1328,138,616,614,426,1026,397,507,687,976,1046,252,982,35,442,454,253,250,647,620,350,1089,1041,1175,417,385,16
181,468,706,28,687,350,779,997,32,438,703,1004,514,1320,1204,732,518,1027,752,253,141,35,383,24,463,17,149,219,544,381,649,1018,1322,965,1173,532,136,1089,720,294,996,1014,430,1202,261,41,25,435,1174,994,1318
22,694,504,434,435,1161,624,87,617,514,522,714,1304,1151,581,1312,557,1176,626,154,400,1239,111,448,391,248,453,667,559,1168,103,999,1005,416,1162,552,878,1050,991,357,1248,429,167,1128,327,127,477,439,257,1173,983
661,1143,1237,1146,495,288,1152,873,96,917,1130,1125,990,1231,831,1361,304,774,1106,370,801,819,1117,499,566,1118,699,1024,485,1207,336,346,284,283,1154,827,339,1209,72,86,1222,878,941,1167,724,236,766,1155,754,1206,205
44,252,1052,406,412,425,1041,706,703,693,691,454,997,261,613,1292,393,35,270,1327,427,429,426,532,680,700,141,1026,1023,397,463,1049,350,24,687,1204,381,634,394,994,649,0,93,1287,701,395,440,1286,1324,445,1045
194,445,518,687,417,385,509,507,1204,11,281,1293,91,1042,1052,25,24,613,1313,965,294,252,982,1006,977,679,1048,140,501,1321,968,261,779,973,662,1292,975,76,957,1061,1304,697,28,463,77,350,997,655,425,1164,268
1299,425,445,385,687,403,472,1327,17,1026,1041,613,447,390,464,350,784,24,145,268,997,703,463,412,459,996,982,149,30,1322,261,700,1286,1201,125,614,1313,1168,1052,991,442,732,1061,1328,617,544,1045,116,148,9,159
151,427,616,1052,24,1000,1042,1202,430,1328,704,273,617,136,982,1286,459,393,463,469,700,1327,1025,378,250,999,261,1023,1020,253,464,425,0,703,153,994,1313,21,990,152,968,1105,1161,683,1070,560,87,36,706,389,159
553,722,571,1152,745,166,765,791,502,487,875,312,319,465,593,584,774,99,1183,986,617,320,944,1191,528,1180,159,1195,701,1149,453,292,438,817,676,233,1155,1011,1259,675,565,1136,273,1022,1058,862,211,170,172,1099,730
75,425,1161,395,93,381,977,327,126,975,261,997,532,440,1327,1202,118,1321,649,364,1018,1051,1041,994,403,470,383,16,616,1162,406,544,447,385,983,24,706,438,276,136,380,1031,518,35,90,255,661,516,394,1027,220
461,172,661,435,433,1140,1173,916,405,464,704,532,1165,815,41,327,1176,1168,980,662,469,1174,1092,703,92,487,669,1014,1286,448,126,159,1315,477,805,1008,411,427,429,524,698,1316,491,1162,421,30,4,383,697,352,981
190,60,202,205,853,555,859,22,319,1271,862,536,583,856,65,823,603,777,201,852,1248,592,1247,604,861,104,834,320,68,593,841,66,1245,863,21,329,498,867,341,829,562,4,577,780,1141,569,1370,1187,1263,211,585
957,1202,403,118,425,1327,997,732,417,445,140,468,1322,1026,380,613,116,683,977,125,268,976,435,703,32,25,0,1089,385,438,20,350,87,119,136,440,1018,390,454,17,447,655,442,968,1008,472,37,996,405,975,411
507,701,118,1204,41,248,1319,1311,439,158,449,1005,270,464,1014,649,425,259,1034,1083,1248,1067,287,167,43,544,1140,617,687,1045,172,257,1013,85,1056,435,669,620,1373,1345,143,1239,364,758,138,1047,527,1161,1120,175,705
889,425,725,138,465,538,1067,706,261,1027,691,1323,491,468,1204,264,350,991,1089,429,687,1292,438,142,459,35,327,533,968,17,219,526,159,1018,20,1312,815,732,148,441,896,403,383,662,140,149,636,514,693,997,722
520,1360,196,1233,933,1290,302,830,606,1240,63,596,194,911,328,84,308,291,808,755,650,1143,1146,958,183,869,870,1272,591,1152,551,782,1088,366,213,1189,498,1241,576,337,942,284,206,1177,324,332,27,770,370,842,826
213,148,514,390,425,469,438,518,687,403,704,429,315,294,138,87,507,364,20,1037,898,971,1316,453,1286,1318,1051,1107,982,25,400,716,401,34,136,703,327,398,378,1168,92,126,968,986,617,1304,463,471,1022,32,415
625,811,1271,823,1243,1263,603,1277,1228,1262,570,65,70,854,104,1238,849,856,585,1208,847,1260,966,827,864,214,774,1156,1240,1270,592,565,575,215,765,839,600,1255,207,375,56,859,870,604,863,931,1280,1252,581,54,59
367,1332,1226,734,557,1315,972,405,553,1202,1031,327,92,986,979,528,980,650,248,558,391,294,590,969,292,522,981,649,805,279,824,567,753,1318,49,1141,1022,158,411,273,148,931,233,653,390,165,126,136,1297,429,1153
1320,871,1022,102,576,1149,503,194,801,21,570,243,1144,769,944,198,585,829,1153,1158,796,583,106,33,1155,392,862,514,1177,116,826,1171,715,1191,211,15,402,1180,1183,552,202,66,1108,57,1063,528,1151,777,633,1370,554
1305,1058,1195,136,1112,1102,353,256,749,1188,1048,550,489,429,384,960,712,411,469,50,581,313,743,1007,1349,306,236,167,758,1063,1151,801,40,260,1159,1278,655,1260,705,304,110,1049,1177,1065,1025,1044,491,471,1107,266,249
342,687,32,1293,442,516,350,1286,1038,628,454,17,385,1292,445,425,613,977,655,440,118,427,1320,258,636,590,616,1299,116,1026,149,417,412,25,426,614,1318,437,1168,20,720,1327,1313,514,518,1321,252,411,28,983,449
63,4,245,522,1152,966,824,259,1141,1174,753,178,606,219,1056,795,787,1373,1370,518,650,714,289,803,1211,282,286,309,22,328,846,775,1223,493,65,1304,1155,451,541,151,577,1364,1206,927,596,756,46,416,1238,865,1346
764,687,518,294,510,1294,389,507,11,795,1174,164,779,965,420,1161,1145,1176,250,380,77,1051,28,998,1041,1025,1316,259,416,244,975,1172,166,1293,980,274,1060,91,567,1175,898,412,405,1036,219,460,968,424,141,409,1023
1108,170,801,176,551,944,1335,14,770,644,863,477,45,585,891,1238,194,583,754,1,1178,494,105,1233,319,985,1179,326,584,570,246,993,780,1273,1092,869,47,166,907,63,1115,857,633,783,1370,1022,594,671,32,995,362
504,581,758,766,1096,206,1222,66,550,1208,818,302,826,862,802,911,775,705,799,577,689,71,1260,1128,290,1290,948,912,986,319,1205,1246,570,203,870,592,915,1200,694,1349,504,63,522,575,524,793,1263,846,864,1120,4
1025,714,583,585,167,1266,312,836,852,818,780,66,314,577,571,60,859,789,433,205,592,547,603,321,581,1246,1262,856,846,823,845,871,238,1263,827,1254,793,328,971,826,663,853,1271,67,828,790,553,103,1102,523,1151
26,846,849,66,877,1208,834,1246,1217,585,1259,816,775,839,596,853,70,493,806,609,60,1277,1156,826,859,1263,803,335,214,522,778,504,1100,1244,61,1273,875,317,368,1256,828,867,811,236,1275,835,872,827,570,203,911
892,518,613,687,655,100,17,378,442,752,77,691,1316,648,417,628,1041,919,449,25,1042,141,258,9,253,1318,1102,0,411,1026,430,720,119,1310,689,469,1299,409,405,294,1097,1005,403,18,1061,1327,1014,1027,149,11,1351
833,1175,502,325,1135,1058,498,1190,469,200,1169,1149,811,487,985,577,1312,1155,317,827,465,862,86,1025,1372,550,876,1131,464,292,585,816,758,489,278,677,319,611,152,1062,137,1328,1101,797,92,1200,1141,1226,1271,1265,1219
467,1175,1191,504,1151,550,864,272,491,644,473,203,400,585,611,487,1127,1246,1120,1336,111,41,522,470,99,845,1214,181,1102,762,840,566,1172,577,774,1100,581,818,761,1044,553,1333,239,1316,584,825,835,661,704,1260,1017
431,449,1320,1038,1061,1052,463,700,1004,17,1322,655,125,425,19,735,687,387,220,779,114,1003,1314,1021,1006,1074,800,161,466,533,355,640,1293,1321,501,25,969,418,385,30,628,351,1171,409,900,1072,38,1334,983,115,904
522,1292,464,465,704,680,628,143,1202,703,298,421,701,99,440,20,1325,1310,1027,1046,706,137,973,427,142,1328,248,1313,918,1315,1321,896,630,671,976,165,725,977,437,116,1094,1342,152,1289,119,1105,985,687,230,1344,1092
611,823,66,862,826,1266,205,1263,570,828,802,201,1247,1238,210,1371,852,845,1259,1270,764,1131,62,858,769,595,819,1206,775,1248,853,59,581,584,1262,577,871,966,1113,846,302,827,565,1022,1242,866,1264,335,761,1208,1256
454,425,742,1292,1099,603,1094,1107,1335,292,1101,4,329,570,167,1312,1012,272,986,1051,804,675,126,1031,561,1173,509,698,480,133,676,166,716,1287,653,790,102,1105,20,38,954,165,347,45,41,1075,43,1032,1332,158,405
825,1186,233,593,770,1231,887,1271,1142,749,1354,209,207,1266,871,846,839,1221,1254,555,1247,854,803,1270,571,1263,1211,66,70,966,859,1119,248,312,878,811,841,1132,569,852,1248,105,1371,962,847,1261,1256,1278,862,592,1228
442,1345,1105,1140,543,470,469,271,585,1050,487,477,41,669,248,1221,464,738,498,126,1036,158,1239,412,393,1108,274,1308,1223,535,1341,1206,159,136,438,256,411,984,649,172,795,704,1286,693,11,139,233,448,32,279,201
218,425,518,426,403,261,1202,390,691,468,24,1310,687,397,427,616,997,253,649,35,994,1038,138,447,700,613,454,703,136,381,463,1328,680,697,1322,636,438,1204,779,255,1327,968,800,141,507,32,443,385,617,143,16
852,453,1067,780,862,741,775,998,1096,159,15,110,416,1304,1063,1082,661,497,4,487,827,557,1226,986,435,762,641,174,592,1101,1162,1140,391,1122,21,1241,3,975,327,106,535,698,411,1258,1173,1174,793,491,1242,552,989
587,1265,1175,524,714,1076,1259,555,193,74,1238,575,370,221,1275,294,796,799,892,700,1228,596,832,57,375,803,868,373,1156,773,242,312,215,1248,570,1183,1111,1260,577,827,295,1239,903,585,505,520,1207,866,820,931,286
529,304,596,326,1110,196,496,948,214,1208,950,770,550,803,1146,565,110,497,1261,1163,542,328,370,54,1233,104,489,197,1276,870,1238,498,1137,206,1355,635,598,1143,1244,702,290,740,927,581,332,934,1371,335,70,503,1272
83,981,425,929,327,92,93,87,980,983,1316,90,1312,394,136,1352,1031,984,489,702,694,507,898,1118,1019,975,276,1174,139,118,968,779,559,34,98,516,397,107,558,323,716,148,557,795,982,564,617,1013,399,91,46
493,1149,279,296,319,1241,770,286,887,603,312,1223,1128,1238,305,1367,1234,565,1143,290,307,765,878,827,524,1242,1236,798,928,609,477,606,64,871,52,689,1271,242,1169,739,54,1218,317,3,1248,1239,1200,1167,206,1113,1226
1212,687,403,1019,1287,982,976,385,417,415,1046,145,91,258,378,383,1310,507,590,381,429,977,973,516,472,1018,440,425,24,1042,438,613,996,16,1005,143,971,142,1041,17,447,514,968,11,1294,412,445,965,463,984,9
308,116,703,149,447,691,274,24,427,435,465,425,720,387,1286,532,1314,1139,1052,145,253,514,470,636,440,411,452,412,700,1041,617,142,687,990,403,975,624,1316,43,1295,445,1096,118,1327,390,1027,669,146,815,810,516
1047,977,617,403,649,143,982,454,516,442,426,276,261,18,25,440,1202,1204,385,997,9,613,390,119,116,544,0,258,379,2,919,968,364,445,447,434,315,1051,327,270,439,400,616,1327,443,430,1316,429,1168,514,149
229,433,558,687,703,411,381,389,391,557,1296,435,518,427,139,704,425,118,1202,725,994,469,980,700,12,92,412,441,383,409,17,152,11,292,1303,141,1304,421,898,1312,983,544,41,423,535,1316,706,1351,35,1342,1204
751,617,572,66,583,1044,416,1177,329,862,577,435,203,565,860,1208,127,319,528,544,46,869,1093,571,553,489,1266,593,433,846,604,2,705,328,62,547,986,619,1050,793,256,423,9,1239,1058,816,1171,592,951,60,1056
444,201,1140,1050,460,1304,1249,1083,818,133,853,1205,862,469,1058,543,790,738,1067,970,389,1153,669,61,1113,1344,1190,1187,233,1048,718,1056,1202,1094,1154,1022,60,565,824,357,845,1092,852,1111,769,267,621,780,1095,470,775
653,366,1228,750,1238,606,1277,214,845,1270,71,811,862,104,770,826,879,577,1217,1208,834,846,210,867,70,581,1036,825,818,847,74,1243,328,816,1256,857,562,1262,583,555,827,836,1221,489,215,741,1269,86,1156,803,208
1074,990,274,477,841,62,649,922,196,751,205,126,1120,505,574,834,544,1022,1136,479,1144,910,325,836,326,907,954,970,1135,993,1212,1010,761,133,172,1140,669,561,365,1217,1160,654,1067,167,356,168,1139,1333,4,567,320
605,862,66,203,818,823,214,846,1208,581,71,585,62,575,856,592,593,853,825,319,806,60,790,1277,859,845,202,577,778,570,863,1272,603,604,522,68,670,95,305,835,562,193,1228,849,312,320,1262,816,864,836,803
1186,1143,482,592,862,853,317,1023,802,741,524,986,876,325,834,745,1102,771,1235,1263,1208,233,319,296,596,846,1131,1069,803,1239,1127,866,829,852,1135,1266,887,606,877,827,1111,1155,1269,273,1039,1146,569,326,67,1022,1116
349,620,913,585,427,758,649,1314,928,595,411,558,1168,714,1293,372,583,1194,973,678,1059,1223,1303,504,669,1355,348,981,422,37,136,639,1012,1140,556,1102,21,805,906,559,1217,226,705,566,624,1083,294,9,170,175,766
698,370,932,498,520,209,771,1150,1077,1135,78,958,42,1117,213,360,499,190,828,1153,1215,1280,792,1283,1143,1163,215,865,622,330,851,282,1074,1149,69,123,217,493,1152,521,1206,508,1269,1317,212,497,1265,1373,1147,893,816
1223,1061,1293,28,1322,430,613,449,454,427,387,149,975,1204,687,478,468,1321,655,729,691,1026,463,125,385,464,417,253,17,688,616,93,136,11,516,82,1327,1042,976,984,403,901,1313,442,145,1345,997,590,680,982,140
12,1173,91,403,687,438,18,411,1292,381,429,1333,1300,1304,968,1316,315,409,1204,1322,391,25,1318,470,400,1311,401,1014,617,613,32,996,472,390,364,805,410,35,425,1342,261,383,691,1168,1297,1314,118,1341,138,463,433
377,567,1316,624,429,1120,1312,522,1176,433,583,553,912,1303,649,319,999,46,581,1012,90,104,434,92,1304,1332,818,570,256,543,921,559,1238,1022,1051,435,469,504,391,639,916,908,797,214,621,1272,320,505,324,126,603
830,823,581,569,862,577,853,863,775,477,105,787,887,603,799,585,1354,194,592,891,871,835,859,1238,890,66,329,1263,827,371,67,1208,878,568,1271,609,524,754,372,211,792,867,316,500,1248,1155,62,1131,523,911,328
1286,1324,1328,1327,1139,99,255,380,1195,146,473,164,145,261,1003,1018,463,116,677,142,784,996,153,478,1292,590,388,1286,399,611,667,454,387,43,149,800,165,125,1342,1322,997,430,703,250,687,77,749,1038,1058,696,919
788,518,1293,1052,613,16,425,463,258,729,965,1019,440,387,28,417,32,445,429,977,655,470,1318,406,532,389,315,158,24,34,1292,378,119,1026,468,1025,268,616,649,412,427,1050,973,1061,442,17,693,393,447,9,614
1251,741,576,498,1152,1242,189,1238,774,276,62,325,551,69,864,312,841,944,407,565,871,1261,170,747,1209,792,1140,1273,59,1225,1132,50,740,290,1,1146,873,57,1254,15,494,364,799,1180,373,861,1223,1012,771,890,553
120,804,389,425,438,752,20,435,148,815,671,453,15,518,176,24,986,4,487,60,784,398,687,704,448,1096,110,951,620,1202,583,1318,270,415,971,551,90,506,138,1050,974,403,1027,416,732,1315,954,412,585,1068,996
36,867,68,96,769,1093,823,70,553,120,583,1014,571,176,1208,324,341,1265,1238,304,862,460,84,326,819,1115,864,826,211,1259,1354,770,104,1141,1056,662,562,825,320,1270,841,593,865,592,536,435,1005,1258,1067,834,966
839,17,403,687,440,445,706,628,977,613,703,1041,385,350,142,16,145,118,0,1327,143,509,258,590,24,649,9,34,997,30,141,518,442,1005,397,447,32,20,1313,1296,1018,636,784,996,1052,390,459,28,138,1089,617
42,683,1327,997,445,253,1328,1139,1321,261,1175,673,1023,234,687,165,1312,732,994,703,0,430,149,677,366,800,1052,146,429,459,220,465,1249,676,1368,1363,387,276,977,1041,464,150,1296,1345,949,1046,1292,472,779,447,1030
926,424,1139,447,118,482,691,136,459,779,683,1013,628,648,1165,1005,416,468,257,1312,634,24,994,1057,1050,655,516,164,599,680,998,91,1047,815,642,720,1008,805,1171,673,261,617,991,480,514,856,1202,649,294,145,836
58,176,785,954,383,440,60,148,805,561,543,552,862,1296,784,136,1092,649,459,234,514,671,1044,620,87,292,1190,469,647,482,992,1094,400,465,1158,1340,1311,1202,864,568,703,491,264,712,133,617,143,648,624,1191,1045
1054,281,10,938,1111,306,992,1048,1024,1038,819,1374,632,101,988,785,184,1106,1199,1227,419,1222,288,1253,359,358,806,1215,301,547,579,825,1170,173,665,1165,884,640,539,511,363,484,622,939,794,1373,208,1206,1175,248,942
1014,864,775,846,862,60,551,1096,329,1316,853,1270,836,506,671,1265,577,968,799,986,1296,637,571,1095,525,1208,826,133,1217,1236,842,868,504,819,840,861,469,290,164,1222,1097,15,867,872,742,657,1366,790,526,62,1132
361,445,1204,28,977,1321,518,459,691,973,613,440,406,35,438,403,118,24,706,16,636,149,1161,1318,687,385,427,429,628,703,468,997,514,270,1327,447,93,1202,442,411,140,985,1027,426,315,700,532,1310,454,0,1314
322,1321,406,459,425,35,427,253,1089,138,1327,800,703,671,657,143,395,387,470,1202,438,445,140,426,704,977,1082,1041,141,270,28,1161,385,429,468,458,1342,435,616,1043,350,465,1328,1292,453,149,1020,142,968,1023,680
78,453,255,394,380,616,381,47,440,954,116,227,1029,1008,694,1172,563,590,261,696,289,1021,697,666,582,805,995,1164,922,384,393,438,412,614,1292,345,87,397,139,1182,33,452,37,424,1324,146,470,328,23,257,415
1271,687,1321,1327,35,270,680,445,1005,919,1052,1067,403,77,24,617,440,252,976,468,143,350,703,430,424,258,1165,1286,348,17,701,697,431,1310,968,1173,16,1019,1045,443,159,118,691,429,1324,417,518,1089,896,1046,25
230,815,427,1067,383,980,437,616,657,780,93,661,268,243,1162,220,532,480,1063,986,110,1043,67,244,261,725,829,378,489,118,1242,968,620,671,94,143,438,1320,15,951,16,126,717,272,1022,24,971,628,416,327,1091
135,768,1014,997,255,1057,351,1299,270,1286,951,1324,447,1038,327,350,243,1313,2,399,1310,140,687,276,414,159,800,516,35,110,1023,673,1162,919,253,425,1049,817,37,532,1320,678,1045,1092,815,251,679,983,129,991,378
664,864,1223,766,1371,571,316,1258,852,194,1242,862,1249,1270,585,775,1262,1205,1152,1246,62,366,305,1277,60,940,1275,769,1254,819,1266,1058,856,201,1113,1115,1247,1259,1217,171,1344,595,861,1219,1209,1237,1276,320,868,324,86
851,385,516,1026,613,406,16,258,387,125,463,425,1300,977,965,628,28,315,1041,141,680,442,0,590,616,447,417,440,140,454,1322,994,350,720,997,532,655,445,1018,1292,30,145,20,1321,449,426,1061,142,252,657,518
378,394,403,411,1321,397,590,968,18,425,544,429,613,977,24,617,393,390,143,1204,30,87,1051,415,1310,409,91,982,9,516,400,256,1316,1042,364,391,380,514,1327,649,149,445,0,680,433,412,1161,416,454,447,383
228,445,1204,385,138,440,614,266,613,142,426,350,34,381,977,1029,412,616,35,264,1318,252,273,1292,463,752,1045,693,20,459,532,649,261,703,132,1315,41,1052,1050,1026,2,424,1287,119,1332,429,687,636,674,141,1296
347,801,435,391,705,1007,620,411,583,203,785,400,390,392,981,864,553,148,698,66,15,753,302,514,529,21,1355,585,1113,1044,473,1158,624,793,570,852,433,1191,1177,1303,557,577,322,637,1171,1202,422,304,998,319,986
281,1049,17,1327,984,1286,1008,1050,387,1332,261,1046,1210,703,590,683,440,1036,164,1292,1105,163,26,791,159,198,1057,267,469,1324,274,669,352,460,253,98,110,734,167,942,487,157,1344,1124,141,996,1315,725,459,466,564
317,1052,225,975,425,254,613,252,16,220,93,897,270,1026,399,533,919,973,628,29,143,1018,430,439,994,697,437,266,561,271,389,426,1194,406,452,35,687,91,348,655,974,779,1310,654,119,445,1025,459,234,385,997
1144,1127,1120,490,543,425,751,43,1352,916,1095,312,778,999,1161,1228,41,524,1272,100,311,685,126,619,1175,1009,509,1108,203,434,320,1075,581,917,256,197,1160,911,1182,1058,1073,1167,761,466,624,1100,799,938,1113,388,1196
1031,390,583,20,1051,1316,392,984,9,1180,982,912,389,559,507,1139,268,152,510,403,518,472,730,1366,1351,201,379,981,581,557,659,77,966,1000,885,1022,95,617,986,1076,319,34,593,21,322,109,134,251,1304,1328,825
225,463,703,982,17,403,1287,1041,118,429,125,507,24,919,472,1286,997,141,469,327,533,1292,138,732,1328,706,617,116,412,99,400,510,378,261,91,385,253,25,729,968,470,350,390,12,1050,394,417,649,1310,430,1018
453,778,225,836,555,205,1361,1228,1229,259,1140,203,794,1240,587,1252,672,368,490,493,789,479,69,713,868,1222,522,711,601,29,215,832,741,639,337,849,869,715,993,193,623,1181,1264,1142,195,837,520,644,583,49,943
1276,464,1092,785,805,1049,986,427,1061,1046,725,274,543,514,1149,172,732,1002,1153,253,470,521,742,83,1036,1013,164,671,1091,1137,290,1022,435,85,1060,973,438,810,751,165,738,1294,1105,653,140,142,687,1191,1012,948,628
1002,1200,491,524,117,329,50,439,1323,1043,274,487,1122,704,159,0,498,278,1337,999,980,268,799,126,968,753,489,30,465,1226,358,505,364,504,149,639,785,429,189,480,44,447,17,35,421,1111,649,1167,1197,815,296
339,977,258,1045,350,425,518,351,385,1041,1168,17,447,614,440,403,35,143,32,613,687,1292,1026,973,1318,399,1320,116,417,1321,455,28,1044,2,383,459,1293,389,442,1052,982,996,636,412,34,138,416,1148,666,1005,968
307,406,426,613,385,1041,700,616,459,977,395,252,463,397,1321,706,35,140,1038,430,997,628,412,93,261,687,1199,220,1042,442,1293,142,254,1327,468,427,445,720,1313,1004,975,470,1029,16,443,454,253,380,1049,390,24
265,1321,350,252,93,997,784,616,397,459,234,1322,691,167,16,706,28,680,1311,687,700,697,253,514,977,261,442,518,614,427,385,406,1194,417,140,655,1305,425,440,1313,0,403,1049,118,136,1041,142,1046,1059,250,145
561,862,319,823,603,570,824,826,1141,302,834,766,1259,593,592,802,1022,493,1359,571,1190,619,790,585,818,780,562,825,1230,1,569,314,1056,1225,583,225,460,464,498,1208,1166,1155,60,1177,829,854,1152,102,575,210,604
963,152,981,1051,657,1202,800,1003,455,392,1172,93,425,779,898,1161,20,21,1294,518,391,584,991,148,507,394,1014,1316,1176,918,1175,25,1194,1038,951,1019,1328,526,134,469,1050,453,22,383,1027,149,327,805,91,1287,1037
512,197,486,524,819,650,1360,233,832,1241,536,911,1249,18,365,1248,547,576,753,289,1143,14,829,1151,846,799,194,916,1123,174,863,164,416,554,503,1169,1200,294,1247,551,834,60,1263,1210,1141,859,604,570,319,296,564
853,425,1017,315,426,390,87,364,661,1052,1031,1318,867,1173,522,392,518,3,439,451,121,694,1295,974,90,1300,1304,815,655,393,443,148,58,1226,457,975,971,254,491,1161,1044,951,1027,860,95,1082,620,729,1239,628,762
1244,385,616,706,426,700,142,977,24,28,1321,387,143,140,1204,459,397,613,440,628,657,1202,447,1042,449,427,16,180,1046,982,463,445,1327,93,442,252,997,1293,454,901,1045,20,258,380,156,1322,680,273,1195,430,684
1312,977,425,1052,1345,616,252,509,442,406,254,459,445,997,978,1305,725,518,700,440,1015,77,1038,28,397,24,16,426,1049,412,1048,1083,243,900,695,220,800,140,701,35,270,427,634,93,1061,514,78,1042,706,277,253
1195,999,138,757,422,526,133,1342,41,143,1120,691,391,433,714,465,514,504,836,1045,28,585,1296,760,636,1140,312,648,954,401,470,1097,448,553,170,345,480,649,862,752,487,1011,703,111,468,161,1172,544,463,453,1101
1023,864,1058,469,1177,862,571,769,553,1242,1214,1211,584,1241,1158,791,764,826,1044,852,197,1219,1364,1190,176,1236,530,835,1243,316,774,585,802,576,198,1183,825,650,1191,205,715,1023,775,510,1276,828,780,161,1249,460,292
959,1052,445,1321,459,93,350,385,687,1204,977,613,24,1026,425,447,973,800,700,406,968,417,616,706,976,249,426,438,281,896,430,897,28,1293,440,16,514,140,403,1327,688,378,0,1005,965,1202,429,532,387,253,1027
137,28,220,1320,680,613,532,141,417,687,445,1052,463,614,315,1300,442,426,149,258,977,706,468,1061,655,1027,119,1168,385,533,425,634,544,994,518,1041,0,427,1318,125,24,439,974,32,1313,691,440,590,438,975,996
79,981,766,1051,533,394,715,24,1172,94,1076,1355,590,1294,219,987,468,442,455,732,93,689,149,805,1145,432,220,1002,779,1137,1316,21,999,453,395,470,425,1074,98,438,643,1174,1176,701,542,507,23,1049,514,326,119
929,146,1328,996,152,119,470,700,1018,617,1139,463,468,41,99,116,425,268,1041,471,465,752,743,271,464,469,1049,992,439,1322,533,919,1300,380,974,1336,1342,43,734,1091,703,36,390,1194,1286,1019,473,274,28,1102,139
818,1113,764,915,1209,864,871,886,595,749,205,761,802,1265,1266,525,1270,970,1231,1274,757,868,1146,1211,236,1271,1056,1254,1186,966,913,1119,362,71,908,330,589,1263,105,1264,1234,307,1206,797,878,826,769,920,721,555,889
1238,687,1051,1321,1031,20,397,118,87,261,1041,426,779,445,35,403,93,1174,32,983,92,997,929,516,1099,590,430,17,1052,613,951,383,1018,385,136,1204,1294,77,25,381,107,1029,979,119,976,252,804,507,1034,394,327
970,680,720,800,145,706,688,125,1175,1018,1324,325,425,1027,703,599,20,478,439,440,385,628,149,648,495,509,454,463,447,350,142,387,1328,1323,138,1005,110,13,667,24,1038,119,129,1047,1080,996,1090,199,652,180,226
801,1259,3,1171,980,1265,824,1141,259,1226,1123,276,1048,694,294,104,1128,1312,319,469,305,524,44,1039,662,244,225,491,314,1239,1173,1318,329,214,152,58,389,1288,67,715,650,1174,219,954,1151,489,522,4,1344,433,366
263,287,381,261,350,252,445,1327,118,1292,986,21,425,32,666,383,243,438,1114,219,532,378,642,1204,1029,1162,661,17,1176,768,1038,1321,390,619,613,234,1052,1047,621,109,258,982,472,159,1008,996,1200,703,1051,384,502
668,886,1276,952,177,1258,1152,1264,316,832,1228,191,947,883,816,324,86,1278,877,885,1270,924,1257,740,1238,862,236,288,215,1254,875,827,209,1166,1196,966,933,74,1269,1243,874,1143,856,765,184,821,823,1181,335,1255,839
1042,415,824,276,583,1330,571,389,531,544,401,390,203,678,472,518,46,1168,386,259,1359,522,514,416,553,804,845,176,528,1171,565,405,585,1012,653,993,511,841,507,392,954,1145,684,1316,1162,8,1037,68,825,420,383
1068,593,862,1113,1149,790,827,233,824,624,1045,1332,167,294,522,534,764,60,102,553,1266,327,319,168,989,1270,913,1177,741,639,139,586,577,92,845,1237,801,846,570,1022,581,148,1118,564,1366,930,1155,783,986,1226,1249
451,63,435,1113,312,286,1128,319,50,491,570,592,550,1248,911,565,551,487,410,1153,557,522,1151,891,766,1239,604,641,827,862,401,1141,320,663,1238,705,1236,503,52,44,15,1241,1212,854,1226,136,59,14,633,158,1110
1277,920,912,925,572,365,793,816,823,165,577,433,795,505,46,197,769,864,66,205,818,321,861,775,329,911,650,71,469,175,741,871,567,67,557,1116,1208,549,592,863,583,846,1312,1241,1230,337,523,1266,922,870,780
924,406,700,687,385,616,138,691,1041,617,1027,509,136,24,397,1287,17,426,28,514,613,1050,145,119,784,706,403,20,274,1052,440,896,671,1037,448,422,1029,628,978,1321,997,752,703,387,412,720,800,41,982,380,693
341,252,17,1204,445,258,1038,261,687,1321,919,532,41,1041,516,983,447,37,1324,138,977,264,686,700,1286,613,141,1168,1319,706,439,464,459,36,968,397,538,20,978,720,897,270,626,973,1292,32,383,994,140,124,666
758,1038,425,1052,1321,35,977,142,385,459,463,680,140,28,448,687,143,975,17,634,20,1175,427,406,387,118,533,454,1293,532,648,697,16,706,253,429,965,614,350,983,270,720,994,1005,1076,263,91,1019,152,1320,440
870,454,385,1038,397,350,149,463,977,706,447,687,1286,1194,28,613,516,442,1321,141,425,140,381,1175,1327,996,1041,25,1042,1195,1322,124,510,982,417,1003,17,616,380,261,30,270,590,143,430,258,438,709,118,220,24
704,463,616,93,700,804,4,35,28,440,138,136,412,533,516,381,219,561,954,800,389,1029,975,805,687,703,613,148,1161,394,118,1061,268,971,141,691,1321,395,1304,560,544,997,1175,253,119,518,139,706,951,426,991
90,613,258,687,973,409,425,350,614,977,1019,1168,514,688,429,0,446,16,1005,1293,509,385,1320,628,468,532,968,1045,119,87,700,403,25,447,980,1295,636,442,28,390,410,406,1292,32,125,1054,417,9,1311,426,411
951,447,1161,725,1321,983,142,350,20,87,445,1027,999,459,448,1045,35,700,17,143,1204,977,1289,148,77,647,1067,34,687,1050,817,1155,1345,491,118,613,327,264,975,987,703,1120,1308,385,1029,509,1004,441,1304,140,1310
670,583,841,604,862,834,570,790,1177,1270,1208,1190,60,1271,319,758,845,1259,176,576,1022,1213,593,498,312,522,592,1335,376,1093,1055,603,305,824,1238,194,609,752,853,811,741,633,1364,1267,66,553,14,57,233,536,863
635,1177,233,1249,1175,67,176,472,1104,110,557,824,469,251,1214,878,1246,162,43,780,236,1044,565,654,317,273,1235,159,854,1134,817,167,1236,852,57,319,272,568,827,846,873,423,1022,211,1243,464,1099,1050,890,853,200
591,862,522,329,818,1238,864,1259,749,583,201,859,803,823,312,372,331,1056,1059,757,325,1217,790,1246,196,828,1262,1058,1119,62,1094,846,1352,1271,582,1258,863,1265,826,877,194,775,504,611,302,575,551,663,320,34,402
819,540,960,233,174,160,965,385,1204,820,1061,763,481,680,209,17,64,899,953,9,739,1037,212,508,1050,1079,1188,833,145,685,1237,203,714,727,1350,144,347,688,819,1169,888,1299,640,634,629,1375,1210,695,484,518,547
932,532,447,1315,613,976,383,687,87,425,1027,1050,929,1052,25,1236,315,981,403,1327,435,643,1318,24,1099,258,1351,390,198,446,391,973,20,83,427,661,1023,438,645,176,406,750,144,392,81,1293,1046,518,257,522,514
286,996,87,1320,1226,1204,613,1304,1063,0,258,119,453,4,425,624,1201,273,655,1340,389,1007,1058,714,384,1173,968,729,239,94,417,785,1332,804,40,255,400,391,464,661,315,378,599,982,986,514,257,528,829,1319,827
1142,1287,704,1052,136,617,468,126,395,469,671,1089,701,986,514,687,429,441,533,1043,1171,1094,406,438,390,1340,1330,112,465,425,389,675,472,383,372,1204,447,590,137,453,118,706,464,427,161,91,411,1318,1286,1041,1091
1168,103,469,201,972,1095,172,331,165,766,96,1354,65,970,1026,806,529,329,607,279,962,1140,292,311,144,871,108,858,1202,1226,1213,1271,1058,571,704,738,862,570,628,1206,102,585,615,551,197,1066,990,580,478,790,633
1028,860,60,66,1247,856,827,1039,1177,1371,585,828,823,211,861,1273,834,846,871,67,966,875,862,1263,284,769,811,826,61,325,1271,778,62,571,853,1256,572,329,583,593,870,1115,555,565,1186,849,1208,1209,1236,802,319
1072,1058,34,650,553,617,795,860,1076,667,581,200,66,1202,556,528,1095,152,1056,1241,305,688,248,496,824,775,267,1246,734,972,866,738,785,928,780,1048,1104,818,1026,524,514,522,1259,752,1248,1287,1354,1175,1205,486,1239
345,1321,406,613,28,628,977,445,973,1327,1310,350,385,1019,1041,976,655,425,24,1026,34,17,447,440,403,252,430,982,984,454,463,1322,706,700,32,417,141,387,270,397,125,1292,687,614,35,968,449,0,616,253,429
690,385,258,425,261,445,687,1313,1204,141,406,118,17,997,706,616,982,447,703,977,1327,427,800,397,454,1003,125,440,252,430,35,613,996,412,700,149,973,1046,1018,143,138,516,20,399,1321,387,463,538,28,965,449
887,425,258,509,973,977,613,1292,116,380,1204,447,397,440,617,429,1049,24,20,118,1019,1005,1327,1057,1026,430,784,412,673,350,700,34,327,9,976,28,406,459,1045,240,385,0,1013,683,416,141,1201,1286,463,516,518
810,1265,1221,576,493,428,778,1076,492,1058,1195,329,286,398,1227,1152,1091,1200,314,308,825,571,922,764,223,476,68,502,608,432,193,1149,1111,1214,349,1240,231,1114,275,1368,1033,1159,1147,562,692,1258,930,506,598,281,520
387,1246,211,1100,1214,238,595,864,773,565,571,216,530,1208,819,769,1228,226,329,920,778,1156,911,648,1205,741,853,862,828,1265,1219,1174,724,1159,922,866,205,67,1217,61,764,871,460,1222,231,582,586,337,1241,547,1108
485,846,205,1238,860,1270,1263,1288,849,1246,233,861,866,714,1208,236,834,802,1259,1239,1245,1140,827,1131,211,1236,854,823,775,66,864,840,871,799,911,852,504,347,1354,780,826,1100,312,847,1242,998,609,771,162,803,317
1095,425,691,1173,649,532,412,700,445,393,732,261,390,1204,4,968,620,614,561,1161,1311,383,442,518,391,1029,1052,385,389,473,1318,613,395,400,685,1148,350,25,21,87,438,805,429,655,559,567,141,67,435,978,381
821,415,634,678,836,1005,733,294,219,60,400,585,1359,694,45,971,669,985,551,353,437,1336,568,423,696,785,322,583,636,364,152,380,531,680,1310,203,597,535,644,419,522,272,389,398,87,383,226,518,752,968,8
796,785,668,1254,518,766,740,825,289,1149,1172,531,794,397,836,1121,461,395,1204,1013,778,347,393,371,833,290,50,1287,1365,380,358,753,1116,832,398,752,1353,479,1373,741,1154,73,193,1292,503,396,433,583,204,811,884
777,1341,585,1153,50,504,790,570,522,320,795,592,862,187,319,911,498,766,44,840,1143,1200,1191,529,1190,818,551,66,491,816,832,329,1210,1152,524,864,757,1022,402,823,871,1259,776,1248,63,722,758,604,583,754,189
677,582,585,853,522,328,885,1371,570,852,1245,875,284,786,607,861,816,827,1177,694,1179,305,337,1209,1141,49,862,1223,854,849,177,1187,860,1239,251,319,832,591,867,65,600,171,326,1365,593,104,1277,1152,823,1180,583
742,862,319,986,570,66,1190,21,593,522,1022,391,92,972,567,292,60,1248,103,1239,790,603,1093,491,604,553,312,1162,863,714,853,420,536,1208,1226,584,435,326,1180,423,44,775,870,637,824,565,829,1266,1031,109,552
280,518,136,687,429,785,997,1327,1168,118,516,9,417,1204,680,1005,315,703,991,994,390,425,1041,463,394,1202,268,148,253,982,617,32,1314,91,996,815,435,11,984,447,433,1139,1061,126,381,28,1320,143,17,440,438
797,963,212,1203,695,343,640,191,115,1283,377,1216,939,759,508,822,467,904,363,1106,346,1199,404,1356,285,1338,1220,369,288,612,1250,501,1001,539,1350,1185,461,519,27,668,610,1028,735,78,1357,957,932,114,900,73,1343
1169,1058,962,766,775,772,279,248,1271,555,1159,917,662,837,1113,1259,1261,928,66,1258,525,86,205,1274,319,886,1130,864,873,1150,827,769,970,570,365,1100,302,1340,342,314,488,824,1066,460,855,871,1270,1232,496,1198,1131
1300,387,1321,442,28,35,426,1313,125,449,406,17,655,613,1041,445,30,252,1124,706,141,454,628,425,459,977,220,1048,463,470,268,427,968,1026,0,258,32,720,616,700,590,516,533,440,447,691,680,1287,518,350,687
319,385,977,1052,997,1321,397,430,406,1322,119,1293,16,1204,17,30,350,449,125,20,252,459,35,140,390,687,1311,613,142,24,636,628,93,138,412,509,1018,1314,261,258,985,706,1027,1042,427,700,403,1292,516,518,691
525,1153,1022,1297,120,383,292,18,615,415,312,460,435,1066,824,320,569,165,922,1292,544,96,1034,561,479,68,457,458,21,775,553,554,491,410,650,194,356,585,386,381,984,1330,1031,698,201,379,498,1243,145,95,1019
1151,852,1058,1263,66,1113,846,1155,205,1211,741,1187,775,1278,764,1152,236,769,819,1270,862,871,1196,291,1248,866,1209,1242,366,555,60,1246,827,878,780,1158,238,829,876,570,826,715,966,1223,787,1102,860,1254,530,1131,1177
597,1249,741,1310,138,394,438,1292,424,1063,230,827,918,687,20,392,421,393,395,47,1247,294,482,119,697,805,691,292,1044,417,879,1057,1038,1025,380,715,1221,468,660,378,861,752,62,287,57,234,954,94,440,381,804
15,687,425,429,25,427,93,983,784,700,703,28,424,680,270,412,153,140,980,253,378,411,426,381,17,514,35,327,350,24,417,996,447,34,994,518,164,1315,516,463,264,1005,263,148,706,634,968,444,1202,557,385
890,1310,680,700,28,997,406,241,800,1321,1296,465,706,1041,742,1292,26,17,514,590,954,1168,614,387,752,1328,119,1318,138,16,252,1351,978,1311,617,1052,1295,999,390,437,1027,1345,380,533,412,1322,703,445,248,463,1202
515,862,621,95,423,653,570,103,1051,133,1068,702,583,581,102,1060,592,14,1139,604,1162,451,292,120,391,553,405,390,617,1191,460,121,826,433,92,1202,389,1190,834,532,112,386,1318,338,671,416,411,254,203,21,311
1310,425,613,463,1204,800,518,258,20,994,430,30,445,403,77,1320,1321,1313,984,385,93,1041,145,281,1327,1005,976,919,997,424,34,1322,397,350,691,442,454,252,1014,24,752,1046,814,447,977,1296,1061,700,16,1038,134
1096,853,1177,1277,934,104,852,867,966,341,565,1258,1180,1208,284,1255,775,71,326,74,148,59,339,500,317,885,1192,811,202,766,834,304,1157,883,1343,1128,827,187,62,319,369,1273,1256,109,844,1259,423,72,581,873,177
1298,1101,4,714,1152,780,862,1056,273,636,815,852,294,703,94,986,582,764,805,940,750,887,33,624,568,741,845,618,65,1063,1084,803,506,1173,577,133,846,1155,1270,262,1149,620,21,595,535,92,793,524,762,1204,715
1178,1149,1131,1223,498,1239,741,317,1354,305,827,314,307,764,1238,1248,832,1225,862,570,502,1359,524,308,489,278,50,1231,592,650,876,1177,803,791,603,576,1067,503,1056,1270,289,1211,783,206,1143,567,1140,312,887,292,864
1250,487,415,1200,815,65,1314,92,524,329,604,845,1312,1208,1153,1235,497,916,110,1173,419,661,1174,435,410,766,319,1226,592,197,1122,714,90,1175,1151,264,1084,15,641,4,570,1190,557,437,296,488,1304,1340,577,991,439
913,680,784,634,406,380,636,449,616,700,425,977,706,1052,628,459,28,994,164,261,142,116,253,24,687,703,1286,350,258,274,1313,468,1292,140,445,17,470,463,270,437,613,590,255,1327,426,252,93,20,1310,978,535
790,1237,882,978,666,1039,1055,1247,496,755,857,801,1222,1372,1235,351,826,1371,61,1271,717,856,70,423,867,1258,848,525,846,52,450,681,1208,206,205,609,554,1007,135,371,332,1205,661,262,847,803,939,602,844,343,1121
394,845,859,1084,203,1270,862,583,906,1206,846,1022,604,202,944,986,827,1271,296,633,948,825,863,775,852,194,803,766,14,826,989,783,57,773,609,331,593,534,891,1242,565,972,581,74,102,1208,780,872,329,867,714
59,1176,1226,497,1051,1154,107,689,70,489,309,823,324,1162,1081,310,878,296,276,633,662,103,609,644,3,702,46,544,435,1236,1099,947,1267,92,420,443,1031,623,989,1212,897,862,341,754,207,332,1143,1132,1141,811,981
254,1208,304,826,1205,862,214,989,319,324,197,577,823,863,852,803,650,326,592,754,641,63,802,433,575,15,606,842,911,420,1033,633,972,846,762,59,618,1238,986,194,581,201,741,619,104,1132,1241,1235,61,332,631
983,1113,348,353,473,1175,1296,789,824,864,862,1241,543,954,1211,741,381,644,678,1349,103,784,60,233,509,1093,790,1342,225,992,1263,2,1136,504,852,510,531,256,1248,41,1239,1092,810,1247,421,1196,310,132,276,740,1154
904,385,977,687,28,17,454,258,1018,125,703,16,997,138,261,93,447,965,350,516,442,1027,706,32,20,628,1313,975,417,1038,395,397,459,142,679,468,896,1041,533,616,399,1327,1049,77,253,25,1204,1003,118,403,709
130,442,385,425,17,1052,406,613,1026,965,687,691,1041,449,440,403,125,616,459,1322,518,1320,1027,1061,119,397,977,28,445,426,258,220,454,655,427,1318,648,438,24,252,1038,350,34,30,1313,706,1204,0,532,684,545
285,687,445,454,965,628,1321,1327,30,1026,447,385,1052,613,996,9,968,397,919,270,1286,425,1046,24,140,518,683,255,590,399,691,403,984,430,252,77,516,118,1161,649,1005,260,149,0,1019,380,463,87,509,1174,1013
1032,876,1141,66,601,1270,99,104,70,86,311,65,375,924,698,818,280,1252,877,57,285,72,215,851,852,1228,857,549,1001,826,799,1260,587,823,264,562,367,585,1058,1278,1240,1351,886,1269,494,68,368,859,1069,525,568
643,375,853,1143,373,861,1269,450,312,1152,1265,283,872,1256,371,1270,88,362,311,539,1246,1244,1261,305,856,941,206,878,1177,413,332,803,766,1245,860,1262,205,935,808,1181,1372,1115,1275,64,819,873,842,781,885,826,799
100,425,385,258,700,380,977,350,20,617,440,516,973,140,34,613,683,614,1005,514,118,138,141,1202,429,996,1324,417,119,261,406,403,628,30,1197,438,397,532,315,87,703,1321,1026,975,509,399,680,327,126,409,1204
278,687,445,447,380,977,440,385,976,406,613,93,1046,691,1327,261,1321,1322,387,700,397,350,412,996,28,463,417,997,1324,720,255,628,982,616,442,800,454,514,1038,252,973,1202,16,1313,1029,680,965,538,1026,1204,253
257,350,1041,977,30,17,258,28,973,385,1313,449,613,93,1052,687,447,425,1019,125,1321,628,442,140,20,1292,16,387,142,509,34,691,77,35,1026,406,430,32,1327,614,965,281,403,982,440,688,655,36,532,996,975
455,201,823,832,1354,650,603,66,1262,866,319,292,104,765,846,862,65,194,1256,536,1208,60,368,593,312,551,504,871,604,609,859,1223,890,1265,870,1360,1243,1371,793,575,505,214,875,854,577,581,714,74,966,529,1155
212,1321,426,655,425,706,28,1041,613,387,385,616,125,691,350,406,35,153,533,427,1287,463,1204,628,1175,468,977,16,965,532,700,145,1313,252,449,703,140,693,445,994,266,1320,32,93,1038,429,657,440,403,1322,470
656,1259,823,1270,806,1258,1232,1347,1150,1234,1262,1180,311,857,310,802,819,1219,1058,924,854,864,1363,169,856,1265,952,837,1238,1233,1358,1277,780,887,1367,1248,566,861,301,791,201,1154,849,215,1360,316,1247,88,850,1206,595
1270,141,1204,258,411,965,968,1026,1292,429,613,16,91,982,32,403,634,616,1168,381,443,1052,687,18,1310,30,544,119,389,412,1019,415,416,977,1311,385,28,516,250,350,25,1293,438,380,378,2,973,1318,472,1321,1005
1045,977,387,463,1175,425,973,700,350,35,385,1046,380,30,93,445,1052,687,1038,118,459,261,437,76,422,779,680,412,785,616,164,768,636,440,140,294,447,141,1293,655,693,968,17,994,357,20,28,145,399,16,286
749,445,261,996,463,136,419,165,17,273,464,138,378,997,219,146,655,438,1041,673,1135,448,667,712,35,693,167,1005,502,126,230,1127,743,509,1195,732,1328,1168,982,250,1101,1202,32,41,1136,1319,1025,1342,1148,1174,1291
240,1153,110,416,148,1286,1241,194,564,1288,1312,1162,144,438,321,910,824,178,151,1294,619,790,912,757,1174,557,138,916,663,669,1120,1060,388,505,164,1053,751,558,590,1173,536,187,389,921,991,243,650,1297,559,775,9
989,469,585,1051,553,522,294,1226,200,1241,425,477,1218,962,1102,274,940,176,764,862,1177,769,292,1171,985,411,52,913,489,1308,514,1211,92,166,58,1176,268,155,1289,1249,783,136,1294,1113,729,1312,1155,1364,405,1195,584
119,805,294,93,535,986,998,81,138,112,391,514,583,783,87,750,60,1294,392,118,518,791,784,1027,704,164,716,197,460,1096,1226,555,577,420,567,120,1366,95,972,405,44,1059,732,785,637,152,435,15,1330,1036,393
351,141,425,380,252,385,1003,1041,463,16,613,350,1076,1091,616,509,1322,274,17,1048,266,706,1052,965,655,132,1324,142,440,700,430,20,28,116,784,459,445,258,516,729,703,954,421,919,273,779,447,99,977,468,1321
947,1018,703,125,465,468,1328,140,118,1052,1327,655,1165,997,17,1286,687,1322,25,470,976,1204,268,1041,1089,980,784,977,706,526,1287,145,28,815,697,1316,406,507,469,516,426,91,16,253,448,680,429,1340,454,1342,657
775,1014,569,824,570,1155,59,790,1152,864,802,1263,852,1012,749,1241,862,827,62,986,1270,43,469,1304,805,585,281,1246,1056,87,846,1183,861,718,819,785,930,1025,165,716,1058,1226,1067,132,1211,1000,1352,1146,769,595,1312
953,125,454,687,253,703,997,427,1324,230,628,683,468,1286,261,140,1328,438,1038,706,1046,463,387,459,447,470,710,441,142,1195,901,516,116,24,17,255,976,700,350,258,822,430,743,1345,977,380,1204,1323,896,442,397
4,1316,1012,1300,390,1168,1031,472,544,1318,1304,126,968,678,687,389,617,1005,87,1342,1051,405,11,507,1014,1173,95,1162,531,980,1312,965,805,315,448,91,400,1330,435,143,676,1341,401,1336,127,1174,684,3,1319,15,1292
968,1174,558,862,559,107,92,1039,951,1223,326,112,482,39,646,732,972,564,327,496,544,312,4,908,541,391,624,645,226,1236,907,923,553,802,948,642,332,276,839,962,164,323,762,239,601,250,875,1041,1027,920,803
217,454,385,149,442,516,976,1320,965,141,703,261,116,532,145,1194,687,468,1038,140,1091,1047,1148,1041,614,425,1322,220,1327,412,1003,616,977,994,381,139,146,394,76,1313,1292,533,452,636,463,253,1286,153,729,635,1026
459,329,803,366,603,1354,1228,65,524,887,846,570,862,1238,376,214,834,1156,202,864,859,1261,595,1217,840,1237,1226,320,1259,1367,1200,1277,151,581,201,845,818,861,823,555,70,312,867,771,1223,314,551,761,835,575,828
207,1332,24,729,784,1082,985,687,287,20,148,438,243,254,716,533,327,661,1102,463,1287,274,624,100,1044,412,468,119,292,1045,675,980,972,1190,38,441,1051,617,41,152,34,1315,170,701,426,676,1327,406,896,1089,126
632,823,1259,329,583,862,592,863,577,836,835,834,66,585,859,816,609,1277,1238,60,205,603,1265,826,581,1260,596,1246,196,70,189,861,57,864,852,570,877,575,214,825,103,858,328,818,524,553,1228,65,104,891,874
916,136,145,234,720,533,425,385,411,965,1004,468,996,1041,628,142,125,390,417,655,706,437,34,1007,119,463,982,1026,148,30,1295,687,1321,254,1025,561,784,1299,1043,28,535,138,779,516,1018,32,403,679,118,389,1311
1082,276,544,861,381,852,1310,692,663,606,57,292,1022,1035,400,1056,1297,631,834,557,401,842,482,1152,112,645,411,244,415,712,442,1242,982,1209,988,760,295,310,609,74,472,983,221,697,1303,531,803,176,1249,993,1069
206,425,977,350,997,403,1327,385,258,140,380,381,394,982,93,445,518,613,447,28,700,20,118,141,616,509,516,440,454,16,145,1046,252,442,149,1286,406,978,1321,125,0,996,1294,590,1313,976,1052,409,617,1324,463
298,1119,792,823,862,570,585,104,329,1225,799,312,175,1234,1155,870,66,214,1228,314,1094,311,631,331,875,1371,1141,808,1180,863,890,1152,592,811,761,280,1252,67,320,177,907,835,494,366,506,337,1254,1270,877,834,1238
428,649,92,543,248,491,469,661,1101,567,550,1131,198,611,526,1296,1332,46,322,132,1051,991,433,624,669,281,482,400,1294,510,1129,1177,1239,986,1092,405,264,558,463,423,775,317,633,412,750,1014,273,559,1144,1312,1107
62,391,401,1162,261,544,276,661,815,389,971,21,518,996,409,453,379,532,968,400,1014,557,411,1067,87,998,704,18,403,136,437,91,531,1022,987,1316,398,1173,296,621,390,511,256,1295,618,804,994,420,564,951,975
1217,687,403,425,136,617,977,459,982,1287,1204,394,613,655,514,1286,91,516,426,424,117,997,1313,616,383,138,380,87,1321,125,1294,975,1008,440,442,1327,1050,9,779,624,270,25,406,252,130,1043,24,590,691,978,401
669,4,543,717,1047,666,257,1295,698,411,733,259,118,669,435,714,46,279,452,433,1014,219,751,660,1176,750,286,172,271,50,973,551,301,626,633,261,929,590,94,656,195,1162,678,753,290,618,532,353,1155,255,984
996,758,1200,154,862,577,504,570,988,319,778,624,320,423,603,1153,329,619,60,585,1226,775,50,604,989,505,15,714,1212,609,1155,593,1277,498,991,1223,178,1187,314,859,631,497,557,836,1120,1053,1149,337,1314,65,331
973,1153,166,329,1291,498,11,401,553,1120,1297,379,1354,286,136,1053,1007,464,1135,1022,203,1190,1221,611,1173,567,391,1258,403,730,201,63,1191,1206,698,43,126,1204,518,469,571,797,1140,1329,544,36,1163,1238,139,1316,502
1113,1321,264,35,1107,561,118,425,977,1092,268,272,286,1109,270,277,459,1332,76,400,17,742,700,387,273,41,1173,254,751,701,543,684,1341,225,509,28,412,1293,491,1067,266,1352,1008,1335,616,973,77,278,2,435,1195
508,784,148,558,986,592,870,1226,487,251,44,319,559,1140,67,61,276,641,272,998,389,472,1312,296,118,264,878,421,584,815,154,480,523,1200,1083,1050,624,862,121,491,1094,762,441,522,1348,103,1027,120,133,1093,464
260,613,628,687,1204,403,518,258,385,119,28,0,445,976,397,16,143,9,1313,1293,514,720,396,614,77,20,997,1052,32,440,691,315,655,390,1041,1318,87,1018,1321,1005,426,406,1202,996,974,395,389,1031,1046,1090,968
1170,1245,460,457,1366,1239,311,210,1131,878,339,766,582,769,24,450,317,806,310,301,135,555,1232,1259,1156,102,848,59,81,320,1352,560,984,586,1121,864,95,670,314,796,193,538,798,1149,1023,1118,1144,1036,849,70,578
675,26,1049,142,241,173,418,590,263,763,904,1063,768,1338,155,1133,1174,994,4,230,229,501,1003,327,1122,416,728,712,709,219,1250,1061,255,404,1015,367,388,997,182,453,220,601,809,199,965,1305,1138,1355,1220,380,260
1201,842,319,1208,762,45,911,500,1354,486,836,815,482,419,312,853,201,87,864,121,347,157,478,1134,840,871,1342,846,872,1263,1091,1059,1128,556,111,570,322,133,860,777,90,1214,733,1171,372,551,1261,304,854,329,826
197,385,445,977,261,440,628,447,0,258,1052,406,518,1204,28,691,17,142,1321,9,252,514,965,140,463,380,403,975,509,24,997,1050,976,141,468,426,800,1046,919,1327,20,982,1026,93,25,973,649,1029,400,996,417
1098,1321,20,380,977,294,1049,1005,1046,687,77,1054,397,350,387,252,140,1204,1293,78,30,281,447,125,1199,1034,1324,385,768,759,518,1283,709,668,1057,1065,42,1311,1253,727,955,6,116,1174,449,700,664,546,28,628,232
781,1153,1143,888,283,1183,304,1360,502,754,1230,600,308,950,554,1368,68,205,960,911,799,1141,1111,337,539,1036,825,938,866,1108,596,930,730,493,1228,306,1240,740,733,332,1354,490,584,741,39,819,869,290,650,941,771
1020,803,1211,201,571,522,233,1238,775,570,832,1259,104,1177,1236,236,1208,780,65,317,1143,1217,887,650,70,302,866,1258,593,553,705,1180,176,494,823,583,1246,761,862,1022,846,328,592,1271,1371,66,1131,1223,504,853,72
354,1052,406,616,459,1204,385,1026,397,617,2,518,403,700,389,977,997,35,706,429,443,17,1322,1313,138,968,395,613,447,440,680,1041,687,261,691,1202,315,1342,1300,1089,36,1061,445,516,16,143,996,381,1029,28,9
479,320,816,328,72,335,870,66,1272,790,1243,1137,694,986,913,469,832,862,910,967,842,584,1141,200,494,877,65,1256,338,1187,214,931,1075,765,905,1068,54,1271,1259,1276,576,670,99,22,1100,206,485,811,1214,570,242
1055,125,720,1041,350,800,385,449,1070,1328,1374,17,261,380,1199,1322,1195,616,779,252,706,1185,445,459,145,1292,1358,414,140,1313,412,1038,613,709,42,1301,353,474,285,47,424,680,807,28,1078,250,502,731,729,997,1057
24,403,516,17,463,1320,440,680,136,118,140,20,616,378,982,258,149,1005,459,994,28,400,968,1204,1313,153,729,268,1314,380,996,518,655,1041,87,1008,270,973,1027,18,445,397,703,1294,1327,390,1300,429,1315,141,447
912,253,706,1003,1322,1041,145,703,252,35,28,683,994,425,26,1085,412,1042,1345,17,380,41,1038,99,701,1091,1286,1052,38,430,1328,742,1321,1182,427,1335,1139,1000,700,470,1124,984,454,406,350,1061,459,43,279,465,680
1029,330,1222,496,857,1113,371,887,864,873,861,872,827,886,1246,69,860,1266,67,525,852,242,215,208,1233,879,1209,724,1254,772,1263,1087,595,486,291,1152,765,780,1258,874,1290,862,373,307,316,740,1261,880,578,823,747
545,566,620,585,751,1127,280,705,1128,372,376,504,313,761,908,818,1213,789,167,864,238,329,96,570,1258,853,1113,714,66,529,1102,335,988,1119,845,639,498,1227,1246,1154,1095,1022,611,916,1120,1360,749,790,495,920,41
966,1320,459,17,142,463,1004,425,125,779,703,1322,1050,152,655,41,136,12,387,148,729,533,1327,1328,230,1293,149,406,532,1018,1041,264,274,1195,1085,1038,411,636,430,1139,784,150,36,687,38,630,1332,720,429,145,919
1206,469,585,429,1259,732,292,823,1228,65,553,583,1360,1243,1312,197,650,871,775,438,1265,320,1210,491,603,148,151,214,194,176,526,498,170,1022,592,514,524,564,43,329,104,581,392,859,487,372,1270,808,791,863,502
153,666,1014,518,378,327,1058,270,400,472,136,391,1168,87,1316,1005,417,401,18,1312,509,980,982,1161,510,145,25,158,1173,1364,617,507,276,429,994,673,531,403,9,390,977,557,44,40,250,349,968,750,491,411,590
517,585,391,824,201,448,310,1208,1127,522,733,1113,551,419,775,1191,1202,780,22,864,569,176,1036,1211,1258,320,738,581,992,930,553,490,714,753,279,1118,802,1187,1151,850,565,1289,750,745,1111,825,650,1136,951,329,736
699,463,427,470,429,1295,815,661,649,636,974,391,1007,425,1300,117,315,533,514,270,469,703,33,657,453,38,1304,409,24,394,1096,643,440,111,256,1320,1052,464,20,140,435,28,1173,1328,253,17,153,390,618,1071,1351
1306,425,261,406,703,427,264,400,126,252,954,412,136,29,276,401,142,273,430,986,437,381,1045,824,1292,975,800,649,459,426,405,1286,422,697,1314,611,219,393,1139,463,514,16,17,531,139,440,44,1067,270,624,2
191,570,419,551,1153,504,678,611,804,618,862,565,704,827,585,392,1096,801,133,290,60,214,766,389,50,775,661,1191,148,733,823,1174,383,604,166,583,675,391,276,815,4,832,986,714,473,790,92,472,103,971,716
1278,687,397,1052,385,1321,445,141,518,425,252,997,28,447,440,403,394,684,634,1026,459,417,616,426,1008,1032,93,700,1005,978,16,1041,628,617,454,994,258,77,613,984,270,590,1019,442,220,20,379,443,680,516,380
1227,425,613,977,261,459,518,252,1310,406,380,385,700,1041,445,258,1292,703,350,141,440,687,997,1311,1286,270,1029,617,35,393,1046,426,276,381,430,1327,1052,463,1019,1092,1345,253,395,17,1036,516,693,400,93,542,985
289,425,687,397,255,997,613,442,459,1042,140,445,406,430,977,252,463,380,1324,350,706,93,431,800,118,261,20,779,510,13,1038,141,17,260,447,667,1204,24,25,1185,1029,270,271,1041,28,1195,1327,1052,516,1328,509
881,327,403,1018,118,1050,1292,1031,87,815,437,425,270,590,447,268,680,383,392,18,453,435,700,1059,994,378,389,91,720,20,16,263,146,143,421,136,509,119,1014,380,448,628,516,1041,426,116,117,1315,1162,785,1005
743,311,522,861,1141,603,823,329,66,529,871,862,1225,863,503,1288,319,1171,859,1245,860,570,15,827,304,337,1259,575,341,423,1058,1180,1371,950,196,90,818,1266,609,816,1209,203,1140,761,1262,335,372,836,60,1152,1168
739,694,836,852,239,1155,861,862,1120,211,753,205,1373,1246,133,777,1187,1056,1223,1241,856,849,522,67,1219,1206,1277,329,663,486,503,49,1221,551,585,826,1167,1304,930,775,1354,988,1154,769,1249,312,787,238,571,1242,181
446,167,543,448,704,233,41,126,248,274,435,1091,1153,146,253,1296,1239,1335,166,752,425,1094,159,1210,142,491,1090,1099,785,1032,1162,1068,465,1096,617,1083,470,176,460,320,164,383,312,464,405,1319,1134,270,1012,1092,172
1274,818,836,477,201,581,757,65,194,570,863,952,985,179,504,1140,775,861,577,1228,60,170,823,491,603,1366,487,766,694,832,553,172,582,335,320,1240,856,1144,372,202,1262,592,312,205,569,870,797,761,862,571,329
25,1200,126,1312,410,433,491,973,1226,381,453,559,714,1174,1300,624,586,979,456,327,1318,641,1239,795,1050,558,991,662,92,1120,264,1096,470,329,1291,4,1012,564,1083,1161,818,518,1007,422,570,998,46,1031,920,148,1319
902,253,17,430,616,976,445,125,449,387,977,1321,350,613,380,1052,634,1313,1286,35,997,1322,397,427,425,261,149,28,142,250,442,628,687,996,459,1327,1018,143,32,1019,1038,1042,426,1003,968,703,440,680,901,260,1310
759,445,390,261,28,468,119,430,516,613,800,385,447,350,20,118,391,700,1328,93,977,779,1041,442,142,403,1318,145,138,667,1286,1026,77,688,315,997,397,590,1313,532,683,1321,533,24,1013,538,140,617,380,463,389
1061,986,197,11,617,451,507,1153,263,669,1194,990,685,641,1058,388,166,1066,1125,469,1020,453,1162,144,1208,514,389,498,1111,390,46,916,1228,324,1340,802,49,1328,194,271,862,1000,655,988,221,1141,398,876,1051,110,416
1114,118,459,997,784,16,387,720,24,1321,258,9,35,445,1292,742,1029,268,138,465,406,700,977,264,1296,1313,447,725,538,28,287,1083,274,385,491,1175,779,348,350,1342,1048,381,514,973,261,616,687,896,684,1324,1052
588,841,862,460,314,972,1239,410,824,1039,324,1359,1141,1068,226,980,775,1238,341,803,1236,751,553,1246,891,1258,296,801,1146,1128,581,592,1167,1022,986,750,1012,1031,405,1127,758,567,64,577,641,1095,302,558,1245,1213,1187
249,425,687,977,385,613,1052,700,412,442,1204,77,24,1321,447,143,459,1327,28,509,396,34,383,440,25,438,463,973,981,454,258,118,518,30,1315,996,350,403,142,532,976,1018,141,395,1027,982,983,617,364,1046,968
914,125,468,1286,703,1194,140,679,394,706,445,532,435,1300,980,472,447,1018,448,253,32,1287,17,136,1327,1148,429,381,516,243,378,138,425,25,978,982,380,143,687,465,37,1173,611,28,267,636,116,258,385,975,270
655,371,523,1110,328,761,199,96,1237,579,1367,336,794,1282,1133,588,844,339,375,1261,1232,1134,623,961,846,196,702,210,774,836,587,1138,70,872,547,1224,887,960,808,104,54,373,289,335,755,370,845,307,818,202,585
735,823,862,1262,319,570,780,522,1140,561,62,96,317,1247,341,856,308,1100,103,328,615,335,569,168,326,853,592,61,842,1022,1290,460,1258,604,1371,194,1263,170,423,1270,65,890,70,585,861,1205,609,860,523,1264,837
132,261,687,459,24,1018,1321,381,445,385,25,800,16,997,28,350,125,980,982,118,252,991,815,255,416,509,1052,17,6,390,140,613,979,700,1004,141,507,1038,468,254,1307,463,965,384,379,447,243,977,1044,35,403
706,498,1153,550,766,524,758,795,50,1353,286,1151,1022,1143,177,609,604,774,1200,420,1360,771,1226,1370,1140,166,319,1173,1152,178,69,583,859,825,175,1238,194,1242,750,969,569,570,832,793,1344,1144,1177,705,497,801,494
1026,433,996,178,912,779,351,547,988,1068,126,99,687,423,1162,1025,1290,243,680,614,1033,144,562,95,424,1202,470,661,908,507,1043,1315,463,389,795,541,667,130,488,698,818,385,836,120,784,502,617,1300,164,948,621
782,294,1226,327,1312,1176,514,557,92,429,420,384,1318,491,211,1153,1315,1286,438,510,968,472,125,58,567,805,783,391,411,991,1316,165,25,1151,402,1197,3,549,683,498,415,489,552,624,194,1019,149,1173,12,1161,116
397,862,1270,581,595,857,1208,864,867,1263,1238,863,71,1233,210,803,1256,846,827,371,66,486,601,859,525,835,68,1262,1211,1115,1246,1265,578,868,1271,1158,887,839,1056,211,1258,332,571,1177,1240,1228,861,1260,1261,1259,70
403,818,592,769,553,863,816,60,329,522,1225,603,1262,585,604,862,202,1153,790,1247,609,1200,211,205,536,1243,741,1230,1259,584,577,67,1256,870,1248,842,775,845,771,70,836,523,860,1228,103,551,1238,583,1360,71,856
1220,425,397,1052,459,687,445,1321,613,1019,258,403,1041,20,1313,380,17,426,532,252,350,982,616,440,442,140,655,270,463,1042,518,387,32,30,703,706,390,1026,700,28,1018,984,617,614,779,412,143,24,976,379,1327
807,459,252,406,977,1321,28,700,613,1026,1204,35,149,445,380,385,412,425,463,655,706,1293,1327,17,616,693,261,440,125,687,703,1049,397,628,447,426,140,982,253,985,973,1310,350,968,116,516,697,76,1292,454,1003
456,990,41,424,703,43,1324,717,991,1190,649,118,1152,691,1022,1008,279,824,585,1009,669,1153,1155,1321,994,1014,1116,248,620,1023,1129,25,257,648,1064,749,1332,1119,1211,1136,561,164,12,1364,698,1102,433,152,713,633,1174
596,766,874,816,949,811,603,870,875,777,1256,1272,22,1200,102,337,855,264,986,966,104,179,1271,555,137,205,823,856,844,283,1070,774,487,757,335,879,1273,320,70,1369,849,623,1262,917,523,1240,582,905,946,201,877
720,1019,764,267,241,469,1130,729,264,994,278,1354,1065,1101,1155,274,1147,314,1125,279,1017,465,1348,1025,578,464,49,1067,1136,231,299,1346,500,659,1023,1190,502,492,1157,861,1056,864,292,915,305,1275,721,329,1094,168,772
657,396,1300,1204,428,50,1120,1344,1121,497,854,74,1341,96,747,331,814,1153,609,1354,364,1337,147,332,0,69,623,395,143,18,298,439,806,826,766,183,539,698,498,319,740,211,1201,583,958,614,934,1238,603,821,542
737,201,583,862,864,1187,203,329,818,867,769,1115,852,337,846,577,194,1312,1246,871,853,60,868,776,832,826,1240,202,151,604,584,930,503,487,778,1219,1259,837,863,197,859,1364,328,830,523,1222,1228,816,799,581,133
943,429,149,274,1287,785,136,533,118,1152,1022,125,158,1286,292,791,1204,722,590,470,683,459,487,703,148,464,98,655,17,1310,1335,1052,401,463,1328,1008,649,984,1303,1149,1089,1341,159,1292,502,1345,439,472,256,1019,1342
327,425,409,258,614,507,1052,680,380,387,142,141,261,411,412,1061,815,687,1041,514,252,509,383,590,768,1202,800,700,250,270,24,634,538,734,977,165,1018,779,91,116,1327,1042,997,164,30,459,1031,613,1161,982,16
1078,522,154,1241,811,1200,550,1208,758,1236,750,577,482,775,766,529,793,486,322,310,950,1155,626,1213,496,596,317,862,50,810,790,1180,561,536,1143,1349,493,60,581,802,524,1141,1153,205,71,891,806,585,863,1228,583
937,1168,779,389,119,118,437,470,971,532,1336,661,478,1162,391,315,452,1031,1000,411,1295,1328,1310,125,1286,106,250,459,687,514,20,1327,738,1105,110,172,1005,993,703,274,557,1025,430,973,998,996,994,1012,1140,1037,680
803,611,487,1239,1238,557,581,558,1262,583,775,1259,319,592,863,103,1318,491,1173,1153,214,559,364,92,50,774,870,585,1200,44,835,541,60,503,522,818,1366,210,1180,392,550,841,823,1349,71,553,335,586,966,326,925
237,703,1202,459,255,977,425,445,518,274,1287,1292,704,28,1031,805,457,720,1311,680,448,1327,92,1041,616,403,706,784,397,655,507,142,440,613,426,241,470,1091,1176,1322,385,676,261,435,634,473,687,287,1005,701,465
761,1327,1041,430,24,997,445,518,28,425,1042,1321,253,16,1313,463,387,412,1046,1052,1322,510,996,687,1019,509,397,380,447,1311,613,350,691,1038,800,706,35,1324,1161,1293,973,406,287,454,258,994,125,982,1286,25,977
627,1262,826,861,823,862,852,210,864,582,860,238,205,583,504,1222,62,207,1039,556,863,1263,1238,834,193,61,214,802,1277,839,878,769,1115,577,1265,565,595,547,1146,869,1056,849,846,59,103,1271,818,305,872,827,284
414,590,657,532,1295,1304,463,618,1019,315,974,1171,470,514,1168,274,145,219,118,1032,411,119,984,469,791,465,327,491,433,1288,1318,1076,655,390,90,1082,599,4,417,1314,270,437,785,1091,380,167,468,447,998,1335,429
674,286,980,296,166,503,93,650,419,110,712,491,1352,551,1161,641,272,989,1226,1176,1341,592,1135,1145,1051,416,480,1171,1159,864,415,3,758,1093,312,633,410,63,780,448,84,1364,986,1360,18,787,107,1153,383,604,148
443,585,1127,522,196,201,849,840,850,1066,806,816,595,1240,1217,887,1256,864,1346,1219,359,1144,368,1230,284,1151,1012,308,216,86,187,179,313,495,834,1160,1206,1017,845,756,320,1262,1100,818,920,329,856,836,575,356,203
928,468,141,1328,703,1322,425,16,459,706,1038,616,1070,1292,419,234,454,125,697,1286,146,387,140,657,918,997,1310,1049,152,1003,448,421,1139,1045,1314,427,495,1004,28,784,785,954,77,999,1311,403,701,350,636,680,167
603,1277,596,1238,207,335,827,1228,1265,570,1273,834,329,846,582,861,854,871,210,583,832,818,1251,504,1156,842,1256,319,863,70,775,575,1225,604,581,62,104,105,670,592,845,609,555,856,57,1247,875,879,847,840,806
176,205,864,578,845,1261,317,775,715,504,289,1248,823,827,376,1265,887,1131,828,826,609,1360,525,1240,307,571,799,1260,1372,503,1262,1236,769,839,1228,1058,68,1269,878,1246,773,861,774,846,506,210,1214,818,1152,1143,592
637,480,205,48,38,126,1332,729,585,43,395,694,778,561,1287,819,837,1134,167,1057,925,616,426,829,597,570,319,64,573,166,835,1335,871,1095,586,1107,1318,268,278,1312,119,425,869,861,1325,14,329,671,193,769,211
401,425,996,430,270,1340,439,1099,1313,1295,1304,617,1311,268,464,919,166,411,9,472,844,1327,1041,448,491,1094,510,785,649,661,1172,1012,148,1051,137,447,159,666,715,1320,1092,438,997,1173,703,459,974,25,590,1175,391
326,636,425,459,427,697,1041,680,1089,255,138,996,704,784,132,17,649,1194,385,118,435,687,1091,1316,729,438,424,440,149,1032,752,465,779,99,994,20,655,433,804,387,742,691,991,453,997,1300,35,390,1052,1096,590
580,148,60,329,1068,437,581,453,534,575,991,624,804,603,714,65,805,202,92,862,823,214,1217,752,133,435,971,94,704,109,391,1200,433,826,491,592,138,429,972,836,264,71,95,356,1190,1262,1248,778,996,570,1315
1226,544,29,940,1321,234,273,975,35,1303,254,410,1293,351,28,255,1013,220,1075,302,1125,397,700,552,646,773,1015,1361,231,144,59,260,706,1299,613,744,244,800,395,276,390,1241,93,1033,688,645,10,251,364,1209,125
256,403,145,628,994,1008,1315,417,116,1313,445,1300,138,975,143,425,1286,617,119,350,383,649,532,984,516,380,389,271,463,351,507,655,429,411,16,518,391,438,1327,618,974,118,0,390,971,680,468,1005,470,385,1168
1210,986,152,429,1310,621,544,1022,389,390,1019,175,146,383,33,136,976,1226,1204,234,1304,968,829,420,21,1173,91,1067,81,1259,518,453,391,438,982,613,1336,1242,392,983,1051,315,433,435,511,673,398,783,1162,618,805
920,17,385,977,996,459,445,463,997,403,412,703,687,613,440,706,430,270,982,350,28,1322,532,691,1327,397,390,447,1045,1052,616,1321,984,617,1029,32,16,468,20,1313,1320,464,136,449,1202,9,145,140,1018,1026,426
33,1174,35,1038,4,225,268,533,227,805,800,697,424,234,263,241,141,522,1101,8,568,1067,971,435,994,29,992,585,657,94,138,32,38,717,405,93,427,1173,518,1008,1059,1293,395,257,230,255,1041,226,700,37,654
948,387,720,1041,459,28,1321,1052,149,261,449,997,125,1161,253,706,425,141,800,250,136,1085,1038,1070,613,442,1049,516,1019,145,616,107,1018,1194,430,509,350,1313,784,703,17,412,1327,25,1286,918,683,1042,426,152,380
310,132,634,1321,141,261,1295,425,454,1061,134,387,700,252,138,628,691,406,394,381,424,16,125,1310,258,720,514,1052,1042,1194,442,666,255,350,616,1041,440,245,683,590,445,247,1293,276,76,430,1025,1087,469,800,518
1322,605,961,955,73,115,1280,1339,1253,1250,1126,160,280,707,1040,695,562,1279,881,957,484,889,622,42,1185,334,360,217,1199,946,546,938,587,949,114,1021,499,902,281,947,914,342,1203,895,1257,1361,404,173,13,894,88
547,211,860,741,862,67,553,852,1067,1246,535,1222,964,861,319,1340,846,829,1093,1056,802,585,155,790,1270,1249,66,1208,60,1265,1259,577,827,1219,998,780,819,325,775,824,1151,1058,1242,238,823,1263,565,176,1247,803,620
1115,427,230,1003,706,32,425,125,35,140,17,138,800,703,532,41,1052,119,1293,1041,997,438,459,24,1321,1045,261,1314,543,143,673,406,1306,697,616,29,975,1313,628,700,1027,395,258,397,141,675,440,149,784,426,919
1222,425,380,447,1313,406,977,440,1204,1091,397,459,720,258,445,742,142,141,954,1324,617,687,136,468,1038,16,387,1321,616,1020,119,268,657,683,350,17,1052,252,613,1045,965,76,1071,145,1007,655,399,443,99,403,1322
486,585,1226,1044,741,918,225,395,661,119,176,1017,1118,582,1136,983,1165,1315,147,1152,1158,1113,20,198,1202,102,245,1227,675,1155,1295,992,659,257,1366,203,1062,38,60,468,694,278,315,137,327,292,522,1051,166,439,1270
715,366,585,522,329,582,577,581,823,840,1217,67,1044,320,862,596,575,859,1265,846,1262,1354,175,836,524,1228,571,714,583,328,861,314,66,103,871,1225,863,202,827,553,47,60,529,864,835,302,210,586,62,368,1246
855,522,585,1226,704,584,453,109,391,1177,1295,214,405,834,103,583,326,1012,201,392,1208,554,327,1173,1366,870,750,553,329,971,570,681,823,411,272,1141,986,239,491,712,104,482,567,532,852,569,825,292,599,448,951
1307,897,662,687,983,327,968,469,287,518,261,516,1161,1032,994,864,1019,175,491,18,569,980,159,1226,417,250,9,379,282,991,107,410,1085,1026,435,1321,1023,1153,400,1064,378,429,430,1140,689,590,118,388,1304,136,399
318,425,435,1139,1316,427,25,469,687,472,1320,149,544,433,649,1314,996,459,255,401,32,518,1041,447,441,17,381,1293,108,1050,258,691,805,390,1324,445,405,261,4,1286,1318,673,991,394,1124,426,1052,1038,77,729,1071
795,383,389,1318,583,716,437,133,661,671,392,653,1173,470,1051,801,1287,329,491,438,528,393,103,968,1336,1022,1342,1168,194,1304,1316,1226,1096,986,1297,1031,1312,111,21,391,402,1099,15,1202,487,1300,1012,110,119,507,1172
478,769,170,211,514,90,650,931,139,777,1051,1245,861,1007,1242,155,835,268,1141,1209,66,1225,248,653,582,860,1192,962,1171,585,392,1295,441,494,194,295,322,368,1259,863,429,852,1270,576,928,553,1233,975,581,796,667
838,793,1063,165,164,703,1341,1153,1241,65,136,86,292,18,365,614,1008,611,1151,1312,722,566,429,870,270,769,148,488,818,1286,386,146,790,1141,9,264,568,43,1177,44,765,36,274,124,197,524,791,1058,127,1140,1134
879,701,545,1321,1005,928,447,506,671,1046,704,980,1340,491,383,270,258,641,357,985,287,108,310,248,92,1213,1168,1122,298,410,118,430,138,20,314,445,91,524,973,997,35,1026,11,742,399,1202,464,132,738,994,2
665,1152,811,539,1221,605,827,754,1243,1228,312,1269,578,1190,522,492,1157,191,825,319,883,375,1276,609,890,593,542,952,1196,816,1001,847,1128,603,562,1338,577,592,798,1254,884,600,832,71,216,1240,862,1272,842,376,762
534,60,862,1271,570,1022,201,1258,780,823,775,67,845,1246,803,523,592,846,1236,292,861,522,326,834,211,1039,741,571,553,1177,863,1068,66,582,104,1180,1248,1247,1259,1371,867,577,583,176,565,972,986,1237,70,1242,819
1010,829,1116,648,61,1102,1153,480,574,570,118,599,741,694,916,164,1167,337,1236,278,196,923,837,1144,482,1312,67,876,835,834,586,487,329,561,1057,592,1119,1000,1360,1230,569,1140,910,314,505,836,464,1022,818,810,491
740,329,1157,201,1225,65,603,823,987,214,176,818,57,60,534,289,94,858,1261,320,1265,864,1022,582,102,506,855,522,609,1214,1312,790,826,539,1354,853,61,861,805,1275,846,775,581,1248,859,523,1367,292,551,832,547
988,177,312,765,874,202,823,596,215,1262,1153,549,183,316,116,585,861,57,529,925,175,102,966,1331,205,196,816,836,337,1232,1180,603,341,1151,319,331,1288,1245,808,162,65,1277,748,1259,194,1251,69,791,556,1247,1135
952,703,706,253,997,1328,125,387,1052,800,1049,454,17,28,468,918,1321,1322,141,140,1089,426,1286,41,1327,807,350,720,1323,655,1070,261,1041,701,463,108,977,697,230,1194,533,1165,526,1018,616,425,784,430,729,1085,427
573,852,1241,1312,279,1039,1118,201,1128,104,769,1223,764,1343,850,236,1259,908,1066,1249,878,595,581,749,853,862,313,780,376,802,824,989,790,1222,1366,238,776,248,556,1102,1206,1036,793,1158,724,557,801,233,316,846,842
773,1360,1135,1370,1354,1110,1236,1223,650,1153,524,1225,181,766,1143,1238,828,576,824,633,1152,104,1265,464,50,1210,1200,304,536,1111,178,493,604,764,741,775,600,846,988,1206,834,1353,758,1177,1308,166,1239,1158,1156,864,583
247,687,703,447,350,977,700,706,17,16,463,440,1327,141,118,28,406,616,657,1041,143,387,1052,445,252,145,454,1091,1204,274,997,138,628,261,25,24,412,427,149,403,701,1321,683,516,468,613,35,380,975,919,996
47,1052,616,1041,706,459,387,977,397,426,425,28,628,1322,1042,253,691,1293,655,800,613,427,17,1027,1038,701,143,125,394,1070,35,442,430,258,675,385,396,141,350,680,445,142,784,32,709,440,693,1202,703,252,24
1129,1204,447,683,25,1026,403,687,1044,425,261,968,472,1005,91,919,397,9,459,982,385,697,1046,454,703,973,1049,384,1175,350,516,1310,518,18,980,1023,409,977,256,2,544,255,260,0,438,1139,1286,411,141,613,440
93,403,445,617,1292,28,87,364,982,996,649,442,1168,440,429,406,1300,411,1202,0,544,1287,985,412,119,391,636,383,447,385,380,700,463,968,532,415,258,417,785,628,1310,20,143,1321,973,394,1304,516,1005,655,393
961,261,425,254,264,324,1007,253,159,172,800,1002,666,110,1134,383,817,560,662,462,1092,381,94,1045,1140,700,412,626,862,652,970,272,200,1223,1321,732,1083,538,93,815,135,1038,619,309,24,292,220,35,708,647,141
423,1360,592,823,586,604,766,181,503,950,1200,925,583,771,1093,816,1096,912,178,337,1153,575,930,650,1214,1312,1228,790,420,782,567,536,911,67,529,870,741,972,818,1190,1235,587,59,891,547,948,806,189,662,523,321
901,24,628,532,146,815,253,1345,273,230,406,1023,975,261,690,38,1314,1043,1052,435,118,150,703,1061,1002,1067,149,1304,315,438,436,1091,1074,296,1139,642,22,654,93,463,81,35,153,405,37,706,82,754,1218,1105,616
34,1200,1027,149,985,725,516,125,35,592,264,968,421,1099,732,323,991,641,779,689,584,716,473,1230,647,954,389,662,1323,1089,92,439,817,785,402,480,1174,164,867,425,438,296,148,989,619,253,553,82,1005,971,757
1171,1005,1152,248,1023,425,279,1321,305,491,211,258,1099,1140,1102,791,897,314,691,1239,257,1002,532,252,61,998,984,1067,292,890,67,9,447,896,310,533,233,459,603,372,792,1354,518,429,524,469,977,1221,976,1191,1311
27,1171,503,1292,553,416,472,4,144,986,391,469,495,698,1153,504,405,487,514,585,1230,522,1304,1316,451,1068,437,470,818,203,400,32,621,568,922,118,329,452,631,1200,592,47,714,381,1296,570,505,785,694,109,433
595,1354,853,826,819,1263,61,861,319,609,1246,823,1259,1271,576,1245,583,964,1238,803,911,1115,523,62,312,1217,887,841,862,570,1222,1262,860,854,871,302,829,305,233,67,593,834,1152,1368,202,317,1359,332,596,872,60
875,406,253,220,35,1047,350,1052,425,459,706,252,1324,17,717,125,616,687,1139,628,440,255,982,140,975,248,258,543,118,412,634,647,978,427,703,897,138,968,28,636,387,447,919,383,430,533,426,1049,1194,2,146
502,1238,1141,1143,966,316,233,766,175,795,504,505,522,493,1239,1058,1236,852,1177,793,581,317,1144,236,1228,54,170,292,827,832,375,1209,335,774,66,205,139,1259,826,550,1106,846,503,1207,1256,1243,802,796,368,611,867
1204,889,622,759,1117,546,1338,336,1356,1203,467,1154,1078,42,1216,1257,1250,884,1339,894,881,1224,1182,115,114,731,1253,1358,961,1269,346,1282,1049,455,932,1024,318,831,548,232,1347,217,1350,101,235,1357,1334,696,1301,519,1279
1282,425,1041,703,977,17,996,1052,1321,965,149,445,28,706,800,385,1018,463,350,397,1049,779,1038,140,655,1327,691,138,258,93,616,982,1328,447,16,614,1313,628,784,387,687,403,142,145,613,153,1045,468,270,261,1005
1254,425,406,977,258,459,447,28,385,613,1321,380,140,397,1041,142,35,440,997,403,387,1204,252,261,426,703,1292,463,982,617,17,412,16,125,350,149,255,454,532,516,975,616,1327,800,994,680,1026,118,383,1005,430
894,60,205,1371,910,823,775,827,856,66,853,586,1263,925,1261,523,321,861,57,72,1053,582,600,952,603,849,324,592,1245,61,1264,319,596,529,71,1266,574,450,1354,865,1258,1277,1115,284,95,790,818,764,886,832,236
707,1234,44,701,230,522,585,1239,445,168,620,571,438,435,913,793,50,1140,817,581,314,1173,746,566,320,526,248,1180,524,494,465,425,529,372,103,1248,1092,568,159,271,60,274,172,1226,553,1247,1345,1314,292,175,491
226,509,1041,590,463,17,657,974,227,785,655,1091,784,1007,16,1175,167,628,1295,659,1300,1018,1320,274,385,1032,533,28,1322,9,20,421,117,383,528,1061,419,219,495,684,514,729,411,996,568,1314,136,426,616,1342,1171
997,817,845,565,1235,1243,50,593,1239,862,1228,1238,1214,791,1191,1273,1241,1068,1190,846,1340,102,1258,317,790,1154,834,289,857,494,1056,157,197,756,201,604,198,832,1277,859,328,818,1039,632,1247,43,584,324,780,1242,823
1039,553,752,389,617,390,148,985,472,1318,233,624,862,954,429,1045,912,592,384,804,604,509,1082,916,648,1180,254,846,292,785,1340,1202,1291,557,66,92,583,577,1204,971,142,203,491,146,1249,144,445,120,9,1139,1102
1084,701,465,118,268,1083,1202,1049,476,43,1161,514,270,1292,687,1041,172,725,1153,1286,447,442,693,1023,997,620,137,800,464,138,429,732,469,259,706,1328,1348,1094,1037,1296,1316,1060,412,1344,994,768,1092,973,253,1056,1007
509,585,1140,498,487,502,524,751,639,50,570,1191,553,1360,1236,211,1318,60,551,304,576,103,1210,189,758,1096,1341,1242,1177,529,733,15,194,950,911,1200,1143,775,1151,495,1241,197,1354,329,133,1110,750,948,1008,583,526
69,397,385,1327,20,977,24,93,1287,445,613,380,779,700,514,463,982,390,412,252,381,510,442,394,997,1052,518,395,393,1204,447,409,1027,119,125,649,1202,1286,1313,138,996,976,994,406,532,403,255,1321,459,617,30
898,77,442,20,981,1328,973,977,149,590,403,440,1321,628,683,688,385,397,431,1188,324,976,327,1345,898,805,919,951,1154,6,1143,965,978,800,24,184,117,700,1016,1046,381,1013,1036,116,638,1153,1355,1308,16,516,513
1272,518,687,613,445,417,1041,403,1005,16,459,87,380,385,425,258,440,965,590,976,1300,509,616,628,1032,383,997,378,1313,17,406,1046,430,532,447,463,397,270,32,982,1327,516,1292,507,1052,429,673,634,703,250,1321
765,862,633,986,584,621,103,109,551,389,60,506,815,823,196,592,631,391,641,438,1093,15,583,453,577,4,619,637,392,243,565,289,214,1140,357,1008,567,320,618,661,324,416,202,532,111,327,1226,448,1191,972,332
998,522,372,585,778,446,46,916,1059,1094,203,1120,1291,806,915,789,1012,1272,619,1297,1208,666,275,484,329,923,280,34,553,620,74,0,758,985,790,993,321,910,256,308,477,1168,768,604,221,127,312,836,930,490,816
620,823,862,571,329,827,1246,319,577,860,103,581,846,1265,834,196,582,1236,1208,803,1263,522,534,1146,861,592,70,1262,603,596,1270,858,863,206,866,878,859,565,826,871,875,61,835,585,570,1119,584,1217,202,1235,569
590,1277,305,879,835,606,1248,775,596,764,60,818,1275,570,211,202,66,1210,1228,585,1217,853,1265,741,284,366,1183,864,1241,193,526,1147,280,883,783,861,1143,245,757,1152,777,862,787,1262,1207,601,940,57,1225,214,865
429,779,1322,136,425,153,274,465,43,703,655,463,145,17,729,470,35,1300,99,429,683,732,433,1202,704,167,617,1194,784,533,164,1129,473,1032,140,657,411,427,675,256,268,11,1321,1003,387,1091,1195,1292,250,1340,1018
1005,931,747,99,1348,630,1082,1127,582,1312,1346,319,167,716,449,224,794,1027,156,1235,526,142,1151,440,727,675,1290,119,766,973,487,210,916,480,152,1009,1044,1134,294,419,444,137,181,281,148,585,845,1073,533,801,153
869,149,1052,28,1321,977,687,454,616,779,140,1286,406,1293,425,449,385,613,1327,614,468,258,442,1324,445,706,427,387,1313,1026,17,403,680,691,703,1038,141,800,447,655,720,261,982,965,93,975,1287,380,350,463,24
114,225,389,254,1048,136,661,954,378,617,472,516,125,533,1102,1043,421,176,532,426,141,801,518,1295,87,439,284,419,260,628,146,1037,544,648,672,1162,716,1145,398,968,663,779,1355,429,452,47,469,1022,438,1286,745
425,570,433,1173,66,559,583,522,319,557,603,775,592,504,505,846,585,329,863,793,65,1239,104,867,558,859,757,921,1208,491,1312,302,201,780,1341,133,862,214,581,46,593,1157,1238,986,860,376,320,620,197,569,923
709,1080,508,767,710,196,1018,286,1288,795,1138,1338,923,640,822,937,63,190,197,467,111,54,51,679,545,454,300,1164,948,546,48,255,499,471,936,98,452,497,1109,1260,830,1317,656,739,222,1339,851,1362,89,475,192
302,691,680,706,425,518,1320,538,435,1041,965,141,703,140,800,994,253,261,440,679,250,1322,1194,258,991,636,648,454,459,1316,424,1027,16,17,118,815,445,93,649,1010,46,149,1032,720,453,24,977,449,403,613,1165
304,1052,406,425,616,28,720,977,779,350,252,261,655,1041,445,1293,385,449,426,1049,258,1038,149,17,700,380,687,1313,997,468,1048,613,691,628,1324,141,397,706,463,255,412,253,454,430,1286,140,1322,16,1003,93,516
469,751,1129,761,970,705,41,1120,644,689,1099,619,1058,524,528,1100,737,1005,1236,738,656,504,485,654,744,570,1161,172,704,1168,419,1095,998,1187,551,980,126,400,1263,477,421,165,164,283,567,1154,791,143,166,972,1341
1015,1316,429,46,469,118,464,1333,1101,453,1171,1226,409,1173,921,405,470,489,391,633,543,491,164,1304,698,804,320,793,329,714,1190,991,649,558,4,570,401,91,1161,757,780,296,505,1174,527,550,559,705,1197,478,923
306,472,429,998,445,1173,510,1294,1019,982,11,1168,403,30,243,386,557,469,258,93,898,9,1315,435,25,567,977,973,1005,389,32,18,1341,378,983,251,270,91,488,381,416,1292,409,984,576,1051,824,1046,968,613,687
321,459,426,616,977,28,1041,706,253,425,700,17,779,680,35,454,634,703,1293,532,449,628,427,613,997,1003,412,994,29,691,125,1038,636,32,533,687,445,385,274,1018,800,463,784,465,1005,380,693,403,1292,140,1019
1013,1023,1113,234,721,712,1047,1025,764,1119,267,258,1174,991,918,1309,976,152,294,417,1344,1328,897,1093,915,766,148,557,1083,553,298,1308,1063,1122,1123,984,1206,67,973,1348,1067,522,1352,806,998,196,784,498,1239,1118,864
500,826,1153,1259,862,503,1225,66,1058,1151,823,1096,592,329,1158,1270,551,292,832,194,593,491,1238,200,609,65,785,102,1168,778,1297,790,944,803,806,791,817,1242,197,201,1068,176,597,1210,1056,1234,504,617,877,1093,581
792,805,614,146,437,581,202,419,453,411,570,620,714,1330,636,87,1318,1336,435,1316,312,144,871,986,1067,793,671,752,319,143,57,502,106,167,95,1031,60,815,568,732,592,164,1314,741,826,108,618,416,67,1060,440
1167,478,911,164,1068,332,118,826,919,704,524,777,251,998,353,698,733,1005,964,1235,862,534,561,803,295,1190,120,551,631,312,1246,824,1259,61,543,1311,532,201,535,319,234,815,433,400,112,626,1023,148,302,480,1067
1283,445,351,1004,423,666,141,234,433,149,412,965,679,1321,4,138,502,996,701,1175,264,1018,1148,658,636,142,16,703,1311,626,709,391,706,453,425,568,468,34,450,152,52,384,230,1305,1038,949,107,140,37,1080,219
106,986,584,570,862,60,783,552,391,867,1312,637,392,583,653,554,559,1340,742,801,676,898,408,536,1068,1315,453,239,568,864,787,1158,292,1336,272,971,321,714,741,1179,203,671,1136,1060,558,1219,165,473,176,329,386
222,38,17,1175,1038,1052,655,470,468,657,703,118,1320,125,273,387,994,512,464,426,532,1313,41,149,779,1101,691,37,1032,701,263,1003,1041,704,158,473,421,495,274,227,465,766,1082,145,1089,1323,82,1097,452,266,230
325,395,435,403,544,389,394,397,468,1292,24,752,429,443,974,0,411,91,255,440,590,1173,425,390,704,649,1318,391,18,392,458,438,453,1171,11,139,83,1316,1300,111,996,1052,628,532,409,804,617,1027,1304,141,1342
671,116,1046,411,196,805,254,1348,443,810,729,929,49,1300,742,274,751,804,440,621,563,83,219,718,1332,1071,470,366,970,126,295,1158,34,561,1027,1111,762,292,1303,614,392,1026,1008,944,630,315,564,1254,1105,1022,965
965,620,687,766,951,1245,455,327,119,141,1321,1118,139,326,21,504,585,1067,255,1039,988,991,696,1131,1050,752,1044,741,998,323,1173,25,975,624,103,1167,1304,523,1045,1127,307,87,4,878,561,1162,992,1239,60,1332,251
214,1293,614,1204,119,350,687,438,655,1326,919,502,1318,425,20,270,965,784,440,403,141,1202,714,448,1314,1041,673,1292,535,257,411,35,172,703,142,116,973,691,437,1286,661,1027,1313,557,800,706,1173,34,385,258,518
1198,440,680,438,1204,385,437,445,703,258,496,30,1310,660,345,412,1018,1300,700,1318,180,468,425,1045,270,978,999,1305,383,17,142,1314,1052,125,624,1148,32,1175,119,706,977,406,453,514,996,34,399,1286,427,535,1299
253,683,1328,1075,234,390,1311,274,655,1330,1342,805,464,1306,148,678,1168,152,561,624,611,167,465,1194,1287,219,1314,971,12,507,954,1124,43,1091,533,1286,676,824,1139,118,1195,1249,441,401,473,675,91,729,1089,149,141
365,395,425,440,1204,397,119,518,385,616,785,628,417,976,1031,389,687,1318,258,1287,805,1032,443,392,968,453,448,315,657,442,999,614,405,378,514,1005,1202,250,804,0,671,142,18,383,459,1292,1315,146,974,438,138
935,442,87,397,977,393,34,687,454,28,364,380,1027,426,1052,431,978,518,381,976,617,1327,142,392,472,1051,425,999,429,531,427,379,95,1300,701,700,1201,613,1321,1045,564,457,92,438,1070,430,448,407,119,1041,18
123,585,4,225,1140,620,1173,398,479,1168,310,196,1082,367,477,965,1165,529,778,915,543,644,1053,750,372,315,835,1047,203,433,329,751,1344,405,482,740,301,219,15,878,678,611,493,570,32,762,698,362,1169,733,238
542,766,945,1209,338,337,1262,842,962,336,1257,65,1244,213,1095,343,513,298,961,102,955,374,1233,995,602,423,1143,1207,914,1280,924,1144,631,1272,913,1040,605,1146,524,882,811,1259,1110,1133,587,1357,902,1277,596,331,1366
535,526,491,570,1344,465,1190,1082,464,429,1226,1210,1200,728,108,1304,1151,477,764,994,152,704,311,305,46,165,594,1354,751,543,985,1023,553,855,1155,1275,600,1265,571,194,1173,453,267,1092,302,286,1094,1259,1168,102,742
866,149,468,425,445,706,994,118,17,687,1041,427,1321,459,720,636,1286,691,28,126,387,673,426,991,1027,1003,41,463,697,680,1018,412,1038,452,140,438,655,138,136,1165,997,1194,977,1327,1313,153,449,807,350,1328,32
581,875,582,1233,1262,104,1272,826,811,213,607,65,891,887,835,603,864,1146,1371,1365,367,585,952,338,873,871,766,1113,312,71,193,839,853,765,861,214,1271,924,1263,845,1245,1373,88,1240,330,787,600,1209,207,816,601
1102,720,1195,1292,380,954,141,245,1003,274,1038,1058,266,973,779,468,412,985,125,116,729,76,146,12,1091,164,994,1249,152,145,47,531,353,390,167,734,38,273,424,252,703,350,459,784,463,1287,742,1340,472,636,706
21,425,25,445,1286,996,516,1327,426,1292,1300,381,440,136,1045,149,1046,1026,976,380,613,126,703,617,1291,261,255,514,982,417,1050,378,1321,1320,472,997,447,384,454,453,1340,459,116,649,680,77,91,1173,994,1161,327
701,655,1041,628,509,516,613,1026,720,616,1341,454,805,426,125,1342,119,976,1124,1320,35,533,1322,439,1019,1052,41,620,28,463,0,225,675,653,149,385,406,281,1301,727,449,1037,279,229,1336,9,684,232,1061,1185,729
794,966,1152,1155,1143,1370,305,368,86,1141,1156,365,308,777,888,367,770,944,1241,799,756,50,1244,816,66,286,1240,1135,1127,1256,750,879,370,278,307,1187,493,194,736,69,1260,162,761,574,1228,486,1121,1361,524,190,70
503,1249,1211,1221,970,1247,251,1136,1207,1360,841,860,1238,862,67,1083,1236,172,1191,708,305,47,1039,666,810,1246,634,846,834,761,847,493,653,1254,585,647,806,265,62,211,317,60,1134,1364,738,292,832,724,1119,1355,1177
476,118,28,459,700,412,1321,406,649,514,1175,628,17,954,729,145,141,273,387,24,999,35,1332,264,138,254,119,779,429,268,655,465,973,34,518,245,426,687,1293,1102,447,153,142,463,30,248,706,1312,20,636,669
389,454,24,706,1038,703,683,1003,1322,1324,997,145,1161,125,459,427,1052,516,387,380,140,17,350,1089,1321,687,616,141,406,1046,468,538,1286,152,990,250,1194,28,412,1070,116,1139,980,1199,968,697,982,430,381,693,1013
727,425,292,264,536,65,790,133,740,324,1292,541,834,583,592,585,132,1050,862,356,694,1371,561,992,952,863,526,522,835,726,1036,95,954,120,1051,320,438,104,1243,852,1294,92,841,1136,144,1055,1060,823,581,1141,1190
981,234,543,1311,981,268,411,1316,585,165,1312,254,626,609,174,1230,321,744,824,615,1303,341,1104,751,1175,1289,480,284,504,109,60,569,172,30,103,790,979,1173,524,92,1297,930,127,272,505,197,916,287,202,1058,730
335,687,425,1041,617,24,459,454,701,447,703,1321,397,387,1046,395,380,426,427,516,616,143,383,385,706,997,442,1287,125,142,270,1089,1204,430,468,253,87,470,613,35,463,403,149,140,691,628,440,252,445,693,507
1188,1265,802,539,601,1270,1254,1266,1371,862,847,302,764,864,845,578,892,1271,1211,1237,1263,1181,1177,769,45,1246,875,238,803,1275,1276,530,595,565,1233,331,210,343,1128,534,337,877,860,878,206,209,1196,57,1245,609,582
433,524,543,1144,1200,824,310,1287,970,790,1210,724,619,58,550,570,391,400,1140,551,1100,1213,795,1127,993,172,308,823,1011,164,478,688,818,460,1130,662,320,1047,264,514,463,1068,296,1066,760,1190,252,1034,278,1122,179
220,1041,385,706,1321,954,687,141,118,742,1313,649,1089,350,997,1091,447,779,449,381,412,387,994,143,145,440,459,464,1320,1027,1342,729,1061,516,468,463,1050,430,1315,1003,1202,977,397,274,691,35,1038,703,616,136,655
385,196,862,841,251,328,585,801,834,829,789,1262,644,592,1236,826,574,61,1044,1249,1263,582,92,596,1187,777,1207,792,103,276,206,67,1360,1209,211,570,265,678,304,1259,1246,321,853,190,551,818,524,553,1088,1211,60
896,683,590,779,734,516,149,146,624,139,1018,611,411,452,1322,1058,1314,125,1049,1176,167,703,982,38,1312,41,257,34,256,1041,158,617,1195,1045,1327,43,478,1328,32,129,227,1032,1326,145,399,1286,620,1139,463,48,1007
358,438,703,403,148,383,445,136,429,25,138,968,470,994,18,1026,472,991,1051,425,140,661,453,1340,980,544,411,465,20,261,815,1316,143,129,617,1041,447,394,1327,620,395,253,590,440,919,118,270,977,385,119,1018
1187,852,585,986,1039,1208,846,473,4,862,1247,1211,817,504,326,841,1238,592,491,780,1239,857,842,583,1153,1246,319,774,1259,1055,290,302,775,1236,832,1258,867,824,766,604,389,1136,593,524,419,289,551,1022,1056,576,210
2,425,351,617,118,380,429,464,136,138,34,85,52,997,35,445,704,426,403,1286,433,427,455,514,152,448,25,986,1226,968,655,24,1340,383,385,1304,1043,1204,400,438,982,453,415,703,516,616,470,706,417,680,996
104,687,425,445,252,20,1052,30,447,1321,614,385,1204,1310,613,1046,518,440,976,393,140,0,28,459,965,983,395,380,350,87,919,684,403,16,34,77,700,954,1173,1327,141,636,509,688,118,409,616,1026,800,1293,417
1051,1263,236,175,1270,1371,1265,824,860,310,1266,749,1359,775,1141,864,1113,854,1217,828,205,1166,67,1208,871,964,741,1271,577,852,887,862,62,1238,312,609,211,571,233,317,802,1014,811,849,307,569,299,846,778,1056,1236
1268,258,1204,425,977,442,628,406,459,385,412,0,1321,24,1327,149,28,1310,397,253,454,655,687,616,395,518,1026,1293,140,1041,509,706,34,968,396,393,532,426,445,387,141,403,268,1019,983,1287,516,1046,378,17,691
651,861,317,1208,591,1238,862,1209,780,1039,1146,1263,827,839,312,322,62,1143,565,236,1246,1058,1264,328,1186,319,1235,826,834,857,1205,1265,853,1223,332,1177,59,966,207,70,1247,595,211,803,368,68,846,307,823,878,1371
1325,34,225,260,315,1026,478,996,628,143,389,614,1056,611,649,655,965,25,119,532,1318,1304,0,968,1168,9,1175,32,613,429,259,438,1316,680,125,1204,472,406,1050,667,136,1084,1032,475,1320,35,507,469,544,617,528
99,1328,982,532,454,149,425,533,142,406,445,350,136,28,140,516,438,700,463,390,1327,394,996,1202,507,447,997,616,636,1052,1038,31,435,381,706,544,17,116,687,1204,380,403,1286,118,387,683,1061,16,180,143,617
708,372,464,423,583,74,95,1162,1096,701,1342,60,335,592,50,750,986,1059,415,170,1173,103,581,1092,713,1300,1239,172,438,1314,567,470,704,1168,568,435,1204,451,514,703,758,621,585,1032,1022,383,1027,292,1161,823,670
784,835,522,583,1191,329,824,1127,328,834,570,1208,828,335,1236,477,47,750,319,460,596,1228,259,1206,970,257,1119,66,1238,859,274,201,1146,846,582,193,754,823,1012,308,1134,1140,63,317,745,451,524,637,841,862,60
897,459,406,387,1321,613,454,977,445,1293,700,447,628,616,28,516,252,1204,385,691,403,0,687,395,442,976,440,425,680,380,720,426,968,268,429,1005,16,784,1023,253,287,125,982,1020,261,91,655,140,397,1202,1313
903,118,687,1318,20,270,1204,1045,1029,977,30,514,1295,929,138,119,411,409,87,1063,25,532,445,455,983,997,2,1008,468,264,390,440,9,617,1038,1168,1294,768,37,4,399,590,1082,1321,991,159,1320,90,315,1047,219
660,205,595,860,861,1261,878,846,1056,854,827,1256,1238,1237,865,486,864,1196,1241,299,964,857,928,62,1239,601,1259,1240,586,1039,549,750,1231,206,207,233,839,1247,911,1048,1228,802,803,1263,284,67,819,1246,863,871,872
834,141,440,1316,417,399,380,468,1300,18,445,0,1026,1032,977,1018,617,403,614,784,442,393,996,470,518,516,641,454,261,1292,447,532,385,250,327,315,994,1162,700,544,16,87,429,976,1020,24,412,91,1173,805,703
1219,393,396,518,87,202,606,564,341,1051,563,867,194,1022,458,522,112,383,609,999,390,176,977,39,637,645,783,403,90,1056,1208,583,60,391,15,966,364,775,379,983,586,618,585,1052,324,327,368,389,544,542,1090
149,28,463,977,385,655,1052,978,17,268,700,30,379,387,1204,1328,1124,397,130,1005,145,1168,1042,415,136,720,994,687,495,1323,1341,997,425,398,258,1041,24,414,390,507,1352,270,93,1038,1334,973,256,509,20,403,518
146,613,93,445,28,350,700,426,406,968,977,30,616,532,1292,403,1041,389,1321,997,1202,252,491,703,691,510,1314,34,982,410,463,447,381,412,430,0,655,390,975,779,435,516,617,973,971,429,427,25,24,628,468
623,1140,372,305,669,162,672,863,583,1249,1022,127,1223,1120,1047,1304,194,871,599,663,826,1274,133,568,33,177,757,995,285,256,14,764,993,151,861,18,1067,308,60,1238,95,547,864,1246,251,415,818,1109,741,791,1264
915,220,93,454,35,800,253,706,394,17,412,442,657,526,613,28,47,1027,38,385,425,1299,20,424,616,149,918,630,954,463,784,152,717,118,614,1175,700,264,538,94,996,655,245,138,1292,426,533,380,1003,272,140
1099,687,399,91,323,155,669,590,617,1202,447,1005,263,4,518,954,425,1014,176,1031,1030,994,982,1287,1328,997,1019,1051,152,514,387,453,139,981,784,409,700,671,441,415,678,383,1292,141,127,438,683,261,381,138,1304
170,412,1153,717,1327,116,271,1305,696,487,1092,1312,149,152,683,427,164,703,611,1046,261,1308,253,43,1321,973,513,464,380,454,1036,693,742,1310,1292,677,230,140,1286,1057,1360,1175,132,949,47,1083,440,1105,77,708,725
877,445,800,397,440,616,412,381,258,261,613,459,518,697,17,1204,380,509,680,977,978,449,140,1328,116,703,24,691,1324,35,1046,427,20,1038,1041,28,1311,973,634,1310,142,997,687,454,393,385,30,706,387,1286,143
282,406,425,628,442,17,385,1313,997,1324,1052,315,687,616,977,701,123,976,1286,261,1307,28,1204,130,220,350,274,898,1327,649,1194,717,461,85,1199,965,1326,427,260,32,445,627,1202,463,1305,1304,982,118,800,1002,397
97,16,655,1204,706,390,680,613,136,704,270,784,440,399,263,703,965,636,437,1018,403,447,991,426,1286,1005,118,143,984,438,219,389,4,666,439,516,87,142,427,729,649,0,1292,1318,448,32,669,514,411,1050,383
760,1333,1341,99,677,166,1091,245,1336,1226,1175,267,248,676,463,1092,712,314,915,550,1340,1195,253,751,985,1141,460,279,498,1127,791,1335,168,329,1066,1372,266,1152,489,1075,219,268,1136,1332,283,533,141,824,203,1025,225
294,220,717,426,145,1004,463,1320,978,153,414,241,464,1112,1003,36,219,152,680,409,38,261,984,533,387,28,636,141,991,263,507,628,590,1294,721,425,260,352,822,114,994,729,1328,30,688,1322,634,709,1327,1338,997
246,1031,862,1294,986,383,1059,805,981,226,620,552,653,553,437,535,1051,391,219,141,425,507,570,1174,389,775,4,898,110,766,411,416,714,637,473,518,6,326,273,392,998,8,139,801,419,619,523,112,322,1176,716
1117,1052,616,1321,252,426,142,412,35,1202,687,954,261,28,613,459,1029,463,24,440,1038,977,385,560,253,706,982,691,985,1201,380,1045,978,2,390,1042,648,442,118,999,397,1327,997,617,395,387,427,17,138,649,153
232,425,429,30,25,445,119,406,438,17,628,1293,136,87,1314,1004,1300,125,469,385,149,614,442,703,1287,411,1161,590,1204,667,636,1318,687,446,613,454,1027,1315,0,564,158,1018,448,977,248,1050,1311,1041,459,1316,397
641,319,852,1058,846,1270,62,581,1208,783,842,823,853,67,749,577,1177,1152,756,861,650,1241,802,769,57,1211,565,764,304,854,705,1259,571,1242,585,1372,61,1102,551,1209,1159,1238,964,1247,1236,307,302,63,595,1265,828
404,149,125,380,255,425,976,417,996,1041,468,119,977,118,447,454,683,77,0,24,516,387,28,140,997,655,442,87,390,440,430,393,1286,253,142,470,99,438,994,1026,1202,263,1018,706,636,703,395,1027,258,965,613
1148,703,425,720,252,784,463,844,274,142,444,99,419,41,266,675,1111,459,1125,680,219,1328,387,261,1246,1136,353,380,145,683,230,533,473,350,495,954,1139,1049,742,630,153,1038,17,785,264,568,706,676,279,167,581
1085,823,416,561,1200,1161,1228,1262,536,897,1044,196,281,296,179,1311,662,1330,402,415,639,105,70,244,292,1194,670,1094,835,923,372,830,818,197,528,891,295,113,596,907,3,1318,912,585,45,1119,410,1226,514,1127,154
200,425,1048,141,387,463,440,634,700,138,459,28,1042,385,1321,687,24,693,691,703,518,258,427,429,468,433,616,706,350,680,590,34,20,657,1313,261,91,686,380,279,412,430,977,266,1292,260,649,742,779,118,669
679,1039,1146,834,1239,1373,310,328,1152,1261,38,986,168,309,104,842,198,1023,1206,1231,873,1225,233,852,593,835,1277,566,689,878,1068,724,803,704,96,582,103,332,370,670,282,311,865,1177,1234,75,941,54,770,1074,304
390,38,704,429,159,611,468,687,1041,427,1171,729,1295,433,986,463,411,315,395,421,994,423,394,1071,1096,12,136,996,435,469,163,1316,1333,510,1304,1008,1313,146,276,701,1286,20,31,138,391,1204,1091,268,919,11,85
396,312,66,846,1271,1238,887,871,775,201,849,1256,859,863,862,585,1228,1208,761,583,1259,1141,1266,205,827,841,555,861,65,104,366,852,857,593,1254,780,1240,341,828,1370,765,773,504,799,522,177,847,823,816,875,570
1267,1140,1120,1153,268,196,1141,1135,871,1171,1094,469,489,175,619,1304,477,9,689,320,1169,259,1014,897,279,1288,274,1295,90,1011,492,1312,1051,503,533,1090,166,577,753,783,43,3,1353,793,662,1083,561,818,1050,550,1336
3,425,258,385,977,24,397,412,403,28,976,459,1041,1310,628,350,34,1042,380,390,1293,706,700,614,982,430,17,509,616,32,463,965,532,16,30,141,426,649,680,417,516,427,429,440,1313,25,393,454,996,447,253
357,533,1097,543,703,713,465,1022,1101,706,324,775,1342,468,383,320,715,657,1030,1041,470,606,704,526,1090,435,1099,170,137,1345,577,133,1296,908,671,366,708,618,986,1092,453,567,962,44,1003,469,1132,202,1096,844,862
1080,818,503,194,522,1228,197,66,1261,592,181,416,415,312,1120,921,286,65,498,806,329,701,356,1256,604,774,527,99,113,911,50,765,816,365,439,1115,775,766,855,922,435,704,923,1097,572,1190,1232,1167,583,1093,189
64,1151,570,1228,1251,63,1261,1171,66,911,201,581,320,22,347,1349,506,960,489,433,685,1248,193,551,836,370,1200,354,1240,111,1210,64,65,933,1225,1115,205,44,866,1258,1128,214,1068,1269,670,555,855,773,863,604,832
211,1327,463,997,994,261,152,149,1304,327,1085,77,464,533,703,11,38,145,973,12,1042,387,1018,1322,136,98,430,1004,240,991,26,468,1000,380,459,254,800,253,427,1321,590,28,1161,1308,987,1204,1316,1052,425,263,687
437,261,35,1174,445,1010,250,93,538,477,424,570,1202,21,219,1060,805,691,1108,281,667,1031,411,509,118,1139,700,568,551,1319,32,146,239,518,1330,358,1311,435,1292,390,913,712,383,1191,24,226,1023,732,989,107,784
891,28,141,11,1292,1294,1025,145,994,429,1005,985,977,16,93,260,315,1313,424,968,1287,697,1168,119,716,613,1311,442,987,1019,997,514,250,655,1321,973,516,463,35,378,1312,263,779,409,30,1286,1295,687,1059,1304,24
1157,412,514,531,687,98,12,922,1286,223,1000,669,390,399,472,255,398,406,720,2,286,617,141,425,564,268,982,785,463,276,997,92,734,1105,518,968,387,634,263,77,1205,1018,400,389,768,28,1059,219,994,416,252
1269,524,576,211,592,604,570,504,775,1226,329,1265,1,1210,554,1238,1225,292,577,491,609,133,480,553,500,584,1341,863,202,596,287,799,562,264,272,594,1213,1360,1340,855,180,536,825,1217,1273,1296,968,435,583,891,1173
609,1228,329,609,816,823,811,375,839,1272,1238,596,1273,854,887,319,368,189,808,54,337,1265,1277,371,1200,312,585,1354,834,60,71,862,335,866,524,202,592,845,493,1156,370,1335,604,70,1268,207,373,754,606,871,1147
465,1053,912,1208,862,319,816,921,916,1316,575,1235,790,1141,289,824,567,328,603,557,834,505,104,762,72,775,663,846,1055,62,1067,908,818,197,863,714,633,290,793,870,766,332,910,559,842,923,59,376,420,577,1011
1313,998,864,553,1270,1241,139,784,617,1023,913,741,271,1312,975,87,4,973,1176,234,90,1162,437,1202,981,327,1118,805,399,1249,1039,862,919,421,60,498,680,294,146,565,1083,257,1266,683,166,236,667,226,604,415,804
1281,149,1204,140,1049,703,1052,261,350,253,706,17,1004,784,687,1018,1322,997,380,142,442,1321,406,454,1003,425,152,977,468,35,1161,683,918,445,125,976,430,1199,145,1194,395,77,403,1292,250,1038,1310,1089,990,397,697
578,570,1208,522,862,584,319,63,551,845,1140,571,836,1022,581,790,583,569,864,842,487,930,504,761,1238,863,1141,205,1153,66,633,1228,1366,194,565,391,553,1276,561,823,754,775,170,203,577,329,593,543,840,832,1131
1215,1052,252,687,977,397,406,385,613,442,387,1313,17,518,1322,77,93,28,459,509,425,1041,449,260,125,445,35,616,1042,628,720,1026,426,1292,454,655,117,700,258,141,394,140,965,350,274,1040,1199,997,412,1185,16
956,276,9,544,401,1168,472,91,429,1204,315,982,390,687,528,394,507,469,389,590,403,1008,1300,1171,381,1176,514,379,968,1032,564,1014,532,649,518,411,18,669,996,453,1315,678,386,1295,147,1022,824,1297,553,1316,653
1008,917,1263,1110,1132,1236,1146,324,1230,931,792,650,54,1159,868,206,820,330,496,1143,749,228,1152,1238,1207,1264,1303,852,949,171,745,1035,659,1187,830,1142,1088,860,229,370,1371,1007,1261,1150,1181,369,870,915,291,862,803
689,145,1050,468,43,514,141,126,805,136,617,440,470,119,516,256,422,662,274,667,411,1025,425,984,1047,716,1037,138,1295,389,1308,146,329,9,734,41,691,675,91,127,137,1168,1312,18,447,980,276,680,684,973,155
750,585,522,775,319,862,284,835,1135,863,582,1208,325,366,67,792,944,592,1156,1044,201,203,46,571,1209,170,460,1236,60,583,823,296,803,871,477,574,1177,818,907,596,553,1144,1214,762,1256,795,1158,503,194,1127,845
1063,1327,1324,683,988,1306,25,743,409,356,1139,422,1195,1000,1328,226,951,922,1049,996,1109,989,766,447,271,431,815,1001,4,111,1131,1153,7,696,455,1169,563,1047,1188,1346,1007,487,814,612,910,320,427,239,1082,708,929
1164,878,329,295,105,1168,584,1152,1238,292,539,522,741,611,1262,494,823,770,109,1276,1169,279,50,1154,196,571,1270,1231,498,978,314,859,248,799,730,1351,551,337,1243,308,593,876,969,482,580,538,565,609,503,1195,835
982,411,43,526,1332,491,116,789,233,127,1296,164,905,448,1312,725,570,1341,758,1136,790,529,294,913,1093,479,567,102,136,429,438,165,624,1239,1105,742,24,435,230,132,465,1110,734,1057,170,142,126,163,1305,540,845
539,1208,194,565,522,619,769,203,1372,389,1058,862,724,775,650,870,1344,891,62,325,986,197,507,604,319,1177,633,824,750,1235,583,1236,328,985,178,547,553,196,948,1114,326,863,1205,166,585,226,1055,1352,488,304,790
488,201,862,952,583,1366,522,1259,205,57,861,593,104,864,320,1277,603,547,592,818,863,823,775,856,834,555,1245,826,66,313,853,523,582,1190,577,1022,859,581,846,329,460,328,850,769,1180,335,1208,341,1243,1177,1068
1284,977,463,425,17,24,1286,779,385,997,680,1041,768,1321,919,1042,417,1026,1322,1327,1008,129,516,447,706,426,118,136,125,454,149,220,996,1320,703,20,270,350,427,255,380,141,0,406,30,464,140,1293,628,965,649
779,516,141,509,87,1188,415,556,60,495,504,625,1153,359,1351,613,968,511,720,4,3,987,1005,208,856,1047,486,1120,399,1319,107,454,769,234,436,514,572,721,712,1083,549,184,30,119,439,1200,854,194,538,805,944
1213,687,973,77,977,518,425,380,385,258,1005,18,1046,613,1201,397,350,720,116,240,430,997,1049,16,252,1026,1019,1041,9,919,667,1204,141,20,1185,323,1168,1324,447,446,507,683,389,1031,255,516,678,684,24,1292,700
362,1204,518,1292,1161,435,1311,258,30,429,411,509,17,1019,16,1168,1293,1041,425,985,1316,438,389,250,1310,1314,28,544,385,1318,1194,977,779,2,1012,1322,653,1326,448,1095,968,697,9,1300,381,980,119,18,1312,350,35
649,312,328,1100,1146,762,1246,324,1208,1277,1187,371,1272,1237,581,761,206,1113,284,1104,827,62,847,61,1258,970,72,104,577,875,623,1110,547,846,1353,373,203,877,317,209,133,63,596,736,1269,787,826,834,316,806,911
544,211,319,862,61,1259,829,585,57,1243,769,852,845,864,1217,846,604,1263,823,576,570,1226,552,504,1271,1246,1242,566,66,1247,60,1249,251,524,825,609,1238,550,522,1190,581,859,860,593,878,582,1277,1208,317,376,1332
1050,303,1231,1156,39,1254,1263,1270,67,1209,786,847,860,69,749,1166,1181,1196,1039,291,206,235,1074,1253,242,1208,173,579,282,1236,1113,1110,881,1338,73,1146,299,875,191,1359,1274,330,792,370,907,740,215,245,876,834,770
49,700,397,425,518,463,977,968,385,399,613,24,634,258,35,454,91,252,982,994,440,261,617,447,445,327,387,442,616,417,426,141,415,412,1321,997,16,255,516,978,976,28,531,1052,427,395,260,514,1038,680,140
909,994,590,1018,18,982,1174,152,263,91,532,417,463,1019,655,136,315,381,1328,403,28,1014,649,1304,779,429,394,118,416,968,32,1300,46,433,977,1327,1051,149,424,411,250,93,225,125,1321,683,1032,1292,380,1287,991
309,427,1328,1321,11,973,1286,425,1310,254,459,268,403,1124,77,974,1311,32,415,472,701,256,125,980,409,452,628,997,24,21,984,785,703,1194,448,999,1013,261,383,616,1012,117,16,429,1295,624,136,442,617,919,1145
88,445,17,613,687,614,1320,385,996,518,425,977,463,403,417,16,1018,1300,397,982,153,350,1042,655,703,532,28,9,1007,258,691,142,429,1293,136,468,1052,87,180,1019,1026,1313,409,1315,270,1054,516,390,406,11,779
1057,243,445,1067,416,287,250,1200,1213,998,1005,2,365,642,1135,1162,1008,110,1167,261,410,482,801,1123,480,276,314,254,1055,489,405,113,507,736,165,692,557,1020,815,234,679,253,1045,1174,1189,310,260,1144,132,829,1304
344,687,700,463,35,518,426,252,616,24,430,1161,17,350,261,1052,385,1321,459,445,28,1038,20,412,1202,688,442,614,32,996,87,1004,119,706,140,982,1320,649,628,1041,1296,977,1318,1204,390,1294,968,0,1050,125,254
771,687,425,470,459,703,1286,700,1313,468,412,28,149,427,261,680,447,38,1049,440,616,253,996,385,252,1052,1091,683,982,24,140,1287,1322,1018,1082,977,784,1105,390,138,1345,1202,145,1195,706,438,91,994,1092,693,141
837,1316,824,1168,1008,18,1304,15,472,437,1044,533,528,148,570,429,968,58,507,269,276,411,389,220,469,296,712,535,119,108,402,110,650,405,544,1063,972,259,165,511,1122,751,1031,146,211,14,1213,1295,1267,268,151
348,1293,34,1175,463,996,1320,264,41,119,148,910,426,514,444,125,1351,0,50,1287,1292,613,1204,1050,469,429,1124,464,916,411,1027,17,1000,153,437,1202,1017,439,552,471,391,476,35,150,478,25,752,694,704,1318,172
567,1211,1118,1083,1153,1056,60,1360,1113,1140,766,50,1354,294,1154,775,1247,611,827,43,1152,233,741,1039,991,305,1217,524,1238,491,1067,1191,236,624,818,1206,1186,317,964,714,1219,1174,583,1296,504,313,864,650,803,865,832
744,861,826,852,862,864,823,724,319,62,469,1270,1219,194,871,633,66,570,846,819,854,1364,1205,1208,1190,849,1152,1068,1113,60,1246,565,860,551,1259,316,1241,321,201,663,777,1263,834,662,775,824,528,576,329,927,1022
408,706,145,230,689,468,463,274,268,118,4,146,427,99,0,986,1091,805,425,703,661,411,704,722,35,384,465,441,438,347,451,1052,701,675,219,611,119,1101,1105,590,41,532,1292,158,732,1202,433,1124,1300,136,220
381,491,278,92,912,583,347,1318,364,835,211,329,111,836,1287,585,561,611,581,861,671,742,489,819,730,1236,856,312,547,1349,863,853,90,44,625,524,1111,14,1248,395,1202,653,560,133,1043,205,670,799,45,1192,4
1290,509,769,428,522,93,506,259,750,916,503,494,248,456,795,1056,1140,712,910,551,272,824,1060,981,1174,133,1068,90,771,753,189,6,437,1289,1312,226,777,793,870,1012,4,1013,639,666,1051,733,102,514,329,704,323
1139,1026,35,1319,992,1345,526,1342,1321,1344,278,435,687,664,976,30,701,1006,41,298,1065,928,498,677,426,725,258,1023,1008,516,1019,768,32,994,17,439,1340,742,252,138,441,2,459,270,1341,403,365,409,395,896,983
72,687,613,378,532,977,968,445,447,800,425,412,965,442,1327,28,454,516,897,140,982,700,250,141,1321,514,16,691,315,149,614,0,1018,77,385,805,1005,403,616,634,463,1041,406,996,25,394,1286,1026,997,440,390
1230,385,440,687,397,28,1052,459,426,252,1204,616,445,613,1321,403,463,387,412,997,87,2,20,406,380,700,617,447,1041,978,706,982,17,16,1046,395,1026,258,138,954,270,381,143,518,119,141,261,142,628,1018,384
1175,286,1223,290,1360,1153,1155,764,63,1143,1131,633,1149,987,178,59,279,50,1141,320,864,603,488,307,1110,754,1238,758,1344,1206,489,989,289,1146,302,304,314,487,324,937,1140,606,775,1277,1264,570,1221,585,493,584,862
1304,1246,329,858,818,1258,856,826,215,547,606,371,950,872,534,57,861,209,483,937,545,877,205,201,823,336,874,1366,335,867,1262,337,575,1331,375,1115,583,799,1232,830,868,577,80,238,525,70,374,623,939,86,1275
628,347,313,1312,842,317,1072,1248,588,343,585,1124,888,1003,169,538,720,582,58,1050,88,162,625,876,1250,640,1111,1246,1349,1207,1252,631,480,887,1144,1249,38,1322,172,362,89,630,499,657,574,495,375,209,90,418,1301
398,805,543,1304,1094,41,712,126,329,279,411,1019,448,553,1202,984,1172,274,45,425,491,1083,400,985,92,312,1287,570,136,720,522,0,43,1341,655,971,158,590,742,1289,9,628,1318,256,478,267,1153,417,1140,728,504
514,1175,986,557,1188,740,1209,589,519,1335,609,59,295,1133,1325,1359,56,591,730,1218,702,423,331,795,244,243,233,200,1106,292,949,684,1259,982,726,1273,388,420,1192,558,269,1166,254,431,139,198,1039,1255,1357,576,268
554,694,1316,653,576,535,364,583,487,712,491,553,636,79,18,1059,400,1204,429,187,167,1151,1063,391,567,480,564,401,402,1022,145,11,524,389,392,110,422,1310,1287,715,416,49,46,700,528,203,14,434,44,141,276
666,766,633,205,867,816,102,826,853,741,623,420,526,562,529,789,855,201,873,66,68,862,794,328,322,1262,1255,22,187,1093,80,1131,967,874,1243,950,483,834,1143,246,291,324,757,536,880,181,782,567,585,843,1258
815,691,1165,320,255,976,1109,424,1075,1144,522,46,1320,1053,1196,1070,224,314,757,91,1215,401,1125,1011,1200,429,994,1116,748,797,689,743,1139,278,1342,357,790,65,151,1322,25,464,1000,465,1167,1089,28,1310,1226,1364,1064
899,852,21,20,1039,969,1249,273,1312,703,22,931,1306,67,557,4,248,800,611,23,1107,801,322,1211,1128,1118,6,620,827,1175,1258,1241,1036,513,986,749,148,307,294,1246,1066,998,1218,236,1024,1348,1187,878,916,49,762
1156,923,586,205,1312,572,585,834,329,1208,837,912,920,823,780,583,925,319,1141,321,775,846,523,365,922,574,1247,57,194,435,1116,567,741,778,1153,863,328,860,650,356,433,61,799,1270,776,1263,866,581,577,66,769
551,319,585,860,1263,854,862,206,61,1120,1208,1128,1354,328,870,312,577,836,837,62,761,1246,846,251,806,769,211,174,1127,1214,583,871,863,1230,842,887,201,481,551,1288,762,569,753,748,66,581,480,861,1143,818,639
101,425,703,143,429,1204,977,136,138,1202,613,617,919,1310,1286,403,25,447,17,700,805,468,1050,1300,442,270,1287,518,438,655,417,463,258,167,752,1292,1315,380,1194,649,445,400,469,145,149,9,1005,28,976,973,385
645,818,585,292,603,862,751,577,1119,118,823,1262,465,203,71,1174,366,219,1238,477,543,493,1122,1127,863,504,1252,567,644,279,778,524,1094,286,1023,606,571,1140,102,1226,797,553,320,214,570,1173,1116,274,836,368,1304
110,991,1153,704,1136,543,564,553,411,145,1304,465,1113,1315,1161,1287,453,1022,1050,438,1314,491,41,986,273,327,532,1341,391,1075,473,971,1101,669,429,502,1312,1032,1332,624,590,405,292,996,1223,567,1333,451,1041,689,250
678,1354,1152,1022,319,966,50,570,522,853,585,854,584,491,593,829,826,1277,1141,326,302,823,950,694,576,70,487,775,863,766,311,102,862,45,832,194,583,1101,604,1360,860,783,1238,103,875,582,292,764,289,780,1265
186,385,1204,613,93,350,687,17,779,138,997,16,438,351,28,140,20,691,977,449,706,1321,1161,464,145,1148,616,628,1045,426,397,1026,463,1300,25,261,1322,532,1293,403,11,270,688,996,383,510,919,136,143,411,1318
575,391,988,862,775,453,1208,144,320,1304,1340,661,110,1007,641,1107,1258,804,636,422,703,732,853,624,1022,201,714,1089,1067,840,111,1101,539,803,1316,715,326,1091,867,425,1271,460,489,376,226,1051,392,63,1318,505,689
334,1052,526,425,691,977,35,1321,252,703,77,1059,616,465,657,141,1310,411,12,514,1287,693,87,429,1165,706,522,701,448,395,422,628,108,1289,424,613,973,779,1324,9,430,427,256,655,620,1004,29,245,1327,1293,468
733,951,511,626,175,15,981,983,310,829,405,347,661,522,219,103,383,1012,211,90,4,1242,327,392,1034,891,1319,998,446,1031,1366,251,810,687,684,1104,243,980,752,1168,1236,176,532,234,717,257,1060,1140,29,133,503
481,839,1238,1100,368,1143,497,911,868,744,872,372,1156,846,524,847,1141,862,828,1228,362,312,754,841,1110,907,592,1240,859,792,86,570,1132,1,1146,304,854,887,609,207,596,575,1122,1354,1256,1208,1160,493,853,1273,569
336,687,438,1204,138,997,1043,1089,383,706,429,447,779,24,1041,1052,406,1345,680,1092,1286,459,440,470,624,118,1045,544,385,1008,253,1027,261,441,427,982,994,700,532,704,533,17,1327,270,43,977,636,394,176,616,31
562,862,592,233,860,524,1246,491,1354,1155,66,854,67,570,211,818,582,329,853,846,603,583,581,1238,604,887,863,1236,823,328,827,758,292,1263,1239,317,1140,1249,609,1248,319,332,1247,867,58,577,133,764,1217,964,104
1140,533,720,463,1041,17,1175,1322,785,1004,657,779,220,28,994,1194,1091,149,516,716,125,768,784,472,1313,385,1320,35,1195,98,991,996,659,117,706,1032,227,590,277,468,1014,1124,145,219,1072,380,273,153,224,387,982
831,496,324,1221,988,758,1132,1110,96,104,326,754,304,1067,775,986,906,63,766,1208,1239,689,862,1191,433,177,762,1118,619,989,1227,908,1163,1353,1206,951,741,372,178,544,853,1238,577,59,844,1354,1014,663,1056,817,1119
203,258,518,459,380,140,261,616,406,680,350,975,1018,250,417,141,425,387,1044,385,315,510,252,1292,28,1052,1005,544,507,636,447,429,430,983,516,440,87,700,399,24,509,389,1168,403,800,996,617,426,1286,982,1026
811,824,585,286,321,1295,1371,225,1344,795,969,1135,293,825,1266,931,1039,574,233,1127,223,1194,792,54,1187,1074,753,745,65,1312,1058,1226,639,1112,60,670,268,992,195,1218,756,751,1102,841,555,839,1263,203,570,49,563
8,1321,687,613,406,442,1293,459,28,385,616,1161,17,25,975,700,426,977,16,514,655,1318,628,254,24,4,397,126,34,624,691,427,87,410,1296,252,965,448,983,35,153,403,412,440,32,649,1287,1314,434,161,149
94,425,614,978,472,34,28,24,687,518,1061,1204,1173,507,514,991,684,93,442,11,557,416,1289,411,1202,403,391,91,1314,1327,1341,619,617,379,624,785,398,544,1345,136,1036,1311,148,1287,159,241,401,252,21,400,327
1319,1167,744,737,1100,1110,1160,375,360,696,362,760,1224,1283,283,1108,1207,772,1353,869,1257,168,1163,1354,792,1338,373,622,743,788,731,1203,377,501,343,758,222,1078,761,963,831,317,1147,485,1236,342,1361,1153,484,751,677
231,1322,977,385,403,997,425,41,655,380,463,459,1003,614,136,350,116,700,516,984,149,1041,252,140,1204,1327,1050,965,1026,683,1091,387,273,919,1287,464,142,1313,996,24,117,613,784,447,1320,680,125,43,994,424,230
583,825,1136,1236,1258,1271,1036,852,1239,325,553,326,198,823,1238,1190,803,715,392,103,275,1210,1248,551,867,308,194,966,1344,1153,863,853,857,1099,290,289,944,202,835,1141,650,725,592,63,1256,787,226,750,170,341,233
1317,145,1194,683,245,279,518,673,351,1165,470,1004,250,1204,239,1293,387,1003,395,1041,996,1014,1311,229,657,449,41,146,675,141,706,1313,445,1175,1026,897,241,590,1299,1322,893,1101,430,1076,1319,1005,232,17,614,1130,660
1037,977,1041,385,687,406,35,140,1052,390,20,28,1204,397,700,613,532,982,1321,454,1085,447,1045,1029,350,1042,472,430,997,1018,703,1027,142,77,1313,143,24,732,219,1046,138,617,1327,1304,412,435,1008,17,463,994,146
173,1208,862,853,790,233,502,714,846,775,197,1068,604,650,824,60,561,194,320,329,504,836,1187,1238,863,304,584,585,842,570,633,1190,592,205,1236,637,948,62,328,803,524,867,325,818,866,559,1177,1153,165,1022,834
490,766,493,1200,503,312,329,1143,290,1135,1152,1238,1110,477,497,818,712,1141,278,911,995,489,1360,1353,504,937,1225,1156,358,1354,556,1344,104,1153,855,1268,907,178,754,522,1138,854,1223,771,1352,758,314,113,189,609,1262
269,389,518,390,507,1051,804,1176,28,395,977,779,1004,972,472,393,533,532,661,815,250,21,398,438,514,1145,383,437,20,1041,800,984,441,315,95,364,1174,996,243,219,91,24,1343,145,109,1031,268,81,378,381,687
333,425,700,385,440,614,403,1052,613,687,703,1328,136,34,1310,636,20,468,393,17,977,397,975,688,119,350,532,87,1050,248,982,691,140,1321,1004,395,378,616,116,141,1063,974,706,417,1042,29,445,454,896,442,459
1256,1175,533,268,28,230,1038,687,35,273,266,613,1139,996,220,1304,263,1124,227,261,468,153,253,791,270,149,683,41,706,1321,38,252,425,1003,997,1029,30,700,1017,693,514,1323,0,1107,1174,495,258,225,452,1320,703
1152,687,1202,1195,447,1041,1061,118,590,385,145,409,261,28,412,440,255,426,1050,514,991,1287,1324,691,143,406,31,1161,649,17,533,24,164,977,1294,350,1091,270,470,616,976,1321,142,1089,693,729,126,380,997,38,459
599,846,823,1246,834,570,827,802,780,1266,210,860,853,319,826,66,864,593,592,57,205,329,1127,756,637,852,1252,62,196,836,842,859,238,878,1262,1208,595,789,197,714,861,1119,803,876,839,1238,1371,972,986,847,1113
35,557,514,1318,617,1204,730,1292,491,389,1168,558,590,1083,1176,1094,32,507,703,435,425,687,509,1328,85,919,1036,973,975,60,90,691,662,978,30,137,1027,990,441,980,148,552,391,21,487,1226,592,1051,77,350,675
60,395,276,661,801,392,110,783,1175,87,1008,1173,685,90,381,429,766,614,1051,249,390,1288,1045,510,151,211,557,531,1171,648,92,396,514,791,239,954,715,617,996,148,997,491,1050,678,251,1318,472,378,111,1004,975
112,916,62,66,908,1053,572,197,238,1248,567,57,319,71,547,922,823,558,793,205,816,1208,570,365,337,154,828,826,863,841,534,769,821,496,187,674,786,790,529,34,577,595,871,324,1332,372,810,559,196,165,972
189,434,653,435,1173,1099,1316,127,1174,1176,1312,980,225,405,678,620,1204,676,751,81,478,543,390,585,250,1005,416,662,553,103,829,649,1318,1352,18,531,993,276,239,624,279,981,165,1319,1162,1023,1226,698,166,1291,528
1135,394,28,425,454,149,687,977,700,350,1321,1049,253,141,385,252,1286,706,717,380,616,459,261,395,412,1004,1008,24,445,1199,1310,1052,140,93,442,703,37,125,1045,697,35,406,381,220,709,614,1003,680,390,138,230
202,425,445,385,613,463,0,1019,977,996,468,1304,518,1313,1041,447,143,403,258,507,28,1168,5,687,982,1018,509,997,590,1052,974,417,1300,965,1295,655,364,1327,628,636,399,532,315,662,11,9,1328,1076,703,973,706
1143,976,77,968,30,1176,463,516,514,417,984,34,447,977,465,403,983,1014,468,442,1321,234,613,590,258,1286,1165,28,973,509,425,87,981,149,1292,495,533,118,385,125,0,1094,400,9,649,18,93,136,1287,472,380
1296,716,811,504,565,402,1340,1312,487,1152,807,1265,376,1075,1273,715,4,595,154,867,862,337,584,878,733,758,50,581,933,1233,840,702,826,585,570,844,522,187,845,63,253,694,839,45,790,1053,568,774,1316,137,827
846,438,381,426,118,427,687,429,1045,1050,617,445,1202,514,261,1321,405,406,951,1286,448,143,975,138,700,1139,929,270,1052,649,411,982,87,703,468,412,1315,447,999,804,805,274,516,276,16,180,25,453,0,661,119
1043,279,508,763,64,959,1346,610,1367,995,307,489,947,884,486,102,1224,467,1350,503,74,1234,375,778,731,622,1182,212,186,1040,498,794,1121,806,1147,796,84,222,665,1103,1365,788,889,887,1344,1283,892,360,820,344,623
208,425,445,691,996,620,706,1202,1027,1321,703,148,426,971,141,41,439,17,448,997,975,145,390,383,704,898,20,463,1089,1052,389,985,351,1003,459,701,661,364,251,412,1320,507,518,261,1204,403,260,473,784,516,1312
1205,961,759,963,404,955,1199,707,1282,1040,1216,884,346,115,1253,1339,695,1250,360,344,894,42,222,1356,822,123,1203,893,217,1006,185,1301,932,1078,1182,548,1185,957,474,1279,735,232,1257,508,900,546,1224,709,1317,192,377
1174,219,1111,985,1152,988,1153,268,785,733,201,766,314,775,753,553,1141,1024,498,667,1258,1190,1058,1205,650,329,1187,1068,565,415,712,819,290,221,308,825,858,562,852,273,853,1008,938,584,1033,1113,571,1075,1037,460,768
710,800,468,1048,138,1038,387,706,1175,526,253,1047,134,716,1104,142,213,1072,234,219,1368,568,145,35,1199,1343,889,254,152,17,533,463,689,541,1003,141,1205,1299,1126,1087,1095,831,636,440,965,807,879,424,742,1025,652
65,687,119,1318,25,1173,516,149,1328,1314,152,720,1202,1316,1041,463,4,641,405,1295,411,974,107,985,390,1168,1319,996,1161,230,148,533,327,92,167,118,655,980,1300,20,804,1045,452,1335,617,1003,389,1336,1292,426,624
487,1155,876,741,1270,502,1044,1147,1231,1359,1263,998,399,1246,1127,897,286,828,750,1058,1131,745,132,291,314,659,642,1136,533,311,862,1168,701,1171,57,66,460,225,86,554,1218,287,582,306,245,210,871,864,657,1026,305
872,1052,406,616,977,459,385,706,1041,449,700,997,28,687,252,17,691,350,35,138,258,613,16,440,430,1313,412,1027,779,1292,142,1293,1204,468,975,24,703,397,1045,985,800,1318,32,693,463,720,447,253,518,403,1322
179,260,261,835,234,1060,687,1025,611,641,271,1009,1067,470,394,482,800,669,990,914,531,358,47,724,1154,615,683,590,1113,324,697,1066,1205,484,749,1290,1169,400,93,798,1056,77,367,1328,1106,1123,1108,27,1258,194,1171
301,397,350,385,800,977,687,1026,125,613,1311,255,1204,459,380,28,1046,454,425,1313,143,0,532,141,1324,427,440,406,703,709,442,1310,706,398,16,1300,680,1327,20,447,108,1018,417,975,996,261,1038,387,149,1041,1052
564,1173,25,1176,1316,567,435,1174,1014,429,544,401,15,453,1162,383,411,991,564,649,11,679,438,391,1008,294,472,1031,32,968,1330,46,469,154,327,296,929,50,918,661,1022,18,415,507,1099,364,775,496,980,102,158
1262,1204,258,614,982,1300,1020,116,385,9,1005,687,447,516,30,680,617,968,350,0,425,1318,1023,613,32,784,403,996,649,459,1032,1044,965,417,1019,315,17,453,34,138,1201,655,1315,119,628,728,518,472,975,411,438
688,17,141,1041,440,784,977,385,397,425,403,350,459,1026,1320,532,613,442,1204,417,116,445,1313,706,649,30,636,1299,997,145,0,703,655,427,24,1038,412,800,976,616,468,1005,424,1293,136,258,125,142,387,1027,516
158,687,445,268,613,532,464,982,403,252,294,406,389,390,1287,544,996,973,425,148,385,968,1168,145,472,977,1092,984,327,20,1042,1292,1005,1293,655,628,1294,426,983,16,99,30,1313,898,380,447,412,91,364,350,119
1075,985,706,704,1023,994,234,1321,649,962,390,1025,1174,35,915,729,357,1129,298,973,760,949,1120,180,389,154,1342,267,478,793,976,1076,1251,972,329,567,825,469,568,395,391,1086,294,928,268,487,558,372,1165,663,248
1100,582,305,526,35,968,429,1044,1026,220,447,1174,828,1300,976,469,1304,119,977,535,532,1052,1002,764,865,435,1038,628,1147,965,32,395,1287,440,1310,783,607,353,387,87,287,33,438,417,1168,657,1020,459,465,94,406
413,533,729,38,273,464,655,389,779,395,974,1348,784,620,661,44,314,20,657,1175,1107,148,526,1345,119,815,167,1305,99,17,741,139,810,630,732,153,701,1325,1332,1245,1342,1136,267,1007,170,966,271,677,321,749,138
684,687,20,445,800,977,430,28,93,976,779,138,1296,459,1310,1027,385,1321,968,468,327,1029,1089,140,997,149,441,533,1097,918,381,1052,34,518,706,742,1173,1327,1294,896,406,143,444,732,1332,1161,981,397,254,448,412
1229,34,687,30,93,28,425,688,442,1204,1294,463,1320,24,614,31,518,510,385,976,394,628,445,984,1054,1041,430,996,0,350,9,977,7,400,655,1327,982,426,410,433,1005,38,258,1036,16,1031,1046,391,1019,478,397
258,862,787,201,329,1277,845,571,65,166,1272,864,193,607,832,1233,816,867,1068,94,1373,966,66,312,102,170,179,790,328,817,1243,1228,865,104,103,827,774,335,338,311,44,1223,754,1341,1151,593,1225,1238,504,1240,565
215,425,687,1204,385,463,445,447,261,614,350,143,440,412,448,703,406,1026,532,270,28,459,91,997,258,145,1041,1018,140,1292,1287,255,403,263,1286,438,138,397,430,141,383,634,9,680,454,996,616,613,390,394,24
906,1067,766,21,1219,915,824,801,683,234,986,341,867,1022,780,577,239,791,966,1304,1051,676,1118,1031,12,1258,836,139,49,1330,1155,624,201,522,694,787,1056,325,853,1152,211,1050,1221,1249,410,154,951,1139,862,990,1169
1131,1004,613,1175,258,518,1310,425,1045,429,1328,1005,982,1058,141,996,1099,152,1313,968,715,1321,350,266,442,447,703,538,25,775,1311,440,978,378,264,159,1296,1014,983,253,1292,134,1327,93,1049,535,33,454,628,973,35
53,425,273,463,468,706,253,700,28,613,426,385,158,729,17,459,274,41,1195,800,985,29,628,255,1003,141,693,1313,268,996,76,1041,440,465,412,1293,406,1287,752,142,1049,271,703,616,478,395,720,1199,449,999,973
1087,417,118,425,390,965,463,400,24,1162,991,327,268,994,145,136,514,429,700,1202,1168,1139,648,673,472,220,996,381,968,679,516,403,616,148,1286,785,800,25,9,1321,1026,1324,432,951,518,424,1014,119,126,980,662
994,766,570,498,775,911,1236,1200,1256,286,1246,1230,1152,201,325,50,816,317,15,319,1341,439,774,1144,562,189,551,1269,47,864,329,347,1135,522,181,867,1145,761,861,1360,950,757,754,692,529,308,205,1228,531,316,733
1185,279,1024,1143,947,1247,78,324,72,177,1131,339,135,504,668,652,1207,1146,1067,886,761,606,770,880,1249,1206,201,1255,1236,1179,70,316,1110,236,967,1208,718,847,695,4,342,1237,317,688,1231,299,1156,1118,705,852,215
723,585,861,1127,823,1265,62,862,987,570,864,964,835,498,1275,1263,504,71,337,911,854,59,553,818,607,923,452,733,1316,63,1111,372,656,206,214,603,525,1232,871,920,1272,582,1228,866,1212,992,581,492,1333,999,503
1324,1316,491,133,35,775,1056,164,1330,867,829,148,149,1246,785,305,504,968,1022,469,1304,253,1070,864,25,1172,671,987,138,661,211,448,991,689,764,1030,966,784,1328,226,844,571,120,453,954,487,715,999,526,998,694
38,862,592,603,329,65,593,523,60,790,825,292,320,823,559,66,1141,604,104,585,846,201,1265,741,558,574,522,986,326,553,1208,103,45,853,92,1219,859,583,577,1243,787,600,581,867,312,606,337,863,875,834,197
955,141,412,687,261,425,968,243,447,435,258,132,784,535,1026,429,544,315,752,703,620,1324,416,491,453,409,1316,998,136,2,411,255,1162,16,400,148,954,976,270,427,977,641,469,454,159,350,616,149,1300,381,116
1293,1141,21,298,139,1164,36,612,49,1143,668,498,281,916,801,201,20,286,777,1344,554,910,1308,806,782,1118,638,1210,917,911,134,248,160,1352,1053,771,22,542,1277,990,796,913,1201,838,414,411,72,122,881,326,193
279,1322,427,125,1327,230,703,350,253,472,403,647,687,815,516,425,164,1324,1202,720,141,440,140,1314,706,1027,454,406,378,438,691,918,725,150,679,143,680,1041,447,1286,459,1003,1091,1313,411,1043,17,444,1320,95,116
911,425,1052,1310,394,397,649,687,442,544,997,616,274,459,35,613,28,393,253,977,697,1026,252,276,1041,389,706,395,464,752,381,141,1322,390,403,1292,700,805,292,693,1029,531,1148,982,1194,691,553,412,271,965,510
45,704,1342,1043,1341,720,435,655,624,1239,389,423,429,698,251,44,148,463,143,729,535,657,43,1226,138,1099,92,634,1141,272,1127,570,52,1168,706,441,36,1044,30,1017,159,725,1032,1340,439,1295,583,654,1202,1190,58
117,117,1164,359,1064,1052,831,183,963,632,1079,122,707,78,819,377,84,759,195,1188,1283,373,280,622,1126,249,695,222,42,293,231,1203,232,638,1040,1042,957,932,711,1339,926,281,883,1130,459,684,955,1357,501,1220,362
755,965,28,1321,1042,687,445,24,1023,1004,442,261,16,397,518,1161,688,281,424,394,77,430,1174,997,258,634,975,1310,628,425,976,141,219,454,1294,431,1027,123,1025,695,977,222,1026,968,1061,380,406,234,900,250,532
420,1265,1211,343,307,718,1024,1113,1155,1206,591,1209,236,1131,302,1166,798,1273,413,1179,1359,1237,842,1222,607,303,1152,847,850,869,764,582,206,1118,56,210,293,1130,1183,61,314,1248,802,865,862,55,1033,72,741,942,1275
557,862,1058,197,1223,827,1155,761,1143,565,852,591,1113,1231,307,1208,765,63,795,802,1266,1258,497,948,741,1149,72,966,206,1141,1196,1118,803,311,749,1144,314,876,302,854,236,322,66,1146,843,320,321,775,1063,233,780
1125,1295,975,1052,32,518,442,974,417,119,687,315,965,136,394,532,268,590,451,768,390,385,1005,1304,439,245,220,977,1293,533,1041,704,141,1047,403,378,411,1168,24,28,1194,655,93,1026,688,1014,973,1048,270,448,425
938,986,412,116,617,142,1091,292,545,1202,1172,405,465,17,141,167,703,728,487,1325,458,704,403,1296,590,223,752,680,472,391,1310,491,804,1286,1162,701,683,18,120,253,440,390,276,1312,506,747,470,136,415,425,427
87,823,205,529,1120,376,505,0,661,555,836,453,1173,371,347,861,827,329,310,545,410,356,1288,1295,585,433,714,611,90,1131,666,1314,1225,818,840,575,111,214,1096,74,561,863,867,133,1053,662,183,1244,603,70,1367
654,846,60,1270,1247,201,863,775,104,867,1256,823,583,864,887,1262,205,335,523,368,849,600,964,324,859,312,65,761,1271,1240,886,792,569,816,766,1277,825,1243,944,827,967,1259,1275,536,196,70,598,579,570,1245,1222
791,196,1228,335,1288,808,765,603,453,70,329,952,111,818,174,823,583,730,109,268,790,877,927,178,214,861,910,834,867,368,1171,1259,312,967,923,585,104,1244,161,133,1364,433,4,916,701,65,151,912,98,930,505
1177,716,364,161,662,585,649,1337,908,183,69,316,1197,503,1173,576,999,1076,349,279,1053,425,157,991,1110,1261,1303,1171,1114,962,1111,153,825,1346,1200,1172,1070,77,764,100,1266,97,434,1159,1296,528,96,1312,1288,1353,1341
234,878,1136,741,1113,823,824,762,1270,724,1152,749,852,835,228,577,1056,865,1211,571,236,790,1221,862,584,139,818,1262,460,1231,46,1119,522,585,477,1263,595,864,49,57,750,611,1146,1252,1223,1254,196,202,863,1238,845
907,152,25,1067,52,429,1310,667,412,968,378,87,1044,634,687,1316,327,239,433,4,701,1173,422,243,954,1292,666,443,897,1319,1031,425,143,1084,1286,1148,380,815,694,1063,18,741,919,3,1330,421,401,454,33,1019,617
275,1204,1295,119,445,440,118,544,385,256,261,981,472,516,1318,390,0,1316,411,1050,126,532,4,518,9,1032,1026,380,974,514,1168,427,25,87,403,16,1046,468,255,976,1018,257,1044,429,143,1315,434,1005,20,977,700
466,426,1004,425,141,655,954,266,720,703,17,742,463,616,153,412,41,706,636,1045,400,700,697,148,694,387,1044,350,971,118,421,125,613,1092,1165,444,1057,1065,149,440,1151,996,1091,538,738,258,424,138,1003,864,1287
734,824,585,751,310,1113,992,543,219,829,980,276,862,245,286,419,1168,1012,714,864,653,1187,969,1270,837,296,405,780,1169,769,1102,259,1226,998,376,1218,292,1122,1067,1158,86,678,1051,764,194,489,771,315,269,1364,712
1265,514,628,470,440,411,1061,116,752,263,425,391,1292,146,381,1202,687,680,141,34,1050,24,87,138,805,441,429,417,469,613,28,33,241,1305,270,800,119,139,1304,1289,1287,655,136,25,971,535,142,1027,976,1005,1303
862,429,141,784,438,403,616,453,443,706,425,544,1310,119,1026,159,703,1045,1292,636,143,1005,1020,405,614,325,649,276,968,292,752,1022,1067,661,1341,698,617,395,991,974,1082,470,841,2,1023,198,673,1300,145,153,126
636,1263,827,864,940,887,1113,57,802,1058,861,371,823,862,765,860,1196,749,525,582,1278,857,1271,1266,555,886,1246,1274,1155,291,206,1261,86,1248,871,877,773,1371,876,242,205,1240,1256,872,1264,846,826,1254,874,305,843
1318,1140,477,46,543,448,1223,522,1083,1191,172,647,305,1309,910,44,916,1360,47,896,776,1119,1094,1364,85,194,1136,1131,777,1060,1113,536,793,742,708,1306,170,671,1155,292,444,279,275,747,757,678,462,1249,509,422,535
80,411,1204,256,429,9,390,148,145,982,1047,425,1041,400,464,1320,433,383,985,1091,535,381,463,971,152,919,687,36,117,544,439,1175,350,40,514,405,24,698,1168,1291,991,1322,391,973,447,409,1029,1046,507,403,704
267,687,425,381,21,141,518,261,4,327,430,433,34,533,409,1174,252,463,994,1031,1321,411,417,1304,442,405,1294,1312,429,784,469,412,241,220,268,16,804,965,91,1036,28,20,616,532,465,1161,1286,254,507,9,136
1119,397,409,1286,1327,141,666,28,978,149,703,258,1052,261,445,996,628,25,1294,395,425,1310,270,24,514,0,470,687,411,415,140,391,459,975,118,1007,1061,398,400,616,385,613,453,393,1173,463,620,649,624,1161,977
1136,700,219,412,463,466,119,613,387,999,1045,1029,16,1102,1052,616,252,294,468,430,274,729,272,561,661,261,93,649,1155,277,693,560,41,1332,624,17,636,4,965,1068,132,269,611,475,1218,1296,92,161,1099,390,385
1231,426,1318,425,457,90,1177,1051,1242,458,544,83,661,121,951,802,439,395,440,1067,929,243,87,384,1023,974,315,1045,1295,1226,1153,35,429,392,617,453,1354,276,264,2,1321,741,637,1056,1239,815,383,379,671,701,1236
1146,425,252,687,1052,983,1204,93,976,442,628,28,459,385,613,406,616,24,518,507,973,394,1313,258,417,30,1045,379,143,997,680,350,220,403,684,141,16,1038,978,440,1046,395,20,1327,397,253,261,130,247,77,1023
198,706,425,406,28,616,261,440,977,680,253,125,1321,459,17,532,703,426,412,143,1286,433,381,468,968,1045,700,141,442,258,118,397,445,32,2,350,429,1026,590,1044,250,0,30,997,140,720,1003,243,1313,132,1018
332,133,775,585,862,393,1297,435,553,757,357,547,603,738,165,292,663,201,514,567,328,522,1241,197,469,790,203,1177,1200,392,320,704,151,366,592,512,564,698,405,921,650,693,391,1342,1116,1240,986,416,470,159,581
1090,862,827,60,1146,1236,1238,1241,853,1266,325,819,210,201,741,1223,846,317,1239,1177,875,1235,842,836,1242,290,864,1277,62,205,1154,1269,1039,1237,824,823,571,1208,1258,845,307,1264,803,366,198,313,1247,1222,878,754,284
922,4,614,1306,535,487,132,1201,697,978,741,345,585,805,453,412,1044,1173,599,440,954,139,827,17,582,1053,94,411,1315,752,717,1172,1075,714,168,561,452,620,50,1300,421,856,395,376,919,385,1105,840,1221,624,680
787,1161,516,620,35,148,425,261,1319,613,276,1047,897,125,400,985,1328,991,624,1014,983,683,136,445,152,472,996,390,1175,1340,532,1312,1099,403,149,12,405,1070,919,478,253,1200,0,785,1321,1010,980,438,250,3,918
730,281,578,851,1261,294,375,339,1200,1262,926,788,1086,855,1151,1079,358,1367,865,189,183,1302,1232,78,107,575,877,50,967,601,1331,199,407,818,803,924,1283,844,335,280,797,969,1273,418,460,187,773,1301,1253,70,316
1184,1152,312,1241,827,862,570,290,714,307,819,489,314,802,1248,1166,799,302,305,787,791,1187,864,1144,603,524,1113,775,1111,236,998,66,1352,1238,764,497,50,4,1219,1149,1277,1222,1360,304,681,500,581,1271,1354,1233,832
752,1019,590,425,430,1041,533,17,253,464,459,983,429,1287,250,395,1061,706,152,142,1195,406,1204,655,125,997,1050,1202,996,118,1089,1295,729,143,1320,1286,720,992,613,119,971,1037,779,516,1321,1292,439,1045,700,1312,1051
757,77,447,430,258,24,380,973,1041,425,518,976,613,1019,472,385,1321,417,28,20,16,350,997,387,397,982,509,117,1054,31,617,628,1292,1313,590,683,442,406,516,383,403,463,1324,440,994,140,412,507,996,510,1322
496,1155,1223,1143,211,498,1141,341,1360,609,1277,1149,791,1128,104,1110,504,1271,489,966,278,754,570,852,522,319,825,1242,1231,317,1169,761,311,948,289,998,503,1364,603,887,1191,337,283,585,312,487,775,715,497,1200,326
464,862,319,571,846,860,1236,863,585,834,62,1248,826,1238,827,592,775,866,741,211,201,1141,853,504,854,877,816,1271,793,67,1270,1113,61,867,1208,523,870,875,583,194,1249,1058,70,236,1241,1258,103,841,577,749,328
145,253,412,687,440,616,24,590,442,261,145,1046,1321,138,954,977,25,126,459,394,706,28,149,43,1324,691,116,327,143,1310,514,441,768,266,17,994,429,1327,703,234,424,220,980,973,533,804,649,978,417,438,1175
372,406,442,613,977,1204,1026,447,403,518,385,425,24,614,440,87,417,258,1300,976,397,965,119,968,982,116,617,141,454,463,77,1042,1327,0,315,680,20,91,516,93,125,30,427,1202,1310,445,1313,1041,784,590,1293
1046,112,782,297,66,546,867,776,830,73,419,765,606,600,855,185,820,587,753,773,775,408,1200,881,496,262,1183,953,959,370,607,598,539,879,702,212,1240,1325,1373,340,354,825,1243,490,1115,1229,787,944,1369,715,202
475,1113,1058,1175,743,1070,1053,648,274,1371,1346,100,988,1135,401,827,46,1173,1014,835,1159,452,1125,919,557,569,430,139,316,1312,912,170,444,831,1067,1266,1176,1080,154,1007,1198,559,1172,331,632,1131,1194,480,433,431,925
1058,292,302,469,828,1025,871,1174,553,775,571,1292,644,1289,1270,1127,305,478,985,1063,1150,1141,751,1221,152,65,196,141,1190,1214,319,366,440,864,631,45,258,968,1259,535,105,248,662,155,597,1048,1158,841,136,1056,102
300,425,1286,1041,253,687,260,1070,445,1000,454,93,613,255,1293,1052,1124,1321,994,701,1320,1042,628,143,616,985,100,1173,973,225,442,254,29,380,18,125,261,434,9,510,25,1012,975,977,406,12,997,259,411,896,980
789,1153,1136,449,502,1195,267,380,1204,155,1328,740,730,1070,1076,569,337,838,1201,992,1292,1147,471,1332,683,564,9,590,729,43,17,396,164,498,1314,582,39,600,966,95,248,1283,1210,702,674,670,218,1049,910,157,368
608,774,862,329,565,214,986,623,1237,45,633,870,818,790,584,834,586,845,604,826,593,551,290,855,549,637,853,109,575,201,304,320,1262,858,780,846,803,842,757,1146,1272,307,1366,317,922,72,62,1039,644,930,631
721,783,824,1169,712,1354,1319,891,479,1084,676,152,79,527,748,825,211,620,3,64,194,1335,1370,1108,1171,550,416,294,787,67,1152,475,405,1218,1141,960,1267,775,566,915,1340,202,507,1093,753,1191,498,594,203,66,653
941,1175,469,729,1332,996,1124,971,425,411,153,991,463,391,400,732,152,136,25,159,1304,429,272,125,261,1017,41,972,535,1328,630,1320,694,1286,766,1067,687,468,384,1045,239,619,1050,1008,28,158,99,17,459,435,785
352,263,435,268,146,992,74,1341,553,132,1056,590,254,533,142,464,43,1238,611,1335,1012,620,1171,1333,14,606,785,18,1101,136,762,1194,21,979,1202,248,919,567,353,712,1177,409,951,1031,41,176,112,1355,463,599,604
324,687,385,516,149,1287,1286,17,613,116,0,403,406,628,545,616,430,442,417,1052,387,425,447,25,470,28,140,258,976,532,968,440,649,1018,680,996,438,1324,119,468,429,136,977,141,1292,9,253,1313,426,1320,255
315,703,253,440,425,141,680,427,406,1089,180,1041,687,649,463,613,1052,17,448,720,468,138,518,1027,454,387,136,1037,470,146,1043,1345,464,1105,426,421,616,143,87,34,634,453,451,412,159,996,469,738,784,383,41
1127,977,425,613,385,1327,976,445,463,252,447,145,397,387,406,1204,141,24,412,454,700,516,350,140,973,93,1046,965,459,440,1026,982,518,28,1321,30,77,509,417,17,994,1313,261,800,996,1042,1294,20,997,968,91
1255,1328,1154,1204,704,261,1161,785,974,533,590,1089,496,1005,350,1099,118,897,1090,976,542,973,673,438,248,1045,919,266,844,464,701,1345,1038,1292,258,1174,703,1152,146,327,990,1149,50,687,250,1296,98,766,145,470,159
1189,1223,1155,791,320,570,22,104,565,988,1191,853,790,775,989,998,65,766,326,761,585,1221,133,15,357,1239,1364,497,312,21,201,1187,827,1241,536,741,567,601,624,1183,164,593,603,1233,724,1051,561,832,1210,584,1312
291,141,425,1310,1041,274,253,634,261,380,1321,1322,454,406,430,1292,1052,445,700,997,258,93,1049,459,706,779,180,426,968,613,976,1085,140,720,994,24,977,1042,518,1003,1286,516,636,703,125,465,616,691,1324,1327,149
477,862,133,203,524,423,504,585,179,601,777,570,801,1110,329,826,639,750,506,818,121,783,328,1210,675,619,102,1340,857,550,1102,1191,714,1260,460,416,644,66,795,1353,353,1187,490,197,769,376,547,581,834,103,551
537,148,611,704,1068,380,165,214,471,1191,98,145,1346,716,588,38,408,766,561,159,722,1327,564,36,567,1210,1050,164,670,356,473,470,554,99,266,109,1060,110,1316,1076,536,545,72,730,1197,423,1134,1172,653,693,1262
17,15,251,1316,453,1051,425,87,393,276,1226,514,1304,438,1173,533,491,694,561,1171,551,327,268,118,563,1031,383,1140,391,678,433,437,1330,559,981,654,503,583,986,1068,552,1162,524,254,33,1071,411,95,451,103,148
1221,397,1321,687,700,1313,20,138,977,688,142,628,140,649,24,440,997,16,800,965,406,351,445,403,119,350,380,1029,616,984,975,1324,978,136,145,590,252,1045,599,709,17,1050,9,1314,1061,4,261,613,274,1294,447
1228,687,385,442,1321,518,258,1052,688,720,406,613,417,1041,252,1199,397,616,380,260,977,141,1324,449,261,17,253,634,125,1313,1293,403,1322,149,116,516,706,454,1148,627,1005,1061,445,425,680,447,395,26,1003,145,76
1069,585,862,87,67,840,841,1228,504,325,875,792,644,1140,205,570,1135,596,1263,92,1236,761,751,574,1235,210,868,975,201,992,1111,312,835,569,876,637,290,480,1039,319,196,912,775,954,206,714,866,1094,458,836,741
127,425,617,268,1176,558,1161,472,1226,273,294,1031,136,553,429,87,509,1296,559,1332,256,522,1155,383,797,390,489,1352,491,981,581,514,364,1204,1318,3,327,649,1034,1342,1291,148,44,1202,979,1239,1316,282,980,592,1311
121,1327,687,463,17,125,1328,997,1124,268,11,1018,380,996,533,28,117,385,590,136,507,1052,703,1004,417,25,153,1041,976,459,118,220,1300,1322,516,1286,991,1341,426,261,93,403,24,1195,1070,624,255,635,468,1316,732
829,862,1259,1022,66,780,827,846,823,986,869,557,57,860,857,511,570,1245,1247,604,852,802,67,1190,1271,803,1266,837,775,842,650,1039,1208,1246,972,853,861,307,205,1235,1270,236,1263,585,593,1068,1226,523,558,1239,1242
379,459,628,703,253,425,149,470,697,143,387,1045,447,680,395,1067,706,385,440,28,25,245,516,1313,975,1321,996,87,406,452,138,613,1025,655,427,954,1204,636,426,393,1304,532,255,1070,16,679,691,687,448,454,1026
1038,819,319,669,1247,1022,522,717,1058,1248,1235,60,151,1068,176,777,201,705,824,801,1239,205,852,1177,1190,823,861,620,827,1266,1131,439,1372,1259,757,233,948,1236,856,803,775,802,988,776,172,435,148,844,785,1241,1366
147,1041,28,977,412,613,616,445,700,1204,1321,258,385,779,426,1327,406,93,16,380,261,397,706,440,389,24,982,1313,35,459,254,142,976,125,687,985,1018,463,516,447,518,140,997,1161,1202,628,255,17,270,975,387
624,769,852,842,60,864,826,834,1058,802,308,1039,1263,1259,867,650,1242,194,512,1247,891,317,66,662,276,1240,1241,827,583,570,849,777,95,68,555,1372,846,1246,819,1190,319,1245,857,854,1115,206,724,211,523,1256,1187
538,881,474,230,222,955,1374,759,546,831,1279,185,961,788,893,707,963,1040,1193,1253,1339,894,508,1006,1250,114,1280,89,1203,363,1199,914,1338,362,889,957,360,1350,160,1282,377,880,820,610,904,959,695,1301,75,217,605
584,233,862,852,819,60,201,565,583,1022,860,753,841,844,1247,335,1068,202,536,312,846,861,864,867,133,834,106,110,317,584,863,1243,875,67,775,750,1210,325,165,329,922,874,858,1208,547,1187,1269,887,823,847,593
967,533,399,1038,655,146,227,965,220,28,429,1304,152,463,93,1300,452,703,142,470,1072,26,779,590,38,34,987,17,784,1058,417,91,141,636,1320,116,971,255,712,1316,1328,239,411,127,416,1052,1007,701,468,657,31
448,470,464,435,429,278,1287,564,161,1335,465,41,1300,126,1312,166,433,1340,158,327,691,1050,393,92,1019,274,526,689,38,268,1129,98,1161,1202,1341,703,1090,1041,197,149,1089,912,624,441,543,263,558,1304,138,112,533
125,406,1321,459,385,140,350,427,28,118,700,628,977,691,387,261,1313,93,687,1046,412,430,17,613,253,680,1324,424,440,126,1294,1042,1052,1327,405,649,1050,1057,532,784,132,270,397,220,703,717,445,779,1020,142,982
41,454,800,149,994,28,253,919,628,425,25,1003,350,258,30,1310,406,1194,77,136,968,700,220,982,424,394,459,17,35,983,1004,445,20,463,1025,996,977,442,1324,1174,720,532,260,655,613,1293,1042,991,468,918,1005
923,233,1326,473,1173,1062,1311,1249,557,438,1318,919,673,678,552,6,1292,258,384,390,532,45,685,350,36,1148,676,423,1175,800,487,32,30,774,393,558,455,402,544,1315,397,817,159,265,1204,394,1293,389,315,626,683
450,425,655,87,30,411,1041,1340,254,167,714,41,1177,1070,1052,1014,975,687,644,752,1226,287,1318,991,403,430,1067,426,1044,624,445,119,1355,897,805,294,626,164,405,1107,700,616,148,1314,1012,998,21,704,649,951,1312
435,43,751,424,700,1009,1047,713,464,172,712,665,1140,561,691,1038,697,916,1111,1050,495,253,350,463,744,49,478,980,118,1073,919,742,459,1320,738,1182,1194,1130,737,145,649,647,476,487,356,100,970,1120,1129,454,1095
594,585,823,862,802,1277,1238,769,279,581,1211,1273,864,63,913,205,1177,1228,826,799,827,774,951,236,210,313,1244,1360,59,193,775,1209,1118,944,1223,1367,770,849,1262,198,565,819,310,54,553,1166,1113,846,291,211,1143
338,1321,445,350,1294,1327,1202,977,700,516,409,20,1204,444,463,34,1045,406,976,327,252,447,919,270,983,1038,143,385,119,426,655,514,403,1320,1050,149,258,1332,138,35,159,984,991,118,1287,996,779,973,126,17,703
350,28,1052,427,35,34,445,425,1202,464,118,32,1321,1293,703,429,426,1041,433,1319,1204,1318,687,1320,454,350,1161,91,270,613,543,1018,655,258,636,691,383,977,449,409,706,41,469,468,704,1194,37,1050,518,974,982
1007,1113,802,864,1152,1372,749,1127,1248,1265,1155,1249,1166,852,761,764,1258,325,317,745,1221,1205,547,1131,853,1183,1245,930,1154,571,201,1039,1275,302,313,878,1223,1239,1112,1236,66,1025,205,1150,787,492,877,1263,307,844,1246
980,465,252,1049,350,459,706,1321,41,17,447,230,38,1175,266,800,1091,720,730,277,703,742,1124,997,132,412,687,1046,43,977,258,965,444,984,141,445,1105,700,264,463,20,468,1328,1348,37,380,253,1345,526,691,1052
399,429,617,411,9,256,785,447,1076,416,980,544,1014,148,982,518,381,1139,327,433,383,390,1292,136,276,380,1051,409,403,968,1202,126,469,1204,1297,144,1168,531,425,315,378,400,1289,1316,534,31,1044,152,384,507,687
1287,751,970,1047,279,1270,1113,969,860,1152,57,852,225,1252,964,729,1372,834,245,986,1025,1116,330,1107,842,570,62,724,455,745,1155,317,331,1056,1063,1066,236,862,1242,328,1351,1171,827,1146,689,1068,1172,133,837,1187,423
541,986,505,1351,545,304,792,795,596,1146,1332,1334,755,328,1074,1122,291,225,837,1171,236,1238,834,521,798,724,967,684,1358,873,9,816,774,264,1068,308,311,999,603,767,1360,953,289,566,687,341,503,1365,214,917,512
108,516,447,977,425,445,440,454,442,976,385,143,613,994,108,965,403,617,18,412,1327,258,17,973,397,683,1292,614,20,518,145,1286,417,700,1046,1324,1313,805,1300,411,77,1057,459,1315,982,703,616,140,1008,142,1204
940,687,425,1173,518,35,118,1321,516,440,380,141,397,17,1286,403,140,445,459,276,243,768,253,394,77,1041,252,270,254,1026,412,634,2,20,350,532,1162,779,24,1003,389,616,507,106,274,991,261,149,437,430,447
826,582,450,1192,317,49,113,168,827,1248,1144,1025,1039,762,1147,952,245,423,646,205,244,71,211,1244,1354,828,853,1155,1053,818,285,171,873,1177,292,580,1370,775,1152,431,366,1200,1138,843,1209,104,370,592,1261,86,856
856,714,41,165,970,524,257,1022,824,561,1067,1140,108,1341,18,103,1122,133,585,744,196,46,225,469,570,620,376,752,259,841,650,281,1127,567,583,792,1213,1258,1342,775,862,1316,1270,324,290,558,172,279,553,453,1315
558,1250,377,115,1282,1257,217,413,884,963,360,73,1203,1361,519,334,955,1369,759,546,1042,894,27,1178,222,1185,89,900,318,957,1350,474,501,235,959,1199,114,1374,947,346,809,344,902,199,42,1253,1338,904,935,938,195
697,319,1113,565,862,846,1208,705,1177,1190,302,803,1141,1241,1058,1226,1239,1266,852,1022,1247,749,857,1211,769,522,1259,859,304,389,790,236,66,551,780,61,802,829,609,827,1245,1238,854,276,201,823,650,423,1162,557,1371
492,1058,411,1195,469,258,149,533,148,768,729,153,268,743,516,145,274,1308,279,1124,1344,683,429,464,996,136,1340,1286,1345,152,249,41,1044,1102,502,478,992,630,1293,150,166,1061,1202,1125,454,1303,785,266,230,1321,473
843,1175,986,146,427,1095,406,676,273,1047,356,734,653,982,742,1066,451,512,36,1324,611,612,801,743,276,700,616,1029,693,469,1102,250,712,225,139,164,1060,841,165,623,145,772,325,677,620,694,685,1123,617,1306,1219
43,1052,1003,152,118,1328,149,429,994,469,93,1067,12,153,687,706,32,968,387,1018,425,800,1174,1316,977,1287,1085,1051,655,703,1008,441,140,701,532,1286,150,729,675,1161,1323,464,463,253,1293,268,252,1322,1089,1194,1014
681,617,687,143,1202,427,701,136,380,805,403,1044,514,982,978,1321,518,141,472,87,390,146,429,447,271,1311,24,26,1314,383,400,532,378,9,968,1051,624,351,440,438,516,1286,544,700,385,1043,263,507,138,315,34
6,381,440,590,784,687,17,119,616,516,449,1293,394,403,116,261,628,345,254,234,454,270,680,634,416,429,1062,250,673,412,437,417,1327,649,397,30,982,143,452,255,28,1286,409,118,502,1321,1328,258,253,395,427
92,687,1176,21,1318,92,409,815,118,975,148,1315,1173,403,383,390,364,389,1294,620,350,1051,248,119,1204,391,154,1013,1304,700,87,976,25,1226,139,1050,518,93,624,294,637,1303,1299,804,1161,1027,323,435,405,974,896
1163,1300,149,0,636,16,1295,255,138,996,25,997,1328,442,32,683,507,532,437,1204,655,784,261,1019,1310,125,533,1333,4,1327,1175,433,1082,1174,666,1291,445,315,687,17,417,614,590,250,1316,463,1168,703,1161,1292,1313
343,425,686,463,148,138,968,954,17,624,973,1294,1341,538,270,274,766,524,251,691,1200,518,423,473,287,1201,560,1287,92,1092,459,655,447,1318,1045,568,1296,714,166,532,791,1292,286,118,1239,1204,982,132,514,93,750
702,1182,232,1199,333,1250,822,1350,288,727,735,78,1006,546,895,899,955,900,610,695,156,1375,1339,282,893,1126,1061,1224,1274,1040,501,1338,235,1284,1281,1001,627,956,1285,957,42,177,209,904,1015,959,1216,831,1357,509,360
287,968,440,261,703,91,149,429,516,417,378,1161,1044,1204,732,518,1018,438,613,1292,381,469,1099,454,1304,1310,16,159,327,126,425,0,270,389,453,1226,1202,1311,815,1014,445,383,141,87,1007,687,1300,614,403,1175,616
999,93,984,1321,387,406,298,701,1025,248,513,24,1019,973,1052,1076,1062,985,628,447,445,77,267,613,220,258,976,977,1178,1041,270,1202,351,945,545,1290,430,410,1046,1347,918,1311,903,994,1092,115,155,896,78,962,1049
1107,281,628,76,1042,20,478,919,143,142,16,454,682,916,668,704,1292,140,282,1108,288,965,509,580,921,612,474,1301,363,1019,718,11,387,935,129,963,1091,912,430,237,695,1033,252,1026,385,667,726,1076,1112,513,279
436,487,177,1230,286,493,1200,1256,499,342,794,317,1143,722,50,215,562,788,341,1110,899,498,189,338,883,191,795,917,497,1301,359,889,816,966,1360,1228,952,937,336,419,754,1361,1141,622,1156,503,570,343,181,1083,832
242,138,706,425,24,968,1043,426,1202,757,427,1318,398,35,999,28,470,137,728,1027,1048,1060,438,87,662,436,779,985,614,703,430,95,469,616,532,636,261,417,118,172,445,383,351,1310,655,0,1017,704,1321,680,389
518,765,886,325,816,847,796,629,935,884,285,867,1178,368,887,1256,933,208,396,1181,1200,795,899,1351,177,66,488,86,1074,1337,1266,1279,1234,1152,934,1228,1254,79,64,1269,890,774,748,311,1149,1255,1257,874,875,207,937
1033,1321,77,684,254,425,459,509,252,1303,245,977,613,93,430,82,1014,220,980,679,979,406,1041,628,1013,1293,1299,454,28,700,720,287,638,805,712,426,983,117,815,982,142,244,241,9,984,616,784,482,390,1125,1289
445,585,1140,543,201,347,853,504,176,752,308,326,491,493,292,1344,522,477,1152,584,312,172,1050,1238,1177,1259,818,50,606,1311,1120,596,133,862,1228,341,1205,1060,268,102,1099,817,1119,1354,1258,863,597,810,372,194,867
364,491,1176,1155,1051,319,435,1099,92,1226,310,567,1169,980,211,1304,489,242,592,1095,1113,597,570,498,405,573,1174,50,557,1342,626,1012,3,35,45,1190,986,522,527,251,239,305,1330,1311,862,1168,1140,1022,58,1318,67
1235,933,1333,1134,435,1200,529,294,542,848,623,1090,1232,934,231,962,947,550,1341,1335,1272,1053,1257,0,884,1188,882,594,286,46,465,493,1013,430,904,245,244,1064,855,602,810,63,413,1189,901,522,1170,1352,1089,118,935
521,93,712,1019,4,590,683,118,245,425,463,442,533,327,34,145,409,1051,688,258,49,272,380,980,666,1296,16,25,805,613,257,90,424,1018,649,315,1204,1328,976,1299,1050,417,653,9,462,385,1076,1315,241,973,411
746,266,734,1061,148,224,715,1068,1099,720,763,136,489,1124,273,514,149,906,268,1090,16,753,1102,1129,286,180,383,733,98,590,159,533,1227,739,986,681,990,500,472,899,657,588,327,1096,547,140,417,629,1149,1327,612
630,104,582,366,823,827,792,603,852,875,600,214,1247,70,966,57,877,205,1264,66,368,337,338,880,858,870,86,1270,803,816,555,606,828,1259,846,215,762,945,1349,1141,335,1064,305,1369,177,811,859,289,607,835,883
7,425,136,545,400,126,561,159,118,429,624,391,673,403,411,437,25,384,453,994,996,687,703,1315,1204,991,138,1304,17,35,1300,680,514,614,714,463,1321,516,951,1043,982,270,704,116,1050,616,679,34,1316,649,1018
686,141,440,412,977,468,136,703,649,34,30,518,438,445,617,628,1168,425,590,403,437,380,978,613,968,1292,0,17,784,243,417,516,422,28,24,1320,378,954,119,1026,1173,1204,1008,1025,258,611,260,514,1059,454,87
1048,1204,968,403,977,518,655,1168,996,687,459,1310,87,9,1287,445,385,688,440,982,628,965,1026,417,0,785,425,463,1292,148,973,24,514,350,700,976,390,391,141,252,649,270,509,1311,410,18,34,691,429,266,91
900,687,425,1204,680,116,440,397,445,613,977,784,965,403,616,0,655,1026,91,617,141,463,417,406,636,1313,968,34,258,1020,1071,1052,17,9,119,25,453,412,1314,263,447,142,996,1096,1173,399,145,509,1032,1018,270
1049,1141,1152,662,650,1056,472,1175,724,1076,408,497,263,1142,775,494,666,795,25,689,1200,197,987,749,1145,510,256,430,908,102,225,514,416,331,383,1149,1177,219,1156,1158,1242,590,1372,827,1007,1023,780,659,981,391,734
933,425,445,459,617,447,397,1313,385,406,1052,440,430,616,270,442,403,701,1023,1041,1202,996,977,253,350,1029,426,706,1148,138,982,24,544,687,455,136,703,32,1324,443,28,518,1286,2,0,25,1201,30,1327,680,800
28,687,18,1300,1173,438,250,383,91,453,429,613,437,1032,261,126,805,390,141,662,1162,1019,678,785,327,403,276,514,1168,1031,649,994,400,1005,1297,394,259,315,1018,435,1342,617,87,1161,621,996,634,954,25,447,364
29,425,429,1296,703,433,991,149,994,35,1067,687,742,463,464,25,815,649,126,136,140,427,406,706,1321,159,469,440,1342,37,807,1303,164,1332,779,44,87,465,448,657,1097,274,968,997,447,533,1286,1018,1003,41,999
1239,425,35,459,616,1321,1202,1139,514,706,1318,951,1037,655,389,978,427,1038,1095,441,1287,1043,1293,87,725,1050,148,613,440,624,268,975,395,657,779,703,251,560,691,532,583,661,653,728,983,142,1201,985,119,118,585
754,1294,1202,391,392,1161,716,510,514,1304,980,951,982,785,327,971,25,1226,679,120,804,381,1320,1036,389,149,986,91,390,410,560,1051,435,619,815,393,996,991,111,975,491,507,21,409,448,28,166,1318,896,624,617
313,1202,1321,261,687,138,406,617,997,118,136,440,385,703,616,387,1313,1175,447,445,400,1029,706,1045,463,390,679,982,800,264,384,514,255,449,785,403,954,24,538,438,985,327,411,1008,32,1286,276,455,380,426,965
921,526,1328,12,1047,983,35,429,987,1139,991,717,657,1003,1067,1366,459,1265,141,38,1321,424,220,1175,648,664,1259,261,1322,153,1165,942,149,134,464,25,918,1313,1118,647,538,543,680,1081,980,327,476,433,807,1310,954
978,295,1139,561,948,152,1290,133,583,196,775,112,1312,482,1191,420,611,198,1210,960,1037,109,529,179,165,541,585,1036,954,985,793,194,1287,104,1073,835,95,197,465,507,364,536,1366,148,558,574,120,1177,765,327,367
1017,583,71,766,859,203,845,1251,371,823,60,863,578,639,1222,816,575,799,878,1191,603,205,74,846,1232,1196,547,68,310,1240,836,579,864,862,593,523,1265,855,818,1096,826,577,774,562,834,337,1225,1346,1128,867,193
1056,1025,100,1245,1249,351,919,411,992,749,316,473,1293,210,460,99,148,169,475,172,1372,1150,720,819,471,60,1047,347,697,1325,1222,221,1248,1048,850,513,768,852,439,1246,785,478,1125,801,1311,1127,1099,408,1045,306,1348
54,614,544,1008,634,453,415,256,1154,994,717,1168,435,445,472,1173,1162,631,991,617,433,141,1022,1300,1310,1005,440,703,687,416,405,1292,951,393,263,531,129,1032,46,399,18,660,1018,464,391,1311,968,390,1084,667,996
766,585,862,320,522,1154,487,60,201,827,179,551,569,568,852,506,584,832,1151,790,1056,329,1248,583,603,65,1155,714,238,780,853,313,845,1022,787,835,1187,775,164,319,1191,654,777,1190,1152,543,940,631,317,61,479
1242,24,1204,613,687,380,463,425,518,442,445,976,258,1019,261,1321,387,700,1202,1052,385,1313,1327,390,125,34,430,977,683,1185,350,507,93,30,397,378,616,140,28,983,412,617,968,383,136,1328,143,984,1041,454,707
756,445,687,1321,997,397,24,1204,1161,28,258,683,1019,613,425,261,1328,449,136,459,250,430,140,252,1322,1041,697,350,1046,965,1324,1042,77,518,454,680,149,380,1025,996,20,1292,125,16,1310,1306,703,234,9,145,385
1016,906,1158,1177,157,66,1370,766,852,827,1346,794,863,1141,846,734,585,248,796,1113,1131,1240,764,777,236,555,859,322,1259,878,1102,1277,238,576,803,600,22,577,203,860,845,775,824,787,582,952,776,940,913,1211,584
1315,4,611,649,17,614,688,29,49,1155,1320,279,38,442,691,1026,345,1318,452,32,654,274,1050,257,655,1032,41,219,259,628,1124,751,271,524,1072,266,411,0,168,30,424,475,795,689,158,34,273,1135,167,125,1300
827,864,878,1271,1266,857,860,845,826,827,780,376,302,861,928,1258,1113,872,1263,1265,1158,906,555,1247,571,1222,593,887,803,1146,1248,66,862,60,856,773,772,331,740,1354,846,366,57,847,79,1246,576,1058,1275,865,828
1149,965,445,417,1300,230,1314,268,385,1018,17,463,532,1342,0,996,1082,1313,800,1320,41,219,614,380,1091,1101,145,140,709,258,125,720,5,655,393,997,1026,975,279,680,700,955,905,158,722,649,984,568,355,628,917
728,194,110,775,862,1210,1205,863,1058,633,650,840,795,460,66,866,826,753,846,391,853,347,776,233,769,524,324,201,1131,581,823,1346,867,111,773,1115,112,1258,855,376,1221,596,1238,793,144,803,577,828,870,799,205
39,197,504,564,1226,498,790,923,174,1288,912,1151,503,1354,1051,989,757,524,758,991,491,908,107,553,1360,433,575,151,544,1300,527,972,489,1190,624,870,214,1304,980,1171,694,106,910,21,1303,1153,91,793,1162,211,243
1323,1107,775,905,294,423,496,529,663,433,766,1068,1007,248,553,824,567,790,1241,624,732,102,1058,1333,1096,921,161,842,1337,818,1303,1312,1113,331,1101,534,302,581,1314,1022,749,577,401,1266,844,201,991,304,1208,826,170
691,41,543,1293,17,32,427,1326,405,703,230,448,1315,722,172,661,119,49,1342,1120,118,704,267,125,35,655,1041,479,1292,350,1027,421,1299,1323,919,43,1165,149,815,504,1322,720,1325,1331,37,1105,473,1050,647,1070,790
16,16,636,613,509,518,680,93,975,391,1310,634,141,1173,451,712,581,1061,383,247,417,655,599,119,34,25,1056,442,700,1059,392,720,117,1005,298,1048,468,1304,144,11,234,1031,412,987,1221,261,507,410,684,398,1300
177,1070,853,201,855,1267,848,72,966,877,886,707,205,1179,776,104,1367,947,1246,64,555,834,186,935,858,373,309,338,1237,882,312,988,1320,273,1001,1271,852,199,581,171,1111,1255,959,1275,278,554,765,580,927,562,547
1147,151,1151,1171,503,791,1051,211,526,1312,783,522,715,422,145,1183,1153,556,514,1159,392,1241,489,286,635,110,1341,272,152,991,585,785,1288,1125,1248,1077,359,481,775,712,739,90,694,107,1217,553,1336,1112,248,649,716
652,66,325,852,823,1271,1228,312,827,862,375,570,860,861,593,871,836,816,1238,1262,863,846,319,70,368,1187,313,866,1277,832,584,596,1276,283,1247,799,834,1243,603,1141,65,317,1275,872,864,86,841,574,857,592,581
1066,459,1202,700,35,1052,616,985,427,1168,514,380,430,415,91,395,1321,671,383,691,32,396,680,636,518,387,261,426,509,252,253,1041,614,968,412,1287,1292,1161,425,701,24,142,617,119,613,1310,1352,87,706,1060,1095
410,464,624,1045,439,438,271,43,425,427,620,1328,703,514,1082,951,158,997,729,459,1007,817,1092,139,1136,270,734,1052,465,148,170,468,256,1289,1195,1107,533,32,1286,1044,785,616,1335,1296,127,1171,1348,1145,1149,789,403
31,304,790,1200,187,757,302,104,197,795,1208,491,604,524,15,1341,801,480,1093,522,565,1151,1316,487,504,761,846,435,121,567,550,564,320,887,478,748,806,194,175,575,916,151,505,551,810,774,832,1114,581,1288,511
1301,1140,1204,666,784,614,1295,980,94,148,987,836,867,1343,151,864,429,998,577,689,1152,732,437,144,378,975,433,1056,996,762,468,391,714,783,1067,1063,120,618,1217,840,1113,33,410,21,44,368,1058,815,662,245,62
199,425,518,1204,385,613,93,977,24,1321,261,509,430,628,1041,397,138,975,687,20,1029,1026,32,350,0,119,982,1052,706,381,691,406,590,1304,463,417,442,1019,255,143,270,1292,252,1300,315,387,1327,507,800,996,403
251,687,140,1321,403,613,258,977,1204,1202,28,1315,997,1313,17,119,252,138,412,261,1294,350,447,649,614,1052,516,34,390,518,703,16,87,1027,93,996,30,965,700,1026,1161,381,968,628,149,440,1045,616,1041,141,975
283,425,141,1327,28,403,385,518,380,149,17,440,20,691,87,381,613,93,445,1204,532,1050,1321,800,997,614,255,442,1173,447,412,898,514,1294,805,463,426,1046,117,417,1052,140,655,138,270,688,34,258,509,590,616
1288,766,320,1051,433,487,164,1140,567,1312,1022,118,1120,968,611,159,704,793,624,1174,46,986,405,1102,1139,172,152,92,557,558,991,1217,1316,564,791,1116,815,908,133,103,49,197,585,972,1165,429,453,154,1068,65,989
73,429,1304,1316,1300,1332,1050,1226,1067,1051,1063,453,1014,1173,433,401,1197,1330,90,0,666,1223,118,87,438,741,1007,327,1008,1351,996,661,239,805,1236,929,991,255,965,111,381,1101,91,999,559,411,109,524,694,256,599
438,524,1354,1200,1153,1225,592,750,1236,522,329,783,862,570,1228,714,189,477,320,907,771,233,604,1155,70,319,1183,1143,1223,650,818,312,1151,609,564,603,337,741,292,66,65,58,835,554,853,787,325,795,823,1135,1239
489,1140,837,769,201,543,836,1366,864,675,852,313,1131,211,503,861,176,487,1312,67,1022,818,274,741,1153,555,526,504,480,133,1136,320,47,46,1263,1236,871,583,1127,1264,1135,860,522,194,103,775,1259,1039,1141,670,286
1263,445,1204,687,240,1292,30,617,980,1023,680,1041,784,1045,1162,569,814,310,1014,118,590,20,1019,997,411,984,383,425,1322,1300,132,152,1085,511,977,1042,100,700,439,405,1012,603,1173,981,9,1359,973,403,81,145,509
1172,1187,1263,853,942,1360,1372,911,205,872,799,1135,502,375,570,68,1127,1141,993,1261,772,1110,852,328,1058,1143,794,201,928,316,211,1259,865,734,329,304,66,233,371,827,523,1175,782,733,780,1240,1236,830,890,1183,858
272,691,425,996,28,687,350,447,975,800,258,93,507,1204,390,532,1310,516,613,412,703,148,391,732,138,628,140,968,1023,1082,417,429,977,442,919,261,997,383,253,385,141,20,378,1286,784,438,982,1027,1315,472,614
424,426,1320,405,464,815,1003,470,1044,1014,164,1342,100,148,25,145,412,983,425,469,1162,732,514,634,401,1218,1041,274,1017,1171,1336,478,453,1330,976,689,481,1202,435,416,427,1022,544,409,19,475,550,389,829,1099,83
1303,853,205,862,62,823,802,852,1258,197,1228,1241,846,1248,866,1277,1238,307,837,1236,60,569,575,1246,835,570,803,826,863,741,1143,57,317,66,911,864,888,1115,1180,876,856,1251,849,1263,1235,1187,375,596,529,1211,832
640,862,203,1246,571,1266,1131,859,331,769,860,1211,325,827,819,1259,835,780,1118,1141,328,826,1236,1158,205,1166,581,104,423,310,569,875,825,1270,846,1248,1239,857,210,1252,585,582,1242,291,63,816,1258,834,1177,1209,319
268,590,463,380,977,1202,700,994,261,412,613,1204,143,440,417,1322,1324,1042,445,691,9,20,411,996,997,350,142,118,38,468,1049,628,533,258,1286,706,617,270,390,1008,427,274,442,532,406,965,30,510,669,140,17
1097,1161,381,616,412,613,1041,136,426,687,385,997,406,1320,383,1321,516,28,1029,518,463,118,706,119,430,703,1328,252,93,982,1322,274,138,445,387,403,666,1202,1089,390,649,145,1038,700,91,17,16,971,35,1045,470
718,908,793,420,1053,1152,775,1312,522,870,1173,923,577,633,178,559,1332,319,460,317,921,558,469,327,1155,423,1208,912,433,860,294,324,1107,61,1176,989,269,1226,46,749,391,581,1068,862,118,72,1297,382,1174,803,750
50,350,406,700,703,427,1286,159,1202,252,385,412,613,254,430,440,516,1050,1052,383,1161,378,975,1045,384,426,17,140,403,463,4,1314,532,982,1318,276,148,637,380,146,327,992,1014,491,394,687,977,1029,118,448,676
1133,1058,495,779,387,1005,439,468,1025,1113,655,749,864,1107,1246,965,459,526,1003,973,317,47,689,525,1125,1372,571,41,785,509,1222,389,533,152,271,424,421,1211,1340,248,465,1037,1076,1322,954,1041,504,1095,1112,283,487
311,1070,518,412,93,994,28,976,1045,1292,752,628,1320,261,691,378,510,427,454,411,613,1286,616,1067,24,425,599,100,687,1049,1327,1075,26,142,43,1314,1041,143,21,700,919,1322,1310,274,1172,152,132,590,416,535,1000
930,805,469,815,145,703,136,405,514,986,383,1162,438,661,127,116,470,148,671,1096,100,780,126,411,693,1084,971,378,1306,676,675,119,1089,473,785,121,1342,1041,176,426,1332,617,1314,21,43,783,1315,440,535,203,422
1088,242,717,1209,405,1154,986,146,1211,67,801,775,1235,1102,481,724,860,1081,64,754,356,740,888,1222,733,1266,817,584,1061,827,891,772,1161,296,486,1158,269,206,343,205,862,1039,787,104,676,769,1181,1261,452,539,852
1190,845,214,202,1238,477,581,818,65,391,860,1247,583,862,555,585,603,1239,435,823,1153,611,778,103,1226,565,320,60,925,878,844,1225,71,870,551,803,764,203,859,863,553,62,292,324,176,793,487,30,166,567,1075
1064,38,49,1082,1361,195,1147,355,1183,449,508,904,294,1203,232,498,1072,1076,533,1253,245,229,259,763,219,501,537,1077,1135,1149,1171,1283,526,1334,1250,1339,17,360,222,499,212,37,943,170,1155,1040,273,280,1234,1004,114
141,416,425,417,453,590,87,1316,91,445,437,315,1318,1014,4,977,411,1173,784,435,270,1292,25,403,383,32,662,1328,92,138,951,18,617,981,1168,1176,804,509,557,507,154,644,1067,968,469,389,666,439,1226,415,531
543,248,329,949,1113,529,864,522,623,810,757,1075,796,862,71,337,1225,859,794,1314,603,878,749,594,916,1095,1289,908,577,170,1151,1272,845,747,766,826,946,157,823,734,1256,490,1211,582,712,790,1262,931,578,372,842
422,585,203,818,47,862,1254,583,845,705,1140,543,571,823,487,1208,201,1346,776,569,593,74,1229,329,592,504,834,1314,498,619,1187,859,1138,1230,817,1352,62,821,863,1134,176,819,553,61,66,824,1243,1211,930,562,319
13,1204,35,426,385,1321,613,403,440,258,700,649,1026,687,252,1052,400,445,412,997,397,968,1038,429,270,1342,34,954,703,32,742,1287,381,116,518,443,138,1161,655,729,1296,87,636,641,982,1044,16,994,1029,447,28
685,687,1204,613,1019,977,1313,1293,1321,406,34,385,454,509,30,425,258,1054,590,24,380,77,1041,1005,680,1310,16,800,140,518,141,28,1026,417,1327,700,143,350,516,984,20,430,976,965,919,447,628,449,896,0,412
383,1052,1321,252,616,700,406,706,350,28,1327,427,1003,261,425,141,17,994,613,1322,628,800,387,140,149,426,385,997,1049,526,717,430,77,687,703,1026,1324,691,29,516,468,258,1041,41,37,463,1165,447,1057,2,442
1022,201,233,60,522,487,1099,862,176,1263,320,753,585,633,1239,205,319,325,196,439,571,1128,775,583,1022,852,823,1246,473,1177,553,864,570,818,802,1247,790,317,289,836,504,110,853,1191,1211,1266,877,966,769,819,1366
650,1273,104,803,857,1260,565,103,65,862,584,534,1243,63,827,595,549,1261,823,1259,304,1039,148,918,392,771,1066,504,366,933,302,59,972,1262,575,553,112,572,329,1146,326,71,556,581,869,197,923,120,332,1265,320
1180,305,329,775,795,592,1259,603,846,1200,65,104,491,1122,58,609,1210,233,1226,1238,1223,103,92,372,506,828,799,803,1262,764,1270,70,1225,543,839,368,650,862,60,189,465,607,312,1146,284,825,600,102,576,1236,774
1191,536,780,823,766,775,1247,202,292,522,633,841,326,178,856,1371,584,328,1022,593,80,604,104,341,1248,650,194,72,1353,586,862,1360,1039,221,585,592,262,885,852,1266,631,205,777,1146,319,1271,1223,846,59,70,1206
261,425,661,266,1023,93,392,389,1321,119,1082,268,951,1162,259,561,714,1008,544,394,390,804,1355,824,460,437,619,1067,1013,257,294,405,974,1036,159,395,1294,1155,1226,265,24,420,1307,599,552,29,118,1177,277,83,653
848,252,463,28,657,532,706,687,406,1018,16,997,20,1324,138,270,412,1052,815,17,1321,1067,35,703,149,1007,1313,649,977,469,429,616,153,1085,261,465,41,37,533,996,268,700,409,385,426,447,538,427,974,912,514
1280,425,1321,35,703,918,136,507,1328,159,997,779,1045,1099,706,253,270,616,1286,152,406,1311,93,1204,1023,624,1003,149,1202,620,138,896,434,1004,350,514,1310,1030,427,261,148,438,143,1105,252,1291,968,24,687,25,1052
1291,1102,1211,1212,1058,1113,522,761,756,543,469,829,802,1014,1044,1128,962,1196,1141,158,569,1241,862,1194,1022,1179,824,758,1183,1066,1166,388,871,1100,988,826,1263,496,780,557,1119,1217,993,478,852,1330,553,302,473,174,233
1035,750,980,994,286,1008,1014,1295,1141,1162,244,1153,220,259,308,365,243,274,928,1234,944,993,1068,951,168,1074,1344,1289,1144,1047,1312,969,998,1308,796,736,567,1013,1005,1176,164,260,715,74,234,631,1103,626,155,293,990
201,28,997,261,662,518,1145,271,1019,430,425,1292,1052,459,980,1328,143,691,1161,1345,431,140,706,138,447,1060,1041,260,469,509,489,896,437,965,468,815,11,742,507,438,697,1172,1103,24,526,533,1306,77,270,118,1018
157,1048,259,751,460,1127,824,260,315,1056,475,1175,862,1372,419,1095,507,964,1026,988,650,1347,95,1270,1047,1084,1308,1037,1310,478,745,250,541,1326,718,628,152,1081,845,148,998,1341,203,646,676,1234,487,1146,1039,883,67
1109,1003,932,734,640,474,1049,735,125,1374,1357,1006,128,273,822,42,1042,899,956,188,1279,537,1322,963,51,222,1072,355,1363,851,449,377,115,481,73,893,1133,1285,235,1185,850,938,1199,809,1356,501,1178,249,1182,695,406
524,862,846,1200,775,1241,1058,1022,1056,803,504,842,823,1068,524,581,852,603,553,565,570,826,972,930,506,870,853,604,1208,536,832,104,60,821,320,818,795,593,61,534,1146,65,1258,201,769,633,827,62,845,1312,144
836,687,440,977,468,28,680,412,706,1026,385,459,614,17,463,20,426,261,997,454,1052,1286,143,516,447,24,445,919,996,442,149,1038,16,1324,1045,381,1063,1018,613,1292,438,661,965,270,649,136,140,1162,25,397,729
244,429,544,1304,590,16,1204,1318,435,1173,4,698,438,268,315,445,391,433,261,18,383,390,649,409,394,472,673,669,980,631,259,416,425,1300,133,118,1047,1008,378,1311,965,34,981,453,1019,144,256,678,1014,691,447
74,827,965,1007,714,1157,862,631,805,804,437,618,654,15,1172,1155,376,567,692,878,681,570,219,689,603,60,1056,986,523,453,555,179,391,423,58,585,1113,535,846,732,861,310,1304,279,320,329,1101,38,621,1225,433
187,1092,1022,464,272,583,790,166,264,786,49,825,1177,491,553,1099,597,400,1190,1141,164,1259,159,604,991,45,1093,1151,824,570,568,103,176,592,584,1226,1335,741,694,536,12,401,810,425,473,1191,328,66,617,292,867
969,425,459,1321,270,1052,1204,28,687,385,20,440,1038,703,17,779,258,141,613,468,252,417,1327,387,118,1041,996,533,1313,994,785,403,518,982,1003,253,700,87,1175,138,697,427,720,35,997,380,445,1026,464,389,691
648,1277,864,741,862,1270,879,601,1222,366,860,1146,771,940,193,59,307,764,57,60,861,1249,866,1241,834,206,802,208,1261,61,646,582,754,1238,878,871,312,595,376,1142,819,1121,823,331,1275,1262,1354,857,1247,887,829
85,1360,816,975,1261,1137,987,213,1181,960,1183,627,942,965,146,936,1296,1065,304,1269,700,937,450,1233,1230,173,771,47,808,570,889,498,370,1263,888,94,485,1028,1288,412,60,1087,660,22,437,14,777,432,78,317,691
1192,1003,1250,1184,659,1215,173,1144,914,1109,316,1301,967,190,362,952,1257,843,215,761,1265,1228,182,938,104,1371,1338,1368,1222,1000,850,886,821,767,53,866,588,334,98,199,115,1357,499,1042,674,908,844,921,849,537,623
559,570,864,862,1241,827,878,317,325,290,741,305,1265,1211,846,498,1248,236,233,292,861,1125,593,1246,1223,1222,1270,104,1238,1122,312,604,853,1146,826,745,329,302,314,565,940,1206,524,67,239,852,523,102,819,1143,595
188,1093,18,567,21,604,197,400,1304,296,391,559,824,402,133,988,405,1031,1336,1318,536,801,379,551,1354,409,15,678,1,554,1168,1213,1312,989,676,553,489,762,211,1140,126,626,401,980,639,991,148,783,383,435,584
676,1190,60,1022,862,66,583,202,65,603,569,1141,1251,698,1371,1258,41,856,592,331,863,825,550,570,858,827,57,575,861,329,818,669,553,816,148,175,1096,201,604,849,1332,826,320,1058,1243,805,585,631,1172,846,1180
845,346,9,540,901,1161,1350,7,822,75,1108,1083,256,82,546,1015,1345,1050,1291,977,638,616,1322,725,476,1099,472,649,352,409,225,1313,16,428,480,695,34,1375,640,509,1046,426,1199,1339,1224,789,167,43,0,923,293
1077,1312,557,402,567,801,604,522,1171,550,166,1200,420,1226,1022,133,453,1330,503,584,4,1134,661,986,504,716,67,164,870,1053,1060,507,302,1151,276,730,553,109,376,529,1225,65,571,775,314,1140,465,423,1300,15,678
171,583,864,862,1239,823,846,71,840,878,1238,570,1318,553,741,818,1241,603,372,327,392,827,319,66,320,775,835,329,783,804,852,577,1245,1050,504,714,1177,44,863,828,21,1219,198,836,986,491,1208,825,592,1217,176
536,1369,466,1288,230,954,791,825,1177,212,19,1111,719,1192,1180,710,1240,866,294,199,153,1320,844,1181,1355,1141,840,730,794,409,729,1070,796,338,765,377,877,792,1257,1273,322,387,578,999,222,102,1272,591,600,734,1228
107,514,617,425,1202,403,32,442,28,0,9,149,518,1318,805,447,411,34,385,1027,613,449,1321,976,1026,614,406,87,427,1320,459,468,315,1300,975,429,345,624,393,440,703,996,294,230,1052,655,258,445,968,426,90
346,385,977,425,17,20,397,459,1052,32,30,613,350,447,9,258,16,628,28,24,997,1041,1019,440,703,252,93,25,982,1313,1026,965,0,1027,442,427,649,973,1318,261,380,34,509,429,691,1292,438,700,77,968,116
563,853,750,1115,233,753,819,1236,887,960,1277,844,862,712,836,775,551,1210,60,1246,312,324,1068,1249,205,96,1258,1264,64,186,835,127,133,570,61,202,891,571,637,890,211,111,1219,1242,151,739,112,329,823,927,524
238,378,626,261,416,1018,980,25,419,1162,507,146,127,116,516,148,136,383,472,411,801,1310,452,381,256,87,400,815,1107,124,263,1173,1026,174,636,153,785,1304,253,919,1194,243,679,1316,968,255,250,126,783,125,1005
1236,1321,24,385,613,687,1052,397,977,1204,628,1202,440,688,32,28,445,700,380,252,1026,258,997,982,1042,616,0,426,119,1310,968,143,691,1322,141,447,1027,617,590,34,20,459,87,390,261,516,9,463,254,1041,16
571,302,826,862,1259,1247,1246,570,66,1239,1249,1241,801,592,325,853,522,1208,846,1245,583,827,1263,211,61,45,860,1236,60,317,1211,828,650,68,847,869,62,861,593,233,863,867,823,842,741,834,1141,824,1177,1022,565
917,425,440,700,687,138,17,613,784,426,616,397,518,985,406,1038,706,350,680,142,649,447,720,509,1321,516,20,258,261,977,1202,132,617,438,116,1342,968,252,389,459,126,779,1062,590,1037,119,1318,1026,424,514,429
386,526,286,487,985,1345,864,1129,292,708,817,810,561,294,1311,41,495,1094,504,264,793,473,99,201,667,298,419,1151,1095,310,1340,329,37,570,686,661,1089,852,775,166,1352,1047,1251,280,159,1258,725,657,915,287,502
23,445,1204,997,261,1049,1321,142,454,17,532,464,146,35,590,253,125,438,16,425,1194,390,140,30,1168,687,143,77,1047,982,1003,405,439,1295,673,136,383,919,616,1328,518,132,1042,381,1054,1005,118,617,1327,1322,449
842,977,385,406,1321,616,1052,1046,252,445,687,1324,613,350,700,997,1204,397,24,784,1029,1050,1313,16,140,141,447,440,720,9,468,1045,142,691,118,28,1322,976,119,258,0,261,514,1287,628,703,17,20,1327,973,1328
647,875,1259,924,823,343,72,966,914,309,770,54,1277,337,816,215,1238,1255,1256,933,870,104,1237,847,103,755,1273,961,1272,945,317,854,1146,947,856,873,368,519,336,1257,1269,1264,877,499,967,952,861,591,867,177,767
1093,966,1128,877,585,766,1195,517,582,367,702,850,1009,22,1245,790,459,283,34,335,228,280,471,550,316,842,905,1187,943,588,1271,1272,55,567,275,1361,248,1352,845,915,338,853,179,816,313,137,1371,43,198,279,734
741,841,1211,1179,204,777,347,847,1236,1247,282,1249,450,581,1239,953,959,317,1248,753,1024,335,555,875,668,1263,849,1039,846,596,917,66,852,1372,1237,1206,860,842,207,1177,235,145,1133,1365,819,750,832,844,356,373,179
885,507,294,1008,18,148,420,402,620,11,766,557,46,405,1306,790,1310,1141,1036,994,136,716,1340,411,435,491,1057,679,619,980,793,1063,149,9,1312,636,559,544,296,1162,567,1226,416,1316,1022,550,1180,32,810,1053,791
1208,406,1052,613,977,35,252,32,385,687,442,445,77,17,1204,397,426,93,649,28,700,350,459,691,16,965,258,381,1038,706,628,616,138,688,968,30,20,1041,430,1292,1027,454,0,779,394,983,1313,1310,403,34,24
1060,469,583,197,1002,148,1051,561,766,528,264,460,357,1315,775,496,1056,1141,1208,852,650,1114,998,1332,991,790,1066,324,310,296,194,341,1128,751,272,178,1140,326,585,1044,103,1100,294,319,1110,729,491,821,302,226,823
993,1152,827,853,1153,758,801,1120,60,862,71,63,22,857,1212,289,775,911,754,1360,826,1248,304,1223,842,50,1256,1210,856,825,1110,607,1146,1141,72,1277,570,1118,780,1115,1247,1200,986,1269,583,214,705,1058,885,177,595
1012,1283,822,222,114,695,1339,1135,481,51,788,932,1117,690,893,889,682,27,377,1357,955,42,1160,883,1193,956,900,943,343,293,1221,1040,212,1338,904,215,1100,288,475,519,217,1224,209,1203,195,123,622,1207,1350,892,188
1302,592,570,557,583,1226,21,824,790,296,863,1141,567,862,604,66,1022,1180,841,1051,617,593,553,292,92,972,870,986,1266,825,1332,1208,405,326,1031,584,423,1093,793,1176,624,758,1312,1014,775,846,637,389,1162,522,555
56,425,468,532,611,533,998,93,1099,1175,323,1023,779,16,248,1003,975,1174,1004,327,136,1155,263,389,138,801,804,636,1039,1194,279,634,624,219,1321,1227,1113,558,1036,453,968,981,417,724,28,557,445,680,1318,92,243
46,425,1041,145,463,430,1204,406,982,380,459,533,655,1038,1321,387,976,977,994,12,1049,28,1070,152,142,141,93,1005,691,1003,613,683,350,1195,919,706,444,973,35,996,429,125,984,394,30,36,274,77,38,1293,779
1183,1177,196,828,582,1270,585,771,494,576,1039,1152,1058,862,210,864,289,1252,1175,1373,1110,764,601,792,803,604,860,292,1225,302,524,846,60,305,1261,1242,1360,1236,102,845,1259,741,783,802,1256,1156,1146,502,825,1214,870
245,469,613,261,389,378,518,1294,975,514,1286,516,691,815,985,149,425,164,28,1051,785,21,438,260,614,976,398,1063,243,1017,1041,442,507,1312,380,148,779,918,390,391,258,1204,141,1161,636,987,1060,417,687,982,1337
439,862,823,522,853,312,1228,1248,832,592,65,766,583,329,714,757,811,366,849,846,861,790,555,816,818,1190,825,1262,593,845,201,104,839,1210,1265,864,871,313,74,1217,1068,631,863,581,887,71,609,854,310,1243,320
494,487,415,1014,795,505,411,1153,778,498,689,437,1230,144,793,922,493,998,1058,1044,439,503,585,1113,429,181,1063,4,557,227,864,320,1308,639,289,317,419,279,1344,506,1102,1205,1228,1004,504,319,1075,126,533,1116,1286
303,463,387,1052,255,125,1322,468,142,683,533,390,1335,784,996,1328,703,997,442,465,1293,590,464,136,985,41,385,145,1076,254,411,425,1202,1204,149,1000,1287,1018,380,459,98,1292,617,1295,516,1032,119,38,1342,406,509
235,491,1173,1312,429,1200,524,50,329,410,583,1153,264,655,624,570,1314,409,604,294,504,1075,402,1226,529,757,157,345,151,821,9,1050,1,1316,585,567,320,18,503,1315,1287,522,167,581,603,795,154,553,714,575,1288
1126,472,447,403,518,687,400,516,145,996,17,1026,532,270,984,1019,800,440,509,442,1050,411,628,1041,514,32,1311,544,118,981,425,824,464,383,350,1201,463,258,1168,119,390,385,1319,977,20,678,351,445,1321,613,315
530,506,817,715,1127,195,219,584,472,678,243,551,279,791,1214,677,383,1242,503,266,196,598,386,801,496,85,1177,792,1256,986,633,35,1269,1240,103,810,477,597,315,864,1145,841,368,203,1346,1069,402,796,750,929,762
1150,132,779,986,1175,100,1211,846,954,41,463,1113,405,844,254,136,1249,1246,785,165,1014,1152,389,153,661,852,1241,1003,276,1172,960,992,469,1058,221,655,729,1340,988,964,693,1037,824,1107,1222,570,1127,1303,203,268,1304
971,245,1076,1032,286,713,1026,417,649,1304,689,1174,231,897,1067,654,1005,529,229,662,1309,199,669,1152,136,37,991,1101,463,259,1165,1125,723,1367,745,919,41,168,590,660,129,294,744,1130,496,756,1025,984,1227,270,301
945,425,459,35,463,538,954,1092,118,1321,700,17,266,1175,973,280,30,725,1296,977,616,258,1045,703,41,526,272,1352,387,20,1047,1067,1057,978,717,852,412,1004,426,270,1320,273,253,350,261,353,287,1029,385,82,2
1261,412,406,897,729,1052,1045,125,425,395,393,253,1287,438,143,381,968,427,387,429,400,975,613,141,675,687,514,983,1202,443,459,617,700,405,661,264,276,261,149,17,270,25,119,657,440,649,994,1161,430,1008,1070
159,1226,1225,319,1143,803,596,592,286,795,570,771,846,775,1135,604,1110,211,1241,1039,1146,609,233,714,103,834,853,1341,878,1238,284,498,1228,290,783,317,67,58,1236,1155,758,818,486,74,504,493,863,1141,750,774,862
770,425,996,468,153,1292,28,655,785,142,1052,706,41,470,703,1038,1304,700,1048,253,440,478,145,268,716,412,994,954,254,464,426,16,136,1322,779,683,393,1342,43,273,1321,353,636,1058,1124,973,720,1340,1004,1012,704
1252,433,1316,624,790,133,111,1304,411,916,1332,401,1364,1340,503,702,1226,564,364,834,178,712,1045,862,557,1318,391,239,453,920,381,599,491,426,1053,1315,650,1172,4,25,324,279,852,327,425,1066,328,400,392,793,1208
376,585,280,292,694,245,1332,835,86,607,477,329,581,66,793,827,38,1155,1277,962,1252,429,702,593,314,1120,1119,49,797,764,526,104,1352,913,372,1113,132,203,319,1135,568,600,912,1290,1106,1206,322,775,1371,22,304
985,178,50,1353,1153,1141,1360,1223,1146,326,609,754,376,705,1039,289,948,1308,1370,771,989,811,307,197,765,304,70,550,72,950,1144,536,332,541,1344,1200,302,1277,504,59,1236,908,1361,68,236,1212,1290,1156,4,774,845
91,15,557,1174,1031,327,968,626,250,3,1316,511,296,197,981,21,1014,469,498,18,420,1330,645,32,1226,1328,154,1319,92,1099,276,1022,391,980,383,402,559,558,158,112,1162,951,67,434,435,801,972,453,148,567,986
552,1262,853,855,1261,575,1246,304,847,861,924,862,872,373,534,302,283,823,964,803,371,1100,1238,337,882,846,863,860,609,1255,312,206,818,1232,213,60,854,887,375,839,319,1273,68,811,834,596,1240,858,623,816,1233
51,687,977,613,1052,459,616,258,406,261,350,17,35,397,20,140,142,412,968,1029,403,447,28,118,1204,30,442,997,426,518,138,1045,348,381,387,77,430,516,24,703,509,1313,440,463,779,1038,954,706,270,978,32
1083,390,687,141,1310,381,391,968,415,416,1311,411,617,91,389,143,438,417,146,403,590,613,93,383,254,4,804,1315,516,447,1173,1051,1026,25,380,1293,119,378,18,1014,440,1162,9,268,646,435,514,21,30,394,425
808,1091,729,742,784,582,468,294,266,954,706,274,680,1292,38,844,387,655,1017,421,76,1336,965,538,480,568,145,1038,20,1097,119,41,1101,267,684,277,1092,463,219,1043,703,1125,82,1320,783,815,148,49,1175,1171,1299
160,452,315,1168,477,146,164,33,825,440,974,585,535,618,1288,1059,704,996,613,453,405,1318,270,411,680,250,256,616,714,437,87,94,417,110,119,998,1044,971,1096,514,1102,583,740,1315,522,1304,144,698,448,403,621
1071,385,687,977,397,77,1321,1318,975,1052,700,1202,1148,142,30,617,613,896,350,403,688,965,426,438,684,20,17,1041,32,1050,1293,616,983,1026,701,390,649,440,1027,1320,514,258,628,1061,6,1042,1045,693,146,140,412
844,503,543,1022,268,439,988,1096,1153,789,145,996,1258,17,479,570,1171,790,286,655,705,1359,487,972,1110,784,1230,1341,862,419,749,553,911,576,174,1328,568,535,1152,712,294,836,1242,201,379,1037,1326,15,1333,353,106
463,292,296,491,305,662,1316,522,416,111,653,1161,867,18,194,409,604,1093,553,151,750,1031,1063,864,327,1238,804,1226,1242,968,104,841,364,480,510,1304,503,196,1051,127,223,276,764,3,405,433,410,1176,644,389,1149
1161,43,1195,41,704,487,159,274,278,912,1094,1342,118,922,470,1105,1341,543,583,99,1129,910,163,1291,1324,701,1345,1102,473,1236,990,478,1099,201,100,722,1287,233,1320,356,920,38,850,441,1254,504,30,1153,766,145,172
1094,917,892,369,893,520,217,521,1257,1040,190,1280,336,757,308,1215,1334,1126,831,519,1160,300,62,691,1203,278,500,1130,195,591,1282,756,902,822,360,334,54,883,1165,924,735,792,946,1357,941,1137,28,605,582,936,235
271,393,403,440,671,394,977,687,929,381,645,141,1052,427,1007,426,614,784,385,617,87,119,425,975,143,261,91,383,439,1031,590,1300,954,392,396,412,20,1020,680,364,83,453,254,142,437,1045,514,978,951,1176,6
526,1327,985,459,152,1328,990,465,1287,676,1310,984,982,492,406,611,592,655,253,890,785,648,550,624,1190,248,157,254,200,1070,1165,159,1202,1149,1341,403,997,716,1153,728,425,1143,107,387,1099,1169,479,841,221,402,491
1130,687,977,385,397,28,125,350,1321,613,1320,77,1046,442,628,406,1293,1026,30,440,252,973,1313,1204,459,261,616,403,1027,140,32,119,514,1318,706,680,380,1052,17,896,1061,509,968,454,1292,691,143,1324,24,976,447
255,397,28,622,977,723,398,961,141,1040,217,360,1334,1317,354,385,1339,509,695,350,123,361,1109,1203,10,252,247,1184,936,359,106,117,394,720,816,810,513,521,387,546,336,634,759,71,932,1046,1078,538,380,1038,363
798,253,706,445,149,234,454,140,430,468,1023,1049,918,1321,1311,350,732,1194,1286,533,1161,387,997,1118,697,145,459,1067,1089,683,919,138,507,1082,1328,1175,1319,438,1342,249,1072,1004,225,1019,1052,1324,35,248,703,141,152
995,60,319,1039,1131,1177,1236,775,1354,1247,1243,803,823,1022,1248,606,845,592,593,846,1141,536,205,324,861,842,1265,832,290,70,1249,862,524,811,841,853,341,326,317,825,864,1263,61,1360,211,1235,650,1226,576,570,1208
1311,1162,243,983,426,661,391,996,516,717,200,315,203,425,110,248,120,1202,687,389,1226,988,286,645,351,681,1112,1025,1190,1015,992,1304,864,704,1258,448,825,987,1022,1113,298,532,152,141,143,1315,176,836,507,906,1105
368,982,425,406,687,996,1202,613,616,412,380,1041,655,1287,426,390,691,440,261,1204,28,268,351,252,703,617,706,258,1327,253,41,142,385,459,954,514,1292,518,35,403,465,138,91,24,447,430,468,145,1352,136,411
1203,1173,1316,435,433,429,915,1171,161,401,18,1007,687,379,410,528,544,567,0,1096,1354,402,1297,187,1053,87,1342,416,835,256,46,575,996,391,1018,644,1094,797,419,1120,815,762,680,38,472,1044,933,1351,203,463,991
1249,986,416,1314,126,1043,389,544,703,618,110,243,1022,804,1173,1297,1008,381,433,624,620,673,862,24,276,641,441,507,633,1096,401,472,15,383,230,148,378,975,448,532,391,621,453,988,805,826,698,197,1082,234,705
133,429,409,0,1197,687,655,18,30,87,9,400,1175,149,136,1303,379,1316,1044,91,996,1198,1300,614,256,628,469,1291,7,1007,535,403,1304,1161,1204,470,416,976,422,1320,729,998,442,378,1312,158,40,509,1315,793,139
1,687,30,999,514,1292,403,425,28,91,142,258,422,17,119,380,1341,411,447,614,655,463,1026,613,1050,9,680,400,268,700,977,478,385,994,704,429,470,649,459,417,919,628,1316,345,1171,141,1327,1027,590,364,996
582,583,834,823,553,827,60,826,592,233,853,846,604,593,860,66,104,1249,565,109,581,852,328,1238,214,1259,570,1247,678,585,319,803,1022,824,790,1270,780,1246,801,867,857,863,1243,1242,332,62,791,856,67,1177,133
180,403,617,350,380,982,24,270,706,518,87,516,1202,1321,613,975,997,16,417,1026,700,32,20,140,1027,1041,459,703,1286,1310,119,1292,397,454,426,1318,680,1313,691,30,35,1327,636,390,351,1018,141,442,142,468,28
115,1127,308,1176,951,1344,15,1108,451,1,1161,798,770,242,596,607,862,569,324,570,762,1290,993,1037,615,1354,684,328,299,1143,841,383,891,819,458,70,989,1138,325,1267,214,677,754,775,1174,317,970,359,811,27,988
778,252,387,230,1048,628,254,1175,1049,24,784,1102,1321,1052,253,954,986,1082,93,1125,251,998,425,41,463,23,700,1002,502,81,167,1324,6,1249,1314,1023,726,616,800,140,153,1155,445,532,449,119,1313,482,789,268,100
687,28,445,687,1042,1321,977,1327,1322,1049,1070,93,1204,779,896,17,1320,142,9,1000,613,454,385,997,1085,274,1045,973,412,449,143,691,1076,16,100,1018,628,261,1052,125,700,447,406,459,590,153,403,518,390,649,24
986,233,294,264,878,1023,60,248,835,322,1058,1259,568,357,319,1239,543,567,928,571,524,611,482,310,172,1101,1131,749,41,555,1154,1205,308,570,1248,823,314,1352,870,1155,802,824,273,1266,376,329,66,1210,1332,70,793
183,425,400,687,655,620,383,463,32,507,526,469,93,532,415,459,274,533,805,968,118,977,518,561,982,417,406,119,1044,429,435,87,997,590,1018,706,411,669,510,994,1052,1168,83,393,91,1202,31,261,401,381,974
874,590,253,378,25,1003,683,1045,616,136,1148,146,125,1292,381,433,1061,1018,1050,1041,429,417,256,472,1322,1032,401,91,250,276,897,532,1204,980,118,1070,1327,1313,1286,992,452,919,768,1067,261,220,31,43,544,464,41
1240,459,387,700,252,1321,426,427,425,706,253,261,449,17,28,395,140,141,397,35,412,691,454,901,1293,977,628,1020,613,1313,655,965,16,93,982,250,430,24,955,1070,249,800,76,1041,1199,258,999,703,440,963,393
767,862,827,324,775,570,802,823,864,1183,1152,1155,60,317,1258,842,819,1146,343,1223,1373,551,1242,1269,852,1372,911,826,1210,1270,236,1246,1256,1238,1277,1177,1263,1149,733,1222,603,940,803,1206,1218,835,68,320,846,1039,1205
1294,866,570,745,419,1144,1167,286,792,877,255,113,418,325,761,1163,356,308,482,872,1152,368,770,498,841,642,274,799,966,375,641,1256,210,772,283,1155,373,1108,853,1159,656,659,1226,205,1349,196,941,1275,827,592,290
163,518,968,687,617,136,390,378,276,403,9,1173,381,982,1051,152,148,400,379,1304,425,557,544,250,507,411,613,1168,25,159,383,624,469,1292,1161,386,532,87,1287,397,1341,391,1316,648,1328,92,464,1014,409,1311,258
1053,706,261,731,277,53,1003,881,1338,365,406,1316,234,800,84,123,125,250,32,165,1342,107,697,395,132,701,118,965,7,548,1198,138,1306,880,230,1078,2,35,281,1092,114,677,1109,1001,414,1283,561,1035,961,1030,1321
546,1264,775,852,986,196,68,1247,70,1276,826,1243,1262,803,1270,846,103,65,331,600,780,60,583,811,1271,309,859,287,609,1259,828,1218,194,1254,845,1261,1222,338,770,1223,302,877,332,376,1256,878,1371,823,592,523,1068
1003,330,1232,806,665,342,288,521,756,1350,182,664,1127,884,428,316,377,88,131,1346,659,1224,888,772,640,773,819,961,917,566,291,899,1282,375,1279,872,820,939,881,851,1159,1253,1058,1278,1269,1028,705,837,1262,629,1250
946,148,1076,1004,98,24,1327,11,472,140,224,25,463,720,1314,549,150,403,197,268,976,734,716,688,511,398,10,521,1322,1355,516,469,1124,125,392,417,19,1107,1175,972,136,378,400,779,384,850,1061,918,715,379,753
1166,4,962,570,864,1068,477,320,1075,671,1113,1140,576,275,1152,751,1111,201,1139,1092,292,986,842,329,529,623,312,911,860,1242,1270,326,775,1130,524,423,1171,790,22,1120,391,827,66,60,170,1153,1022,469,712,757,732
328,425,409,24,800,1324,1047,252,691,613,1042,1328,898,463,134,140,954,20,1322,1327,1038,13,1320,141,77,1085,1013,255,634,1027,350,700,394,518,445,703,1018,406,696,258,16,706,387,381,397,253,900,752,1295,17,93
116,532,118,261,996,35,4,687,20,700,138,391,24,971,17,1038,429,815,30,514,412,411,974,661,657,119,264,400,1050,929,136,87,978,427,270,447,620,1304,448,1296,472,1295,383,390,111,435,1046,621,90,140,257
786,469,1141,756,852,67,1177,862,1158,860,1102,986,870,823,176,1127,972,61,582,1048,633,1211,1063,617,569,1247,1263,102,411,1314,644,66,1183,570,328,724,420,292,828,324,729,327,793,1267,1214,769,262,1039,489,826,175
277,20,463,252,274,385,442,1293,666,16,1168,1026,315,974,1052,975,1295,9,270,533,616,532,32,141,87,118,628,140,142,1313,225,38,1045,468,127,1012,613,649,411,1061,30,636,1204,1321,1041,17,34,145,1300,1314,729
586,1342,671,661,1316,250,389,653,425,1318,4,1330,412,491,1161,1060,675,1202,138,83,465,1312,443,999,427,0,1173,440,381,985,126,1089,405,1176,457,119,448,437,1095,1171,804,988,87,526,752,3,347,1174,805,44,621
373,687,613,385,119,445,977,406,136,700,1026,1321,403,149,442,1050,1287,1052,252,976,1202,516,30,142,459,258,655,752,28,616,1293,125,1017,24,20,395,720,649,1027,1046,614,440,140,463,454,234,32,9,315,1310,1294
169,152,469,256,148,150,163,617,1175,734,510,1058,11,429,1287,136,268,1303,1289,624,986,971,378,41,585,411,1044,1025,38,400,1014,464,557,153,996,801,126,785,45,438,1176,238,553,1304,315,21,973,151,158,769,586
290,1038,125,800,350,445,997,706,1041,425,1052,468,32,1018,703,463,807,387,725,17,454,1049,37,253,688,918,140,720,691,1321,679,459,220,261,464,512,630,426,533,394,538,406,138,716,1322,1323,1324,156,701,447,449
556,862,197,846,593,201,1238,320,852,328,853,863,592,581,762,780,570,769,577,633,326,776,585,583,827,61,72,66,806,818,826,823,834,596,811,803,604,860,194,930,1241,824,950,70,908,536,60,1271,553,854,1247
412,585,274,532,624,751,661,522,294,1335,167,712,265,136,567,43,248,268,729,570,750,649,1226,791,1022,1249,498,469,405,477,148,201,1333,313,463,766,158,233,163,347,465,996,568,1364,1050,49,669,92,655,1173,714
239,1292,149,148,919,986,1312,453,1327,435,439,1342,1316,438,991,1089,1096,159,136,603,516,464,542,172,1091,592,292,558,270,403,732,139,790,389,661,1328,704,1099,689,427,470,1032,18,468,444,1202,775,559,1172,1175,15
626,989,862,827,489,986,581,852,584,497,1277,133,1146,860,593,774,491,477,864,780,570,320,59,487,722,775,592,604,1208,601,987,325,577,65,166,846,304,804,1243,1238,1297,567,764,148,595,1270,328,606,704,923,557
111,1200,862,650,584,524,825,66,853,824,357,295,551,562,203,986,1096,110,329,543,1190,583,639,972,801,383,391,536,592,795,272,547,535,776,14,1208,112,120,598,988,785,1340,948,558,111,109,671,1236,103,148,292
621,862,860,570,871,1265,1208,63,329,1271,319,312,780,827,1238,214,66,864,201,845,104,103,603,65,175,489,826,1247,870,584,1243,1248,877,887,1246,1270,595,1262,1225,1258,861,835,1236,790,849,803,1259,67,853,102,854
865,149,1328,93,994,1041,1321,427,573,402,478,516,1052,510,1322,445,17,50,507,387,364,991,441,28,687,430,706,980,807,426,154,1051,350,425,107,800,35,1176,716,694,896,1042,250,11,1286,1327,1089,414,1194,136,385
162,585,584,331,862,1113,859,320,571,823,1056,857,1238,1276,611,827,581,66,1270,104,553,1223,565,214,846,1208,593,1247,864,1271,1261,1225,714,806,818,604,194,860,1058,825,86,196,1146,803,579,836,877,328,1254,1243,410
984,315,983,176,440,148,60,327,791,325,1023,469,621,447,438,1177,1315,516,292,425,804,968,553,1242,841,1158,1099,1366,532,119,576,1359,951,1310,472,1202,83,1026,998,294,1351,531,1168,996,1022,1008,1340,1348,251,87,390
52,977,459,687,385,258,1052,1041,28,613,17,1204,976,350,380,447,700,140,397,1042,997,252,1313,1085,1293,454,142,261,430,896,800,616,442,688,703,153,720,440,1327,1026,1029,1027,509,973,34,30,281,982,24,16,706
949,425,1045,412,1204,975,1099,687,416,1201,273,1318,430,264,327,389,233,804,381,552,557,434,1091,438,725,1051,272,1031,581,824,1342,1312,980,968,9,399,1297,617,732,650,558,1014,700,973,1012,536,390,1023,251,77,1161
1128,613,518,350,425,397,687,1052,1321,1042,385,700,30,459,968,380,403,985,655,1026,1041,1005,463,617,977,1201,387,125,1018,0,390,442,996,28,1168,1310,691,32,1292,412,440,976,429,35,378,24,136,1202,1019,351,34
927,425,381,87,662,468,954,1316,440,20,804,516,138,1162,991,400,435,383,514,403,590,18,758,1173,1161,327,393,409,136,636,391,463,389,489,119,256,154,1304,139,784,815,92,1292,132,25,257,994,141,805,234,1059
977,810,1212,522,543,988,646,1190,1202,669,1022,789,801,785,357,1002,758,733,790,174,172,145,400,1162,476,72,129,993,1294,793,281,435,734,716,205,420,1248,448,1143,1131,824,526,504,473,529,1191,66,1093,290,221,492
480,766,498,1153,771,948,289,524,1230,758,506,795,1200,950,197,782,110,1223,203,1261,151,1209,794,504,1055,1053,609,1370,579,196,503,337,1247,846,716,1144,989,1309,998,1143,302,603,1150,1140,1146,821,286,1290,1312,60,304
1067,1327,430,454,253,997,1161,1292,77,980,402,1310,1311,225,380,472,531,1051,1030,254,394,387,800,1041,503,142,617,645,746,1081,397,1328,932,152,673,992,696,26,1012,318,616,700,395,1139,260,143,573,901,1148,364,1305
876,994,1004,272,252,220,412,463,264,425,454,141,253,742,155,261,978,987,82,441,725,406,398,1323,541,2,717,1003,697,1299,865,1174,1227,266,35,118,41,327,1021,1294,667,38,687,1048,568,1205,1320,1126,390,1049,214
19,1315,409,403,118,417,87,703,438,468,148,411,1287,315,393,381,785,379,391,1051,532,971,1032,1171,590,661,617,11,616,470,145,613,478,673,1318,447,1027,557,1090,567,24,976,804,390,1120,614,1341,1330,1043,1314,704
617,862,570,1354,312,863,860,569,823,577,775,604,780,522,319,61,853,553,846,1208,1263,1246,329,1238,827,818,1190,1093,854,861,1225,911,583,1141,741,871,834,233,205,593,875,986,858,803,62,646,60,524,1266,555,829
122,1293,125,675,116,748,267,1041,729,166,426,573,1176,1320,274,260,251,829,164,1047,1003,454,969,1139,1335,1081,168,676,430,783,680,1061,784,720,1031,1311,983,482,242,594,712,1169,225,931,412,473,1322,145,703,48,1129
407,784,1032,438,1286,411,1292,687,427,444,268,999,118,997,465,425,657,516,703,1296,159,1044,974,1314,140,170,380,38,495,918,994,1043,680,469,977,429,722,167,706,20,270,986,148,701,41,1287,327,448,459,12,1226
1019,425,1345,274,1052,268,459,270,706,742,701,720,464,1107,41,463,725,248,984,136,526,138,729,252,148,465,176,977,693,973,440,991,118,403,406,703,1286,254,389,99,1125,264,1289,139,687,1202,1305,172,426,1322,43
273,518,442,397,1321,261,385,380,965,768,1041,406,509,350,253,412,1324,1292,449,1286,387,116,447,454,17,136,997,613,1049,1310,143,680,427,93,634,800,687,1046,516,140,16,28,149,717,703,425,476,720,381,996,117
1275,141,800,1286,253,149,976,994,125,380,442,680,143,1038,1310,1321,968,648,1047,1324,28,983,140,1139,516,997,152,706,667,447,20,394,683,91,1030,977,25,1292,430,468,234,981,440,518,1327,255,1008,978,424,532,590
1194,1028,1154,1130,831,342,917,1339,42,73,288,640,959,889,1143,1221,961,173,1279,622,883,131,1350,960,759,374,334,882,1278,222,128,947,27,171,351,1274,1282,935,942,1216,926,343,1024,781,209,217,1152,1229,608,1251,1178
548,747,936,337,933,187,22,1134,623,767,920,1109,521,949,915,329,185,537,816,1282,304,1331,193,217,922,937,605,1257,484,246,343,958,1151,1232,1333,587,961,967,925,182,710,214,369,312,126,754,766,672,723,821,338
81,463,700,706,1082,613,977,1052,440,533,17,28,1321,742,973,954,350,1041,532,1175,427,616,516,118,441,35,125,1324,138,219,703,997,636,509,720,140,412,447,145,266,975,1027,261,417,253,403,1286,387,141,252,32
577,862,842,826,846,66,1242,60,841,1259,328,203,860,650,853,1263,583,1168,592,864,819,1247,317,824,867,861,834,1190,1127,109,604,570,1238,780,1235,423,1271,1152,1022,1249,1158,829,1171,871,1044,176,61,524,633,202,329
850,425,1324,687,454,1047,1161,1038,1320,258,1005,34,683,1071,779,688,449,983,545,1327,463,25,41,350,441,409,1000,149,628,680,140,447,1300,433,496,261,468,240,1313,706,1293,399,912,532,1323,1050,729,649,636,255,703
694,825,1102,986,99,705,1068,766,778,502,789,197,581,972,547,853,845,1191,930,584,528,793,1229,1110,826,1022,1248,790,775,1175,689,1183,1187,791,1234,1251,506,148,420,127,1128,433,799,224,1158,916,289,419,181,416,1208
452,1208,603,775,319,1262,585,1246,861,845,583,1258,842,853,826,329,60,577,104,863,524,1273,335,871,834,67,71,1239,609,66,201,1240,570,1277,878,859,74,790,816,780,836,1225,1241,1354,818,803,604,57,867,236,555
1120,1003,1320,1041,1313,720,430,1250,387,1195,1000,613,1328,449,1049,688,1185,406,253,445,463,385,1350,996,232,1064,222,1199,1045,17,1085,1301,350,1293,100,1182,141,185,1321,640,24,42,1038,125,800,1184,706,474,77,984,850
683,1316,429,1120,448,1076,281,910,472,509,1094,1140,1204,526,444,1153,9,1291,973,46,0,43,662,487,1325,1342,435,126,44,810,968,669,567,445,915,687,1289,1168,633,1173,586,665,1071,912,34,722,905,916,411,1097,1337
1092,522,675,158,477,43,1169,167,481,1144,233,163,876,256,311,643,458,569,570,283,1140,479,1153,67,1099,151,748,461,319,1149,644,722,1143,469,1268,105,856,1186,854,536,159,1139,1019,792,1254,1155,883,1094,734,248,585
329,412,126,680,1341,634,1286,274,1091,1140,1105,815,585,167,717,470,253,427,1312,647,1097,110,704,166,164,526,732,421,448,1045,790,465,1342,176,270,145,703,568,1099,487,1043,701,1063,1090,614,133,137,994,138,693,836
1162,628,974,1300,1041,657,533,430,704,92,380,448,399,421,614,142,977,315,425,725,20,532,1018,655,427,1019,383,680,1295,464,437,472,452,687,720,11,119,390,1004,618,1005,1168,385,395,118,779,87,250,1318,971,973
873,258,516,687,1204,140,1003,261,149,427,30,35,997,1041,973,1321,397,613,800,438,403,919,980,977,697,459,975,509,154,1027,673,0,385,16,117,1173,1324,32,616,655,1293,552,28,968,1161,449,1057,452,1314,1327,897
1264,445,1292,1089,487,180,465,703,54,594,267,557,1342,82,287,435,292,708,603,591,251,1094,491,1273,1341,946,559,1,869,1151,338,1041,949,917,65,816,533,1318,439,438,1049,747,827,1243,986,877,862,389,66,1325,1009
472,945,949,1083,495,281,733,526,522,141,705,665,504,585,96,918,800,879,845,214,946,704,1094,917,864,607,487,1119,570,1095,506,747,603,482,1140,490,568,1059,1113,43,1373,545,1207,525,302,512,970,818,701,1205,102
560,862,328,319,827,863,317,834,1246,861,592,522,823,911,570,329,1140,846,854,1259,66,835,790,72,206,308,194,1208,332,1263,867,1100,852,60,593,585,875,196,582,322,870,577,67,1238,878,596,849,1190,818,836,741
95,424,409,425,260,442,912,28,1042,91,687,25,1300,16,1304,385,965,406,1004,535,1067,445,649,700,381,1019,1025,46,1053,410,518,24,1007,1052,141,429,397,459,636,412,613,611,1310,590,977,910,4,30,1204,779,430
1052,1026,628,231,252,1020,28,395,29,443,315,518,220,76,1293,977,442,1004,459,397,1148,32,229,712,387,141,259,1321,250,69,1174,533,1204,1373,616,93,1072,232,16,613,274,638,573,729,1048,348,451,893,892,385,403
1209,1204,258,385,425,687,397,442,509,628,977,1293,680,34,965,0,1041,17,1019,350,1027,30,406,518,403,700,655,1005,390,119,1320,691,1318,412,968,28,116,145,996,688,1300,24,1052,1168,1311,447,32,1038,1026,141,440
495,1153,766,793,714,524,609,1200,592,189,1238,282,102,1053,85,770,604,775,522,194,758,498,823,86,178,792,757,756,1360,870,1120,816,1277,916,596,818,331,1,1151,286,311,66,177,854,765,871,491,292,1371,1143,1156
1021,803,196,1208,328,547,592,834,853,319,574,598,911,197,304,583,1246,201,846,593,859,862,967,604,214,534,109,575,780,104,1251,930,762,923,62,927,845,855,1258,577,790,950,867,572,321,827,928,308,603,565,332
1259,687,440,590,752,141,1161,87,468,1061,25,977,438,516,28,381,649,976,447,385,975,93,399,463,1018,143,255,34,700,1176,138,126,1026,33,1052,270,20,983,1202,116,1300,274,613,142,1327,119,4,397,636,514,140
340,445,252,17,350,258,32,977,613,1052,1321,463,973,459,28,1041,385,425,655,442,1168,403,406,996,449,1026,1320,274,687,426,1313,0,454,119,518,447,1027,516,1124,985,430,270,982,387,125,140,1318,34,1292,514,1201
1246,425,143,87,119,427,253,403,364,1304,1023,24,465,315,447,459,514,149,92,142,1314,628,680,815,1328,440,974,687,624,614,141,617,791,411,448,16,380,1067,671,977,422,1071,1031,1045,118,345,1026,1052,254,828,406
252,425,526,143,662,264,706,687,141,108,535,440,350,106,16,445,62,954,657,447,538,779,468,1174,742,437,424,383,132,271,348,910,87,381,281,1043,270,977,732,1030,1315,918,701,21,1044,1202,1027,95,998,30,1313
236,149,350,1286,1038,449,516,1047,140,261,452,729,145,454,1322,1195,253,768,1327,164,1326,1041,1161,41,980,675,136,994,32,35,532,402,425,427,991,141,1175,1293,353,28,1299,919,1004,636,430,1320,1070,150,414,657,918
185,410,453,986,425,1226,1300,411,661,364,974,641,1161,389,667,1202,391,458,983,488,912,383,4,90,704,487,491,0,514,999,276,319,532,951,987,826,663,535,662,429,570,1059,400,1191,112,448,92,437,434,1288,440
71,425,514,975,805,327,409,118,24,294,380,87,468,691,25,800,141,662,399,441,1294,219,1007,91,997,261,442,1312,1051,1161,533,1090,119,411,392,1176,590,77,34,416,20,438,999,1321,83,390,28,385,538,973,347
192,445,977,518,447,16,613,1041,1013,1328,1322,258,250,417,350,687,380,996,1046,0,1014,965,1292,468,385,3,24,1313,389,1318,439,974,655,425,1168,446,268,678,784,667,403,125,673,30,1037,532,118,90,28,516,1311
1134,1038,425,700,687,445,397,30,394,1004,350,138,977,385,142,34,454,149,538,141,28,380,20,720,116,1321,1027,613,1042,703,381,258,140,614,455,636,666,404,17,395,1061,406,442,5,261,695,667,24,691,1026,701
161,864,510,826,583,151,920,586,778,1265,549,1174,921,986,570,1246,1271,329,989,71,50,1360,579,908,452,512,22,988,733,922,1159,487,584,214,1058,12,506,152,830,925,764,819,807,923,910,852,553,1352,1235,1116,1070
297,1194,41,1124,1314,98,1049,268,273,683,136,1125,1139,624,743,187,149,1052,1305,167,107,145,380,279,785,466,790,502,1003,640,470,387,990,1051,43,1287,1322,590,24,558,420,1335,142,1327,325,1190,1072,1050,581,125,985
569,571,585,775,823,846,862,570,319,60,65,858,320,205,368,329,1259,845,1262,1246,769,780,867,1226,603,866,1228,1225,553,836,1068,577,1256,852,66,1238,104,102,1240,313,1275,70,864,1239,714,170,375,294,877,818,584
680,28,459,125,25,454,468,429,403,516,703,472,1321,140,438,425,440,1286,385,108,1018,679,687,427,469,977,394,1327,968,1204,1026,1316,725,17,706,991,258,1324,628,973,1314,441,378,1008,779,158,999,1310,975,442,126
105,871,1241,780,1242,823,1153,294,175,551,60,1247,795,864,852,486,662,583,522,827,861,556,739,783,1238,714,312,305,764,802,571,1063,329,61,170,803,570,151,555,524,712,777,585,90,477,530,1205,581,818,604,1177
288,464,470,590,268,472,415,429,141,146,617,687,416,411,91,381,469,393,409,15,1336,996,1076,1091,412,1168,1300,28,1342,968,729,616,426,666,544,145,119,258,454,465,161,514,292,263,518,1202,16,132,223,439,442
1314,253,427,387,1042,42,706,255,1328,149,360,261,546,24,901,717,1041,1046,759,430,463,1345,28,406,1199,1052,442,1195,249,703,1338,454,1322,976,1321,691,1182,1000,997,707,977,464,1324,693,125,1203,683,409,1301,537,822
140,666,1319,1318,445,973,409,439,712,1168,3,980,257,81,750,928,241,1311,514,1204,251,1226,613,1012,1031,1320,976,590,1047,1336,411,4,673,981,268,119,442,768,1013,1034,34,1173,1291,861,504,815,524,6,701,511,429
1070,845,1007,752,331,682,40,534,91,1214,1354,1074,783,1265,416,472,257,641,94,15,712,302,741,1335,991,940,1129,792,988,238,1059,780,614,312,391,1373,432,862,1183,202,626,401,595,25,995,178,511,1156,322,681,433
1233,445,380,385,1204,613,24,1327,518,442,261,252,977,412,258,20,9,93,997,406,1294,118,617,459,982,472,616,968,390,1292,447,1029,1286,25,350,383,403,1202,1324,28,684,0,976,649,973,430,1321,381,1059,422,590
1105,1152,1175,1209,915,225,419,1007,530,324,279,28,1177,459,1218,1044,274,1142,1092,439,291,468,533,1130,1087,734,415,1158,304,1023,1069,940,1028,141,1278,271,932,69,1303,266,962,1058,666,293,1324,387,506,995,787,1359,996
1036,1008,1038,1023,1304,259,1067,315,590,1194,136,980,394,276,1161,240,1122,245,429,464,38,1176,227,1062,997,1011,391,383,18,1173,662,250,993,768,152,469,745,144,150,15,951,507,544,518,672,37,648,25,414,779,416
224,125,261,25,380,255,1049,1327,703,454,1311,468,982,996,136,516,616,118,430,447,445,24,1287,997,1161,385,1313,1202,459,145,140,1018,613,1175,424,463,649,509,253,152,968,1050,142,390,0,327,983,250,514,350,1000
499,74,1228,803,1209,190,304,846,834,1141,1156,863,317,841,104,1208,808,319,375,201,911,832,770,312,853,845,1225,1244,609,592,1262,86,1276,581,335,1239,214,324,373,847,1367,862,1221,73,799,816,944,839,844,860,874
726,862,972,522,570,523,853,312,60,310,650,581,324,583,1262,1277,68,376,1068,752,823,787,1210,1208,750,863,825,824,846,867,316,585,827,194,226,584,609,600,593,879,1238,205,1258,714,845,842,504,885,1263,847,1243
427,802,749,1248,1249,852,1239,878,1211,1236,823,60,775,1247,1263,325,803,860,1222,313,1180,862,59,780,1067,1245,853,1246,1058,1208,319,633,72,347,66,1144,305,861,796,1259,314,1154,1141,1146,61,1136,1186,1258,86,1113,1231
359,687,261,140,20,24,252,447,518,1204,28,1321,35,385,613,1046,459,628,141,448,380,16,1327,1052,896,403,449,30,118,975,1292,143,1318,1313,270,997,532,700,1005,440,1027,684,417,691,1324,810,397,1041,965,976,616
646,213,966,862,215,952,1256,856,1272,1260,1262,933,874,1247,1228,1257,853,1156,842,1360,1276,765,802,864,1263,1255,826,71,1238,1331,958,1244,886,205,373,1259,70,945,341,335,936,877,570,1264,332,371,601,375,104,911,1246
1040,270,1052,406,108,427,440,1300,385,140,706,1204,977,532,616,429,348,1175,1194,16,25,703,76,153,141,1314,252,28,620,271,443,143,17,425,447,680,975,700,1026,996,657,507,426,982,636,614,350,784,1018,1050,1324
568,1058,198,141,871,1248,60,502,1255,412,769,351,1037,144,852,1263,283,1261,872,1044,325,1181,864,436,1186,948,1260,555,116,66,525,802,823,773,1372,453,164,471,458,56,571,1222,331,68,778,270,868,867,124,1211,861
89,425,1310,152,1287,687,1204,968,445,469,463,381,700,91,118,518,34,28,12,24,996,1328,616,459,261,1286,415,427,141,1019,125,1085,440,624,617,400,258,706,1018,983,999,655,1042,411,532,391,1351,390,784,378,384
809,425,463,141,613,636,1038,614,390,434,683,697,389,276,611,145,445,230,142,41,1318,468,1052,509,17,274,694,255,167,380,350,385,687,266,6,261,20,1342,805,706,996,2,1162,624,252,655,406,620,23,617,752
805,440,687,141,143,425,258,1052,403,976,518,397,87,703,253,968,706,613,28,691,442,1321,636,628,516,1005,385,270,1292,378,973,395,400,447,1067,1328,680,398,616,468,1089,982,430,919,994,149,648,544,507,24,252
138,442,1041,403,977,1026,1313,1327,700,406,138,447,430,17,440,438,426,1293,965,613,975,1204,350,30,28,1045,1315,119,116,395,468,1052,680,20,1286,616,32,380,24,614,1318,399,427,703,1300,691,77,655,590,1292,1314
473,1246,1249,862,1143,846,543,824,749,504,801,853,751,67,1039,1154,1058,860,205,832,1237,753,565,1247,1263,1241,852,201,827,61,1372,806,775,1206,633,133,803,1104,487,1258,96,1155,204,864,757,993,817,1115,758,1066,103
1059,662,1100,821,566,294,209,987,1261,1360,861,1290,1163,950,849,795,1309,1077,1232,72,183,1108,1353,596,937,811,1140,1143,62,582,520,1156,46,856,1137,1270,215,316,328,823,282,96,891,68,317,287,1371,66,175,1231,361
950,403,997,687,977,516,32,1322,463,1204,982,261,28,968,472,136,11,379,125,425,394,253,994,454,17,220,613,1014,703,24,1018,706,435,628,383,507,427,438,445,387,378,397,180,240,430,1314,412,417,1292,141,380
1018,438,126,149,429,366,1099,148,102,564,15,1197,1051,243,381,465,327,722,1316,383,1022,980,25,329,1226,447,320,815,292,491,392,797,526,214,65,1108,143,91,454,415,296,480,598,1225,725,402,968,92,93,567,1044
662,1339,900,360,546,1250,759,474,695,1338,881,42,963,53,707,1350,1253,217,1042,123,957,932,822,955,222,831,1203,537,333,1375,182,185,904,404,731,1040,961,1001,1078,363,232,1199,548,889,1257,1109,1282,1224,1117,1006,1301
175,864,1360,966,305,860,1270,211,583,826,1141,585,331,1222,366,302,828,1131,825,871,1248,878,969,294,659,964,783,1219,775,609,1152,1159,202,577,823,1238,1266,304,210,541,1271,554,1225,861,213,319,824,200,650,952,852
314,1052,459,616,125,24,140,430,350,1041,412,706,700,687,258,977,387,253,1327,1321,628,1286,17,438,1038,1324,997,32,440,141,1322,532,1204,442,613,447,1049,381,1018,636,468,35,385,1293,397,680,16,142,1313,982,93
696,1296,649,357,448,9,624,143,480,1173,381,133,1161,619,1172,453,274,126,716,372,118,266,1099,401,1102,725,1304,522,1067,779,999,704,536,1045,558,412,1297,583,170,1082,159,560,433,487,138,557,1314,1031,1294,1094,364
371,794,820,371,197,185,598,508,224,961,572,529,356,42,183,830,837,547,358,189,926,574,867,162,481,872,921,1361,953,1229,1151,111,1123,911,382,1312,625,947,205,523,562,336,753,1208,1170,1110,933,910,639,321,486
858,387,1321,1052,784,445,997,800,430,253,1041,1026,406,125,687,1327,1199,427,1005,1328,0,449,680,1000,994,459,454,77,1324,29,468,1042,720,250,634,1286,516,613,977,683,145,616,350,533,932,822,261,1040,390,1038,1070
1138,1295,533,779,451,1005,412,241,1168,429,445,245,464,268,263,969,152,985,1322,473,17,35,784,418,469,491,390,136,518,93,1031,387,28,389,1019,463,134,590,153,568,982,459,465,1018,678,138,1314,426,145,166,613
908,620,697,411,784,516,965,1003,41,108,442,440,1048,257,1067,919,1047,1044,21,138,1174,452,385,25,239,234,655,1026,628,1322,416,518,250,20,32,437,641,1038,468,614,271,18,703,762,1041,1311,1315,1075,544,424,1175
962,153,1076,12,1038,630,182,463,987,932,146,785,1072,349,1195,533,996,1363,1166,1025,800,556,734,134,150,664,224,683,1287,889,897,474,255,716,141,149,590,1112,508,125,1150,715,850,1328,25,424,1308,1050,444,392,1303
468,852,585,835,228,1270,1211,862,87,400,864,823,633,1177,198,1191,1366,479,457,644,749,324,1119,1263,200,196,584,1242,1136,1022,817,532,14,1113,863,1169,522,1044,490,861,295,487,730,878,775,313,1210,576,1254,67,1094
375,762,1300,453,1333,435,636,818,1101,133,1161,862,577,915,329,1031,391,528,1051,1173,1067,451,780,416,581,1191,1096,714,912,410,775,91,535,1053,583,663,592,1174,96,118,1120,401,522,1056,1007,1304,732,633,529,1208,680
20,425,687,973,1324,996,28,397,509,968,258,145,982,25,447,255,1292,250,1286,403,261,1026,429,1041,350,430,649,1005,531,617,116,91,93,564,32,1310,400,977,9,391,1318,394,24,417,1300,1173,516,1052,381,1322,411
663,1365,1272,605,887,1273,607,1369,1276,883,105,213,539,1178,308,1277,370,924,961,1225,242,88,1282,171,914,949,500,816,792,995,312,54,945,338,890,594,754,371,191,591,875,596,1367,603,946,1177,334,1257,879,407,962
1224,1052,459,700,426,616,385,1321,380,252,397,412,997,28,977,142,24,687,350,720,140,1041,1202,1322,261,274,1327,449,463,430,1049,706,35,445,1029,1313,613,125,253,982,427,440,138,1018,655,693,779,16,617,17,509
40,276,296,410,603,1171,1176,166,489,585,650,698,862,569,823,1059,620,769,571,1265,826,133,66,775,780,1190,757,1162,1014,102,662,1341,972,980,74,565,127,1248,593,1108,728,1177,453,1140,1246,92,863,861,87,480,1005
763,800,28,77,1046,430,976,687,1327,1019,445,1042,509,454,1023,545,980,142,425,1321,253,1161,784,673,507,260,628,465,1328,683,165,1292,16,977,997,268,24,141,896,768,1031,1094,706,973,117,267,590,662,701,298,417
195,697,259,1067,1025,1270,1056,620,1343,1020,1330,1035,1166,945,57,1013,837,1295,245,1058,646,1023,946,544,310,663,724,835,236,1194,293,962,980,682,1222,1145,1146,29,947,1116,321,443,615,365,741,1274,749,802,1187,260,1371
1081,1209,756,1058,206,1207,1263,1247,924,596,1259,861,317,316,1187,1262,874,205,795,121,1246,847,842,1245,190,582,54,869,856,339,623,70,215,766,213,591,760,1264,1133,820,837,1359,423,373,841,207,343,1128,826,949,803
762,24,691,1204,542,1052,533,1042,145,687,442,38,385,463,230,438,274,700,1091,425,261,465,590,447,43,507,28,395,220,1090,1149,1041,255,703,130,1202,1089,1294,683,977,125,258,470,624,268,286,380,417,975,4,1124
144,514,383,805,389,261,815,1051,118,364,390,620,270,1318,21,1294,980,20,742,1316,148,438,440,968,381,470,395,392,126,234,393,327,1176,929,1031,111,561,1089,405,985,119,518,804,435,983,87,1023,1312,975,507,422
1326,524,1226,846,491,416,775,92,503,859,1304,504,1225,329,766,1354,603,842,103,65,624,639,609,714,1056,550,248,1045,493,604,790,834,1312,1111,286,818,127,292,930,806,878,197,505,1228,133,774,593,194,411,102,357
1321,1068,911,205,581,304,577,358,803,1102,927,1367,579,566,930,595,1152,1261,555,1258,547,503,887,1290,604,144,575,825,529,1244,745,553,753,201,506,371,1111,189,295,1177,827,343,611,1125,50,565,317,837,197,23,496
221,385,350,800,459,706,977,1320,1041,1322,440,613,687,1038,412,253,145,965,616,729,28,1313,468,1052,140,614,445,649,449,680,1321,397,424,628,20,976,138,125,427,703,1026,720,426,230,779,142,1327,454,143,742,270
859,442,687,125,1026,385,1286,1038,149,253,1327,976,1322,1293,628,968,426,617,403,438,136,1202,119,28,140,82,472,1319,613,616,25,1161,447,1313,261,1321,143,1320,468,394,268,409,141,1070,427,590,116,220,1041,1194,425
585,1277,1259,856,862,823,741,1246,1238,1180,826,860,1262,1245,1263,846,1371,316,317,771,827,875,1158,319,366,871,65,859,208,66,765,1228,607,205,887,1265,816,1056,335,828,924,67,761,86,874,885,841,803,1258,1264,1243
1141,996,136,126,975,417,315,1304,655,273,118,687,599,270,533,1168,1171,425,805,378,1032,1320,804,532,661,1295,714,971,544,148,227,390,982,628,90,679,400,9,528,254,405,1173,4,1075,391,516,1026,437,389,219,649
113,71,921,828,816,925,834,547,670,205,337,214,786,12,585,196,102,62,193,923,541,920,778,972,1208,1044,157,821,22,1232,981,68,60,841,202,216,986,978,74,846,856,395,556,534,575,112,1059,21,428,366,116
816,852,1246,823,1113,802,1270,827,1236,769,1238,819,571,1177,1263,60,565,842,1271,585,846,1211,1247,1022,577,803,1058,857,1056,325,861,1372,1258,1063,1155,317,553,1249,780,238,324,860,633,775,302,1208,1239,836,835,595,601
847,425,703,463,145,687,704,138,270,417,180,20,140,1292,977,996,1327,412,1204,253,141,35,616,1321,1089,994,1313,427,406,1052,1018,680,429,1328,464,720,459,143,17,590,24,518,403,350,470,649,613,447,1090,385,1322
61,986,805,655,714,268,411,510,1048,416,393,507,250,389,559,1051,437,1059,1102,611,110,20,255,766,533,1031,553,624,32,971,1318,1176,1066,469,391,1068,1292,570,35,1344,28,81,1174,136,425,261,239,552,567,712,1312
695,286,298,422,329,491,278,985,35,41,1200,667,871,751,896,915,279,314,1293,435,545,478,248,1122,1151,1335,799,571,1344,1011,764,1268,570,1023,928,912,1092,1341,747,1325,828,973,505,525,795,1065,365,270,671,1362,748
233,709,115,142,404,965,355,454,679,729,822,145,125,895,449,1041,743,76,255,466,1061,1301,360,153,1148,1375,1004,185,222,149,445,1197,548,1203,683,508,1072,385,1006,982,1313,509,1338,1195,6,700,1320,1078,1298,5,1253
579,670,1225,603,294,1354,1096,823,845,1171,1265,838,74,585,534,102,329,14,575,1200,524,581,503,1367,319,506,1366,1336,604,411,1051,549,437,193,178,148,786,1300,214,85,457,609,908,826,391,94,1068,1353,812,906,974
295,1058,1022,862,389,705,423,565,308,544,870,824,473,1187,172,749,853,1297,524,646,553,1066,276,502,1141,1258,1176,789,678,1351,1031,826,543,790,852,536,801,841,290,103,1205,221,633,233,1359,203,891,1236,194,72,583
925,425,700,617,406,997,703,459,616,143,399,1201,430,701,1204,397,350,977,680,1052,1321,975,426,614,636,28,138,1027,1148,447,385,784,671,1202,252,978,1311,1029,687,1313,241,1023,706,35,140,253,1292,1139,1342,1049,146
48,1052,700,459,426,1321,385,380,412,252,1042,985,706,387,261,983,17,142,613,445,1322,220,686,1038,258,616,1204,977,2,1296,463,1041,1029,440,266,32,1293,28,982,93,731,1199,397,1292,16,1201,1161,140,350,752,1328
592,583,522,581,1352,567,491,203,433,803,775,986,860,758,87,1177,201,1341,570,592,391,489,1190,326,577,34,650,846,621,66,863,1238,551,1022,488,859,585,44,915,325,671,550,620,555,95,469,1186,1226,854,1263,410
139,687,700,28,385,977,1052,1027,472,975,613,1004,254,533,518,381,20,93,35,929,136,706,261,17,389,649,514,1315,350,544,445,403,616,636,468,1051,398,1204,982,1321,412,364,996,327,804,149,396,1294,438,83,148
598,514,1303,304,1168,1074,1197,1289,1175,407,364,1068,1177,1204,302,15,1242,617,528,390,801,1138,256,40,379,980,211,1192,191,204,559,564,511,1360,401,117,739,839,1086,859,734,908,968,434,276,1058,913,411,1311,402,1297
540,871,860,62,1,522,854,480,824,823,1268,705,79,569,1274,758,1247,67,211,296,594,1151,757,319,911,790,529,852,1010,530,861,175,1114,797,1354,1113,1263,1163,551,1238,891,1246,592,1014,1140,819,836,1093,769,1002,1259
893,705,1162,823,544,780,324,862,453,998,824,292,133,563,18,986,507,698,741,1116,197,46,401,642,357,1058,621,826,1270,1242,326,606,818,1093,1084,1258,790,332,987,1152,202,834,433,1053,420,793,310,802,672,302,1051
210,592,60,66,1263,826,853,852,524,70,1262,823,61,609,583,321,307,74,1265,775,966,596,1113,328,569,536,741,780,103,331,368,859,1248,911,1115,927,849,214,1272,178,1223,341,63,201,1270,777,571,371,948,1277,551
732,536,60,1153,1239,201,1179,1177,867,592,650,593,1247,585,1191,863,1238,790,328,824,389,553,823,1243,775,205,522,415,846,1022,304,857,986,1141,972,862,326,1190,341,1259,845,176,1208,637,852,834,194,203,223,780,1210
134,440,518,628,784,1067,136,429,636,417,459,535,258,380,703,412,454,1286,516,1168,965,400,997,152,445,442,403,437,447,253,507,1047,1292,1026,378,977,24,648,532,250,617,918,270,1023,159,17,1038,255,260,1204,394
954,1287,617,425,9,687,1342,507,126,1202,634,136,389,403,1168,387,406,704,252,164,636,438,459,145,159,1294,448,1052,166,129,590,1341,1204,784,203,700,1020,614,977,706,470,364,1291,703,728,180,24,427,36,518,1292
990,824,749,1211,1263,862,734,1045,1241,1044,1107,1209,1158,1340,227,1111,289,1177,1011,259,1150,349,1063,780,1039,802,787,262,151,821,325,1076,801,769,1166,1113,585,1308,1179,1372,852,321,223,1370,988,197,1147,827,561,460,1180
868,1327,1050,1286,149,965,380,687,459,616,397,716,385,426,628,470,428,425,28,1038,779,1076,1049,395,387,1072,406,514,1019,444,430,118,973,647,449,454,710,429,1300,99,1002,1316,1124,442,635,977,1294,691,1279,468,613
854,21,148,535,704,146,1292,427,24,557,998,421,391,624,437,22,433,440,92,383,1068,1202,1139,1328,378,680,117,862,390,1096,687,33,972,584,425,996,411,592,593,702,488,197,20,273,419,567,348,95,87,725,34
441,480,543,551,1297,433,416,409,133,1093,498,1022,1140,491,110,567,633,1134,144,757,705,357,738,777,18,111,401,435,791,669,853,780,469,698,1288,503,405,66,196,473,795,529,423,197,748,557,14,46,570,1060,103
411,149,1041,430,253,17,687,378,1195,447,1018,442,997,28,1328,464,590,429,703,468,1345,380,24,1321,706,143,463,1324,977,691,125,994,683,919,136,982,996,1046,397,459,145,142,417,516,990,617,1026,518,438,394,425
633,792,189,828,770,197,328,1208,580,577,862,604,592,65,803,718,875,853,621,825,329,1156,845,834,816,1235,1228,308,874,762,741,1022,335,341,1225,70,1236,86,950,823,855,835,575,582,818,321,967,808,61,598,596
1076,429,1050,441,1053,187,694,510,148,457,1290,143,18,392,364,1304,470,621,1051,975,557,25,1060,1173,433,1341,990,687,447,394,430,999,1316,401,110,1153,1312,95,409,1300,1325,34,783,921,1309,12,669,472,77,448,1197
979,17,1322,784,1041,1003,38,43,1321,125,41,32,1293,1050,675,145,427,720,350,1326,965,464,1194,149,703,1091,459,1314,116,119,997,729,779,691,37,526,411,1076,156,1038,29,1306,1175,1342,800,1292,706,253,1348,1313,725
406,657,533,722,1325,491,220,292,470,167,1082,463,106,706,108,568,315,984,145,1345,720,810,704,1171,43,1300,1287,675,1323,136,138,1348,421,1043,661,119,118,1296,686,305,747,1342,585,1134,1288,1060,102,469,1091,1289,267
392,1206,1152,1270,862,780,852,595,1056,1024,1205,1264,1146,329,1236,1239,819,823,864,60,724,835,205,1221,824,571,1344,860,750,798,248,62,650,1249,325,317,1263,1248,577,184,1219,1211,1039,423,802,1231,1259,302,1118,998,565
886,261,425,350,1324,411,149,449,683,32,445,815,535,532,118,454,666,980,20,77,983,6,800,1103,688,448,538,628,970,1304,405,687,1003,1109,28,627,1067,315,1326,1120,1306,989,691,1148,516,258,974,15,17,679,1061
293,425,994,220,687,406,1025,720,17,693,30,1042,28,1048,459,997,977,1004,430,463,442,77,688,1041,424,1052,628,984,385,252,800,31,394,1344,1175,1202,397,655,268,1038,1204,1293,590,248,1313,703,38,1287,1107,351,24
713,1113,641,829,990,67,39,302,998,768,401,4,988,1102,1162,827,1135,717,620,111,1155,422,1324,276,489,1057,771,783,1123,290,1152,940,869,365,761,1151,1222,1211,274,763,758,1177,244,1047,1188,434,1173,565,243,400,1306
331,391,435,703,292,133,465,1173,698,561,469,378,65,518,751,544,1289,775,691,504,553,9,1305,487,543,1351,170,1031,1174,1064,159,752,136,477,1092,103,870,1056,678,149,438,389,239,420,1067,558,91,1140,271,824,1355
1197,449,406,1322,1003,252,1041,1038,261,613,445,1052,141,425,17,140,426,24,616,532,258,35,691,125,706,454,1293,253,38,1042,397,901,731,380,385,720,533,1313,1182,897,41,399,1199,1049,93,800,1320,16,287,1327,28
639,845,60,556,1258,823,780,852,861,827,1235,71,1177,1245,1263,826,595,1239,1260,553,205,860,1237,555,1056,583,332,1058,581,1096,566,1246,1259,864,887,61,857,1249,777,862,319,317,1266,846,423,1039,1186,592,1143,593,853
793,861,826,104,863,846,862,1208,70,859,806,1262,1247,823,1259,201,803,1238,504,105,304,68,319,802,585,867,194,1235,841,331,66,842,852,887,854,332,593,1256,856,834,801,581,609,302,836,818,1244,595,1211,312,1271
402,823,581,584,553,1258,1247,331,66,570,775,423,1058,1271,1273,233,1238,863,565,1246,604,1276,803,312,1236,1249,853,780,1259,593,870,816,852,67,846,1190,802,577,790,864,62,856,877,825,197,569,583,329,826,1264,1180
1027,1270,1271,1155,592,741,248,854,325,876,1141,1254,878,827,238,871,862,1058,603,282,319,569,67,780,1259,1180,852,177,864,311,331,1143,236,1179,583,803,749,66,861,494,1222,1223,1354,1264,1252,802,740,887,856,890,577
964,1316,25,514,1174,4,429,689,38,12,1014,327,146,87,95,981,657,1171,1304,987,1051,1328,716,451,864,153,453,1063,33,433,1300,585,468,1161,383,93,158,1219,1204,276,722,437,1176,90,469,149,974,219,800,1145,590
860,425,1052,430,427,706,28,380,153,616,253,387,613,0,1327,1321,77,143,274,442,440,1049,1351,356,1293,1320,1045,700,412,983,426,395,545,142,1313,449,1013,850,125,1328,1001,463,1023,254,704,444,636,385,687,134,560
312,616,1321,387,977,613,703,35,445,140,350,982,463,412,397,24,997,1029,16,253,691,93,687,427,385,17,706,426,1204,655,978,442,430,380,985,149,1038,77,1327,968,142,403,1328,1020,454,1049,141,628,1324,440,686
270,459,427,616,28,1321,442,426,1020,1293,220,24,119,975,149,657,315,261,385,417,140,977,87,706,93,403,252,125,449,1004,458,16,1286,1314,1026,982,1324,258,118,250,454,470,387,1038,784,691,532,411,245,1202,779
223,385,350,977,613,24,403,996,140,1041,442,447,1027,138,145,449,1026,509,1293,649,655,270,116,463,417,976,590,9,1322,32,616,34,119,125,507,118,982,16,1202,389,412,919,1038,1300,973,429,117,516,706,390,532
292,18,133,706,585,1312,704,691,391,698,136,132,1202,435,159,459,487,1292,21,438,636,783,1089,624,164,570,429,383,427,87,732,785,1022,1296,738,465,1304,440,400,67,507,1012,141,469,1310,146,139,1041,1336,1097,862
430,433,268,390,1294,1051,1327,785,391,148,687,394,315,118,469,327,429,46,624,4,514,666,110,145,669,463,1287,1007,420,618,971,152,996,389,111,1300,991,381,1295,804,998,567,464,507,621,411,149,981,1171,535,263
337,425,977,616,406,28,459,445,613,385,700,403,261,518,997,258,442,440,447,426,1045,350,617,614,35,628,1005,973,1026,703,514,0,395,2,1013,968,9,983,680,87,965,143,16,509,1161,430,982,381,544,270,383
55,425,427,687,350,459,24,141,977,1052,258,16,406,454,700,1321,412,125,119,149,385,438,447,20,613,417,32,590,270,387,703,1286,437,430,680,997,442,1318,468,968,252,378,138,253,397,118,1041,1038,250,394,17
474,469,435,1304,1316,327,463,136,391,43,785,1312,624,1315,1173,1341,533,1008,118,159,401,158,41,703,991,152,1292,270,274,470,996,617,1328,487,544,438,1022,329,1202,1032,145,971,669,1152,292,752,1286,111,31,389,1342
418,583,862,887,66,827,650,600,1240,823,604,197,570,834,211,766,790,609,879,846,853,1056,1143,775,60,1270,376,1210,585,811,748,795,1248,1243,825,1058,1022,765,824,328,741,840,1258,592,952,1238,863,104,1265,582,596
164,1041,28,429,617,997,1292,1322,258,1324,0,430,1052,459,977,77,1321,390,703,516,1327,1018,412,261,454,982,683,397,613,440,687,518,968,16,973,1289,1286,983,380,514,136,1019,385,1195,985,383,387,1005,406,996,1046
355,826,823,846,581,864,827,201,1238,1259,565,194,328,1208,863,570,780,1265,859,593,312,1270,302,604,852,832,329,774,853,871,1243,577,583,887,63,860,1228,214,304,319,320,551,603,1271,584,799,754,819,825,854,601
1308,1250,1338,623,746,88,844,336,253,1109,82,720,1049,123,616,1046,622,1327,205,819,1042,1038,1064,1160,716,759,199,727,1184,939,1322,664,149,232,1045,1340,976,1203,880,1279,373,169,177,395,1328,665,817,1133,659,697,1119
366,1351,320,842,1187,201,981,328,654,624,986,159,1243,853,700,118,1038,522,1214,35,593,512,619,570,774,1304,1068,96,436,1095,150,834,435,1333,648,951,565,1332,1096,1177,146,826,409,284,657,790,713,1272,176,80,463
37,923,910,920,1053,433,567,165,795,557,435,66,581,1316,319,624,558,148,915,572,302,911,559,251,780,1208,846,221,46,505,592,473,586,178,496,197,1068,549,1138,779,834,841,304,104,595,1213,553,761,1197,127,577
449,585,1341,1127,274,126,1140,543,824,401,259,505,489,1134,653,750,389,551,111,675,1111,1145,514,276,172,1228,272,524,565,279,571,506,372,1153,1230,290,929,503,597,862,1364,1135,795,320,1316,1108,356,1241,477,1083,347
642,1266,741,1222,1248,1371,86,827,862,66,1236,859,826,824,571,761,832,819,1241,780,1022,1246,887,1058,205,846,1039,966,864,1056,316,1221,769,282,853,1142,211,765,940,1024,1180,775,168,770,803,857,829,1183,1179,59,1255
1181,862,319,1277,875,867,570,799,860,878,836,210,863,828,1265,1271,964,887,762,846,1142,62,555,595,824,1177,1270,329,872,1266,775,1115,1238,1370,569,1245,1146,609,827,592,1208,591,1223,68,104,864,317,67,1237,787,105
1041,544,390,698,518,531,400,1014,464,429,1204,383,389,669,968,1291,1171,148,381,785,824,256,391,621,386,394,1007,514,678,1008,416,617,1292,419,897,687,1190,1286,401,982,268,432,447,453,1296,403,804,380,2,126,1022
550,864,469,491,159,35,526,518,624,435,391,411,785,1316,148,487,576,564,410,585,968,1190,126,327,139,1044,1093,535,132,544,34,567,472,1153,987,1354,757,971,649,1303,1239,425,379,725,294,793,239,464,276,1022,91
204,687,980,1321,381,430,28,997,1161,24,518,16,149,996,976,20,412,1045,1202,385,143,1204,34,406,397,616,426,1313,118,1194,438,983,977,514,1051,261,243,389,1304,507,1294,510,779,679,617,624,0,91,126,327,1311
1218,381,1051,1161,687,390,34,470,518,415,613,1328,453,146,1304,411,425,364,544,558,1318,433,91,469,1310,636,465,141,624,0,87,489,1291,617,535,149,25,435,516,509,1316,401,1176,1311,680,1031,1019,263,1168,400,327
768,1204,687,447,440,9,996,1327,385,258,613,509,459,982,403,24,977,1026,34,445,1311,397,1321,116,143,518,973,976,411,0,1045,256,117,390,1052,136,1324,1005,1289,1310,28,680,442,1042,381,1202,270,1318,472,412,261
305,252,687,394,459,350,1052,779,30,518,406,973,380,430,1042,77,977,118,514,426,125,691,1038,616,425,1327,381,669,1051,258,429,442,706,476,694,427,613,1294,395,507,294,968,697,412,1292,28,657,1013,35,910,800
519,1161,671,1337,480,653,1012,1176,103,944,1332,327,180,1168,166,878,443,1270,729,405,623,368,1266,1113,1254,1342,1091,1230,929,644,274,100,785,1158,45,1226,457,1086,1172,656,453,427,1105,817,981,278,1136,44,425,87,1074
1158,60,1141,205,570,181,523,780,816,856,505,178,823,583,828,777,71,778,319,846,65,201,61,1266,289,592,863,585,522,825,631,603,1230,1239,966,1234,326,341,1245,593,864,1349,264,103,487,1208,600,172,1360,824,68
1211,518,1062,18,126,136,429,1194,1051,1014,544,469,1292,673,261,801,507,815,1176,389,672,1173,1297,986,327,661,472,148,617,146,698,1162,1304,144,391,159,1063,124,624,24,411,679,1295,110,1031,1286,95,558,1310,417,453
692,923,912,586,583,205,57,549,1067,433,871,1270,780,1312,741,572,543,66,585,925,856,810,823,1245,22,1219,1247,864,165,650,365,21,238,828,12,1120,861,319,790,619,1100,595,321,837,522,836,1217,49,523,778,1174
129,425,617,403,1204,996,1321,28,161,252,1026,982,1045,649,465,1289,614,384,703,268,514,91,1314,429,1311,87,17,977,0,447,691,167,616,153,463,1020,528,613,472,385,1050,401,1175,1007,1304,624,997,999,136,1195,1303
196,447,977,425,119,403,385,378,468,1204,1202,315,532,590,463,976,1026,270,117,142,427,514,720,143,258,268,87,996,680,1018,518,613,1050,974,516,406,1292,426,126,93,1321,141,136,17,999,1327,706,1041,975,784,380
