user_id,item_1,item_2,item_3,item_4,item_5,item_6,item_7,item_8,item_9,item_10,item_11,item_12,item_13,item_14,item_15,item_16,item_17,item_18,item_19,item_20,item_21,item_22,item_23,item_24,item_25,item_26,item_27,item_28,item_29,item_30,item_31,item_32,item_33,item_34,item_35,item_36,item_37,item_38,item_39,item_40,item_41,item_42,item_43,item_44,item_45,item_46,item_47,item_48,item_49,item_50
929,4,687,167,468,732,1327,138,516,1140,1322,20,697,994,716,1171,47,1041,700,417,1165,41,452,1335,25,90,136,459,674,100,1173,1038,43,779,1321,677,1153,974,738,714,1042,119,713,164,1187,720,1312,264,1148,158,533
127,1067,167,654,425,543,348,1318,1294,315,463,4,30,1312,1056,981,982,1310,646,1050,697,1161,657,986,662,1168,975,87,954,666,403,1316,220,44,1315,1096,550,20,21,158,678,1296,126,1295,405,119,152,1038,440,127,1075
847,425,140,472,24,996,34,406,679,87,1316,433,1174,997,687,394,93,815,666,975,16,409,25,381,691,385,720,260,1168,982,453,28,449,395,628,1082,994,463,1321,1294,1204,391,380,678,560,149,704,544,399,2,141
305,688,785,436,77,741,1293,1287,294,805,1042,1052,16,1314,18,252,417,684,1311,965,468,1330,9,617,542,1057,648,1186,891,403,1270,32,1034,119,385,703,786,529,448,475,1026,724,1359,1070,652,675,410,1018,1229,1047,692
1159,325,314,596,1218,799,1209,1244,1117,59,199,802,320,571,792,960,56,766,876,1361,1247,1222,1110,1353,1077,758,54,1248,1352,375,754,878,1142,275,1166,1151,849,495,585,373,304,508,847,190,1156,1039,312,767,1344,588,1241
863,459,703,426,706,141,636,252,977,270,687,655,440,25,1089,701,1000,28,1286,220,149,982,965,449,815,983,445,616,680,518,532,1324,679,136,468,1328,153,1004,1313,994,510,93,1175,974,691,145,1091,704,351,991,1026
835,261,93,425,1049,965,417,994,406,28,16,24,706,1321,1171,1194,250,1085,245,641,1067,590,507,613,1018,390,1310,977,416,429,1320,459,971,385,1032,1293,381,1308,468,984,649,239,704,687,153,634,25,982,442,1000,518
258,329,775,1141,577,592,1236,1271,1208,319,1277,68,498,650,201,60,326,504,834,609,67,836,1364,863,869,606,292,211,803,841,1372,289,1248,799,582,553,534,321,202,698,493,824,457,1022,1238,808,539,317,1243,600,862
877,387,1041,680,449,1327,430,412,445,380,616,454,93,518,463,687,1322,516,258,800,720,614,628,538,442,447,1204,253,732,28,149,459,973,425,1046,997,1049,426,1061,779,742,132,703,1175,41,1328,691,507,117,125,1052
1070,296,1168,1059,1067,999,839,307,854,522,15,623,227,239,969,1138,595,68,1230,1236,40,832,754,75,1210,1265,951,821,229,945,877,600,58,105,472,98,1014,493,332,714,54,767,1275,346,216,789,583,147,1256,744,1037
840,425,28,516,1052,655,687,445,1038,616,148,270,149,1204,350,465,1202,387,447,1091,1286,636,1041,35,1176,315,1320,17,136,700,800,264,977,1124,442,1313,1294,732,20,706,412,437,973,965,141,441,261,1322,252,463,426
1263,255,613,454,1050,634,531,34,1026,28,429,440,383,1316,1019,982,687,1294,25,1322,140,975,976,385,655,1185,667,257,1070,509,1041,409,636,1000,381,20,516,678,1204,445,984,1003,227,709,579,416,16,9,433,1067,674
1013,688,585,535,522,555,405,544,139,1067,1366,203,825,60,1115,292,584,144,619,62,1113,603,110,706,67,433,852,592,1008,493,103,562,1056,1044,71,482,378,299,239,553,345,341,169,1228,689,74,1100,420,460,1217,504
468,1191,310,862,425,524,46,641,864,317,1239,852,571,1068,276,292,1095,570,1246,1141,1247,795,203,1259,861,617,819,1175,1116,522,1146,60,826,1236,541,319,954,887,448,272,827,491,423,724,670,1238,553,314,103,1127,853
578,581,551,836,604,553,1277,504,547,862,930,197,196,1236,66,286,319,775,522,565,1271,1248,1238,834,574,846,571,1058,203,584,62,292,570,1177,1246,1243,766,849,577,592,1136,329,575,503,609,523,821,816,1022,583,1247
931,425,351,687,703,35,60,1294,636,985,570,862,919,403,1318,784,887,4,701,736,1311,2,1071,41,609,92,261,345,738,1139,583,455,1200,144,448,769,974,1315,138,219,691,971,1324,1191,514,248,167,706,143,427,614
396,1249,1258,319,329,1141,859,846,203,650,66,553,1239,1263,312,841,834,604,1246,862,853,819,1187,1247,852,871,1235,863,68,574,325,775,827,753,861,842,493,877,522,860,371,205,823,1259,802,491,104,868,1240,1236,780
283,440,445,406,93,16,9,32,425,613,616,968,532,143,117,141,25,996,417,119,433,1162,1310,390,457,4,138,30,381,409,643,20,628,1315,435,634,472,1019,383,385,87,1029,437,1173,453,973,981,688,118,455,34
1272,258,976,425,973,978,440,383,982,16,968,975,687,417,385,1052,984,897,1287,688,628,1070,447,142,662,980,1032,35,1300,590,805,6,428,1148,700,270,983,140,20,136,463,143,430,445,1320,1025,965,380,1176,971,315
1227,430,1292,350,1041,380,445,1321,141,516,1322,16,11,459,965,507,613,425,385,378,1005,24,532,28,687,518,447,393,117,93,1019,472,673,982,429,406,87,628,136,9,32,968,426,805,1300,274,394,732,614,1026,1286
425,557,852,861,577,1239,197,561,775,1120,870,1208,416,319,862,1263,1226,826,1173,846,1162,1246,1190,824,974,864,1340,205,853,425,429,553,1304,411,774,111,968,724,793,427,803,1152,1005,1022,1217,381,176,572,522,593,1067
870,143,1046,982,616,393,800,1310,1327,141,1042,1052,1123,117,119,1204,1299,93,385,130,977,1049,997,688,1008,396,965,17,994,1173,387,590,1311,431,406,447,990,350,32,153,657,1286,613,106,1129,1175,253,409,996,220,145
1087,119,1320,518,440,406,91,140,980,409,426,425,1194,0,999,390,117,141,1204,252,142,688,1052,613,149,445,327,364,411,35,25,30,34,628,510,996,532,381,805,666,403,430,410,417,17,18,641,255,1026,655,454
61,1204,30,687,32,1197,35,20,973,1041,1161,653,1286,270,472,380,350,703,463,417,258,985,980,425,1292,34,119,1327,649,968,1296,1026,0,140,655,729,136,514,348,1318,28,1330,725,983,919,975,385,261,465,16,383
447,145,350,387,430,680,463,655,426,495,703,294,697,1004,654,538,526,1340,725,1286,261,464,779,119,1324,994,4,713,137,1330,916,683,1172,1327,516,1342,427,634,1000,675,1234,17,266,712,33,1104,348,1134,1292,954,380
142,1204,649,510,1019,1292,438,1032,1173,18,687,667,1197,429,119,256,116,412,145,968,785,25,417,381,1161,16,24,516,1139,1168,507,531,779,411,400,628,440,613,644,1026,17,32,118,535,378,126,996,784,805,1316,472
881,425,1161,1202,20,1026,438,381,516,968,411,383,4,25,614,16,1052,976,980,514,378,219,385,140,1204,138,144,1145,270,1320,437,996,393,590,667,982,415,445,108,544,1287,986,510,669,1051,315,433,463,252,613,119
948,1327,459,149,380,1070,1175,1004,687,1286,1204,387,1313,1042,628,532,153,1038,93,397,1293,1324,1052,1026,385,394,454,507,449,1049,17,800,655,688,447,426,425,982,16,997,350,720,117,429,613,616,472,703,141,125,716
950,687,1204,270,463,459,454,425,918,1161,800,507,516,616,1014,628,17,680,472,28,1019,430,350,25,140,380,406,378,381,93,141,447,379,35,426,684,16,703,968,1286,261,253,1089,768,159,1327,11,1026,87,24,388
665,811,862,846,603,62,376,577,866,885,216,1367,203,847,575,60,1228,891,853,215,1271,871,1269,209,1265,1221,1209,1262,555,1373,1238,875,1263,1033,874,839,214,321,326,373,832,1232,926,740,1237,1142,857,1272,208,206,582
892,613,1204,136,649,628,417,1175,991,1018,507,590,378,464,712,703,510,9,1025,438,977,1300,138,1287,380,390,32,516,1145,684,532,152,687,1090,1286,1303,426,463,1003,119,514,16,1292,405,983,37,400,468,1019,779,1032
850,387,17,25,433,991,160,613,768,924,996,253,391,281,34,430,963,1070,1108,1322,1005,409,27,614,1168,360,140,183,954,657,385,394,1287,1062,153,980,1279,543,424,545,440,735,1061,564,7,255,1001,48,327,142,476
241,975,1320,1319,687,147,1300,996,968,270,503,1101,35,439,1034,678,1041,1085,994,703,674,118,151,119,667,402,993,805,452,1226,617,468,464,175,644,50,1099,455,1012,158,405,1171,1310,1194,657,437,1299,1293,400,1017,44
180,518,706,616,25,703,982,435,1026,973,628,270,315,507,141,87,394,93,427,532,393,378,16,448,614,1029,463,1046,544,613,30,381,403,1052,442,429,1286,996,9,981,252,617,439,35,1027,980,704,136,533,261,397
516,1238,827,854,823,66,1239,585,1263,766,863,1228,175,1235,875,791,319,802,864,1236,596,60,1248,1258,593,839,1259,609,1270,887,1265,849,604,1371,595,1056,62,581,104,775,571,1208,852,1277,577,332,312,780,836,67,584
1319,1144,1058,816,1113,770,1141,802,1131,1278,86,1110,749,744,193,1263,1276,190,761,1228,579,177,1125,1271,862,1129,502,312,1158,493,877,789,1196,1212,359,191,827,1132,596,1155,566,51,170,1166,553,494,1236,825,1338,962,1266
875,425,445,617,687,1204,35,459,28,119,448,954,468,1175,463,1026,1052,1293,77,974,784,255,381,636,703,1328,997,464,1318,153,470,87,447,364,975,729,30,351,1202,138,429,399,977,1057,350,1311,270,452,741,1061,510
1277,197,505,920,692,319,453,925,922,1051,815,1230,986,1316,320,327,498,620,146,771,704,908,329,4,912,1022,148,110,49,514,975,58,167,1312,411,663,1277,980,25,15,1056,803,133,108,730,487,1173,585,87,907,452
944,426,459,28,425,463,616,1322,679,350,141,977,430,784,454,445,464,680,654,270,994,17,1067,153,140,800,649,617,469,1048,614,1052,991,815,636,655,1286,136,1025,1328,421,234,447,1014,35,647,438,225,1026,1041,613
902,380,459,687,149,1052,982,1327,258,700,533,429,350,1026,1322,447,445,136,628,141,270,507,0,973,1019,510,465,430,17,11,1070,997,28,518,93,1300,1175,448,1038,1320,425,1328,703,427,261,16,125,435,1311,1292,706
723,11,17,327,433,672,1292,1155,1041,544,24,616,427,531,698,149,1005,1062,350,1323,117,1014,84,706,569,1162,472,1316,400,415,381,898,406,10,397,250,159,669,831,545,28,118,161,429,1075,936,1089,442,408,906,1099
398,1195,1335,1051,1047,30,1000,825,518,1340,973,1168,93,435,390,1171,416,440,245,403,617,432,538,38,1333,1295,1210,28,405,1139,220,1167,1319,1059,1067,1200,410,345,511,716,1104,1174,1212,476,1332,433,417,968,1305,261,364
1010,1316,1113,452,497,127,642,1141,233,916,1195,59,764,1173,879,1108,1326,236,567,1111,1008,1196,1032,766,657,314,172,1340,498,337,1249,663,523,1337,876,1228,1311,434,923,435,1335,1097,110,1152,653,1047,154,1151,152,595,1155
800,619,52,1070,953,1288,281,391,861,312,785,1269,883,1187,287,453,852,844,1210,1332,911,593,452,104,681,624,748,535,933,856,585,787,67,55,855,954,1226,282,457,4,827,1123,536,930,214,523,782,154,922,0,295
376,846,1265,859,871,1179,808,581,62,57,842,547,836,206,1100,847,283,74,322,585,1209,312,945,1347,768,866,863,208,1368,964,698,92,854,603,861,862,375,757,858,200,796,756,368,778,608,1127,1364,557,849,593,839
673,862,329,821,60,219,852,1022,292,1154,819,780,841,823,299,491,849,201,1242,1125,498,522,842,777,179,550,1135,569,870,68,1060,757,775,568,835,584,1263,319,324,1211,1206,487,1258,1236,583,860,585,1191,202,1238,816
756,385,425,1052,1293,628,968,28,1204,687,590,447,1292,703,445,965,17,1286,141,616,442,613,390,24,261,149,472,350,16,1287,617,35,465,0,441,117,18,364,403,459,417,973,397,1026,412,985,394,1324,700,406,1061
311,425,616,445,385,687,459,613,28,442,447,1322,977,1076,426,614,1328,261,145,1313,1050,768,252,965,397,628,800,1052,17,997,982,1038,1324,1327,1286,700,350,93,9,387,412,1003,973,140,518,680,1175,976,1057,717,779
64,775,66,1352,846,823,565,547,950,372,793,319,925,194,197,967,860,670,1153,1243,753,1156,863,1238,581,189,550,862,799,190,512,866,825,682,302,1200,503,650,786,911,338,491,208,1191,272,328,337,214,596,604,870
845,1293,16,759,687,731,359,432,965,814,1004,360,83,682,1311,1070,1163,1041,125,1204,710,84,622,963,1042,42,800,735,1296,195,397,1003,914,893,772,428,961,616,501,1185,1073,831,901,1040,506,982,4,1203,707,1253,613
951,261,440,455,669,148,268,264,703,20,415,16,351,439,140,252,459,270,1330,180,544,448,221,981,472,92,919,87,378,117,558,514,271,1286,1091,108,447,706,445,1043,1249,1031,406,861,729,227,1318,1202,655,438,2
1215,387,1292,532,16,463,1204,687,11,510,1300,430,406,385,1041,470,119,779,1026,472,258,141,77,997,99,628,919,516,973,1046,1175,252,1070,684,636,403,1322,136,468,1019,720,616,531,464,518,1052,1313,965,87,117,30
871,1327,17,1322,426,28,253,1041,655,1089,454,153,350,1328,1038,1320,616,657,703,687,1286,1004,261,270,1049,1085,445,1324,710,526,1204,800,1052,1124,140,258,0,256,784,35,142,1043,716,447,779,430,397,713,1026,675,679
529,170,1111,817,4,802,54,1196,1241,61,325,787,1261,197,830,1110,458,1097,948,1059,66,876,1236,60,1125,1135,747,606,1058,423,754,600,944,1113,312,104,803,1123,338,1140,790,290,960,879,1266,219,109,950,949,308,1234
86,92,1226,1022,910,524,1051,1315,704,197,148,127,564,583,126,985,95,391,18,1094,133,435,1316,15,491,624,1145,498,929,567,411,1318,472,544,154,1008,159,621,692,907,14,1115,661,557,239,327,1336,425,818,1053,694
776,50,426,1099,522,568,487,815,669,1031,544,1008,453,1051,558,405,993,511,769,1093,991,1172,491,1316,703,30,553,439,419,561,1176,175,698,1297,1012,159,506,805,1336,158,15,1153,498,292,425,219,644,661,36,438,469
386,538,717,419,1022,274,729,583,230,1131,220,276,818,697,671,1045,854,219,1154,38,44,287,329,264,825,522,524,701,506,712,1018,1200,1266,1226,653,620,703,751,201,1094,528,714,1191,1175,1114,272,296,841,445,550,353
78,687,1041,1327,1052,117,385,800,916,1312,350,1019,616,1032,1292,1188,108,351,425,391,393,516,412,720,1026,1042,1124,397,996,32,380,1089,1202,442,681,518,1287,1296,399,227,449,923,925,922,977,1061,447,165,1020,2,563
1233,385,117,406,617,518,445,1286,616,1026,28,261,703,447,472,1176,25,141,136,143,383,968,9,977,87,379,439,440,351,252,613,270,996,393,1057,426,510,36,417,403,1027,1311,973,1324,981,680,544,274,984,999,16
679,1039,878,864,236,67,843,741,1236,609,1095,1259,1248,1228,372,646,541,862,1152,1235,1238,303,299,1255,917,1265,211,1211,214,233,1155,1146,1140,290,1349,530,1318,571,1177,70,207,1245,597,966,854,952,498,1351,774,861,1102
1112,687,1204,125,965,445,973,397,28,516,1049,426,270,996,117,25,994,1004,1321,442,93,1026,30,977,16,417,1173,1052,1292,145,1072,35,980,1161,1020,1174,1327,454,1294,4,351,1046,138,252,991,20,697,378,1322,1197,142
194,687,442,28,445,385,1204,417,125,430,1070,1293,628,117,454,440,406,965,397,977,1052,968,350,613,1313,1321,1041,380,0,634,1005,691,1292,35,1019,1310,394,261,11,142,140,982,77,983,684,118,1199,1026,1042,996,975
563,820,367,283,612,942,663,1011,1141,1121,1156,171,472,1195,853,882,867,235,694,1237,1185,497,866,762,96,368,54,690,967,496,103,1088,777,121,523,1134,775,870,1337,317,1210,756,650,797,56,781,798,91,571,863,423
426,60,795,803,841,1131,714,761,193,1022,419,861,970,839,862,50,748,577,816,1096,197,538,1333,45,553,825,103,871,846,887,823,583,835,1228,609,278,1102,919,1084,827,1238,620,913,565,890,824,504,503,502,821,1212
1059,220,998,241,1036,646,1033,939,539,986,825,208,1016,1075,357,981,242,81,753,247,290,504,345,140,1123,445,287,1051,1067,698,1139,846,506,664,254,1360,331,79,139,669,588,24,1088,608,232,1341,581,227,802,1102,348
6,18,518,590,1049,510,649,687,77,381,425,965,700,350,805,387,93,87,412,385,379,968,1175,407,666,426,108,378,403,1328,16,973,1330,1173,1034,1037,234,454,258,11,613,616,9,441,516,472,364,691,463,427,538
1279,445,425,1204,28,703,412,350,20,258,426,978,815,1322,1041,266,149,982,973,17,616,429,30,518,544,1052,463,1004,252,397,1320,465,427,140,270,390,145,386,449,1292,395,93,264,271,253,141,509,387,35,1089,1175
1261,1176,252,149,28,687,425,655,158,17,393,1322,1089,430,999,32,977,9,125,703,1335,657,1051,153,1052,421,25,1327,397,1124,274,270,968,1161,1097,350,95,138,1043,87,613,166,126,1313,624,1050,680,732,417,779,649
79,1328,697,683,270,655,165,1286,117,916,20,351,268,153,526,145,533,1322,725,279,0,1124,703,1003,1018,35,1335,126,1076,380,687,923,142,738,654,399,624,350,800,815,1312,267,1060,124,1038,274,220,263,25,164,41
2,351,136,425,149,968,41,296,911,974,241,424,641,1319,704,779,980,464,1148,427,119,1095,516,159,1068,35,18,1191,364,345,1194,148,617,518,1014,61,1354,270,1315,653,1342,999,590,145,996,1326,1320,703,1052,918,532
755,24,628,1052,406,688,459,616,1049,397,1041,1004,982,997,1301,394,472,118,16,380,117,449,518,19,983,1042,35,412,153,1185,17,258,454,1006,533,691,977,441,232,28,707,141,679,1038,140,440,706,1204,426,435,994
743,581,844,1022,1058,554,1332,967,572,816,104,777,950,534,66,621,780,201,72,775,320,930,1243,852,991,860,335,583,748,853,907,536,1254,58,1228,875,1271,316,564,862,940,109,391,1157,580,179,1217,57,1276,62,67
1137,463,24,1042,220,997,655,1321,1185,734,1004,426,779,687,468,385,131,270,141,8,638,1195,1029,990,533,397,537,119,690,1092,1038,274,449,485,532,1313,315,1322,725,1301,706,145,613,362,1001,488,409,1046,977,1108,445
582,1177,835,827,576,522,1211,828,66,1265,864,1236,319,769,329,861,1259,1235,1242,577,1246,1359,1158,780,597,176,1270,826,1228,839,853,845,1217,469,1371,67,840,846,1152,1263,233,210,783,1056,775,12,1245,878,1221,860,203
466,429,700,1342,425,274,543,273,1173,703,257,985,261,1041,491,28,465,350,655,119,1091,470,784,620,138,712,172,720,516,266,145,954,136,751,1202,118,35,452,292,99,41,445,1171,649,725,1089,661,43,1332,1082,230
1117,261,977,385,1067,16,459,445,1052,447,616,468,628,532,28,440,687,636,442,590,77,20,219,9,965,703,1057,35,691,118,405,669,975,1026,252,649,1321,982,1038,448,454,1320,315,251,351,971,93,429,381,973,613
1009,821,1059,246,1290,1176,322,1062,641,506,1246,981,68,109,286,112,110,1228,993,553,969,631,870,326,1368,825,948,523,219,801,65,603,619,808,502,63,278,1135,254,147,960,972,1032,420,94,1241,1305,54,971,511,1205
955,1204,518,16,433,976,243,383,250,1007,87,704,416,1294,805,687,415,1168,1005,25,1014,1202,438,968,996,1287,425,390,1019,636,386,378,1194,411,1221,1161,1018,1174,1173,11,1162,20,264,451,240,403,998,1012,9,1037,315
458,1287,394,400,999,987,1299,440,684,750,141,1173,991,395,618,687,1171,393,649,667,417,409,1175,785,118,1012,660,1303,526,1017,1315,117,25,561,791,954,119,200,1038,345,451,420,688,392,1295,1046,510,804,254,255,648
812,736,936,937,162,830,949,208,816,820,843,1106,1142,958,1125,1246,776,1150,354,160,1137,932,1264,299,734,946,336,924,940,51,798,1158,181,1121,872,933,184,361,306,777,500,1368,757,917,934,802,911,300,861,775,206
1050,1186,749,988,802,827,1231,1058,1055,1113,1266,236,862,66,872,312,990,846,299,1196,1263,733,865,1212,1275,565,853,581,1143,764,1128,337,598,376,62,756,766,803,1025,1208,322,325,1179,1146,861,837,1039,593,596,341,500
795,425,148,954,92,1312,433,703,1259,319,403,315,14,641,445,986,1200,570,980,1174,557,410,1318,329,504,996,419,1153,524,1319,411,842,44,785,815,1242,151,441,52,103,440,826,532,0,1236,971,653,923,577,974,118
349,1168,1333,669,993,1169,761,561,766,1127,1143,620,503,1135,196,415,1067,92,405,981,136,495,489,1031,1297,65,446,1051,504,464,795,821,308,1034,268,1228,1319,422,528,1128,407,825,276,1144,613,126,1094,1171,325,1000,1161
883,766,364,785,1330,626,543,599,35,1176,980,671,509,197,506,464,383,1168,741,563,480,296,92,981,649,1340,639,971,460,211,133,703,558,391,748,132,3,1319,514,315,148,1287,406,305,1314,403,991,559,119,1296,1096
1036,1067,28,119,453,655,261,1355,654,1025,983,569,1306,664,636,641,263,1114,425,533,1320,468,253,266,1012,1161,286,1175,1099,965,634,1168,257,1008,241,405,997,323,700,1270,666,558,951,864,766,1047,149,559,1051,426,327
1323,1200,264,294,1290,852,1022,1230,619,120,1341,487,66,187,197,937,1270,800,927,862,823,495,524,1127,420,1137,749,1228,104,304,790,1177,570,543,1119,391,1157,592,1113,1058,1135,491,198,194,705,324,828,329,1092,482,916
619,823,1235,860,769,175,1238,578,1246,864,1232,754,1263,104,328,1242,66,1270,57,63,214,522,1372,284,584,1177,1265,887,891,970,1359,609,62,1371,577,329,827,556,835,852,866,555,1228,1058,1258,791,829,924,670,775,1277
954,149,464,1342,703,465,119,463,136,158,655,35,1171,145,1335,41,138,535,381,44,1316,427,429,784,350,33,110,1202,994,273,687,25,516,172,93,1322,1319,526,17,148,674,1067,507,153,1320,167,533,468,449,38,732
497,1058,1022,166,543,305,273,741,1120,261,758,585,571,498,729,816,561,1333,713,201,1335,1143,717,47,1059,864,825,819,526,356,289,1191,826,1340,320,1092,506,751,294,325,583,1211,310,485,1205,538,62,1129,1266,202,419
890,666,980,1191,4,258,983,28,971,20,994,1174,669,641,1312,977,445,703,416,400,219,424,700,261,687,327,1173,590,411,1171,804,118,234,683,92,516,704,381,667,1052,538,1204,1202,973,1175,453,1161,634,1057,447,383
1208,687,16,965,510,1026,1161,28,403,440,117,406,445,385,93,613,1041,430,507,516,666,532,1316,270,442,35,472,616,252,77,1330,968,785,1052,1204,9,141,617,509,1037,379,983,30,25,976,140,378,628,1292,706,1091
611,802,1270,585,1263,1113,60,1249,1259,66,1211,749,852,1155,1143,319,1241,862,67,62,286,566,1056,878,854,705,1228,313,1266,1238,577,290,312,59,1265,827,1208,835,778,308,875,504,988,236,493,203,581,836,1254,1177,853
455,862,319,66,866,553,577,551,581,836,871,1271,203,201,846,604,1243,62,609,575,853,823,60,802,1248,1208,1,765,705,766,864,61,547,1022,205,565,506,1273,289,849,1249,858,603,502,366,861,780,859,840,1341,751
420,917,850,952,1058,1266,1125,1130,1119,877,1113,179,1232,358,723,160,1346,343,376,75,733,281,1164,794,749,842,874,848,317,875,1196,342,1146,966,878,1273,88,205,844,1231,1142,361,1186,289,761,68,718,990,1035,230,855
387,1270,1247,826,1266,1154,802,1263,583,852,1254,1259,1,493,766,761,534,1169,1143,876,758,1246,877,504,1218,305,875,320,741,862,1236,1047,1269,1258,522,67,1093,780,854,1211,978,1208,816,63,364,60,294,482,524,835,553
199,430,687,425,406,32,397,141,703,442,459,385,518,1038,977,1292,1052,350,968,387,613,87,119,1321,394,117,628,617,544,93,261,270,1311,516,427,1089,393,1286,1049,700,1204,532,11,36,391,706,145,25,152,1176,417
171,570,862,583,864,584,577,67,319,592,504,1246,834,248,1259,790,1271,1270,66,1236,549,619,819,57,705,827,866,856,536,860,823,1056,1211,780,799,769,836,863,571,871,493,791,1242,1177,593,487,845,1158,1030,61,405
569,522,205,570,577,67,551,766,583,862,585,313,320,1247,878,860,1228,1239,597,1022,871,1191,341,312,331,818,804,836,159,405,574,769,329,1259,778,1242,854,861,852,823,62,592,1146,595,646,692,1140,1152,46,1056,966
1133,1321,468,459,1041,734,732,533,1092,406,655,141,1327,245,399,220,997,1048,136,779,1005,138,715,77,1131,1076,1316,93,476,275,1061,464,1023,478,100,1340,1174,1091,470,687,1065,509,47,716,507,1308,1342,233,433,380,1102
452,553,577,766,1236,585,1271,592,522,853,852,1246,790,834,66,1262,774,986,758,551,842,859,1146,1258,341,1260,319,60,201,68,104,863,875,609,332,74,202,606,845,604,1256,1248,803,64,1022,103,816,525,583,328,203
577,583,329,864,862,60,827,577,841,1259,1239,853,1236,826,585,1242,861,852,825,633,823,522,305,1158,328,202,766,553,774,201,1211,704,834,66,1093,846,769,1249,676,621,570,604,1190,1238,581,504,871,836,1044,1237,302
80,425,1174,1312,980,570,973,440,433,532,117,1204,87,453,704,383,381,518,315,614,634,514,1026,390,403,239,378,437,666,442,968,545,416,118,535,411,432,991,683,108,445,399,1029,133,1162,24,250,460,400,590,557
1111,425,406,1052,426,16,800,616,1029,17,1046,447,977,117,1004,142,25,700,720,158,445,385,1041,397,1003,143,32,394,1124,978,409,779,270,1286,680,706,703,1327,29,1148,997,315,1045,468,921,383,683,393,348,613,9
1294,816,316,50,751,827,1084,970,324,85,859,543,502,264,915,455,1344,585,866,189,1341,66,480,1086,846,170,565,1228,419,62,166,524,1136,503,487,746,862,99,1144,581,139,574,1058,803,733,63,549,1276,845,744,871
20,425,507,982,403,968,440,687,394,1292,532,1005,25,996,87,1008,429,405,393,93,32,666,1300,590,24,136,997,378,383,1050,815,987,34,994,617,703,381,117,400,1310,616,973,16,1168,463,509,516,119,389,1287,430
501,406,720,792,1328,1341,1092,2,675,841,800,687,717,779,1129,1157,17,1070,1195,20,454,487,558,825,1152,459,542,353,984,278,1204,1316,1038,268,1122,16,533,1023,1292,1261,414,26,327,1174,1113,1065,766,706,518,421,642
1197,1322,1041,538,463,1076,380,784,141,412,614,516,430,1061,1292,1313,230,315,616,1042,258,249,1026,1188,360,1338,426,265,1185,638,1199,1327,707,973,696,123,355,273,997,77,655,234,115,1335,680,732,708,10,537,627,1204
1101,703,454,28,628,1320,425,261,1204,687,138,978,406,417,507,35,977,447,1026,441,427,141,1327,426,1292,616,412,270,620,378,116,430,516,614,268,30,973,1313,1044,142,1202,706,968,544,975,784,691,965,465,397,136
1018,998,391,558,507,176,510,1311,576,383,531,305,1204,402,403,421,1067,1161,429,12,559,534,570,14,425,15,617,675,389,1081,898,390,1310,564,518,1099,649,149,92,1341,3,592,597,319,1168,1287,400,419,785,464,1058
1321,174,1110,1260,280,904,910,607,801,830,1128,754,502,369,751,1246,300,730,1277,1352,59,799,972,63,606,849,56,1117,1178,1365,498,337,952,970,191,787,376,1269,1308,204,1373,1220,481,603,282,60,685,862,1275,1264,182
1237,1063,687,703,425,406,270,35,1116,296,887,980,1226,662,426,704,706,252,729,544,322,468,1342,977,1330,464,518,310,1315,769,2,136,433,234,470,1007,46,968,1014,469,427,1044,441,951,1051,655,679,750,491,829,141
789,752,551,1205,966,138,1013,320,6,301,763,644,842,630,581,381,807,473,61,1236,866,1232,823,543,614,697,1242,201,153,421,1140,808,984,67,849,1173,20,444,1202,1014,801,1002,569,522,329,712,214,919,470,47,58
590,570,60,551,205,637,836,758,71,577,603,329,883,525,907,67,202,524,584,856,928,811,845,887,522,593,57,1247,179,1263,960,858,1270,569,1251,1146,799,201,844,574,1367,827,1235,1225,583,819,805,1249,321,841,1282
995,1263,841,1039,862,835,864,214,1249,592,524,1155,1254,1146,1359,1175,1228,860,482,1141,585,609,1236,1235,724,583,1259,577,1354,198,205,766,878,1270,1022,1131,824,551,1140,522,325,312,1262,1211,317,834,1166,1191,861,1238,828
133,616,385,442,350,425,687,16,518,77,32,1292,87,0,394,397,430,509,379,545,255,18,417,613,1026,977,1286,261,9,1318,666,449,20,673,4,634,17,383,516,590,93,381,126,507,454,118,149,965,1049,1042,258
1002,553,325,558,506,294,604,1228,1200,577,15,1120,585,810,1140,502,1271,487,1143,524,1238,415,197,498,1151,1094,1115,1268,50,1270,592,556,320,1,863,305,993,551,825,504,472,480,1053,1099,544,525,126,1058,871,1081,1056
1191,650,290,1248,493,312,771,1372,793,1241,1022,780,603,870,59,775,787,574,846,326,795,1261,366,863,827,1262,292,790,66,214,861,1108,596,879,806,1236,1152,663,194,1228,598,803,536,197,1151,804,859,1208,65,834,606
788,447,445,613,425,261,1067,680,463,590,965,1025,976,258,141,378,17,438,28,459,1049,270,919,617,266,616,703,417,634,897,253,1292,1322,1005,1052,977,1003,1195,994,1089,620,518,1070,1287,405,426,152,25,1300,982,516
1108,1152,1058,233,66,1183,1263,841,1359,1252,491,556,928,319,210,835,1141,176,843,864,862,201,581,1264,802,1112,988,329,1372,1166,534,918,202,1158,1259,527,524,1088,567,1140,650,1260,1270,966,1234,314,551,1211,877,574,871
190,862,522,827,1208,584,551,585,203,389,844,319,859,603,1246,698,536,1225,860,1141,577,1022,562,604,201,867,705,836,1112,1259,1249,559,1238,854,233,1084,676,491,555,65,834,609,861,1247,524,1266,637,771,328,329,1228
712,1058,585,319,494,825,867,1141,592,1243,487,698,860,775,210,197,1265,862,583,846,821,766,841,553,571,289,863,1217,1056,840,66,577,211,565,803,1236,852,290,176,283,1271,783,578,1372,68,1370,581,797,70,159,816
404,1204,141,518,459,507,1052,425,1292,703,1026,447,532,261,1328,464,138,380,28,153,136,968,1286,454,445,442,412,20,438,93,1322,465,1019,258,38,399,977,1320,1293,350,16,416,666,24,417,965,1161,149,25,706,673
99,425,1026,93,463,429,687,1204,440,1161,1287,1038,417,968,533,516,16,412,1032,138,700,254,977,975,4,441,118,507,315,649,381,971,1067,385,459,706,427,514,445,258,419,1320,779,28,442,24,518,1045,996,1037,11
664,585,810,1371,808,335,74,201,54,836,312,331,875,1144,181,1244,66,775,1266,238,853,522,785,574,846,375,86,514,818,1235,1191,1258,525,581,840,777,305,326,308,802,1240,547,834,1241,1222,845,816,555,773,311,866
1308,125,1204,9,622,982,398,800,118,886,1175,442,644,140,260,810,983,239,400,1049,431,1274,716,1322,1124,997,232,1036,1042,416,1118,754,16,279,153,134,1013,428,406,864,343,117,394,67,963,1351,380,1150,1116,1138,242
1000,128,588,284,579,362,1283,53,360,115,695,718,781,883,947,320,1361,374,1253,952,89,1229,850,160,1350,763,519,788,582,199,1182,716,182,756,1338,237,1244,177,735,640,337,894,48,967,931,185,917,297,1257,503,342
438,567,561,1200,197,1246,144,154,457,631,554,244,954,133,793,750,504,1181,70,921,1372,609,1050,806,975,801,563,522,562,633,583,726,319,846,1162,577,296,829,621,453,859,541,527,505,1277,1102,309,45,923,987,497
208,145,507,703,704,141,412,1292,427,425,43,464,468,159,687,158,167,4,463,136,243,516,1045,459,16,624,1008,510,327,25,33,433,17,1005,380,381,266,680,1090,544,447,448,543,429,1173,1286,41,805,538,784,996
1253,1292,381,672,613,472,510,691,391,400,327,785,389,557,18,1031,87,715,991,33,46,234,1012,1068,118,996,583,1162,378,564,21,238,954,392,569,406,951,416,556,401,405,698,558,254,1304,9,644,395,410,704,678
688,425,141,25,445,518,149,350,24,433,1204,616,447,378,691,397,507,1292,16,93,17,703,516,385,145,704,426,136,634,1320,417,1041,138,258,996,613,1327,116,440,0,143,406,532,430,977,442,1076,1194,688,815,968
887,425,406,1029,93,1042,397,1292,973,720,141,509,1026,1038,977,385,20,1000,613,706,28,1076,143,350,1321,984,25,430,518,447,252,1041,459,409,997,116,616,32,1057,1153,703,1045,1327,142,617,1020,426,16,270,1324,1124
348,729,159,149,1320,264,514,270,87,421,426,44,50,1012,703,350,36,400,119,1312,985,687,678,1293,489,1318,1342,1173,480,543,487,1297,352,815,157,1108,41,389,35,526,409,271,464,1306,1316,1145,393,415,620,712,425
1074,717,795,524,1140,1125,211,324,482,725,273,1094,1144,657,1200,1311,264,356,1107,286,468,1165,919,758,523,609,1048,1335,1039,503,366,1091,1127,198,818,151,561,1102,761,1130,1135,121,1022,102,1333,281,1023,803,479,169,1354
830,862,1022,203,1254,1228,819,828,1246,1146,201,818,860,1263,780,1113,536,854,59,816,841,331,878,766,1056,1360,864,817,823,577,1266,593,849,852,1247,571,1249,1239,584,811,1222,61,176,1238,705,877,1177,491,1276,853,1259
55,425,406,687,977,118,447,703,691,1204,518,463,24,35,381,385,1292,1052,350,459,666,968,149,258,973,25,87,472,441,138,383,507,454,533,30,590,1321,380,919,16,980,417,442,996,544,613,430,448,270,680,614
860,687,706,445,1321,982,93,1052,613,997,440,430,425,1204,616,394,397,518,252,16,532,426,140,395,1322,720,1003,1328,29,25,385,977,509,1124,2,417,119,628,41,716,1320,36,1286,697,965,390,688,954,976,393,34
603,1228,1258,861,846,842,596,845,575,582,836,1232,581,1113,321,1146,201,864,827,571,577,361,858,799,206,574,324,832,104,88,585,59,856,819,859,1217,493,376,1236,1135,874,63,1277,1125,1263,1127,371,525,373,67,867
299,425,459,518,965,442,261,440,544,430,666,1204,973,628,118,532,1041,429,87,77,516,1320,691,453,136,649,614,1026,417,350,977,253,1014,531,996,616,412,680,703,20,438,25,11,219,510,662,239,433,1202,463,140
1062,141,449,350,260,688,459,1041,680,241,463,1042,997,273,1038,994,380,900,442,252,77,445,901,249,387,1349,253,696,255,29,279,425,732,430,703,220,268,1061,248,339,1313,453,1200,982,910,1015,768,1082,261,245,717
660,577,836,862,205,583,475,604,292,487,562,858,826,201,581,522,436,811,823,371,1263,493,329,435,328,856,491,718,592,970,855,861,320,818,405,835,135,619,547,863,853,1013,514,1191,1134,632,860,523,319,281,391
435,1135,717,768,1144,761,1215,1038,268,1335,478,1111,45,733,744,516,1160,1003,526,696,177,1143,538,1140,770,1296,27,1205,890,1154,565,760,1127,62,1338,1097,954,1,48,930,100,625,816,1244,362,623,113,713,479,350,746
592,1246,864,491,555,1058,425,245,1263,852,1249,1245,251,984,383,968,862,553,66,570,203,1014,1120,644,1266,861,1259,802,1211,143,704,604,1247,835,329,641,460,275,1201,577,1238,438,1115,1226,706,1191,305,836,825,410,482
746,400,1293,1227,1368,346,850,507,590,1046,1092,24,1291,1049,976,706,472,548,1292,1059,1350,630,1309,217,397,488,821,204,1328,1279,734,813,122,626,989,1176,1009,853,281,13,390,1224,313,181,480,856,554,618,930,198,501
162,584,852,66,1022,419,1141,570,1341,853,85,1136,714,366,775,1153,862,604,846,172,577,698,836,777,603,671,834,502,988,1096,785,802,607,109,551,536,1238,1256,583,292,111,618,631,202,159,592,491,832,766,860,194
499,862,197,1243,584,1371,320,66,846,284,1156,1056,326,585,1276,1254,824,799,1022,581,1179,304,797,1264,1247,1240,924,583,359,1248,1271,875,189,204,847,1273,1228,175,834,609,853,1370,565,321,773,60,827,1236,593,549,59
264,687,141,125,447,445,258,270,350,116,706,117,1052,614,973,16,149,1313,703,4,1041,683,409,1294,1019,1292,140,11,426,768,425,268,126,518,1176,25,691,142,1004,480,17,143,35,628,385,1139,666,516,1049,427,617
775,1056,1162,60,1091,1005,852,531,662,854,1262,1067,316,1093,805,92,1141,1099,1249,202,127,1102,827,1084,1135,543,43,516,1270,415,1176,1211,778,312,210,676,1219,565,1096,669,544,438,1025,839,1236,9,464,644,417,419,1127
274,383,684,390,315,472,1032,220,532,590,398,628,16,441,750,409,387,380,800,618,451,432,1029,1204,385,544,403,986,1019,429,1033,416,507,417,234,137,260,646,295,681,381,11,1168,1008,533,689,991,254,279,1108,65
485,862,577,827,292,1146,609,328,1238,67,553,570,891,203,66,1141,852,1247,841,103,1277,541,592,1271,1056,1236,870,214,860,1083,522,775,1261,329,211,834,604,60,795,835,1263,853,650,460,1039,1113,1242,57,1177,1219,1084
292,438,785,425,329,148,815,1008,1330,862,1187,166,704,981,617,159,502,1340,1120,766,1176,279,378,835,683,712,1139,175,568,110,427,406,498,1202,1312,571,769,706,864,439,701,1013,469,1200,274,491,92,1228,679,464,1067
1275,149,17,1041,1316,0,1202,1061,91,1014,25,142,1019,464,351,984,516,674,164,143,518,429,2,779,425,1194,997,1161,255,1038,417,1342,1327,385,805,617,1204,35,397,119,980,136,138,1310,1085,680,350,700,90,401,662
753,16,518,93,141,977,445,258,968,143,973,1327,1052,447,1310,982,613,628,997,145,425,385,516,507,25,1005,397,348,417,655,805,35,509,454,983,9,383,614,430,32,463,138,533,994,1293,426,442,1313,1322,1026,636
783,581,1248,835,812,799,1143,1244,1360,816,823,1207,312,328,290,329,924,1141,1228,1110,818,828,577,61,1265,320,1074,1251,1200,808,766,331,911,659,770,571,908,1260,1259,486,867,1187,775,1238,868,317,1146,1225,872,861,565
395,455,1314,916,793,23,1171,921,65,762,46,780,1141,197,1108,506,1140,1008,705,572,824,650,233,774,775,908,561,33,863,1197,583,751,562,1228,669,1007,766,1352,1022,356,862,801,1153,238,1208,869,457,698,108,1014,1155
545,844,62,279,749,1228,1359,1236,214,581,478,1352,744,806,1048,841,623,303,525,821,67,561,1219,803,1205,1100,611,1152,572,713,832,269,891,1258,1142,907,329,930,1265,835,1155,376,847,816,102,1275,325,1270,1111,954,529
632,862,585,1228,823,860,341,827,855,522,581,846,603,852,858,202,305,328,718,818,329,836,826,67,70,570,577,1113,1366,1225,493,1242,633,863,780,878,1263,321,849,68,575,534,1251,1246,592,1243,571,631,299,1208,1180
65,1050,315,617,1173,532,1204,974,399,119,1321,655,980,1316,752,666,700,1067,687,405,452,41,1335,77,491,252,1287,996,1026,509,641,1091,9,1172,118,47,1045,1168,445,430,613,561,997,1300,17,779,1099,28,697,507,975
90,425,687,532,25,258,440,28,613,463,706,1026,1321,980,315,982,973,815,965,20,442,977,447,1292,378,1320,93,509,446,385,975,454,1050,380,616,350,472,32,1005,590,614,1020,411,364,996,1319,386,0,145,119,406
1180,1135,329,583,203,328,862,770,1248,1344,506,577,504,1259,758,827,1225,63,774,738,193,834,1207,47,1153,166,104,803,389,841,103,1238,1127,1349,190,172,1352,845,576,112,670,819,773,766,1022,473,1136,85,611,240,1110
432,985,252,261,99,294,1293,617,628,1204,387,126,712,1190,1333,1027,272,159,543,1335,480,400,1292,514,460,749,264,1311,700,620,91,1310,447,1312,1171,708,1005,28,144,1134,465,380,438,713,1342,350,1296,364,1089,968,1022
939,769,419,469,36,543,969,568,312,835,267,67,977,1270,1102,415,172,1105,862,57,278,292,1082,620,168,282,275,85,488,815,1096,1155,273,553,1228,583,1242,802,1176,595,359,1022,852,38,65,861,223,1045,594,58,1125
668,862,1243,1365,874,924,856,952,1269,877,581,875,839,775,1260,208,823,883,868,1158,778,186,891,853,1277,209,1238,740,1115,1265,347,1156,589,846,849,840,596,62,549,593,889,857,338,1356,539,1141,493,203,858,204,1275
873,459,1038,258,1327,1204,253,447,454,1026,17,614,1049,426,149,703,28,261,1322,784,145,25,153,1320,118,1061,442,429,412,35,768,387,655,1041,973,729,1328,687,270,279,800,743,616,463,143,657,516,977,449,732,435
363,478,993,1303,393,495,999,400,992,440,126,496,1173,649,1014,390,1344,110,1017,352,698,1114,392,564,50,46,954,112,648,417,551,394,1168,1155,15,389,753,345,1051,1197,553,437,293,94,1034,329,1296,294,1341,457,395
751,1271,1259,581,775,852,66,201,331,1371,1252,62,825,1180,1245,1022,862,203,835,871,854,841,1141,875,860,329,777,565,356,802,553,585,1366,877,611,238,196,791,1190,176,570,1264,335,1191,566,836,1258,574,714,826,1
885,411,18,464,403,256,9,381,455,1316,1012,1202,1022,136,974,36,401,1056,861,687,423,175,662,248,570,996,568,617,1172,176,415,805,341,1205,0,516,634,666,302,327,15,714,138,152,1161,646,92,127,41,108,1168
836,687,617,655,1173,1012,1204,628,25,516,1005,138,1052,996,136,145,691,613,688,752,394,433,447,965,968,16,919,1286,982,1029,453,464,426,696,680,1320,93,1139,1007,424,315,1017,252,704,800,400,1061,1294,143,150,538
446,1153,1173,148,393,166,464,119,1141,451,305,725,270,95,99,329,687,1140,33,139,1332,974,127,110,714,1017,729,1316,159,400,992,1008,412,438,194,1096,774,319,116,457,870,1239,87,172,1337,143,991,1067,694,1176,1242
581,857,486,776,68,787,842,1137,619,184,939,431,191,806,104,536,160,1158,872,1261,950,819,749,357,549,859,1365,803,600,852,1103,1263,1246,1146,832,1024,1236,826,1243,376,637,747,211,299,593,1242,1247,837,1372,204,485
276,1204,533,16,399,982,532,1321,406,613,507,385,387,977,628,93,440,800,965,417,1019,403,1161,1041,220,35,463,697,1293,1061,140,445,393,1314,459,426,1300,119,468,516,143,141,1286,805,454,1052,1327,2,720,390,315
419,406,140,688,230,24,983,703,1041,433,429,378,679,138,136,449,616,1321,427,1052,1227,149,243,1092,691,0,454,996,1320,732,412,440,978,1295,1118,142,430,931,544,445,426,292,417,1089,982,1194,632,93,532,394,704
1225,687,380,1204,977,984,440,897,141,973,24,447,1310,16,982,258,417,385,1327,93,691,805,634,1321,399,976,20,239,270,1041,684,425,507,1050,1032,143,516,243,145,2,518,1018,138,256,383,4,590,1299,1293,110,140
481,1228,1215,208,596,799,190,493,583,773,1125,54,915,86,846,316,859,816,1144,193,238,827,282,871,50,370,818,311,574,88,841,308,312,62,1156,830,819,1207,776,1110,326,328,603,335,845,484,928,1268,853,325,579
1105,25,476,864,478,37,1270,57,322,1308,38,582,66,1265,912,213,1310,897,517,853,800,704,1259,689,1128,628,963,893,1366,242,935,422,1359,1166,1171,1159,1332,926,872,1340,937,341,1063,1257,599,1088,152,1269,1089,1345,885
169,145,25,153,518,1259,522,510,1204,248,975,861,245,966,1211,628,411,641,425,263,986,674,666,1314,1217,704,593,1044,136,864,1304,1067,1239,426,378,1316,1000,1246,951,535,270,732,276,239,116,1085,1275,840,405,1063,447
587,582,57,1128,842,922,583,844,1212,756,778,470,551,766,847,312,595,659,907,313,479,238,880,874,1252,585,796,179,926,930,840,373,748,869,615,1167,55,733,849,823,461,1366,190,827,213,854,1245,62,517,1362,167
218,687,141,965,426,425,1204,616,16,700,463,395,252,1287,997,693,532,996,429,25,378,613,261,136,445,118,119,417,617,405,510,800,779,260,720,17,397,391,400,87,518,180,703,2,24,93,433,430,394,9,649
1053,1004,1041,1026,125,17,28,117,1294,426,16,24,35,721,442,613,263,258,387,731,573,518,454,8,516,232,34,1321,1072,363,385,220,77,407,265,222,548,981,687,735,404,53,1281,1279,610,119,1163,430,268,195,894
872,28,459,385,687,141,616,1026,973,258,613,406,430,412,442,977,701,617,516,1061,509,1041,380,1311,30,145,252,1038,1204,703,700,1042,997,397,447,1052,468,965,614,532,657,125,518,378,648,996,1292,599,636,691,403
1213,385,1153,1321,1029,425,614,442,1102,613,24,1292,1067,507,1020,141,1204,266,977,93,620,1045,965,132,1046,364,30,350,616,1048,1044,518,1031,439,315,35,1324,446,1000,220,28,1318,41,669,680,403,653,611,617,91,405
1089,286,502,766,1153,60,864,1344,1135,583,1092,550,1200,1238,585,816,1127,294,1271,320,758,1340,495,50,1191,834,233,543,574,356,241,170,523,1022,491,570,1259,525,553,1228,1276,551,1143,305,774,1333,325,586,419,498,825
521,117,261,994,16,1286,1327,1204,997,108,1161,35,1328,32,1003,918,4,378,220,779,717,1306,149,533,119,978,1008,1330,1194,516,136,15,543,1145,1293,1311,1296,25,805,1013,270,628,417,432,442,397,1038,225,617,17,438
402,758,823,766,839,1271,577,790,197,1056,522,376,583,585,791,853,1236,1256,1259,1238,705,774,846,498,1366,854,849,639,1246,1221,319,834,864,596,493,1237,593,1235,827,1210,1243,799,357,787,207,70,317,292,491,1110,1277
1021,862,319,583,1258,911,491,846,305,714,66,201,835,1251,194,328,189,834,335,1238,854,775,61,841,799,860,609,577,1141,861,556,765,551,524,1191,205,202,570,840,104,863,769,57,1263,823,1140,296,356,653,574,853
288,687,468,16,680,28,77,470,805,779,720,454,507,430,148,628,136,350,255,1041,590,380,141,516,1202,532,138,514,649,704,1175,411,25,145,87,445,784,427,634,378,976,732,463,518,2,1161,465,381,703,1342,387
1219,393,563,458,178,390,780,618,862,394,383,70,139,110,244,87,214,631,974,714,289,785,381,143,637,396,793,1315,1008,534,1068,453,111,804,440,1210,144,1318,1239,410,522,982,482,498,999,1162,1050,226,384,1332,133
454,1286,1340,729,159,1190,766,1063,167,148,384,164,425,1096,1060,491,43,732,161,44,453,136,445,1292,1051,526,464,1089,429,701,1141,172,571,421,971,197,473,427,991,821,137,1086,544,1083,99,722,1082,725,1071,1316,1271
750,775,862,835,553,554,827,1177,61,565,803,1239,66,1248,547,312,189,506,581,551,203,825,823,1191,1236,324,194,769,328,1180,1259,1271,1228,826,1190,1205,1270,1217,585,15,824,1242,1246,543,818,534,1143,257,650,1140,1158
1172,1166,867,1154,1276,802,86,1365,825,1152,1133,970,851,1014,928,1196,490,288,208,1272,312,1220,1263,1246,500,877,367,1350,1278,290,361,1356,756,1147,1113,872,177,699,1266,186,1257,522,749,1058,326,770,300,801,1240,780,899
268,350,445,426,680,412,17,385,25,977,118,270,20,1005,800,613,655,614,1076,16,516,1204,468,427,125,1321,628,442,149,406,381,1019,968,117,616,997,703,674,1007,732,252,779,403,459,119,87,454,378,394,380,397
1077,148,502,641,862,636,1153,1008,1175,1007,1236,826,864,329,292,714,491,1239,1171,319,766,1205,1259,551,523,1242,860,327,166,834,577,341,741,233,1246,435,835,476,62,553,697,504,592,473,243,1022,704,662,532,1314,506
472,792,24,1073,1149,374,960,28,1041,7,686,776,1087,232,1361,406,42,340,418,117,220,782,602,293,508,700,276,376,1161,360,992,398,1163,1224,763,560,729,195,366,788,344,11,548,706,473,1364,131,546,474,217,1282
686,425,919,409,996,516,991,1029,691,403,752,703,655,1173,141,25,696,617,1012,1294,984,433,1171,641,1014,1320,1050,276,255,383,152,666,683,400,1139,518,983,447,9,697,613,16,1005,150,394,417,628,489,405,142,667
243,391,393,390,1173,126,729,1313,785,394,1342,564,996,49,507,32,1300,17,270,153,1311,34,687,923,999,624,618,464,389,384,419,704,815,677,643,119,502,345,1145,742,929,20,757,158,447,429,380,138,1008,703,219
932,24,532,219,406,506,514,982,143,687,977,805,706,1321,700,433,1052,426,684,679,975,411,741,270,180,220,153,28,390,117,965,1018,544,1027,417,25,704,999,691,1176,826,973,40,807,425,619,1145,35,518,384,93
116,1292,532,996,136,703,126,440,16,429,1037,87,510,729,9,687,1312,119,422,327,815,141,1294,434,384,706,649,1041,11,274,674,470,704,1204,992,234,116,518,378,4,1300,411,20,0,968,118,1320,655,390,516,680
41,454,28,445,426,1052,628,997,613,258,1313,220,1061,706,1175,397,1311,532,996,459,406,1293,93,1049,35,387,1320,683,1070,700,1042,1322,417,1310,703,616,77,1092,25,364,965,994,533,1085,617,951,729,440,697,800,433
293,385,613,380,30,141,1313,687,125,406,982,965,252,440,666,119,230,1292,25,16,397,425,590,1000,1052,449,1041,2,463,720,29,17,628,28,1148,20,1070,510,1072,394,41,706,77,688,134,1046,1299,387,395,24,518
684,704,445,570,60,491,524,1202,1127,448,1067,636,586,405,254,762,644,152,442,804,221,954,538,25,468,583,328,827,50,164,590,706,1321,1031,1246,700,1320,469,319,67,653,613,1061,1175,92,766,971,769,504,1096,919
223,385,996,982,1052,977,447,613,590,32,394,616,426,390,119,706,973,34,1026,703,24,666,442,617,968,136,417,655,403,532,430,153,507,270,9,509,459,1038,35,439,125,516,383,378,16,1202,544,350,634,997,704
221,385,687,1052,977,1313,426,655,447,252,616,800,1204,613,1327,1286,1026,518,1041,20,412,634,430,380,442,387,509,93,628,996,406,472,703,982,445,968,350,32,965,1324,1061,507,617,16,9,459,614,390,403,117,34
601,1228,862,498,823,853,1344,1277,757,811,571,201,603,585,59,821,166,1131,575,803,1022,839,714,1236,1261,816,197,196,581,775,758,609,849,214,1258,568,1243,324,70,698,1156,1333,1135,104,62,1143,1187,596,487,320,867
170,258,800,1310,412,628,1366,1292,24,1311,465,918,447,1161,752,134,1089,459,241,391,510,901,1008,1150,701,445,906,742,1026,210,1287,253,535,429,196,1162,380,994,1063,633,509,647,1090,544,254,469,989,1019,576,1204,435
476,1176,491,426,985,438,350,977,703,1286,464,141,616,1051,590,701,427,261,166,752,159,1089,1313,28,599,1340,266,253,805,439,1321,994,1175,636,704,1300,655,706,412,99,465,561,1090,468,981,271,968,1202,769,1335,264
95,449,394,30,1292,706,440,118,613,616,1041,691,350,406,412,445,720,258,968,385,687,395,1299,680,25,424,234,1293,996,628,425,667,409,28,463,430,977,453,1313,393,509,31,387,24,518,125,704,1300,655,1194,979
242,628,996,400,440,260,416,1013,427,422,24,982,1068,351,87,296,270,684,395,688,383,528,532,975,687,117,590,815,506,706,712,437,433,16,441,452,714,410,750,991,390,31,1320,1321,1300,91,295,453,136,690,256
919,687,616,1052,518,447,445,140,1322,385,270,426,143,1286,590,454,655,977,680,617,25,1204,507,350,1026,253,403,252,1318,703,613,459,351,448,9,383,430,30,614,973,449,406,87,153,379,424,243,994,1311,261,968
260,628,385,687,445,141,518,93,968,1052,28,1321,996,544,507,440,617,1204,447,25,32,613,590,703,274,219,252,389,1050,1313,16,258,616,805,383,378,438,472,1320,1286,397,985,143,390,35,136,417,412,1324,315,704
616,827,862,878,570,864,1258,1208,1180,853,867,203,875,758,1263,837,62,802,861,341,860,854,1247,1352,852,236,826,504,332,791,780,581,966,801,1366,1245,1270,823,834,842,1236,104,238,328,522,846,876,877,206,1141,766
371,1309,879,169,1159,102,585,478,481,224,191,162,757,888,801,787,695,123,947,376,1106,1233,179,508,1075,872,1109,1364,939,489,1178,121,204,838,280,486,420,361,760,131,359,915,803,832,208,1121,950,962,770,1107,640
1154,543,570,329,1168,1173,445,92,411,522,1022,1318,348,1204,159,491,741,1295,451,1304,119,18,264,257,860,752,405,1238,516,1056,841,416,583,1200,1044,784,133,581,805,448,276,1108,202,971,1154,197,528,844,1236,429,1045
740,1259,585,1228,570,522,1022,854,67,592,325,329,581,584,1265,1359,305,862,176,1225,534,1270,62,203,986,1056,372,852,597,593,825,553,1246,860,12,841,1238,201,856,840,1211,775,766,438,1268,60,576,964,828,846,774
380,687,968,1204,447,516,1286,617,149,87,264,1052,1320,996,784,518,145,351,252,141,616,435,93,429,465,35,514,315,383,636,680,614,148,433,1176,464,980,434,403,1327,491,1020,815,137,1041,973,805,1007,1173,386,661
1254,425,977,976,35,397,119,406,385,468,30,28,417,383,252,703,93,32,1204,616,1038,20,980,1313,142,145,634,261,447,16,628,138,636,1327,1320,117,691,440,393,454,1026,25,1293,951,978,532,17,706,974,426,258
494,1340,712,294,954,233,1022,1200,862,1108,1120,502,1234,266,864,172,99,50,1099,867,127,487,1096,1067,985,753,46,1238,771,571,1106,1153,1131,478,1337,1127,558,423,826,43,774,504,314,44,1333,1107,1173,576,1341,550,1318
728,57,557,826,852,778,1222,769,416,14,314,1242,827,324,823,567,764,319,577,274,803,431,1152,842,864,1113,1093,939,775,824,1241,862,530,565,1180,1249,1123,1017,1209,950,292,554,653,551,1090,315,1372,68,66,870,553
544,46,416,423,766,852,762,1222,854,1270,1022,302,823,860,296,504,644,801,750,1259,498,570,862,469,733,714,62,818,758,694,299,201,954,1000,980,1246,1174,491,581,60,15,304,827,1153,61,45,621,861,1366,829,864
67,1288,785,250,923,287,518,599,31,292,971,913,910,1189,378,795,1020,364,685,1171,962,948,1304,269,701,545,969,773,693,890,132,265,1316,445,273,815,52,507,757,219,81,1037,898,1292,929,782,691,505,618,621,121
1004,581,197,786,846,714,554,133,109,580,1260,950,971,774,1237,575,1344,698,497,190,842,603,607,238,1341,250,595,337,55,104,329,925,751,368,139,1266,859,201,839,912,1271,369,1258,396,550,1277,762,1156,856,262,799
140,110,292,1320,60,453,28,993,83,667,1306,440,971,815,1292,211,614,522,691,590,996,1288,476,405,381,443,180,1299,445,395,376,255,389,441,50,1037,390,1031,378,1291,93,791,975,739,1361,139,526,968,1168,518,1029
104,425,445,687,628,976,1019,1204,385,1026,984,93,20,417,440,980,140,426,614,439,897,968,447,616,1052,518,691,30,1162,25,270,981,2,472,251,378,380,1020,514,430,1320,142,443,996,28,688,679,379,1321,649,1046
546,203,775,523,766,1273,845,867,574,553,606,774,862,59,803,1240,1228,619,875,338,60,1135,62,603,802,201,570,857,1259,1344,65,1254,1141,196,326,806,584,1232,604,312,329,328,1177,581,1206,1271,357,577,874,773,828
1218,425,141,381,544,518,472,411,416,732,805,514,87,28,557,427,412,93,394,666,429,986,364,417,380,996,390,430,16,445,18,403,379,678,965,742,401,715,447,126,628,389,1049,1286,0,440,648,624,34,24,510
904,687,459,20,93,655,385,1322,454,406,141,616,1324,977,518,973,220,1328,17,1038,142,472,703,270,447,1327,28,463,980,1041,426,117,636,614,253,1050,258,397,30,509,403,1286,1052,153,348,680,1204,706,261,442,315
713,1366,250,1162,986,453,864,243,674,969,1234,1120,254,286,1247,712,1014,1168,28,1222,954,439,271,139,1249,1217,1239,1008,764,1295,1155,138,110,166,437,1067,273,1173,161,623,310,915,512,46,568,225,791,601,503,504,1101
339,447,687,703,143,425,350,973,977,258,149,532,620,1052,1038,815,463,145,35,706,119,25,518,725,982,148,17,348,93,617,1020,1004,729,1320,1045,429,704,459,697,44,427,1029,614,159,426,409,435,657,480,1007,454
674,1153,910,30,758,583,393,1022,620,329,618,923,1344,476,445,743,49,766,1056,119,1162,392,1125,771,95,504,409,139,144,524,356,193,750,916,85,1176,821,1020,585,611,791,165,815,1355,197,1206,793,198,834,1173,286
1020,1259,319,861,66,864,775,1371,863,570,312,1238,827,317,201,585,1022,1177,104,878,592,860,329,236,1263,504,808,203,854,1273,565,803,1228,862,62,67,1236,828,816,834,1256,551,877,835,1244,859,1258,194,325,1205,1241
492,258,750,440,294,380,805,1174,93,973,18,993,1162,141,649,1108,260,387,666,364,980,403,544,1173,976,1287,1014,148,438,315,687,33,460,271,648,510,30,985,110,646,1204,983,785,1012,987,378,996,1318,445,239,1292
749,438,447,270,526,1004,24,1173,465,1008,136,170,441,463,1107,662,661,697,137,514,1105,145,164,383,1091,143,1037,704,1140,230,675,43,279,473,1202,11,516,502,1029,973,1139,623,994,800,1045,1162,412,687,620,87,167
968,322,570,1187,296,541,568,1290,558,1371,557,18,1151,569,1271,571,933,596,376,410,1249,862,705,1132,127,1146,1228,1101,786,856,1259,305,545,67,329,505,581,87,411,506,887,1340,1036,592,275,911,314,827,559,987,54
543,795,821,1290,1159,823,1228,852,948,770,1154,574,191,1144,1333,162,789,1135,808,460,749,765,308,170,751,68,294,1225,167,66,619,282,1023,1083,777,732,798,1183,1190,550,252,1064,493,776,1107,1155,1352,354,726,778,601
907,425,4,994,381,327,389,1174,20,779,1162,440,148,687,1202,1067,21,996,445,1014,991,260,518,977,815,1052,985,1031,1007,239,1315,1012,110,391,1161,439,93,1068,28,258,1295,679,544,468,968,980,1292,345,636,25,1173
635,585,570,1312,356,834,66,973,319,522,1242,61,1153,329,1259,197,1173,425,774,846,661,1239,1140,819,1008,305,692,175,1270,910,270,714,110,847,791,864,92,595,1249,172,669,599,1108,862,251,535,1096,916,576,103,559
719,846,787,766,498,504,827,63,584,139,752,59,179,803,577,568,203,857,490,834,839,469,49,60,862,1288,776,1067,214,110,1270,619,948,585,453,860,197,1260,65,1275,144,912,971,637,603,1277,1190,569,852,600,819
249,459,425,430,687,532,977,393,440,270,394,616,447,982,385,628,975,1316,118,25,148,1038,378,1162,141,28,1286,17,468,16,965,395,136,470,412,1046,153,973,43,1052,387,38,815,429,9,997,261,2,729,409,533
1241,117,687,425,1204,649,472,570,32,9,968,389,510,18,1173,464,1330,87,1010,167,617,118,403,3,148,1342,514,655,996,108,524,1296,506,15,1007,805,919,1326,700,4,691,35,1139,37,364,437,516,669,1319,704,1318
267,628,403,968,1168,87,425,447,442,613,691,706,1204,445,412,381,507,385,514,1031,472,141,441,383,509,1321,258,390,276,417,752,364,438,971,406,531,440,1291,405,378,394,704,434,25,634,518,31,433,1139,1032,401
591,62,592,862,325,551,827,1238,329,1228,1141,775,312,864,1208,66,1271,289,1056,852,1143,1236,1263,1217,887,825,1120,853,1243,604,504,319,854,834,841,811,803,867,863,202,583,846,60,70,828,1187,196,1,877,1247,1258
933,448,617,687,445,532,270,35,447,703,425,41,1029,406,982,704,459,138,675,1292,350,701,141,387,315,918,507,403,991,657,3,1342,509,1041,429,784,364,973,700,919,533,706,383,463,465,92,427,518,896,1148,628
295,66,110,835,50,455,522,553,439,405,795,698,1228,780,775,487,853,1290,556,197,862,1180,95,1014,1153,495,871,592,1141,389,1093,1306,194,329,292,1344,436,1211,1155,863,491,435,147,1131,319,437,278,684,524,1177,753
627,214,607,665,1039,1262,1236,843,879,329,317,1152,823,842,887,1336,741,1146,849,1373,1265,493,202,844,856,890,597,206,1321,104,525,783,891,821,1140,748,807,68,1238,1277,1219,121,1366,888,305,626,878,794,1232,492,162
303,463,1052,261,687,1322,350,533,426,153,38,1026,16,145,994,459,149,454,1328,703,1038,1286,430,1320,507,245,1161,138,17,252,997,616,1089,1004,1061,77,1324,35,1293,1313,1316,468,445,706,1076,465,387,43,5,1335,800
722,518,381,472,1294,1174,1014,276,327,981,33,411,425,1051,510,996,146,687,532,624,1012,440,1316,383,417,415,706,641,815,507,380,24,118,25,1292,11,433,986,522,785,1041,715,34,1171,516,1227,386,243,1310,526,864
848,406,440,706,445,385,691,28,1052,613,977,93,149,1321,378,1041,430,449,703,381,1320,258,687,616,636,87,25,24,412,1323,253,680,1324,1014,424,560,136,141,426,454,17,394,614,973,142,350,532,469,704,679,409
663,887,521,707,862,288,1282,605,935,188,1365,602,1224,546,486,608,1033,1252,882,606,431,582,1283,865,772,892,366,360,1345,232,885,1367,906,695,280,1356,764,1040,95,215,530,334,607,309,686,847,874,340,556,217,759
296,816,331,262,337,1276,1346,913,1110,1258,924,1344,1278,988,193,63,1141,59,1260,882,1097,209,1234,1272,287,877,733,798,1212,821,525,1352,1265,367,273,607,1277,191,767,291,953,754,104,970,812,109,86,1154,312,1178,62
992,141,403,829,1114,1204,557,319,968,1051,416,1158,1007,1174,1200,364,472,312,378,401,1120,864,1292,514,251,435,1211,539,150,379,1102,411,553,402,1189,242,980,67,1068,558,14,441,159,440,987,410,533,432,570,412,1037
121,17,1322,784,1043,687,43,1320,1316,383,176,459,716,999,425,145,1328,350,472,136,507,1041,1305,38,1327,41,1293,1287,662,1286,616,159,385,379,669,447,703,156,1058,1342,1202,980,164,30,1000,23,1197,1332,33,441,36
637,425,441,18,438,487,557,584,118,315,341,429,533,518,676,507,419,276,154,21,624,769,1173,270,694,985,143,127,1204,1197,457,827,1092,703,1336,468,389,447,1045,567,700,393,1332,973,570,716,391,951,984,251,28
729,1372,1246,776,780,1158,206,191,316,734,885,939,302,1186,868,1157,879,859,312,852,367,1112,846,1113,1166,322,566,603,598,534,827,177,787,606,162,888,771,1150,1137,354,304,326,789,1196,755,1152,213,853,1363,215,450
1152,385,252,977,687,1313,261,445,136,350,1175,245,1091,268,533,1324,1089,720,406,1052,613,706,716,973,1286,655,1328,430,447,1311,1082,1320,703,1322,279,273,657,984,145,28,20,253,1188,426,896,616,617,1041,1019,700,1043
474,1003,383,1191,1300,159,984,274,1140,717,435,507,405,968,315,145,136,1173,514,533,438,784,1063,403,380,1176,294,469,463,1047,1168,1286,1327,732,997,1008,38,683,990,1067,1018,980,119,448,687,655,1082,785,1005,975,37
963,1327,697,1070,1175,140,20,1286,1124,145,1050,4,1328,983,25,526,1090,1091,43,459,657,647,1025,152,153,252,655,274,730,1067,1000,233,509,1152,1314,907,149,725,1287,1165,929,683,463,1104,270,1042,1204,666,21,1099,158
915,800,1042,1026,220,703,387,1327,997,445,93,687,965,1076,1204,628,380,447,1322,994,425,1328,145,459,1286,973,258,153,1049,454,270,385,1052,117,655,350,1313,1041,426,1324,1003,982,1195,20,32,1292,1061,1293,1034,657,417
973,766,50,1340,1136,59,988,762,758,821,286,774,172,1031,1228,196,543,604,1134,1156,197,1238,420,166,553,498,1135,356,491,487,550,806,714,1290,948,575,1125,689,846,24,561,324,137,269,565,1261,592,771,233,1108,753
356,749,928,1177,823,862,1128,1236,827,1271,45,566,1249,1180,504,864,1246,332,1058,861,741,1168,988,1245,1270,1235,319,1222,1260,423,236,816,46,1212,1146,758,1262,493,825,1263,316,581,1067,1258,313,525,839,47,331,972,1273
248,17,459,252,253,397,687,425,977,616,800,1041,628,141,445,1038,1057,779,32,430,1052,1042,614,1327,901,350,417,544,1286,77,468,2,258,385,16,28,119,732,538,149,649,138,125,655,387,919,997,1292,153,1065,1313
606,871,835,312,542,279,583,60,671,551,783,1228,849,828,547,1242,175,198,310,1202,464,278,585,485,581,491,1023,1304,819,320,1261,1131,67,1200,1169,1244,844,170,1232,766,305,555,281,829,1239,1271,1221,930,785,1354,35
219,430,425,732,136,274,518,145,1327,1049,426,447,1000,1316,1048,516,687,141,1328,468,533,148,445,994,1008,1324,1286,1195,965,655,266,507,1124,1003,350,442,20,1052,149,153,1322,465,617,561,459,703,1005,273,1050,9,1204
1162,518,1328,687,532,445,986,1124,1342,447,459,997,662,261,1286,263,1204,426,1050,1324,35,1168,145,153,1300,140,463,136,1091,425,985,654,980,430,1052,1083,427,87,268,1316,614,1085,1322,561,720,680,350,1004,1122,406,456
742,766,1056,860,498,585,570,487,328,577,319,862,524,762,604,50,1238,553,60,852,522,698,233,159,292,15,836,1022,866,863,871,864,1247,14,841,175,827,172,1113,110,834,544,584,826,842,1,506,565,1225,644,401
1186,1056,827,862,1208,842,852,324,1113,818,59,1270,1262,1261,319,1022,312,275,66,1372,861,583,1039,1263,1219,803,1151,1141,1217,849,633,203,493,304,581,1254,1265,854,1128,57,1132,837,766,855,705,198,1277,577,1146,593,1191
921,459,454,425,766,703,28,997,1067,465,1061,17,43,1328,447,445,1025,172,1091,32,751,389,1342,496,752,1316,661,994,77,954,35,167,1000,1175,996,704,1097,119,1029,975,1152,315,700,616,116,1320,1310,136,1065,50,469
137,93,687,684,403,1050,260,364,390,994,507,617,1321,613,1320,425,400,1204,141,649,800,119,1013,1286,17,691,25,153,634,378,143,24,997,1287,532,412,1313,965,700,258,991,433,149,1005,996,315,1310,394,28,385,409
227,628,1292,93,385,258,387,1052,706,613,445,687,509,425,518,688,380,507,412,666,1313,973,426,28,1322,590,532,417,616,442,982,447,1026,1175,463,1046,440,125,1327,430,965,1005,30,472,145,449,1293,516,16,25,1042
744,823,319,61,1205,1248,861,775,862,826,827,1068,1247,1262,863,304,808,473,860,104,60,950,803,846,571,1244,799,581,522,1190,832,282,211,565,854,584,570,376,371,864,1140,66,1241,1096,329,487,818,859,1235,858,714
599,581,864,834,57,860,1242,1238,1056,203,202,964,1211,1222,1217,854,861,1205,836,504,205,1259,852,1265,1271,577,570,818,214,312,317,878,569,66,201,1140,1354,823,603,827,826,842,597,1266,849,522,1177,328,1262,1232,819
1014,585,780,862,852,1258,1058,827,861,845,853,839,758,859,391,1341,420,1211,312,1270,110,502,836,522,324,864,419,1059,771,1348,1372,200,639,986,1155,198,1308,998,109,1208,196,205,846,492,1228,821,49,817,536,790,66
972,201,1131,1140,583,448,1022,32,491,480,930,1094,273,871,694,1051,1333,329,264,829,305,175,419,795,198,294,1335,585,733,553,705,592,1219,1155,503,522,1153,268,852,713,988,1091,570,922,1359,1111,1056,1082,568,1143,766
884,706,687,628,93,425,459,440,1204,35,445,977,252,800,28,982,688,1321,691,138,261,426,985,16,270,140,679,141,1327,997,978,720,1089,996,1124,1320,518,1026,700,442,447,1049,693,968,616,896,1004,1293,1202,397,385
375,91,704,784,429,1194,1202,445,561,427,409,898,553,1014,411,1168,729,1029,691,159,703,525,570,453,143,480,698,1173,470,214,543,1008,1319,506,295,910,733,47,774,489,923,126,435,535,329,381,991,378,551,65,255
802,862,522,819,839,1228,1191,1371,491,1235,741,201,335,765,861,1129,1024,705,1266,1152,144,1132,1135,854,1239,1248,66,1083,1238,849,827,1022,852,860,1092,823,1112,67,493,585,65,1125,784,1355,571,62,780,793,866,1246,1262
240,219,1153,862,491,570,292,15,109,329,420,1175,1340,714,411,1190,732,110,405,550,971,1096,451,641,319,1173,618,1012,429,102,683,1022,870,568,1051,968,502,391,592,561,835,805,1172,648,320,1176,780,403,415,1228,1314
626,823,862,584,1238,1022,603,1258,292,570,1236,1272,1068,864,845,1190,609,201,887,305,405,870,62,555,1373,1140,320,317,971,1067,109,524,1249,986,585,221,593,60,1095,324,1235,1146,219,1032,861,853,1304,560,600,1211,1031
59,818,810,698,66,1036,583,338,469,464,671,420,722,1174,552,107,715,1012,510,816,163,524,1105,522,61,564,44,178,1183,802,353,596,329,1149,111,534,296,226,1129,21,1093,1303,112,1145,817,99,305,1068,500,803,650
322,1321,425,406,704,329,636,148,703,1204,1083,1202,1320,887,426,152,465,305,785,469,693,1000,1063,405,1310,491,252,641,1319,1246,1259,35,440,978,257,971,141,319,613,67,983,445,532,448,71,203,599,2,1316,1217,628
233,425,426,800,449,680,1085,1003,153,1004,149,735,459,518,546,616,664,406,1006,1327,687,768,404,387,1199,1062,720,430,1041,954,1328,994,1071,1014,822,447,779,1301,363,454,1078,1072,756,642,140,613,220,1000,1052,230,450
463,570,827,329,842,264,1125,57,862,47,758,1022,480,470,292,522,431,1355,321,198,724,504,749,603,65,304,319,144,170,775,409,205,257,852,1141,1314,181,495,1242,581,85,557,120,836,392,1372,801,1371,1171,1233,320
803,1022,1314,758,1241,775,704,1352,827,571,585,489,1246,197,1125,774,762,292,473,320,583,1236,861,842,502,1044,581,864,849,487,60,172,1205,863,104,201,878,1128,769,41,673,1180,611,948,1247,823,308,319,1177,1335,840
1091,574,523,1256,1240,317,878,596,236,1180,326,861,205,874,233,834,312,1248,581,839,854,859,1228,1236,1127,206,1255,551,177,502,1262,846,371,104,862,1146,1095,970,799,853,766,756,863,214,828,373,368,547,1177,603,290
946,703,1293,148,454,784,1049,1327,140,379,11,1328,138,1322,1288,427,706,93,350,1292,548,116,136,507,465,1176,268,936,636,1306,488,1041,687,30,1004,704,1286,77,234,1202,463,174,1326,912,655,782,123,255,1020,1348,727
943,463,1003,1327,1049,454,1052,994,38,597,706,1204,141,533,1061,464,1286,1322,252,37,1042,703,897,538,427,1081,426,680,997,800,445,825,231,655,459,1324,791,985,1161,149,470,634,1044,137,1076,1064,274,617,1091,31,1004
671,167,474,720,1004,2,985,188,1149,50,990,1085,1129,191,664,487,1345,1076,152,354,1261,1310,1065,800,1214,20,1202,1247,1038,1167,485,74,1006,1301,887,923,881,241,35,1354,322,1044,1199,1023,872,731,552,1151,426,1216,1056
935,393,1029,392,440,687,409,982,703,997,383,815,25,397,470,1129,410,400,459,433,706,688,445,734,469,1340,87,435,455,1134,9,532,378,1045,1096,910,1046,2,434,453,563,111,427,507,424,431,533,1069,136,398,693
767,205,1211,181,317,1360,572,1256,565,585,176,930,849,852,307,325,197,1258,839,59,595,1022,1246,1238,1177,1166,790,847,596,593,207,200,854,1241,70,210,1239,490,860,952,639,663,1359,1249,238,198,497,891,1228,214,1255
480,933,66,292,329,196,203,326,911,817,1248,1183,553,671,705,1143,304,835,1235,611,960,1258,1155,1223,761,1241,596,1344,1314,598,650,1234,1209,917,63,1259,1152,176,1247,205,758,305,1249,830,1138,559,236,802,170,194,1263
164,628,459,507,687,1038,141,703,261,28,258,617,706,1292,1328,17,448,973,454,152,93,968,1324,435,1067,919,442,1052,994,532,1327,149,350,518,1286,509,1091,1342,666,405,389,1061,270,1041,1005,985,977,1026,616,430,657
1067,1292,1026,93,1038,442,261,28,986,518,254,1076,34,666,425,268,454,965,447,0,116,287,1034,381,219,463,234,441,1161,1041,648,768,391,687,1311,24,516,141,426,472,628,429,389,125,987,465,994,220,412,1032,646
908,732,590,468,145,628,411,687,378,412,433,768,1076,4,93,119,919,510,1314,516,779,91,518,1295,614,20,442,110,417,750,464,982,24,1090,649,1292,678,1026,552,327,975,1310,613,387,815,315,253,440,1019,391,991
369,148,1200,853,111,480,295,174,243,87,773,99,1226,1249,567,457,1173,704,553,577,1120,971,620,1068,774,103,238,57,1304,827,557,1033,692,1239,524,61,910,250,950,633,782,992,400,531,470,714,1127,1114,738,319,296
12,687,425,968,616,445,1204,472,965,32,364,87,532,704,381,411,378,25,440,383,9,613,406,403,438,439,379,393,1162,1286,447,514,1014,261,93,1008,427,996,270,429,703,389,653,1226,416,1202,390,437,18,805,1342
477,294,1352,760,502,3,60,170,1248,754,596,1094,816,286,1353,928,758,1273,154,524,887,1142,62,216,354,1238,741,197,320,366,839,1132,749,1058,868,1270,1110,1209,810,917,376,1047,64,1135,970,594,1260,1095,877,944,842
1259,445,20,261,389,700,1038,381,77,1324,1202,965,350,1014,28,459,447,142,149,644,1026,732,544,977,1175,1320,687,1176,140,430,465,703,784,1286,532,385,666,729,973,1162,219,617,1057,1318,538,274,351,87,448,919,985
1235,1109,468,634,314,826,994,881,1160,1098,763,1155,1103,543,1140,693,548,810,396,688,1188,489,47,301,765,212,512,1064,102,282,492,496,387,601,191,311,712,934,623,717,631,400,217,1249,187,1002,1279,1144,169,198,1195
1316,268,464,255,429,1061,543,1038,1195,141,613,518,1042,997,273,390,392,91,32,119,628,395,1101,478,994,869,36,910,30,507,1044,387,17,976,1103,542,275,687,159,270,1168,965,405,1194,1164,621,1064,800,618,1313,1083
1288,478,1051,841,620,1217,1270,139,753,887,579,528,279,1067,453,1032,275,1135,1038,890,276,1022,1169,1096,331,1287,825,267,985,1219,553,329,791,498,1272,338,1014,1228,305,583,1131,1168,1174,803,1144,954,1271,802,1341,464,828
11,432,109,791,357,787,92,637,1230,585,1288,383,457,823,775,862,948,595,104,1228,1258,1067,534,596,94,554,372,570,1248,60,780,683,210,777,971,1236,1221,621,685,639,987,921,103,609,716,730,366,1200,1022,1210,296
1008,1127,272,870,190,937,282,885,1188,863,1244,193,46,812,1371,302,120,1110,795,1135,936,775,823,820,89,935,47,431,1256,1178,1277,496,799,913,308,1144,305,1290,1283,530,767,51,1141,211,788,868,702,950,602,914,625
999,718,237,1283,1040,695,128,173,481,955,1361,764,843,1222,1338,855,546,720,135,874,1251,741,57,578,888,258,893,1180,442,475,835,160,850,245,972,1199,308,1083,1092,179,909,1044,976,1246,336,892,878,970,668,664,377
165,66,1259,44,502,705,54,522,1209,1141,1228,22,866,436,777,863,36,671,703,302,1266,441,174,929,558,799,305,570,276,189,233,148,871,400,1303,33,992,780,1177,264,1237,1289,87,50,434,1240,352,196,677,691,584
636,1263,1058,864,576,312,1265,420,1245,846,1259,170,1180,1223,325,172,802,61,911,585,1366,1241,324,198,826,1236,749,337,529,827,490,1266,595,1067,806,810,1177,1143,493,1219,1141,865,1264,1360,913,1242,1187,283,835,1212,1136
120,649,389,815,110,518,4,327,159,687,535,929,544,1176,980,968,381,1318,15,378,510,148,564,92,951,448,18,469,996,669,1096,256,403,804,457,1303,1210,438,1161,981,1093,429,394,986,780,507,522,532,133,704,441
1095,4,805,815,440,110,437,381,570,126,732,1162,433,1094,378,327,1315,1067,90,20,662,390,750,1312,438,21,87,243,649,256,35,136,146,1288,417,472,985,951,393,2,1041,25,144,532,260,1050,108,133,1018,405,1292
917,430,442,463,1026,996,518,973,1204,1005,687,429,403,720,416,613,425,968,590,919,628,468,350,417,258,93,649,391,1019,1041,253,1029,447,378,390,532,20,509,139,439,984,1046,9,379,315,28,1321,516,364,132,544
629,583,585,836,863,535,295,522,569,860,799,66,570,603,205,819,329,1262,808,67,818,553,777,1249,762,1228,574,305,854,796,907,46,928,1247,581,592,694,596,834,870,1242,1238,846,1259,801,60,61,103,319,855,1239
118,570,319,585,856,14,806,1277,1262,861,555,715,832,1258,1290,551,827,840,1228,1183,1120,504,226,1256,305,437,572,574,299,769,860,1249,1217,586,95,1205,1239,203,839,1252,802,828,1263,1242,783,663,1084,1177,175,238,824
291,274,252,425,266,469,729,35,616,557,459,463,406,315,675,1052,1116,271,180,445,1089,977,451,453,137,95,380,1204,693,430,270,427,979,391,679,43,1107,742,769,1021,703,826,1025,1085,567,908,1286,750,139,470,1071
75,141,1286,805,270,965,252,977,468,982,510,458,393,1321,616,32,390,385,119,688,87,25,996,30,406,24,417,1327,613,425,220,440,145,980,20,1320,703,997,149,655,400,9,1063,994,1295,516,649,391,815,916,411
130,1052,385,93,965,426,417,397,1018,440,11,389,1204,700,785,463,16,982,77,28,613,976,378,691,17,1320,24,978,805,977,405,468,364,390,1300,996,1070,616,258,687,1287,459,380,984,442,464,117,387,1292,1295,997
667,1050,825,274,1273,506,228,296,292,741,581,641,1228,1118,1047,771,233,1153,1136,619,1092,970,578,166,571,320,482,1000,457,287,1104,1132,314,803,1335,286,855,1186,526,774,1212,1134,308,574,878,226,1236,52,1120,806,533
694,1152,1092,987,1132,394,200,393,400,4,791,1348,1288,576,550,624,815,1175,1228,159,1129,724,705,1107,1332,146,281,771,954,529,1333,487,738,395,1118,793,764,864,1309,1046,164,43,98,25,1223,274,77,533,563,110,568
900,425,445,1026,507,784,980,977,1204,141,140,447,616,996,1327,532,973,590,1029,518,617,1019,30,815,403,24,387,430,20,680,509,667,442,415,350,258,136,383,975,11,691,453,180,28,31,108,1041,315,142,454,1061
1114,426,1321,985,617,447,973,703,491,141,261,507,977,148,9,701,445,1318,264,705,687,1052,315,266,286,636,1031,655,439,274,968,518,410,438,468,671,28,412,1340,616,1349,465,403,1000,406,35,657,137,544,514,704
71,425,141,1292,976,417,703,805,119,35,973,397,258,1026,1312,445,25,518,1052,270,393,977,968,143,30,20,1046,516,700,364,815,145,1019,980,929,350,800,983,1020,1327,1027,0,1041,261,394,390,996,142,779,138,16
1011,522,583,60,524,1056,1191,878,1211,1236,826,1304,758,1238,646,644,1022,571,514,1247,818,1242,319,1014,860,296,299,692,544,862,1039,1259,854,1168,1094,714,504,824,482,1140,259,425,87,416,292,518,569,411,381,592,766
192,445,93,613,430,385,1029,628,141,634,706,1041,258,425,687,507,459,1321,1162,518,143,976,982,617,350,24,16,1003,984,531,315,28,454,412,261,276,997,1076,463,691,387,254,1026,406,516,1287,395,11,386,397,1061
1257,141,977,426,447,1042,518,385,397,117,28,93,445,1052,442,17,149,142,628,1061,1327,680,258,616,1026,614,994,406,617,613,1004,1202,1328,25,634,703,1046,253,430,973,449,252,1286,1076,403,706,1041,509,655,459,1313
1184,1113,852,1058,1143,817,1258,853,862,1263,178,802,835,749,859,303,1241,1264,66,826,1217,62,1141,233,1239,289,1249,61,282,650,236,877,764,876,534,799,867,818,1177,775,1180,1196,1270,827,332,325,1047,810,1068,816,863
976,1277,320,302,1127,816,585,874,319,504,581,862,875,358,1245,46,1053,1115,1246,1205,181,1266,659,823,1236,204,304,311,177,1131,541,203,571,312,766,198,663,1177,754,826,176,1360,1144,1273,837,924,1110,1275,1259,783,801
1141,986,697,149,954,725,729,1312,138,526,714,43,1161,273,713,35,4,649,1287,127,158,1190,785,136,92,1124,429,662,261,1041,1177,1327,453,276,1330,780,624,432,703,1332,655,116,561,991,459,419,533,174,980,82,1086
801,119,257,46,660,975,109,1354,395,214,133,279,1304,1262,276,256,272,126,298,815,1333,24,1039,661,532,223,948,1315,32,341,364,1024,202,121,861,685,1323,823,267,1233,1082,211,603,575,1101,1171,111,1352,389,1291,1320
441,705,703,453,861,704,425,464,4,757,666,991,411,1171,1187,641,864,1242,25,87,1172,66,157,136,923,785,1037,1129,683,793,92,487,568,502,439,669,738,438,643,296,716,948,687,805,971,620,434,405,491,159,571
609,569,329,836,808,1251,555,341,177,203,72,845,577,201,67,862,570,206,104,1262,205,1232,887,952,606,854,373,875,698,1373,551,1252,852,874,871,926,757,853,1366,295,931,1246,322,608,1263,1259,62,286,1265,960,1119
1042,862,585,780,775,1211,324,1223,1162,603,1058,321,1241,178,63,423,663,1141,1068,296,817,469,698,766,1014,1258,986,845,821,1206,1113,1039,790,383,1208,366,1236,595,859,535,1332,203,392,325,1056,1145,534,299,1221,1247,811
642,325,1236,1058,317,877,553,1266,525,1208,1039,853,864,705,1183,534,875,290,1186,1217,1246,305,1146,609,579,1228,493,307,331,1372,59,60,1187,826,341,940,1235,593,780,577,68,62,312,566,816,862,1022,460,1239,1241,423
781,1359,210,305,781,1366,1348,637,1189,1158,1166,631,59,63,1088,103,490,787,750,287,626,1114,53,347,1245,1104,313,949,1123,806,517,290,535,343,198,45,1235,1152,563,364,58,972,600,682,176,56,790,504,890,211,869
513,547,1228,325,1254,312,284,493,1232,319,1236,834,551,522,575,66,806,758,860,1146,1271,574,326,775,799,592,324,846,816,823,858,1247,1248,852,1238,577,479,525,844,1243,766,583,1153,1273,328,371,1156,609,489,196,190
1234,687,518,442,1204,16,1292,683,1061,116,1296,411,430,378,403,438,965,805,380,800,4,1324,417,628,145,684,388,667,634,399,613,463,1026,717,425,141,379,1019,680,1041,387,429,270,315,768,1168,87,617,1007,108,1188
899,1249,1204,1162,620,570,1190,990,753,1022,989,852,780,1008,1155,1258,67,133,144,279,1154,1094,1102,1296,870,565,460,214,243,1352,258,194,271,561,577,827,811,810,1120,1210,1068,286,314,68,557,1261,853,568,504,1039,1345
515,488,584,553,846,491,66,864,827,604,551,1120,577,862,852,571,1228,1271,646,99,954,1127,524,1017,669,201,1270,753,319,1243,1249,780,1259,233,159,52,487,44,312,522,853,557,1141,802,842,624,419,644,307,854,329
9,687,628,141,25,973,703,390,459,617,32,378,16,93,784,393,87,691,448,509,975,4,1050,984,1321,350,381,406,138,430,999,704,996,1041,417,1320,429,815,1286,415,252,997,706,1318,1176,24,507,1019,17,439,516
705,1052,687,390,684,447,965,32,977,397,141,1046,645,982,1204,1045,996,1293,24,99,691,143,1089,616,700,973,1049,1300,617,36,83,400,1020,1122,406,472,148,455,934,987,393,984,19,11,287,1326,468,509,518,1038,153
1228,141,28,445,459,385,687,518,380,258,378,397,982,442,17,1049,93,977,406,447,220,425,613,125,1328,16,1061,688,463,1293,1321,117,1052,440,153,454,679,1041,720,426,997,1042,1038,25,1292,394,507,24,533,616,430
1170,1134,276,925,304,421,487,576,1038,722,1045,689,692,497,539,1341,329,986,396,1237,485,864,102,1236,1166,714,662,264,1340,1092,549,1214,752,99,550,835,742,1200,289,469,1115,921,1141,558,427,415,1353,712,491,502,620
695,147,469,1050,439,28,825,856,387,100,771,769,45,110,245,38,287,539,1332,1196,59,1195,1070,1226,567,268,553,852,275,1335,743,93,435,468,1092,1273,491,95,272,694,993,536,1105,1291,1336,146,716,473,729,225,99
697,862,570,841,778,846,1190,522,584,834,1236,553,1140,1238,1271,491,741,1177,205,775,826,1263,67,783,1205,61,840,875,866,577,592,555,327,1022,986,66,828,493,1202,1259,854,233,842,329,295,574,1063,871,319,780,784
1006,544,35,514,518,99,148,383,973,15,437,32,1292,403,390,1099,87,1330,18,117,389,1204,675,703,1312,1173,507,985,270,108,997,159,532,715,1318,1094,1145,1286,965,137,1306,491,617,92,805,676,11,592,348,987,524
623,585,283,663,289,213,290,924,796,907,304,1313,189,596,1331,367,1357,569,871,775,818,1149,790,1035,496,744,994,745,487,832,1265,1024,358,1152,960,816,862,1100,1056,603,995,1365,1214,1269,866,1341,61,1276,1237,1159,1360
321,459,425,468,28,687,616,445,463,141,426,1175,985,470,636,700,1322,706,703,997,380,1061,1342,385,1091,464,1202,1327,617,1042,1000,16,977,1041,532,1324,691,509,688,1089,974,140,1124,35,296,1313,136,31,980,253,399
721,849,1246,584,570,862,856,211,780,1191,823,593,536,175,853,1364,769,460,201,1371,842,806,60,777,479,836,179,827,133,888,637,1241,726,801,554,837,1243,205,711,163,927,1271,197,568,68,790,852,581,832,592,110
174,245,597,294,576,67,1254,390,1056,810,724,1191,393,1221,319,196,862,391,780,494,510,472,458,1246,313,1118,325,66,663,817,372,841,646,1112,1067,1114,69,522,1179,645,1227,1181,482,1113,750,860,835,1032,1099,541,852
682,752,87,24,1139,25,636,447,507,400,703,243,31,383,9,968,416,815,276,148,138,784,434,385,704,136,270,253,256,613,986,440,514,975,445,472,509,378,433,381,254,1032,805,614,678,35,219,1291,266,620,996
666,775,1354,299,297,246,534,1275,603,237,718,600,173,112,953,782,1267,374,65,950,229,840,1252,1371,924,892,1205,341,823,179,551,530,228,496,874,462,460,1159,930,581,1258,935,574,309,214,883,547,102,361,799,877
1176,1341,1226,364,829,998,929,1068,491,1340,524,1094,506,319,934,1173,4,671,159,391,220,87,92,1145,133,472,986,951,908,482,1270,1022,558,557,985,488,44,1210,570,99,544,1316,243,1197,818,81,551,1108,389,1120,766
27,570,108,381,256,378,197,87,553,531,1140,1197,92,821,1314,793,319,472,705,379,922,518,971,975,432,455,429,558,1304,653,592,1075,214,403,801,386,870,510,775,1351,11,968,754,585,603,364,104,1173,559,68,1296
510,583,310,585,1143,1131,766,1154,762,852,1155,864,1075,290,1092,592,60,1263,522,197,694,325,816,451,494,553,313,1236,758,821,59,487,62,305,1217,1228,1238,320,671,705,828,826,1211,1058,58,202,201,569,571,1141,196
571,862,864,1246,1236,1158,790,827,1063,1263,1177,1242,766,561,60,1141,1217,878,66,824,825,860,1258,329,1127,1191,522,203,1140,1238,604,299,846,1243,1210,1058,553,576,1372,597,1022,1113,1271,775,769,570,1239,210,1100,1235,67
735,823,1228,852,862,603,214,577,553,775,853,292,1155,650,1022,585,110,493,988,325,1140,806,821,836,623,1056,233,62,109,1211,1141,1146,863,1238,758,59,827,1246,68,420,1243,1113,989,1190,793,859,1258,583,1372,774,861
96,1204,507,463,426,1045,729,266,997,973,219,136,87,252,544,516,730,261,805,20,968,384,1320,387,687,25,514,378,655,157,662,469,1118,518,145,1176,464,620,153,1038,381,1107,919,93,28,393,158,453,679,1200,985
731,862,583,1236,1208,60,571,522,845,585,504,324,827,1128,321,853,864,775,553,780,593,790,849,1241,836,816,1113,854,819,57,525,1217,877,801,1142,1058,295,878,316,1271,774,802,842,1014,577,314,1277,1275,1258,846,972
418,862,1262,1246,780,197,603,1277,839,1258,852,870,570,853,827,592,859,606,1249,811,415,806,522,787,319,214,536,698,534,59,1228,121,1208,176,1243,584,420,801,1217,857,60,842,178,104,233,846,523,663,562,554,577
1119,422,447,378,1008,433,507,445,258,1041,91,141,435,703,429,350,118,968,1310,453,1292,136,125,518,295,425,1168,624,25,364,24,590,416,438,620,1300,19,533,11,419,704,16,409,400,996,1173,516,440,145,143,1194
1179,524,233,853,1113,771,1372,1249,852,1118,1239,864,314,572,523,1210,172,870,66,862,214,577,1258,290,1152,1238,1223,1141,165,1236,641,650,1180,861,522,835,319,317,1115,823,863,491,570,804,1246,59,1261,110,604,780,329
362,389,1029,152,620,30,996,509,1318,616,393,17,470,119,611,729,703,1038,465,1320,9,544,25,28,126,653,405,1046,143,507,18,1020,459,258,447,1300,1067,33,1091,1173,687,691,1295,425,649,1293,984,348,385,766,1162
1178,1211,59,764,1258,862,282,1180,1270,852,785,1246,1236,864,1241,1146,835,1082,1217,1141,877,312,1308,854,1143,214,1263,1372,1113,400,1136,1183,1265,780,802,650,853,176,954,1228,859,1239,1166,492,1127,213,595,198,1348,1058,1223
650,233,604,1228,67,864,176,592,577,1249,66,986,1236,741,835,319,933,50,853,578,555,1354,202,1096,1263,1259,836,1265,862,1141,1200,826,482,1234,1360,1225,1256,305,1139,506,1114,1115,1242,594,852,553,317,341,1152,511,887
1196,616,430,463,28,1052,445,1041,141,412,982,703,425,997,426,429,140,454,380,687,1089,17,149,449,447,385,1313,253,706,1322,270,675,532,394,1046,1042,87,800,1324,720,1061,143,1342,680,1204,1175,252,230,1321,1038,1286
595,214,846,827,862,493,596,66,834,823,1056,1238,577,803,1359,1228,326,1270,203,775,1243,867,845,594,859,1271,806,584,1246,790,1240,490,238,172,774,853,778,1261,863,581,371,1235,328,189,202,1236,585,1146,592,210,523
155,1292,385,1204,447,703,378,616,87,261,180,390,649,32,509,1041,628,403,442,532,973,25,445,28,381,617,1050,997,459,16,463,379,143,383,680,613,24,118,141,258,968,350,35,1286,1293,666,1161,1328,440,448,417
319,616,261,447,20,977,687,459,1038,385,430,350,25,649,24,973,9,274,270,252,1204,87,141,16,30,703,613,258,1050,1320,393,440,426,544,965,700,397,1327,412,617,93,17,628,729,1161,429,666,34,253,518,463
815,579,1150,1253,262,1340,1333,766,493,275,193,191,1132,1369,850,954,716,42,404,1232,781,1338,1058,1106,717,1167,711,1219,367,938,855,1142,794,1078,884,1000,865,313,1135,125,59,387,277,581,484,300,542,949,1341,1087,844
1,687,425,965,406,996,514,9,429,518,1161,968,119,30,1296,1174,381,1018,472,613,1204,977,1294,28,1316,32,403,20,980,118,383,544,153,35,1173,25,417,430,516,411,1321,1312,510,261,385,108,136,666,667,1330,1070
17,110,570,617,1226,383,453,393,524,151,506,700,87,544,348,457,15,319,432,1204,1096,440,997,143,415,504,133,704,1206,144,146,1304,968,491,624,518,1336,30,923,1068,455,1099,391,487,1191,991,785,996,793,498,411
804,915,1113,66,1135,1341,1111,303,789,1190,1270,1130,1140,1127,1278,1144,1137,553,891,172,337,1100,1053,1290,233,623,266,550,85,1159,324,1136,620,1316,1037,885,190,88,802,148,1058,1200,1187,749,283,189,1263,852,473,490,1160
670,1228,1265,202,887,597,60,577,211,885,592,103,1217,68,1259,307,151,66,862,704,197,1366,12,328,1354,1238,71,871,376,609,806,1225,1248,623,1312,1056,624,692,1268,216,1316,866,821,1372,524,181,1219,1262,811,841,1360
495,853,319,862,103,1336,1022,110,328,863,272,753,389,846,559,127,766,120,197,194,45,1242,1127,43,486,1228,1267,847,823,211,503,555,1340,661,524,558,1096,68,1226,790,44,839,1326,465,993,829,92,812,783,312,824
550,1271,1270,1228,1249,766,824,1082,802,305,1134,570,584,986,133,604,405,862,592,325,1022,565,585,175,196,329,506,841,1238,312,465,1190,669,775,435,159,1330,233,846,556,852,214,514,609,1136,1067,577,581,66,201,1141
68,136,680,779,1340,657,712,994,784,119,703,429,1175,661,1316,1140,1063,38,561,350,152,1061,1286,1300,426,172,1067,954,620,725,164,729,37,147,516,44,45,380,919,158,279,1351,1131,126,1327,268,1299,459,159,430,1219
631,1232,46,63,1272,931,596,1228,887,1137,970,1262,574,177,1212,1266,718,311,816,875,926,603,581,803,1132,1273,575,88,591,811,952,818,246,1251,927,1047,1361,1368,262,1074,1354,377,659,885,205,917,1035,748,1138,337,1150
284,25,975,649,1005,454,1041,138,974,1032,1304,429,12,0,46,984,87,1171,660,257,11,453,153,417,1300,700,440,478,1320,470,350,667,28,1050,422,628,714,32,145,256,977,618,17,443,146,245,174,1316,980,116,815
28,425,532,1162,390,378,510,136,87,411,666,437,405,442,440,678,403,379,996,438,16,987,445,805,261,649,32,119,11,1031,613,1168,514,93,15,441,1019,687,110,412,1161,239,439,1172,383,1287,327,386,703,364,628
585,1152,595,1263,236,1241,66,860,802,1266,1235,1039,862,741,1258,206,1265,582,764,842,1249,1177,1261,307,1236,1218,940,885,319,577,1259,854,312,846,1208,1211,313,874,950,1111,1180,61,585,826,486,1146,1360,875,1242,835,58
1273,687,149,380,800,138,680,1327,141,117,350,426,1292,459,720,1061,397,463,2,140,454,385,1320,507,406,425,34,252,628,901,258,24,17,918,533,16,1296,447,1322,1038,4,142,268,1052,779,1311,270,674,256,1046,125
1110,687,258,459,28,1204,1038,261,93,634,1041,2,449,706,141,447,385,720,454,616,977,613,77,430,680,387,468,700,1052,1320,397,25,1194,35,590,1321,518,440,315,636,532,143,138,136,1029,703,463,982,442,628,996
994,1056,1236,583,993,592,585,1366,498,1228,1135,556,522,1265,1259,1156,862,586,1271,248,1039,320,60,1238,176,577,692,581,762,325,286,790,477,290,1177,845,863,806,864,233,1270,1268,172,175,1248,797,1131,1022,1151,1254,724
456,172,641,703,732,1048,159,1091,561,599,692,553,533,774,1314,1335,67,701,167,717,1238,170,975,1125,825,44,574,1025,617,1023,166,994,421,620,294,1134,219,1128,491,761,1333,1058,468,1228,1342,1102,445,1111,725,541,507
1107,688,766,948,1042,1295,538,405,47,1326,436,1106,365,394,1003,434,1101,506,770,994,19,385,413,586,241,119,129,36,617,691,1333,628,843,1349,200,34,476,1139,818,1280,974,1082,455,634,1013,658,327,3,993,660,191
270,688,982,1042,426,706,397,616,440,459,977,395,1321,394,965,693,2,997,17,93,1320,141,16,679,252,976,1293,378,1089,25,385,143,815,138,703,800,687,152,116,153,29,470,417,978,1295,270,24,1308,1018,897,77
644,329,585,799,325,312,67,201,574,911,866,581,1068,933,871,1228,1110,594,305,775,1245,671,238,836,71,356,665,930,63,61,493,808,596,1187,1247,842,650,525,1248,670,765,1258,1177,944,845,823,1272,849,1270,615,1236
960,1200,289,1125,170,159,1131,1097,198,676,264,852,599,817,671,43,112,312,1206,523,725,525,701,1153,172,864,1154,482,536,157,722,834,836,757,1340,816,308,1113,1258,272,1127,1264,835,747,1119,1344,1143,559,148,1140,1266
980,141,1049,426,1046,447,380,732,1175,445,30,449,1311,1293,125,265,725,1322,350,1094,430,526,99,258,1204,249,412,110,24,1091,116,997,1313,241,800,1019,93,397,647,463,159,965,675,779,1234,742,518,461,1340,717,1312
73,1318,425,687,165,815,20,243,1094,704,399,1312,32,164,1067,683,393,92,118,90,1315,923,144,266,716,1145,158,30,390,624,440,805,925,87,133,1096,725,641,666,981,11,34,149,77,986,410,44,1197,1075,951,916
444,1067,862,1372,571,852,464,553,725,654,292,827,842,1056,565,504,861,867,1012,823,1146,175,541,584,598,801,815,1048,1140,860,145,59,595,1246,203,569,619,1172,1099,62,697,405,994,1221,389,1128,1058,846,987,836,1190
340,687,258,454,270,445,117,143,1038,268,138,32,617,93,149,463,700,613,1306,649,4,653,1161,119,380,364,1319,729,0,518,997,628,975,315,973,919,516,1026,978,1018,403,968,1041,703,425,417,1034,977,815,348,506
212,655,1322,1327,800,1320,380,1038,687,426,153,977,125,1328,35,468,252,628,93,1313,703,119,270,447,616,20,397,994,117,16,1175,465,145,430,1287,0,140,919,720,996,978,348,350,1041,980,464,1286,976,32,1165,805
60,687,585,32,487,1046,25,1315,392,498,616,91,457,95,378,395,544,119,1331,1050,4,351,445,1145,997,815,241,1153,673,143,69,1134,159,482,18,345,489,1311,1348,28,26,1092,999,583,383,675,441,925,613,1008,152
691,149,1194,732,167,1151,268,538,543,387,1042,36,1335,655,145,426,276,997,758,164,425,289,320,701,1322,488,678,665,1147,1014,516,10,1092,414,1154,675,680,478,1001,99,1328,1230,704,510,240,761,498,910,992,350,248
72,687,16,447,977,141,425,1041,445,1052,1019,1292,35,270,1327,634,691,616,507,440,973,138,32,532,968,982,1026,28,143,516,472,703,1038,442,996,448,348,463,666,454,1293,1050,385,9,350,617,30,315,965,706,1049
202,518,687,634,628,1004,1327,997,463,143,507,706,784,117,440,141,383,684,1287,406,1019,977,447,258,590,976,1041,465,385,968,896,616,1003,24,965,532,982,9,380,1005,1070,1052,1300,1124,11,472,805,315,720,516,35
895,445,385,977,616,24,141,93,1052,350,149,703,1202,261,973,252,447,426,140,509,706,440,258,968,16,403,1042,996,1322,351,406,270,1041,28,518,472,538,1020,463,532,617,980,412,117,1320,636,397,634,136,459,468
230,910,149,921,923,1052,145,916,1314,691,784,148,351,505,256,532,87,977,319,687,161,1300,447,453,703,1202,815,922,714,620,920,1089,1316,528,387,1165,469,488,1063,925,1096,1355,31,980,829,4,641,406,393,244,1323
436,1058,1333,596,1352,1212,179,358,190,522,1131,181,325,1238,781,874,585,816,1207,493,204,504,233,749,1228,581,562,1261,1039,248,536,1359,875,1266,176,756,367,370,758,1053,1024,1357,1146,847,952,1136,1112,1254,286,1273,171
1102,141,1041,1292,380,1324,399,478,266,720,1005,954,430,87,1322,253,1328,687,463,1327,125,350,442,965,689,153,715,426,1090,1118,732,567,449,613,509,17,533,468,459,1336,680,447,1204,1061,1070,149,391,667,77,1091,647
110,389,110,1176,87,393,1341,815,1136,558,349,426,649,1316,644,954,1153,429,506,559,583,1342,108,405,438,1320,447,419,44,378,1340,1197,1031,1096,1086,441,993,463,544,712,327,553,434,616,491,502,507,15,1145,1051,455
1096,236,802,317,887,761,1146,1371,67,862,1273,1228,1110,864,376,1238,749,1259,692,312,877,1271,852,853,839,847,857,878,335,1235,609,846,1359,1249,875,1263,319,341,343,305,581,755,766,310,874,1258,207,59,175,413,883
733,1173,220,543,1107,286,1175,742,741,980,243,900,1023,230,1343,768,273,456,241,1116,1102,6,1029,506,1234,713,496,994,119,697,198,1002,482,683,1330,475,394,1019,343,287,445,464,37,985,1171,1299,659,1022,501,491,642
762,1322,145,687,655,350,680,1204,430,973,968,1004,258,149,1313,628,732,1124,1052,141,509,252,138,1286,38,616,468,385,143,43,634,463,720,153,779,994,507,533,1175,16,1019,1005,674,716,1293,36,703,464,1041,426,41
470,581,1228,1248,862,596,846,859,524,816,233,1153,329,766,778,550,577,70,827,817,799,853,1236,1243,751,868,205,493,203,85,502,1146,835,834,867,319,328,368,825,806,1239,803,1200,497,1260,705,715,571,1238,1187,1262
487,1177,57,828,764,1358,213,230,1235,1141,1044,567,724,1191,780,794,526,875,966,793,741,874,1180,58,1205,835,322,278,331,837,597,1121,783,930,781,843,1370,481,356,1214,311,328,1202,120,465,693,838,358,778,769,41
383,425,800,445,700,28,350,387,261,406,125,140,142,1324,1045,620,1052,266,613,616,149,219,1026,1328,532,1085,1006,153,687,982,463,1067,17,679,118,404,399,230,430,752,975,649,426,449,1037,0,1027,417,1327,263,1061
1143,1204,445,1202,430,518,425,149,784,1061,1327,697,143,164,136,1026,463,1316,1038,1342,397,980,613,465,141,1286,9,977,140,142,35,1049,1003,1070,516,729,417,532,1019,350,717,1091,1094,258,1071,1044,1148,1176,617,20,693
1054,1048,1359,827,304,14,1266,570,1208,1093,988,302,529,1246,211,1259,790,853,876,1372,1142,1130,749,120,1101,1084,522,66,1039,1206,972,873,319,941,661,490,1248,294,685,736,705,860,3,63,592,200,987,1010,383,1222,1191
687,350,445,616,28,687,261,17,732,614,454,1292,258,140,655,149,315,1061,1204,636,412,516,20,617,973,704,145,1202,703,649,1175,427,662,87,779,975,459,449,784,518,385,126,426,1026,82,9,1320,136,463,16,1316
1250,329,504,522,766,201,319,210,320,1228,570,840,487,1191,841,862,1238,556,498,836,705,1236,863,551,583,304,1290,581,835,852,650,205,176,846,871,818,524,585,66,864,574,596,294,993,604,14,1219,197,1239,860,420
1120,1003,430,965,454,1328,501,1313,900,1175,1038,149,1338,1117,1350,1040,1000,360,355,1124,125,709,252,1004,1185,613,1285,115,16,129,1327,217,145,997,622,697,1286,716,932,640,707,173,1121,1375,955,982,961,333,784,140,759
1086,468,524,279,1188,557,653,716,526,712,1241,1218,261,1091,154,47,236,266,818,1187,1101,1067,1102,590,1111,1082,252,225,425,1096,172,320,170,1146,1236,1132,680,505,819,717,157,268,693,1353,275,441,986,977,230,1249,452
1296,1204,1293,766,1296,1286,965,991,294,502,954,561,62,464,999,405,1018,455,684,712,729,1351,41,273,683,1352,717,129,158,1048,117,471,390,166,643,15,219,516,611,697,978,100,36,3,272,670,389,1190,50,353,1012
1297,1322,394,1204,1321,449,628,532,447,509,533,1046,93,463,518,118,1175,406,153,720,380,1293,387,1301,442,385,703,24,143,412,459,706,800,1013,1324,1070,472,445,230,150,1292,117,141,1042,684,1185,1003,350,1076,1168,510
1309,391,452,779,134,226,564,1175,805,390,327,234,324,141,510,986,1057,590,146,599,785,458,645,110,198,506,468,4,1321,951,1310,1176,1205,968,1058,119,1289,636,821,112,999,648,795,437,621,1153,453,1200,817,1012,1312
345,687,445,93,628,447,426,977,982,141,616,973,800,406,28,140,997,688,425,17,1327,507,454,965,532,1328,1026,706,270,385,16,440,32,417,533,261,976,703,153,117,380,24,968,1049,463,35,397,1322,119,350,1320
431,459,1052,1322,784,1321,387,141,800,1042,17,657,449,538,1342,616,701,253,136,252,1175,469,703,807,732,628,249,1165,997,680,145,463,1299,143,442,1335,464,125,153,532,1070,273,1204,260,1328,655,149,1320,977,526,805
282,230,666,626,126,641,443,449,688,706,616,1325,442,25,704,16,8,975,29,1052,815,260,81,440,1074,385,13,690,432,518,675,898,115,747,1194,1057,298,1305,343,259,501,1060,174,1037,472,526,380,425,636,893,738
390,1314,38,617,463,87,815,518,1342,1318,119,468,389,974,274,411,1316,641,1172,805,380,90,451,110,929,680,706,1000,145,427,395,158,172,732,41,1071,687,666,37,1295,415,1091,725,136,510,975,430,1007,1351,409,1171
1098,614,93,1204,77,1026,425,228,430,784,243,1293,250,143,440,261,439,1321,443,30,28,259,442,691,1020,454,463,509,975,695,1019,148,686,449,31,292,538,680,518,1294,977,260,968,8,1306,149,1049,1162,507,1046,1174
982,1140,248,1316,1265,1094,43,1136,495,1263,164,732,1092,697,665,730,988,1173,1372,915,1270,498,473,834,1238,504,1151,761,62,1147,676,749,778,85,1248,312,502,1225,1091,1153,172,864,741,928,423,1236,215,1058,878,663,356
353,425,35,390,514,968,1204,392,518,507,687,1318,445,1304,87,636,999,440,998,704,977,532,971,750,21,347,381,649,379,33,410,11,996,1332,535,706,785,641,92,250,296,531,1036,424,441,453,406,667,409,1213,534
820,827,852,1270,570,324,522,861,66,1228,581,803,585,846,593,853,110,1239,1236,553,1022,1141,1249,554,320,1058,775,146,1332,862,780,609,715,70,732,828,523,1258,292,771,233,1135,1177,1246,491,170,1266,68,61,802,819
681,87,1296,438,472,378,965,441,15,514,16,968,425,383,1197,687,403,9,18,557,1330,1326,646,1051,1314,617,25,1013,1316,117,703,36,409,667,437,553,393,844,50,92,126,1324,1120,662,535,1036,401,1172,1037,296,447
1109,1338,360,822,707,1203,115,731,1042,759,537,222,509,894,42,1357,1281,463,1001,355,1293,1279,546,114,123,1078,461,622,904,1040,354,1185,1003,474,1049,1298,288,961,1257,277,167,735,734,884,160,217,1283,695,334,1061,131
596,423,302,603,1249,801,803,534,102,874,46,859,861,68,876,867,811,862,522,705,1131,826,823,775,63,609,1354,1022,178,816,802,1035,361,944,72,718,246,733,1259,233,555,500,1205,1010,855,1258,824,650,1371,523,1256
1187,862,1056,416,827,823,319,570,1263,491,1239,1236,233,165,852,793,317,299,504,1013,571,172,1022,294,592,1187,1246,611,1208,569,972,863,853,860,724,842,302,1039,856,219,1259,197,64,1247,803,824,1262,846,1173,497,66
1198,425,691,149,20,449,703,141,430,634,680,1320,381,516,28,445,136,1322,148,270,965,433,991,403,768,1313,532,241,994,701,1173,1286,919,447,253,93,0,1324,1014,415,1312,617,590,983,1300,784,1013,655,411,441,800
583,522,1371,852,203,66,1263,823,811,1113,592,860,1246,1248,202,792,1239,570,853,827,1372,1240,787,769,816,757,1058,834,1238,1270,289,819,658,1266,791,846,865,826,828,856,1208,63,283,547,366,802,863,1237,299,866,248
122,680,1171,975,614,425,815,720,118,264,1029,406,620,1295,470,24,378,270,119,138,266,1038,230,141,543,93,628,409,507,476,555,1046,706,392,366,29,389,1042,110,147,1321,991,974,1355,233,395,703,30,996,1134,253
1039,862,766,319,47,491,524,571,704,570,1056,1296,827,835,1236,203,543,264,1238,1146,864,551,1127,1246,92,856,1171,1094,596,1058,176,468,1226,1152,266,522,487,803,257,52,550,844,469,201,272,954,593,274,778,46,252
18,351,350,273,454,77,167,1300,249,37,700,687,117,23,974,7,1248,1112,430,966,1373,737,410,148,1106,345,409,279,119,16,673,674,67,923,364,1294,164,710,1293,916,532,805,1314,213,165,626,387,448,1053,179,516
225,703,430,617,980,141,1286,1320,634,697,680,1173,1052,613,468,1061,16,411,350,25,0,1007,9,510,1316,270,1328,666,636,1041,532,1292,378,426,1314,507,454,116,1321,403,616,153,1012,1063,1089,315,679,1070,732,138,158
229,159,158,453,1312,729,657,815,725,469,951,1094,704,157,92,234,1342,703,350,624,1316,1161,1291,649,1099,352,514,9,655,25,470,252,985,440,1018,425,1051,742,136,557,1318,327,348,389,22,4,28,434,419,968,1242
42,261,628,454,430,255,1175,965,1293,258,1061,1292,700,425,1195,1194,463,459,387,703,1204,11,1026,538,230,1173,743,445,28,679,673,1152,152,688,752,1038,25,136,250,616,1306,784,260,652,268,1322,259,433,1052,277,992
237,406,425,985,433,704,687,412,1063,1316,426,1173,270,470,148,393,996,655,510,1340,469,1202,274,478,453,136,1286,518,994,87,703,516,1320,380,679,1326,628,1204,1313,1292,1327,149,43,706,99,427,557,1061,991,805,649
462,329,714,1177,969,551,320,201,991,158,44,233,1312,47,816,1245,1022,1288,777,104,1171,504,433,1320,1354,1017,180,524,758,1063,453,66,308,729,643,697,951,163,836,1060,827,1252,172,494,741,39,1068,1180,966,801,1342
149,20,687,1286,385,16,403,447,379,430,159,628,1005,425,1292,1327,32,1176,973,87,350,1204,1046,997,143,383,1161,977,1041,270,636,655,700,348,717,119,381,649,463,28,93,1026,784,400,634,116,17,380,507,1019,1293
659,581,57,845,202,577,525,842,887,862,1373,827,329,585,852,1271,1228,593,823,1332,584,549,1354,840,1259,836,603,201,60,62,1217,858,67,504,1246,1275,1044,607,846,773,487,1265,1270,570,1256,799,583,68,320,554,316
760,425,1292,261,219,389,1031,968,439,1341,445,653,1311,1102,50,954,671,766,680,729,266,442,1154,616,447,509,9,202,747,503,172,506,742,965,276,1145,708,157,1093,890,4,269,118,112,543,977,364,518,1300,617,1172
634,864,1168,862,646,826,460,1259,824,823,1174,1239,420,860,400,1242,1180,66,1366,312,62,337,1246,299,829,304,295,1236,835,827,1120,757,1067,1036,1270,401,875,110,553,1247,1263,1187,1217,698,290,861,641,693,323,840,1056
379,425,994,973,387,1175,628,380,703,1076,426,1321,680,470,274,1202,538,1091,550,252,977,693,687,464,701,1335,469,148,1313,253,322,140,919,453,532,1045,720,445,980,448,28,261,459,1226,406,1089,706,1300,510,1188,1051
308,732,145,20,273,729,1047,1091,1312,657,445,43,274,1067,526,1342,1051,158,387,747,1327,616,713,516,1061,533,561,1045,429,426,1089,742,779,159,463,1094,683,697,1038,1165,1097,1292,166,447,666,991,21,4,44,464,1194
925,1038,425,459,258,140,977,149,973,1026,687,143,138,457,30,397,614,720,919,4,454,35,1029,392,620,468,395,784,599,234,2,662,1083,253,417,669,275,1162,144,1135,1027,118,1102,442,170,706,1094,85,165,1138,1153
1026,1023,1056,1259,570,1022,176,592,1047,862,875,1067,586,104,741,1366,69,874,1225,66,469,292,487,826,495,1359,1039,198,1265,818,1230,609,1228,320,775,1246,248,72,758,1245,724,230,698,599,860,907,1092,46,14,233,908
1032,808,581,799,1244,1255,853,574,473,1235,1247,201,205,1248,1258,885,966,317,915,875,773,877,104,203,199,210,952,874,862,1119,872,320,102,953,596,62,1241,52,1156,849,1371,375,66,871,341,1359,577,373,571,863,1360
1022,585,1228,522,581,1022,1270,325,67,852,543,592,278,783,827,320,907,203,860,862,201,1212,758,479,802,1211,821,181,824,1242,1271,197,828,304,1200,705,819,319,1059,66,776,714,803,1254,823,845,1039,826,166,835,62
990,1155,1258,790,68,853,1166,858,294,411,966,482,102,155,194,763,553,1119,911,935,947,918,832,945,65,1012,1163,877,740,531,496,867,551,1143,953,603,964,581,46,1275,321,112,12,672,886,326,66,580,164,94,1128
540,177,581,583,827,57,325,692,281,577,257,585,493,66,844,865,1254,1219,328,609,503,1228,238,58,312,337,789,840,582,1177,1265,452,837,744,329,331,860,193,308,855,828,1059,203,862,311,754,806,1056,1135,751,477
816,1191,860,1022,835,1236,522,769,852,1044,1246,60,57,1217,571,1263,1247,61,861,741,203,841,823,66,827,1058,819,1235,423,818,1211,1056,1180,319,67,585,1190,1239,766,1140,842,1208,783,846,328,570,314,780,816,845,581
646,596,1257,591,799,1264,338,189,331,862,209,191,334,1371,1365,872,1254,1276,775,1158,206,1149,868,62,776,874,820,1244,958,823,1246,770,773,1270,940,1243,1273,373,1223,867,302,86,1266,1369,1058,1360,484,326,565,959,68
1156,923,925,766,920,912,1316,922,1173,197,154,1277,908,1226,692,586,1230,583,319,435,621,95,452,524,795,527,729,498,568,329,1050,1332,929,1094,980,818,687,4,928,1051,273,539,120,1336,1187,951,296,305,133,320,58
554,1299,753,30,50,1344,722,108,419,558,118,689,691,85,14,1008,774,992,506,845,677,488,447,470,1135,658,742,1100,415,1346,919,746,561,444,814,23,480,233,106,409,198,570,137,660,1057,445,449,431,172,784,412
176,1221,862,1236,741,585,1039,1238,581,823,1058,1113,864,1056,286,1094,1263,1140,1265,1270,988,319,167,954,1146,1271,834,803,810,1248,504,1258,59,592,551,846,233,321,852,205,878,827,571,62,839,1237,565,502,749,1191,1208
464,862,860,1022,312,201,854,853,775,863,319,1191,1236,846,583,423,826,875,1177,1238,67,842,836,1208,328,1249,1228,61,1235,62,818,827,551,834,1271,574,332,553,203,504,1223,1256,585,1211,841,866,878,592,584,1056,1258
1158,862,201,583,1208,1152,802,593,841,585,878,1259,522,536,570,1266,62,275,325,609,487,553,823,571,1191,319,1263,803,1154,565,819,1143,775,389,854,1238,795,581,353,320,1022,856,864,1151,592,504,1187,203,826,15,175
175,1359,1228,864,862,860,578,775,875,866,328,828,1241,581,857,834,827,104,196,1235,325,547,577,307,203,1039,1236,835,1132,808,1266,861,852,1251,1247,724,874,202,329,867,659,883,855,1219,213,692,964,858,330,585,1243
254,1205,543,65,197,861,276,104,862,68,663,1058,916,867,451,783,423,852,1141,827,102,553,859,118,304,621,570,826,803,45,319,60,1304,1173,802,790,1236,1068,620,1267,1012,846,1171,487,464,338,564,818,178,816,1111
709,1068,659,1194,548,1171,454,52,164,297,765,268,182,374,1009,254,727,1060,483,1182,81,363,953,782,768,881,861,282,967,1074,501,574,580,123,911,831,111,78,1255,1006,360,701,937,1327,113,935,1288,72,799,340,716
552,823,1270,66,580,1,596,802,338,534,799,201,816,320,547,104,846,953,312,817,927,803,302,1272,337,856,765,1259,208,304,871,581,1264,947,1353,1191,718,874,373,940,858,1200,189,1141,591,619,861,500,854,79,565
868,1204,117,258,397,800,687,1072,1327,387,220,143,657,16,697,683,1029,725,613,270,1322,445,35,1027,385,463,32,1294,0,267,1049,93,779,1328,279,17,1038,9,1026,1042,1311,684,406,24,426,1292,459,153,1019,1293,232
145,687,994,703,628,977,1052,28,459,518,1204,1026,1175,997,403,445,919,35,448,220,261,17,1324,1328,982,138,1076,1061,253,442,117,532,149,1322,533,1293,153,245,351,143,680,973,655,590,20,617,662,1161,145,417,465
1128,440,687,425,706,532,1321,143,459,973,1052,997,977,93,447,138,628,16,387,518,385,383,968,397,430,141,688,616,395,720,270,1019,691,700,1046,1045,463,2,35,1005,429,533,412,24,125,613,394,442,1026,679,1029
77,126,1318,980,1174,687,815,1312,532,425,110,261,378,805,389,411,1316,383,518,544,399,405,9,1161,148,1031,250,1176,381,1293,393,968,1173,390,270,327,11,973,564,1304,1099,403,36,108,1145,1172,409,1197,35,1067,136
797,1283,899,781,831,115,602,873,889,1350,297,881,51,182,185,963,1301,1253,53,1203,884,1040,114,1185,360,707,363,73,612,773,404,893,904,1339,872,330,1353,932,731,367,942,580,537,830,894,232,340,1178,820,208,1257
368,1204,1173,270,649,315,532,982,1293,617,119,447,1312,399,28,1026,252,703,729,954,87,1067,655,429,1321,1287,258,425,271,438,393,514,679,687,975,973,691,31,1300,632,590,35,977,980,138,9,688,261,712,1045,143
1214,1303,1293,140,550,1237,181,1308,917,37,393,975,777,1327,1300,100,1020,734,1288,396,458,750,126,639,785,44,453,476,701,176,1340,41,349,33,748,691,538,412,174,134,646,436,697,302,1342,230,684,1210,480,1313,1349
809,230,167,468,1038,729,47,532,965,712,266,274,119,77,1013,271,261,985,1070,350,1293,152,294,1082,697,1067,1316,126,387,992,399,1234,1340,172,1312,1335,4,725,90,315,99,0,380,448,919,683,750,32,400,394,279
1312,1204,16,510,628,24,507,509,385,1287,1175,687,35,383,1310,704,1070,380,532,1322,472,1000,1319,518,145,701,984,974,11,1293,417,613,531,409,706,751,132,282,1019,1002,1311,463,410,387,48,430,514,449,100,143,667
1269,1202,18,21,356,617,241,704,544,1173,1034,435,1312,1167,741,167,1316,152,526,1122,92,1052,4,1063,1318,1330,535,1095,996,511,35,22,1226,557,1319,425,1127,50,1065,148,1094,20,1311,1169,829,198,30,345,1124,1340,465
600,54,500,63,570,286,846,819,1248,577,1373,522,1225,770,1249,177,853,300,1144,834,292,1272,1140,801,933,754,1228,65,104,170,376,202,1241,761,112,845,583,818,1100,1160,1214,1111,178,847,969,1113,603,504,325,553,1235
926,1202,1328,1000,351,1003,683,1324,1188,985,716,1052,149,148,1204,1004,728,1310,1286,1327,1148,911,394,226,977,1326,393,518,1023,1175,0,933,16,406,1161,1254,1053,447,655,66,703,757,379,1007,25,634,437,611,670,1270,984
25,1200,87,4,393,108,620,1050,410,1318,394,364,378,1096,92,395,315,148,1314,144,350,396,613,498,981,752,750,119,766,58,133,164,158,457,32,279,403,1139,319,980,412,1226,561,296,1108,33,1168,649,159,434,1145
983,1355,985,1201,460,468,1316,700,654,44,810,524,732,639,1249,1228,39,425,1067,970,741,43,1084,248,22,954,1094,1142,913,1175,312,144,513,750,20,216,306,1258,244,1136,623,1174,1181,703,321,761,266,1119,1270,491,878
329,1340,463,447,703,378,1292,143,429,469,628,561,1041,535,725,393,412,680,470,464,433,126,752,394,445,427,1342,1017,544,1204,507,87,453,1335,4,815,1046,533,387,91,166,448,973,1045,729,954,33,100,348,243,384
14,687,628,616,430,1052,613,406,1327,28,93,145,1204,703,516,385,442,9,426,25,507,141,984,425,732,1046,662,378,683,427,997,11,270,649,261,666,968,380,136,35,119,411,143,634,1286,20,982,274,412,1161,393
153,383,518,381,784,687,1173,973,649,243,141,1005,984,1168,980,143,613,1287,403,472,968,425,136,982,250,92,438,87,1286,463,469,634,510,805,1202,411,617,614,985,1051,1012,1029,433,998,445,144,417,994,0,416,219
975,768,87,1175,381,1065,433,1202,445,350,614,256,590,380,986,1022,1008,532,660,273,732,535,898,741,77,1023,351,1012,569,138,449,164,531,1226,400,260,544,1067,1005,91,261,669,18,570,662,516,452,415,634,136,704
1239,703,1176,1326,9,688,470,441,252,270,532,985,741,421,978,427,28,1321,506,514,464,153,32,40,469,459,1306,1099,1018,15,1036,152,405,951,713,1124,1354,701,687,18,1330,657,429,463,274,815,563,510,533,1002,706
1242,459,1052,387,140,141,430,997,440,394,16,1321,395,616,93,445,1313,532,706,977,1070,965,688,230,800,380,260,397,687,628,252,700,442,398,449,145,425,143,720,1046,220,447,1038,533,1322,975,385,32,270,1320,1185
1222,507,394,1313,425,1321,260,977,140,509,118,459,230,590,472,980,136,253,1204,380,24,997,1322,383,141,430,616,440,138,1050,532,688,387,1057,445,261,987,449,1070,687,533,628,1082,315,350,442,468,399,447,34,1042
941,425,270,36,1286,145,1173,636,994,468,916,985,465,1312,44,1153,1306,137,1320,1316,441,350,516,1328,99,447,507,1052,683,1091,1202,980,1340,1330,153,41,116,526,35,389,158,1067,464,159,617,1342,305,20,657,908,1171
429,406,412,445,395,380,720,703,532,468,533,427,93,136,350,140,141,687,454,470,260,1165,1300,531,230,447,44,429,465,1204,399,453,149,1038,119,982,463,315,143,617,1292,680,1318,700,1322,435,270,378,1092,394,815
549,574,504,761,1248,292,1344,754,553,74,565,827,196,774,1273,584,1228,585,755,581,1259,523,312,845,603,839,799,320,549,66,801,1240,751,551,376,1271,606,323,577,203,611,308,758,863,834,846,802,206,847,862,1276
1058,1219,864,1022,582,1270,320,491,1059,556,1266,1271,816,391,999,1067,741,1177,581,862,294,319,1056,940,964,585,988,775,1141,597,302,1265,59,210,1276,1246,578,790,469,860,331,1366,552,66,855,887,494,152,1274,1092,1359
985,325,551,1260,1154,1333,928,583,62,802,876,571,304,1256,320,1238,1341,854,1261,842,524,286,59,607,581,1208,1120,1344,317,329,1258,864,823,1249,701,1244,1228,816,765,332,202,1146,839,592,210,952,609,201,1352,236,65
720,716,1368,482,1023,852,296,741,1175,764,341,12,1166,1147,275,877,1088,75,878,1047,1183,734,855,785,1150,177,1363,1348,1128,1246,1239,934,1347,1167,1039,1308,724,965,1229,220,533,941,299,705,492,1070,274,310,960,343,69
680,703,687,628,17,784,93,25,406,590,1314,140,426,270,421,706,153,1014,704,680,634,779,454,532,768,1286,148,261,1320,1089,442,701,655,518,1323,465,138,256,983,1061,1060,448,378,918,507,438,449,977,381,533,425
689,784,732,164,425,253,464,1165,752,613,704,1091,741,697,1321,230,1063,430,701,1175,141,1030,1168,387,905,1335,445,1342,680,662,1025,1130,1319,667,1292,516,136,1140,620,1023,454,1194,41,655,138,1000,385,910,543,266,693
537,1291,438,824,104,654,669,752,578,1032,214,844,429,133,305,329,295,201,860,681,952,67,1022,814,705,570,714,1240,581,753,887,1228,769,823,916,165,1068,1238,842,1332,555,620,479,790,930,63,1086,598,1151,1187,840
1031,1314,641,405,425,1194,576,325,687,503,455,538,304,294,774,410,1318,25,785,1096,714,491,632,378,329,1247,319,692,1290,435,1053,411,758,34,1330,440,550,259,36,799,667,706,356,261,148,975,524,402,835,826,1132
724,641,1068,174,766,986,118,276,411,1314,803,415,532,455,846,815,826,110,1171,136,381,1332,166,624,514,434,649,852,1211,319,469,583,1036,1096,327,111,1241,669,1291,395,714,440,1136,49,392,429,716,1239,472,577,159
224,703,442,136,445,25,518,261,516,509,1204,1202,91,351,117,1327,616,1004,270,378,9,455,628,464,985,403,994,655,153,0,977,93,430,439,145,613,447,87,1000,394,252,897,800,1076,385,411,996,634,1029,514,684
593,987,522,585,1139,292,1225,1228,860,705,1012,592,862,433,329,405,557,1008,1373,165,438,791,381,637,319,1259,144,1291,376,14,551,804,411,506,907,584,437,553,653,1290,116,984,335,4,852,1243,401,1320,981,94,617
1150,1067,1025,1113,1094,219,543,172,553,1099,919,286,988,1211,1056,4,1091,1335,620,59,1249,243,266,758,747,1162,1171,44,109,676,1082,617,419,749,864,1143,1174,646,504,224,1022,1270,1236,524,1172,9,464,225,725,774,1140
70,879,162,368,585,1277,508,781,839,89,211,882,541,699,787,952,917,601,217,354,813,362,821,691,431,1280,814,1301,339,731,1309,1366,96,1350,1214,517,801,128,481,873,298,215,509,204,638,914,132,881,1104,213,1356
615,1228,1217,862,1270,1236,577,827,1371,1238,852,571,585,846,67,887,877,493,553,593,875,856,574,811,803,840,802,854,522,823,853,504,603,778,565,312,1058,1259,341,317,818,525,1258,66,325,866,57,202,562,238,214
449,43,1134,766,1341,1136,1352,1171,126,159,1153,1335,611,157,99,477,1022,774,915,729,762,174,1340,795,422,1135,1190,455,722,1228,470,38,643,278,752,1059,100,87,1297,825,164,705,1107,52,47,233,1140,988,738,433,506
114,1005,392,409,1211,975,861,391,497,697,495,724,923,986,1175,1029,678,396,741,887,987,954,1056,624,1096,1173,387,1000,567,862,666,395,393,1061,487,12,654,590,990,1022,852,1118,1314,302,550,720,1355,9,398,16,660
1271,1067,425,445,706,703,258,143,1045,617,1174,35,426,985,975,1050,435,1091,315,389,700,17,982,251,453,1286,270,219,465,1038,1052,968,1005,1029,691,472,919,980,141,28,1173,800,110,138,148,1007,348,448,965,1020,252
1216,430,126,968,87,687,472,425,531,440,28,544,350,140,429,385,427,117,516,447,387,1026,1292,1286,136,315,261,518,383,975,379,180,1051,17,996,149,393,24,125,32,141,453,564,11,1037,256,146,1342,110,270,732
93,445,440,968,447,25,981,706,532,141,544,405,87,93,32,411,965,805,378,973,617,628,385,417,1292,1050,666,616,439,442,1026,403,1320,507,434,110,704,1316,20,1099,416,996,383,28,433,983,980,703,258,1300,999
29,149,87,429,1320,140,703,815,136,447,1067,425,1168,1300,514,350,706,254,25,655,381,654,454,996,1041,464,507,997,1052,982,403,983,1010,1310,93,261,674,409,364,11,649,440,975,752,532,1304,628,9,994,1194,636
517,522,815,827,570,823,846,1242,1190,1246,703,824,766,867,780,52,1340,1129,1154,593,544,99,319,110,864,1119,1238,825,706,1228,975,842,705,836,1236,60,641,598,1149,989,1221,577,329,506,1022,1243,791,565,845,1187,504
271,393,687,440,406,383,392,977,390,996,32,119,1176,459,532,87,394,140,385,815,398,975,1026,378,437,396,425,700,430,1046,455,1293,33,1089,1286,1059,929,1288,4,111,30,980,28,31,126,468,1321,1295,643,100,180
1276,419,487,38,576,729,1310,742,1066,1344,1333,165,126,350,1135,1341,1043,274,526,491,708,714,1190,611,682,166,137,49,1097,550,780,470,380,1105,139,1141,159,815,1340,172,1134,1335,984,1027,533,1082,443,1024,1286,747,1331
799,1327,404,1019,1202,734,177,855,1345,35,1012,1120,1014,1078,1184,1343,813,1175,973,831,1016,261,1122,1020,488,559,125,191,51,779,275,1052,1338,254,292,268,439,620,459,1203,1274,893,1212,560,122,6,1129,140,338,141,253
1211,87,25,425,544,118,411,805,403,416,704,136,669,392,401,1162,968,535,1173,393,1139,383,379,440,570,441,1304,405,1197,18,703,514,429,1050,386,1067,487,390,435,447,472,434,1316,433,172,1037,144,1332,1008,159,400
1274,570,60,1246,1271,425,1236,583,197,584,704,433,286,705,845,284,504,54,856,1230,148,351,1254,110,502,553,836,571,67,842,604,991,577,487,582,637,179,473,198,678,405,437,791,592,619,118,66,320,295,834,248
30,270,429,616,9,649,1038,687,1050,1320,425,624,459,256,655,516,703,1204,118,25,1286,426,613,1316,159,149,729,975,982,380,657,463,381,590,20,445,403,674,394,1089,30,119,253,409,93,400,11,683,126,261,384
653,233,104,103,278,606,214,329,328,853,577,952,292,1258,60,791,71,1141,1354,811,931,858,341,846,1249,525,524,1256,842,604,761,609,527,743,593,862,852,210,41,1144,1275,1262,823,1252,1235,600,317,580,236,482,597
959,138,977,315,445,687,1204,617,24,417,973,700,416,270,403,93,784,706,919,514,688,590,440,30,141,507,447,1304,405,720,1026,385,620,974,1202,968,1052,997,1293,257,4,732,381,364,219,148,448,996,139,535,299
287,425,445,1204,138,453,438,704,687,141,440,968,703,270,143,1320,977,982,518,9,732,469,433,507,999,996,243,649,544,975,1008,256,533,1050,383,430,219,620,429,1286,1332,1063,416,985,427,613,255,378,1094,401,417
473,1228,862,67,741,1248,1155,592,1238,551,878,292,1249,574,1372,214,766,1359,305,71,853,577,1039,502,596,609,841,522,1273,329,181,570,823,863,1259,944,553,852,491,1171,864,1191,799,1115,585,151,836,1131,248,63,801
488,862,1236,197,1056,1228,1238,860,846,172,570,60,592,67,1270,581,823,864,1271,214,522,553,1277,836,1243,887,329,849,778,1265,1146,609,491,66,766,1022,504,780,863,210,840,834,758,1366,842,577,692,583,827,1246,856
26,585,1259,60,583,835,849,328,214,104,859,335,570,846,1236,828,834,852,856,1140,203,317,66,853,70,574,1056,551,1247,1244,1146,874,1235,1180,875,311,1248,841,816,522,1039,1217,718,593,827,775,69,1256,493,952,321
416,741,322,502,275,862,99,1175,771,1158,1022,1132,825,583,296,228,1044,1239,1165,1152,168,1008,864,1206,1056,852,233,1048,1131,1039,328,997,317,1107,465,106,445,599,1149,1228,468,576,769,732,1177,785,110,845,281,633,683
421,596,496,1159,112,1277,50,806,1008,592,433,512,715,879,88,292,168,1002,233,376,286,907,698,819,169,1092,371,60,1370,962,1352,776,1144,179,766,1236,178,650,788,832,370,1127,1353,502,1110,1291,228,1265,733,1178,688
823,1365,1177,859,578,862,324,1158,775,1092,823,609,1269,1149,60,586,826,1211,582,864,741,104,845,583,576,843,769,494,1113,799,599,240,1022,1247,1243,206,1023,878,603,522,818,57,852,803,1179,1261,939,817,854,592,1242
1118,425,544,532,1175,405,1000,1174,153,381,703,440,445,261,1287,628,1320,17,378,636,426,438,1020,136,985,28,1171,250,1031,1204,472,617,258,87,1099,470,1014,983,1168,954,415,1262,1300,270,1052,20,427,1162,896,706,35
764,4,691,636,24,394,628,28,118,700,441,261,437,117,19,1292,440,16,406,399,624,976,381,996,1067,254,397,425,716,1116,985,590,634,532,550,1174,35,452,703,364,544,1052,250,47,390,545,434,77,9,1171,814
1267,845,862,1221,581,570,628,1248,836,60,1050,1254,1211,577,856,805,25,535,425,571,504,392,818,201,381,724,1265,57,416,1194,844,1262,689,1315,394,71,203,1056,437,1139,442,1230,176,1332,12,819,67,637,205,999,514
1306,425,32,442,977,443,1057,9,28,119,458,421,261,389,126,613,364,168,87,447,95,445,77,393,0,1344,532,459,427,274,219,1067,675,430,457,968,250,253,434,954,965,1045,350,653,1036,1176,178,395,563,1105,470
1024,853,1141,312,1208,553,66,606,176,832,1186,802,775,609,62,1159,650,1183,238,86,633,867,1156,110,827,326,604,1143,859,1243,493,1270,1228,196,190,1236,324,749,70,565,1113,846,1249,1196,803,575,835,581,698,523,223
1290,230,599,561,1140,1335,445,1091,550,1141,145,717,45,784,1132,1042,425,768,279,567,103,1340,835,176,980,148,323,793,1249,141,1045,1096,426,870,459,273,1352,701,1023,620,1202,1165,257,92,609,987,409,1156,1351,205,1239
518,1117,1365,1110,336,817,343,354,629,186,868,298,1253,883,1361,530,953,450,872,262,1158,959,1106,759,191,668,695,899,1203,566,1248,1104,208,816,1207,342,1373,1338,188,627,160,317,932,1166,190,229,339,867,56,1216,1250
450,1153,274,1094,805,364,251,1239,669,1175,561,41,464,410,715,416,491,395,45,704,1099,1093,1036,1128,741,1270,468,18,391,692,403,99,1352,1162,159,974,827,1031,266,1316,1318,438,243,460,110,1226,1200,1291,795,954,553
1286,1173,445,965,145,18,412,1008,260,694,454,703,249,442,1195,1026,459,11,149,673,1204,468,1322,1032,1292,153,628,125,1052,28,261,0,679,732,417,258,1092,700,734,1327,1045,96,1107,43,545,620,1023,33,1328,510,25
1025,841,319,1022,553,569,1236,551,1259,585,583,586,1239,871,67,103,825,592,491,828,854,524,201,1228,966,1094,1056,780,314,1202,577,66,824,522,328,860,1238,292,597,844,705,1225,164,751,46,1190,845,1030,704,331,1208
1027,1270,1263,852,1039,1222,802,1254,595,1219,1166,236,842,206,875,1247,331,861,1058,849,1113,1211,824,864,1208,749,837,337,59,756,589,847,1273,62,1228,367,313,1244,878,846,857,325,304,582,565,854,819,834,877,736,1264
1249,110,43,272,469,1022,1141,487,166,620,1172,239,1176,669,566,853,1067,698,99,319,111,790,1129,586,498,598,383,553,867,159,624,544,514,775,692,1084,1056,316,568,703,163,267,829,852,780,1187,151,677,1190,1058,175
1142,1022,784,423,38,769,729,1342,1191,783,780,445,514,1190,1063,41,620,1171,469,972,583,826,1068,1044,693,1061,464,681,775,1242,561,532,257,47,37,1297,406,862,778,273,35,261,231,159,230,149,1226,278,1354,687,465
1123,1003,543,268,1076,1194,230,91,1038,287,17,649,900,11,220,381,430,248,1171,241,1015,1098,454,478,1295,614,142,561,254,261,1173,327,409,433,277,1044,919,922,232,1078,1077,234,1075,273,1168,800,1002,78,247,786,467
1126,270,697,1335,717,143,1044,258,164,1012,264,145,273,448,701,978,350,99,516,713,532,653,919,561,480,454,1094,35,37,41,3,294,228,1157,315,1022,1327,997,463,1177,423,741,617,991,729,1319,737,507,482,758,100
1165,700,980,1057,1175,274,965,423,417,805,4,1187,32,1036,705,170,1045,341,257,256,313,1067,1153,16,1112,966,1314,533,405,976,230,145,1194,9,477,793,1318,844,41,551,239,1018,1201,544,1266,1308,439,251,438,750,1070
232,616,1042,17,394,393,385,30,25,119,1318,397,613,1050,965,11,666,1046,430,426,117,1293,1299,414,390,1313,687,20,0,9,982,158,649,440,87,445,1316,18,446,1286,1315,28,252,126,93,1292,26,77,1038,16,999
1084,1292,703,514,429,704,25,440,532,691,526,381,410,898,28,35,425,464,779,453,576,433,1132,21,126,132,996,434,626,706,1319,1161,52,157,815,364,624,44,636,463,807,1052,1050,473,666,159,419,741,452,422,978
1278,616,425,1052,976,140,445,1048,263,447,20,700,628,440,258,270,687,439,980,965,6,385,613,252,153,996,28,9,266,279,253,458,142,1201,941,897,234,0,975,973,117,426,381,919,417,397,1327,224,1320,1125,706
701,1041,463,623,1086,465,380,1038,703,258,614,23,684,1049,43,419,117,696,1306,810,632,400,270,1182,506,1195,1127,954,225,1204,653,37,123,729,137,90,4,138,422,968,99,1040,1325,30,231,1342,993,143,273,271,1344
166,429,87,1168,438,703,401,447,118,590,975,516,381,968,435,411,1173,704,691,412,400,452,270,507,403,364,133,415,815,383,9,126,996,1332,687,1197,620,1204,1067,158,159,617,276,440,174,532,116,425,378,586,785
117,30,1079,397,1353,537,54,731,125,627,1052,440,93,182,788,395,543,1311,410,667,737,1301,1006,545,947,115,1288,573,733,1004,357,767,710,362,894,643,1283,336,485,1138,83,122,1178,78,601,218,889,0,761,228,872
484,974,119,448,805,4,411,951,804,687,1175,815,1226,464,524,392,294,750,732,36,1248,621,929,455,532,159,1094,795,1336,319,1176,568,581,1173,923,921,141,975,391,109,980,457,991,1318,146,1300,364,661,121,470,618
790,36,437,389,993,274,661,420,1300,145,1135,415,915,106,435,805,221,1031,90,109,795,544,965,739,568,1226,1091,402,50,438,757,732,913,1172,425,1233,1020,643,1068,66,698,1061,1115,219,151,835,426,969,766,468,1141
547,862,1022,1191,1058,1155,1180,1242,522,1236,66,214,1223,1235,835,202,1263,841,67,986,1154,823,1093,1152,581,583,319,1259,741,1246,861,829,852,633,324,803,577,1140,1270,1359,878,289,1222,790,805,1275,257,840,236,891,1202
430,87,381,383,411,380,440,136,1321,1037,468,118,531,666,687,378,507,429,403,986,119,974,996,38,980,518,1174,448,415,425,1308,412,463,92,982,18,557,410,385,1318,689,395,438,1168,470,140,514,406,981,785,1050
1113,426,1052,1327,425,1286,406,977,439,28,706,1335,9,1000,1176,985,93,716,435,1324,268,616,970,1161,225,310,687,968,1089,693,981,567,769,538,261,427,657,939,1330,117,655,468,1051,287,599,852,275,158,557,1018,617
461,1131,504,1135,553,766,276,1012,524,294,678,570,65,433,440,733,264,908,1364,47,753,824,172,551,272,1068,1022,419,775,286,1014,1116,692,1355,489,761,1094,409,841,555,862,1238,1171,1168,669,783,1127,922,480,478,279
832,707,185,1283,932,1150,1250,1357,404,546,731,1350,942,115,917,1301,1006,695,89,1203,360,217,1078,182,959,123,191,1117,1257,537,901,822,1178,1374,881,188,1224,893,1216,813,78,1339,218,899,1279,346,333,1137,735,334,1369
389,454,268,1322,17,425,125,459,350,628,1286,1085,994,153,142,28,784,1026,258,1004,442,687,445,1052,1003,426,1076,449,1014,447,630,35,140,655,1038,752,1061,1175,616,270,385,20,381,679,1199,93,666,1324,254,141,10
347,248,1191,1197,1099,1305,1008,139,514,491,400,1068,862,502,384,161,489,435,110,453,806,292,1341,1096,473,1101,553,383,729,1243,1051,172,504,271,1050,498,583,923,663,592,1161,870,829,106,775,159,1012,422,465,558,152
392,862,1236,852,1265,1270,988,1125,57,758,1211,1368,203,1180,1263,1228,764,522,66,181,62,1067,67,853,842,861,865,845,1146,1217,1261,1039,864,859,1371,325,1024,1158,492,536,172,877,238,312,1241,71,817,324,1056,841,236
1085,992,411,427,646,175,581,1127,378,842,556,1014,25,416,544,295,743,672,439,177,381,1062,504,503,678,1326,659,312,745,694,239,442,1173,1050,1251,859,161,367,531,762,249,1292,984,401,379,954,1120,964,438,847,425
168,703,785,425,704,463,1316,136,438,533,706,985,159,455,507,145,1081,655,383,435,1022,1105,491,36,864,662,1286,1141,641,100,415,751,50,487,1200,617,1340,1335,732,986,825,1067,470,845,835,535,1172,697,722,887,862
851,141,117,1327,397,982,30,1003,4,628,390,779,700,997,385,393,93,688,1286,1299,1042,1328,145,258,468,1204,1027,1046,1041,463,616,37,459,143,394,532,994,729,1320,800,1038,149,973,655,464,1052,32,256,16,684,1173
451,329,583,842,852,62,1153,972,491,766,826,524,292,504,846,571,514,438,862,1246,219,581,823,328,795,502,435,819,304,85,827,1144,703,1200,522,314,112,376,201,762,821,818,460,144,238,1125,620,310,676,133,854
13,20,426,35,445,385,406,1052,136,447,1320,704,1085,687,140,1286,1174,544,679,616,1089,1041,980,142,149,397,138,729,440,28,1038,32,148,252,454,239,25,628,897,439,984,1000,145,143,1031,655,270,438,21,1204,350
289,687,1052,425,141,509,590,252,977,397,430,516,412,20,16,613,394,145,403,17,1175,1310,447,124,1003,704,1020,387,130,1042,442,1320,614,510,1089,136,350,965,1046,980,41,1322,968,1316,426,1026,34,616,393,691,468
1194,710,1166,629,1065,654,508,1184,580,224,726,374,1350,149,868,360,1006,1086,182,481,183,549,1338,1375,935,1253,1282,344,42,735,598,901,757,1078,537,759,1195,915,334,222,43,1007,813,1187,1329,546,474,187,927,1072,1028
148,459,815,433,1320,1204,628,1321,16,693,425,704,997,136,140,532,35,445,687,329,378,691,1202,441,507,434,977,968,463,978,41,427,514,1194,641,965,482,701,270,383,975,93,518,234,590,143,429,805,448,141,1176
343,729,978,119,270,1045,271,329,1153,219,1175,109,725,1094,1318,793,44,611,143,45,1202,1020,1226,543,46,919,1102,1022,985,464,1204,468,99,487,1342,364,164,448,438,504,620,166,165,617,425,624,243,762,435,320,421
146,472,440,383,977,406,616,140,16,87,617,447,270,700,514,982,706,28,417,149,252,973,628,532,978,119,968,996,31,1202,1321,507,427,258,649,703,142,0,974,1018,454,1089,544,25,976,463,805,438,143,386,381
782,148,44,1340,453,1173,33,411,825,412,703,480,1153,296,916,1108,136,532,50,441,126,1226,396,558,141,329,152,712,980,973,18,491,1316,20,406,1045,1162,403,166,1007,1022,159,387,425,311,666,1176,378,951,1175,729
266,559,18,510,1312,644,1316,148,919,564,1173,506,9,327,646,1319,503,824,992,37,558,1093,464,242,35,649,400,641,1205,479,1330,21,100,1067,1197,1,15,329,1051,675,410,697,1342,829,785,91,274,1311,684,1174,700
35,973,159,439,425,518,557,378,389,1173,107,126,1292,410,680,1342,110,148,1204,1171,470,119,795,611,968,441,653,99,1162,1036,1141,143,703,725,32,614,26,567,350,687,270,667,151,250,729,20,416,356,166,30,132
81,350,30,261,700,380,532,17,28,463,141,142,397,977,32,447,454,315,417,655,1026,1041,616,1320,93,518,1328,1299,430,440,470,703,1327,426,25,919,973,1293,965,143,617,348,1315,994,270,982,140,464,77,393,35
465,862,569,570,824,827,127,1068,619,416,310,577,1056,440,60,319,691,233,750,1355,860,460,294,869,989,559,951,1039,203,801,826,1014,381,504,535,603,564,292,842,327,1238,878,553,1168,819,411,21,637,110,641,67
179,540,1127,903,361,939,57,356,1114,872,801,208,1163,324,944,789,293,530,1037,10,51,354,412,1116,410,374,178,1155,1016,833,868,776,182,304,1209,1159,169,820,165,911,1178,693,466,521,1203,829,476,937,629,132,1175
512,103,739,197,791,775,663,806,1159,319,830,1277,68,420,1093,1022,1366,853,527,198,870,535,203,868,368,609,570,572,505,1246,460,917,1129,1243,619,1226,323,21,504,1230,1236,1207,96,1141,1177,585,785,715,1210,618,621
1161,145,687,991,263,533,487,28,1328,974,425,766,976,1052,975,1313,1128,158,1168,852,119,35,1294,20,245,463,997,315,1062,1201,1076,138,1067,654,971,977,92,617,984,405,1335,482,1007,951,1122,1124,1320,636,728,689,1172
649,1237,856,827,863,1290,1246,875,335,497,858,1228,795,837,908,852,870,621,54,1277,1156,347,887,1115,233,1367,593,1258,866,612,1303,576,370,792,205,322,1206,317,1346,775,1240,841,1238,771,1179,818,846,487,295,799,190
1189,998,233,864,841,206,1113,1263,1270,802,1158,827,1152,469,1246,322,1191,835,15,570,1211,818,861,852,62,860,846,826,275,559,1039,296,878,302,1067,1146,641,766,670,1217,824,314,643,1051,1223,1175,828,327,67,780,460
126,996,636,1310,118,403,634,1312,980,1316,148,433,617,687,87,425,700,409,898,430,613,127,406,1029,1139,991,1036,897,400,791,752,1037,557,476,1067,626,381,649,986,1005,1007,1326,558,431,532,1173,981,706,704,394,410
415,1316,1202,561,470,533,257,387,991,412,35,426,720,1052,613,245,37,655,985,779,272,268,252,1327,704,463,980,684,1340,805,433,143,1012,496,1128,1201,1165,697,905,706,750,688,617,1027,974,136,127,491,480,468,1204
576,862,741,60,577,1177,859,826,1270,769,842,827,1236,861,758,502,860,857,803,583,1022,875,856,834,1113,214,864,1266,846,271,1372,489,331,1271,940,1039,835,1242,203,818,1222,603,236,1246,522,863,104,1048,1371,854,574
7,425,364,403,617,975,687,4,21,381,691,514,394,401,518,965,393,18,570,815,386,378,433,239,411,996,108,1202,982,453,296,327,226,379,256,667,1067,704,678,136,416,390,674,25,968,383,388,703,805,1162,999
1247,87,411,429,614,350,669,660,532,672,1176,30,31,110,975,381,1300,256,510,447,136,986,1020,433,752,1322,1320,1026,1304,116,993,385,569,689,12,620,984,463,470,126,488,1139,1313,1028,732,402,174,108,403,395,1295
16,433,250,616,687,968,1312,1171,430,16,805,351,984,1292,20,516,261,545,1354,779,1194,93,397,977,1287,667,1076,1202,750,965,429,784,169,76,694,1299,518,1335,126,672,710,1003,254,258,503,684,1029,6,240,636,424
748,16,687,965,1293,1003,141,628,397,688,805,380,442,982,1328,616,1046,1204,409,28,510,1321,1287,394,779,426,400,1324,518,1041,1027,252,459,430,463,24,1042,1292,385,1013,649,655,35,143,383,613,119,232,507,279,1185
716,734,1059,1129,460,1231,504,358,1146,874,864,1355,154,887,566,1246,1023,843,579,1371,641,229,1236,856,718,1212,969,278,802,1261,1039,980,886,475,1213,583,952,797,59,45,54,67,290,291,741,791,1055,208,493,100,1241
736,445,454,1152,459,85,448,41,864,275,532,1142,311,170,4,1026,1135,1222,861,1144,220,58,314,802,1029,595,1132,764,744,1113,312,195,219,484,620,1164,533,1023,232,498,543,925,1140,258,143,214,1049,1155,722,1067,138
639,766,524,1200,823,1208,504,826,1239,319,862,864,827,314,60,491,583,1022,835,324,1270,585,802,571,1236,1242,238,1241,861,581,328,487,1226,775,1246,609,758,1263,201,863,834,203,1259,1352,3,304,846,570,878,1249,1235
124,425,1052,616,687,703,394,397,426,441,706,447,140,700,395,1036,532,274,16,28,613,393,445,252,440,897,385,261,1067,1286,628,509,982,427,1328,1324,1099,1070,136,463,152,387,965,800,260,117,470,459,1326,1313,1320
1246,687,119,393,399,270,32,463,426,532,649,516,464,982,87,617,1300,143,136,294,35,805,1286,680,403,138,2,383,991,390,535,315,616,149,636,1041,1173,1204,1176,4,243,975,256,16,691,402,327,398,518,1019,929
938,785,987,1161,795,805,780,618,1093,211,14,993,570,415,1031,305,1219,544,194,1225,335,522,1336,120,99,1051,641,645,971,1287,535,420,469,771,1022,87,329,543,551,324,671,197,891,1113,1141,438,264,815,18,1304,524
630,293,1209,839,338,924,211,788,883,72,879,60,863,374,740,1309,803,606,952,1275,823,857,801,603,525,54,1133,131,619,859,861,120,89,874,1151,46,914,1137,63,888,206,776,699,317,1262,749,205,362,522,51,1272
1003,1283,932,931,1040,881,546,123,217,115,484,899,1006,1184,404,222,297,1117,731,182,218,735,213,906,904,1185,42,781,1339,53,949,1250,160,363,1257,759,1216,1028,942,627,1350,394,889,946,833,695,367,1182,185,737,339
1284,1052,1327,655,149,1085,141,426,425,1173,1310,516,1061,634,1204,454,145,30,1026,980,683,1320,138,270,982,424,447,997,1202,977,1049,1316,1286,468,1063,119,703,996,153,968,28,1294,1012,125,700,1124,1038,143,117,784,697
204,687,613,628,445,509,143,616,977,406,447,385,518,394,141,440,1052,706,976,28,704,397,703,968,34,118,617,30,442,655,1318,20,383,258,1031,35,800,426,1050,138,636,435,149,9,590,449,17,1067,417,350,983
504,585,766,1058,553,286,1131,233,172,1068,214,152,1354,487,1013,1143,1155,803,506,102,659,503,1236,693,1228,421,71,469,1149,898,698,578,1344,1341,196,559,757,543,112,1342,1241,1031,1272,110,703,1136,558,577,568,267,132
761,628,258,445,1292,1052,125,518,982,35,153,687,0,613,977,459,1019,454,1327,688,509,412,417,973,270,350,463,616,141,976,261,385,380,1004,426,1026,28,1293,1061,143,1322,430,983,447,442,387,24,1194,1041,706,1313
286,87,620,1175,703,159,425,271,445,20,704,480,1171,126,1099,136,680,158,438,378,732,518,1108,273,1067,393,44,92,624,1094,315,43,464,544,350,649,243,533,172,427,1145,996,1297,469,532,99,722,451,144,1005,470
1258,1070,454,125,532,982,143,1004,459,784,533,687,1175,706,518,149,270,350,430,258,145,464,697,1320,463,17,426,1003,655,965,1328,1025,429,991,613,516,1195,380,406,136,138,465,1047,679,507,779,675,657,153,1286,1323
834,994,1005,1041,655,463,518,636,1204,25,516,141,138,1061,268,1003,17,996,674,425,752,1310,1327,784,703,16,270,28,614,800,315,1029,1038,2,149,447,991,697,161,445,532,1316,261,350,1012,393,153,449,982,997,380
568,395,563,981,433,631,443,898,1016,1168,982,1054,1245,1321,1294,979,74,996,46,6,679,556,510,1026,555,1079,397,227,1066,1315,1051,1033,937,1227,932,666,904,1354,378,126,535,1370,398,1363,8,478,69,1213,532,358,383
56,1175,387,459,472,544,679,997,985,25,380,425,118,4,509,1041,220,463,35,532,394,243,440,1099,1292,390,141,24,1067,688,438,378,1094,977,987,93,965,1340,636,87,680,1226,16,975,676,1174,750,1013,620,453,391
157,804,718,321,553,827,842,619,824,593,749,242,332,766,862,584,203,607,1186,698,46,1058,952,565,223,965,246,1179,312,874,858,736,802,1272,1241,1262,105,1143,846,178,1231,1113,606,308,603,854,960,62,878,290,577
92,381,440,1162,110,21,1051,2,687,437,389,1318,118,453,424,348,704,636,784,698,22,1036,1026,1320,252,469,1099,258,996,805,968,532,985,1161,706,804,669,570,1202,411,221,315,406,644,172,136,491,87,691,560,148
505,1154,1228,769,274,841,147,844,795,741,712,1022,1177,828,1200,819,105,524,1354,1131,1242,498,65,1236,1099,543,319,506,328,205,653,827,864,671,1141,571,597,1068,1153,202,557,286,1238,1247,275,797,969,818,485,661,491
1226,406,1313,459,706,982,453,252,429,693,703,426,440,628,1176,977,1089,616,161,704,1320,29,994,260,1172,971,1000,688,978,434,425,141,28,43,897,656,815,1340,711,1124,1037,166,424,1073,985,40,979,1204,687,380,1080
394,606,326,577,604,118,553,329,584,491,570,328,705,415,986,441,846,1271,272,523,554,1238,775,1267,14,1136,54,211,609,539,1259,194,201,1108,67,853,803,650,927,859,774,580,824,698,562,66,1141,65,178,863,1228
161,581,854,201,842,762,1247,1,1244,852,1266,846,836,553,451,583,493,751,585,312,860,818,964,534,331,320,1141,196,329,802,834,86,596,828,778,574,1153,819,1238,775,825,950,325,1228,1271,262,551,1270,1352,566,356
853,435,464,469,390,1318,25,1067,364,533,136,394,405,954,434,553,561,274,1316,974,34,416,159,1295,440,1007,409,429,439,1025,276,392,852,453,38,470,1008,410,729,403,1102,996,1168,646,804,564,433,438,1099,1315,32
187,862,1022,201,818,487,785,159,766,166,1093,551,214,1270,1141,584,1226,565,391,419,1099,175,389,324,219,1228,1242,986,435,381,571,491,536,585,1340,771,464,624,172,804,689,1187,312,593,95,392,61,557,289,852,698
574,862,633,60,802,1265,1236,1263,826,577,504,842,585,66,816,1217,593,834,319,854,321,493,1208,1177,1243,565,1022,775,210,553,1256,1067,864,583,62,840,1127,811,1242,1360,1221,1254,761,233,1247,778,1372,1125,875,1128,202
326,687,136,815,425,453,1300,532,1202,406,680,617,1052,518,779,381,445,968,429,380,87,1321,514,270,159,1007,465,119,350,234,427,704,636,146,434,274,997,666,996,132,143,971,691,1226,389,1320,315,1286,951,433,991
771,703,464,459,266,1204,350,1292,1340,425,470,1300,729,427,1293,1342,1286,447,136,1175,270,985,159,532,143,507,965,438,35,1145,468,538,1105,680,43,1324,815,28,1041,1091,445,399,16,518,1322,954,141,720,700,412,973
1206,491,170,1344,137,722,445,264,1108,203,329,335,1200,775,86,148,356,99,85,810,1141,1342,1206,159,328,435,66,592,703,1348,375,383,870,1161,523,567,210,196,862,585,172,70,863,780,1346,792,370,50,44,785,190
532,853,1246,858,584,787,803,104,776,203,619,581,912,523,593,295,861,799,1249,575,598,816,1141,1243,766,1244,577,1208,596,864,1074,986,70,565,111,1277,862,908,1259,320,585,823,762,808,174,825,413,1312,771,773,166
1252,916,923,921,585,928,583,95,498,586,1050,920,1007,296,329,1372,818,570,505,925,61,1226,154,286,396,1267,1270,1277,1153,320,1236,491,907,159,504,621,564,1200,1022,295,624,469,525,1058,1079,487,908,1254,603,829,876
1146,687,1052,32,628,385,425,145,445,973,1204,430,1148,397,982,518,447,252,616,258,975,1019,16,974,700,532,440,997,25,417,406,1314,20,613,93,138,1308,426,439,1194,691,468,454,976,140,980,720,24,965,30,1000
676,1248,1210,324,1243,775,197,1190,806,536,846,565,144,551,211,584,493,780,61,804,862,1288,72,570,827,68,927,930,1246,60,571,769,581,971,341,787,1100,228,473,284,986,950,609,1093,803,219,839,633,179,1044,70
570,862,846,834,853,583,1246,329,328,584,504,827,852,66,860,555,863,203,609,858,326,201,854,581,585,826,859,493,593,766,774,292,836,570,1239,758,1259,547,1068,861,1240,553,551,1119,823,1093,841,845,1228,1136,491
328,616,252,1052,459,1049,350,1313,425,1324,703,691,1038,149,255,250,454,253,1202,35,263,1327,628,99,752,463,406,138,77,274,700,693,729,426,1292,140,31,427,29,1175,241,166,985,1095,977,277,413,1335,260,430,387
702,42,1250,115,707,1339,185,334,894,1040,404,1350,73,1283,759,961,822,53,1004,89,963,1253,235,1078,48,1021,1006,901,1199,1375,881,1117,78,546,360,333,1072,833,1374,288,209,232,889,117,1282,280,75,1317,508,893,1298
741,1125,1249,1110,845,366,1113,71,1228,827,60,1236,1180,1372,1155,1024,741,817,857,66,526,1321,745,210,1118,1325,1177,879,799,761,842,75,1146,223,1256,1265,181,88,1242,1143,202,316,1039,843,359,211,1047,57,512,948,436
784,329,319,1259,1359,1246,1221,328,762,862,791,576,844,570,836,841,66,581,1236,834,783,12,1372,1217,828,845,860,827,825,1177,1370,577,1044,592,871,1360,335,787,1254,1366,1248,1242,1228,535,1152,1128,780,867,835,875,774
320,616,425,687,406,1321,459,141,977,445,270,655,412,258,1322,1313,613,703,350,706,1089,468,1042,149,1286,253,1176,1327,1320,973,1041,447,463,385,1026,1124,1038,93,516,145,274,617,35,691,397,440,657,509,9,982,1292
139,687,982,406,440,87,141,472,977,117,143,445,32,385,93,616,613,378,270,119,996,628,9,1046,25,518,999,1311,447,1310,400,688,997,544,1315,976,381,1038,16,704,965,398,448,1286,24,459,1204,383,617,590,700
201,628,687,1204,406,680,634,447,507,997,703,350,143,252,706,1003,1005,385,1286,11,25,784,1327,1052,1328,472,445,968,425,463,1293,435,1041,518,448,28,720,383,1342,965,977,141,427,35,613,533,1004,1292,439,153,429
403,775,862,1177,803,104,197,609,790,1248,324,571,1187,1141,863,320,332,1247,799,1259,570,818,596,1277,68,70,846,92,504,806,870,1260,473,319,789,950,1228,314,1205,1236,1243,248,493,175,878,859,853,95,66,1156,808
393,66,585,1177,329,871,1153,714,775,1236,319,1238,477,863,862,54,844,840,861,308,828,799,859,592,1265,1242,1140,86,205,1359,62,836,581,852,864,305,576,818,296,1187,189,583,198,494,1259,1239,853,1243,841,845,491
638,852,1236,609,867,1228,862,329,592,194,522,1022,584,554,846,319,827,863,576,583,1243,1271,577,604,861,1263,233,1240,780,860,1266,598,325,585,312,1177,201,1259,570,854,777,562,1190,536,1246,104,1242,864,189,1208,238
805,687,425,253,445,447,1005,617,1061,784,1038,463,532,919,742,25,975,350,140,41,1085,270,136,980,258,703,725,996,613,141,1175,153,469,149,380,138,426,1328,453,430,729,1048,17,28,1052,143,1320,657,465,0,1067
962,1322,1328,167,1293,1327,1003,983,50,703,496,750,1042,501,1038,102,1195,657,907,478,684,1052,1330,779,1025,1106,1067,1335,129,916,1124,921,1224,622,355,145,1049,363,837,229,449,1091,182,1313,990,471,1000,542,35,1117,573
588,1236,828,841,67,775,176,1228,871,862,783,818,1183,553,1271,272,824,874,966,551,769,66,242,581,337,1249,988,761,835,314,1022,312,1177,1155,317,302,1372,1146,836,1128,45,1259,891,597,591,741,844,196,802,547,329
43,1161,1052,613,153,143,687,997,655,703,270,417,1320,713,93,252,40,464,1067,688,1174,648,1204,138,518,21,706,1286,440,32,20,1026,1041,463,1316,976,381,136,1299,1322,996,9,1194,152,1099,241,994,1168,1051,145,1091
1202,852,842,835,445,264,669,1270,611,148,1236,491,1247,1263,274,1154,319,864,99,1131,435,154,766,567,1208,1258,862,856,705,1261,984,214,423,271,818,329,861,1093,570,1242,67,66,550,425,1141,1000,1022,498,1112,279,159
263,1321,387,425,148,445,518,443,617,805,16,1037,704,720,31,1161,416,410,509,403,250,628,507,15,357,691,438,383,1204,687,432,463,1036,675,506,544,220,441,132,701,1330,998,669,28,417,692,1029,385,510,985,768
231,149,1316,454,1004,1327,1042,732,125,43,430,1322,655,1061,680,426,1041,994,119,674,697,36,1003,387,141,464,800,779,516,268,1076,703,1314,1049,634,1335,997,683,116,1313,447,25,32,916,1204,1161,153,468,1089,2,984
213,991,144,1068,1342,14,742,544,526,1299,491,126,804,61,435,401,968,1041,636,409,453,276,381,17,226,151,1093,1014,1341,264,383,1120,419,327,487,985,148,141,390,713,110,1022,805,138,911,697,1297,85,715,729,162
977,491,585,543,570,730,574,248,522,701,329,1228,1162,61,1058,1136,704,320,662,808,326,586,1119,425,571,1225,793,102,553,877,1194,1314,836,296,149,62,575,104,1051,683,1083,1140,331,596,1151,67,697,1230,816,828,916
996,62,954,571,179,593,818,1228,1128,656,621,775,827,581,862,583,46,606,3,376,345,1246,314,504,861,758,842,44,733,1247,1243,643,166,68,1226,197,565,596,275,575,641,1217,562,1208,41,823,453,341,846,65,952
914,703,425,459,687,140,17,261,136,1014,516,1204,649,784,616,28,1286,1161,1320,25,378,270,1038,1041,1342,465,729,447,9,256,429,268,1067,463,12,164,1202,381,1049,426,0,33,35,1324,138,982,116,977,613,617,469
401,703,270,973,445,447,448,533,977,1067,258,35,617,219,315,438,425,274,1083,676,706,275,982,1102,491,1008,522,975,675,1013,383,251,1050,1340,1201,1029,1111,85,815,441,1046,165,220,419,1153,532,1145,1140,677,228,1134
285,687,425,445,628,1019,1052,518,613,447,35,261,965,616,16,406,1026,968,706,141,9,1049,430,397,426,385,459,1050,617,454,1032,463,270,516,1292,996,440,688,4,1018,703,1320,509,980,805,24,438,1161,1327,691,439
1292,865,324,891,834,459,906,59,139,620,811,1033,1206,1056,989,366,1261,852,584,1092,188,901,771,872,814,487,309,1372,556,1134,328,887,642,633,577,1341,1025,836,353,676,544,1346,523,172,862,203,82,827,536,371,583
859,1038,430,350,1003,687,1202,442,1292,1041,141,768,1204,1019,28,613,1037,425,1005,380,729,468,1026,429,1313,164,41,125,720,77,387,532,152,255,732,145,149,996,784,680,617,634,0,994,37,628,590,1320,518,459,253
708,1270,644,1154,846,780,1051,827,954,522,52,279,1112,170,571,491,493,62,568,819,661,862,1246,1228,295,1156,95,1238,106,1263,836,596,477,1056,845,581,312,1191,1239,47,172,286,1271,110,1141,577,570,201,175,854,1352
1127,1204,1327,1026,982,141,397,1019,426,1293,973,1052,406,385,447,628,445,440,518,977,459,454,1046,140,270,153,1041,93,425,463,417,430,252,387,514,996,997,1286,532,143,983,1320,688,442,138,1061,1042,142,136,800,472
559,852,864,1146,1228,802,214,766,1236,819,74,286,862,853,577,1211,60,1183,553,312,745,290,988,811,603,861,1265,867,1263,69,583,1143,878,1366,1241,1258,585,314,1246,818,849,1359,305,1270,289,202,236,1217,1237,201,823
745,541,67,1238,755,1039,317,857,323,1146,373,1273,343,543,284,286,839,1271,1235,290,45,581,733,1277,582,1314,1353,1335,970,878,917,167,556,847,877,1256,504,320,824,1234,1110,354,59,495,692,303,361,842,758,741,553
725,328,603,377,844,203,1373,1367,547,1232,607,808,1269,953,551,600,1242,799,66,1253,960,1354,1030,1225,597,1283,1268,1359,1187,1224,1368,75,212,746,845,1154,964,373,581,341,751,1087,372,1143,892,1262,371,580,931,308,105
844,9,572,60,248,504,864,860,758,1259,585,570,834,1022,996,376,146,403,1139,847,329,489,703,92,49,1260,583,691,921,839,639,1294,757,683,571,1288,617,1239,565,878,317,771,1291,1210,319,310,646,852,62,438,175
1205,961,1279,185,1253,360,1216,1121,339,1339,1374,377,182,467,1283,334,42,217,1203,188,508,963,759,115,1375,53,1356,546,1250,881,893,1117,904,1257,959,640,548,1338,1028,1078,1224,622,833,899,809,75,822,695,955,1040,873
656,1155,1123,395,663,225,1111,1099,646,343,533,287,1372,1181,423,1113,826,233,1162,1211,1075,243,1278,210,1088,867,1249,1039,1094,488,631,1068,176,435,133,864,982,339,440,1102,302,251,762,1229,266,248,1168,342,745,1007,1360
542,1150,204,780,754,830,755,777,868,794,1230,366,682,1289,1369,171,1370,200,1372,246,775,888,1264,945,1325,1144,347,51,663,744,787,1365,1269,1035,326,1344,911,1353,592,74,1276,767,86,1273,932,817,1363,521,820,936,1069
250,425,1026,397,977,1313,445,980,426,1321,1327,468,616,1046,440,628,509,145,1042,119,252,984,30,700,16,4,1292,430,417,442,25,315,720,805,533,1322,439,138,447,997,446,350,613,532,965,24,968,1027,976,93,142
0,570,518,440,1014,704,968,636,557,532,403,149,687,118,87,1174,522,666,20,558,768,383,1318,980,1226,389,327,977,409,378,898,559,555,706,641,861,435,1173,662,805,386,468,1031,973,703,140,444,981,0,433,678
123,819,864,1340,406,641,1355,1014,166,1239,758,444,440,470,1152,1245,491,1101,453,960,203,257,205,161,969,233,570,99,974,1249,305,176,52,954,47,322,987,862,1259,133,1325,292,741,1171,826,206,1000,172,1221,164,294
49,425,1041,149,1052,387,136,397,385,426,518,720,141,1327,982,616,1293,980,445,440,140,463,1316,1026,468,997,270,252,1321,16,985,628,93,459,1161,706,399,143,30,703,1286,142,977,1089,815,33,897,734,117,679,87
1301,516,780,1168,1287,986,1141,146,383,327,1041,412,1008,381,534,1297,805,1059,768,472,732,398,141,1310,1290,254,1161,859,366,268,469,1022,1014,429,968,243,870,624,92,315,416,570,681,437,1045,1256,323,399,110,824,510
1093,1032,781,593,176,1371,1191,200,883,335,1119,1221,860,585,492,669,171,856,155,844,730,1158,840,873,210,755,878,853,845,1359,256,649,502,1227,858,1179,999,716,186,862,1265,945,1269,1018,1219,71,806,1347,372,1212,513
439,577,583,862,801,329,584,178,104,68,1246,1236,551,593,525,214,328,834,326,836,67,1258,853,856,203,609,1068,554,324,846,619,292,861,74,633,1247,823,63,1232,62,46,536,523,211,845,1263,852,59,201,766,887
827,862,766,1263,842,823,846,104,312,852,1246,1247,857,324,1236,238,834,1211,802,1266,860,861,61,1152,1039,67,986,1238,593,214,319,504,1235,1265,201,847,59,827,818,421,172,1146,313,1241,62,854,1242,583,1258,581,1154
539,522,194,1031,553,793,233,66,420,15,439,524,556,495,405,292,669,1008,1059,325,1336,1183,863,294,805,705,1051,402,281,411,67,1351,698,327,552,1355,913,650,436,870,989,1366,1140,1300,437,323,305,1014,506,197,491
150,687,143,425,1286,616,1204,447,427,1316,390,703,472,516,617,704,9,378,32,379,16,270,634,403,139,126,159,805,968,510,440,1005,18,649,391,1315,1041,613,469,448,243,981,996,1294,385,1318,533,655,1310,1089,4
855,329,502,1236,774,1153,103,1228,583,95,551,1171,866,733,62,1131,1022,570,121,202,670,623,272,526,498,621,60,907,714,592,991,578,1354,1140,816,1141,305,825,569,571,853,581,751,279,109,145,1304,151,864,1260,543
203,518,425,270,439,383,805,616,653,1052,24,9,430,258,403,447,1292,438,472,417,1321,636,516,507,706,973,32,440,390,691,1005,141,35,393,628,148,441,703,965,315,397,0,590,378,617,406,455,997,143,1018,435
325,425,440,445,616,87,429,1050,532,25,406,378,1026,514,1292,270,544,968,1318,119,403,463,141,383,1176,411,438,392,379,437,977,32,143,984,30,447,704,703,394,261,18,1321,1316,427,1332,453,395,351,468,435,390
1200,978,583,741,1295,898,701,405,1157,543,997,35,691,15,1292,112,507,211,688,795,448,482,441,532,1140,636,785,522,1314,1092,975,555,241,260,305,1152,514,665,648,1359,417,250,275,294,506,628,1175,252,1202,1155,406
24,1161,397,616,965,32,28,472,445,507,16,25,980,703,381,442,996,440,510,261,1067,518,1286,1052,805,981,403,1287,117,636,1176,1293,138,691,141,36,430,700,1292,390,617,426,1294,666,590,315,634,4,984,1204,93
573,864,60,780,852,1022,862,1246,853,1158,576,1152,1175,1118,1155,785,271,200,1270,639,1094,210,918,1359,1245,176,181,802,1289,818,487,1366,319,1258,1149,790,1263,1348,1208,66,740,1099,59,817,819,491,749,1259,522,1112,841
482,1127,1135,1047,992,770,275,234,1131,281,648,1212,1149,716,538,1078,299,494,970,748,1144,917,157,789,827,166,335,761,1013,1113,543,85,274,1125,362,792,705,668,1152,165,88,1274,1143,50,1232,940,1182,370,187,502,354
685,965,28,616,518,93,425,687,1049,426,350,628,430,141,533,977,732,274,1328,16,387,1321,1038,77,976,261,417,720,449,385,24,1076,397,706,230,1046,258,1327,1175,544,234,427,1052,614,1070,470,406,538,441,613,1026
1171,1050,518,145,270,125,315,675,1321,425,687,973,706,975,276,516,1082,17,405,435,438,616,111,1070,274,974,364,991,384,412,257,1045,447,1076,445,613,1032,657,532,1041,243,448,1071,694,417,1304,350,768,1068,628,136
1322,931,217,949,171,160,946,191,1374,1365,53,889,1357,942,232,759,963,1356,959,1369,932,1184,707,360,1250,961,731,695,339,735,1216,1350,131,185,200,830,182,831,888,229,115,820,404,935,235,1040,162,926,546,622,199
1236,687,445,968,1324,472,411,447,385,93,440,706,666,965,16,509,1292,28,24,378,1321,25,613,118,636,977,383,1026,614,616,703,91,430,1328,394,1052,416,87,1202,379,441,141,20,704,252,1050,590,261,981,386,410
443,1153,766,577,1151,574,916,828,205,543,803,290,214,1296,193,1290,841,113,553,1217,1341,420,835,821,922,1355,857,170,1140,765,718,1272,879,1142,196,289,329,356,885,1146,986,1131,154,366,565,488,312,878,921,551,757
586,110,440,445,378,434,429,544,427,464,532,1318,439,412,977,703,29,968,980,425,87,433,469,435,437,159,158,315,389,1174,680,1096,447,996,32,270,107,1316,1321,2,704,1099,1020,999,460,99,498,30,43,669,518
978,808,205,473,585,502,1136,526,1251,849,174,758,810,525,1260,1194,614,907,1110,1252,777,167,834,471,158,953,329,816,595,1119,659,836,1180,293,210,778,704,1249,1361,308,1265,923,1348,356,331,866,1219,1236,161,66,290
361,977,447,261,93,968,687,459,426,445,440,1320,1204,616,439,252,706,973,996,985,35,17,25,270,1286,1174,28,653,628,544,1038,655,980,472,703,518,138,389,30,983,465,1327,704,1287,438,1089,514,700,976,153,978
151,87,425,383,472,518,703,427,1292,380,706,136,590,9,1204,463,532,16,447,441,159,433,687,459,261,1316,81,641,440,403,92,636,649,448,1176,442,411,514,25,997,424,980,118,1304,666,378,400,815,785,409,634
1287,862,699,342,874,1231,508,242,68,879,1279,843,841,225,1262,990,801,160,914,1280,1035,1166,1039,317,332,122,612,761,802,589,633,961,591,1222,826,1064,609,744,1196,184,889,1121,782,1218,857,1123,876,827,1370,888,1301
530,1135,1127,565,286,1353,1068,1140,54,1234,170,733,1154,936,736,766,415,705,423,60,843,1270,937,219,312,1093,992,633,1241,1333,841,1169,242,911,783,854,216,1144,3,1143,671,45,817,362,933,701,553,1200,83,760,823
730,189,539,53,295,549,1228,799,920,583,1110,1251,924,503,773,54,568,786,578,199,586,337,56,1214,871,582,1086,283,1248,1192,124,208,808,872,1079,307,842,504,763,755,625,1370,1243,1240,1291,1283,849,374,867,195,502
500,66,1341,986,592,1127,862,319,1259,233,202,473,1238,676,522,577,159,44,305,1158,806,1134,570,1136,683,1248,441,810,329,1239,60,704,170,824,568,703,742,172,839,201,488,480,148,1221,271,1022,677,791,1058,164,43
1199,425,687,784,680,1202,691,968,149,381,1286,350,93,1173,411,996,617,1204,590,616,614,516,28,403,1050,1322,1020,518,465,636,0,138,148,270,379,447,1161,17,427,268,454,435,1292,655,141,653,430,557,991,383,108
207,1324,445,350,1175,279,706,1063,662,167,522,77,680,617,1007,1022,345,261,704,703,141,273,491,623,570,67,351,469,864,705,60,1342,1204,435,1018,544,968,44,676,1037,454,477,0,656,653,260,136,341,1271,1236,620
886,118,1025,459,454,1287,1048,468,1311,149,1322,448,824,389,1312,1293,172,804,617,348,725,1084,716,827,302,119,560,697,1038,465,1107,1035,700,973,1165,561,457,1335,364,655,653,532,742,1323,954,1296,1274,994,861,724,887
409,38,273,274,729,1335,380,470,1012,1022,1195,99,1341,159,245,167,928,230,389,766,43,1333,100,1316,465,41,1322,697,496,305,725,1127,469,573,1047,671,527,526,1145,795,176,468,1293,45,712,23,1165,597,268,175,285
857,385,118,406,20,25,425,383,687,93,1052,628,30,977,378,429,996,393,28,459,32,447,975,982,16,1315,403,965,706,434,1050,395,0,24,10,351,1020,898,390,143,679,386,255,87,1321,445,613,392,984,616,815
837,1168,750,1050,998,714,453,860,654,158,425,1056,452,92,758,1025,1319,852,1226,1036,364,341,703,504,9,854,12,468,975,567,1067,514,864,846,518,986,862,1318,624,257,827,1242,1208,440,146,35,1246,987,279,310,383
205,406,687,93,691,24,440,800,425,1328,977,982,1050,25,397,965,613,1052,378,700,532,514,590,442,153,975,1204,409,385,976,616,9,996,617,1042,403,438,270,143,119,87,141,1139,16,449,435,703,433,136,258,445
1134,459,1052,426,252,1041,406,140,397,1042,628,141,1327,35,1293,691,1165,430,896,24,412,901,1006,1313,720,387,478,982,142,17,1325,230,266,270,149,333,404,655,258,602,1301,684,260,1089,708,385,431,89,449,31,380
1224,687,141,252,616,445,459,1321,977,28,385,700,426,447,1089,706,613,463,703,380,430,20,136,258,982,965,1026,985,628,440,617,2,1052,800,1292,468,980,35,409,1041,997,1204,973,720,143,1061,350,1046,518,1324,253
909,378,613,25,87,16,533,411,403,425,141,510,516,666,1050,440,24,628,117,1204,634,1037,1026,532,982,1173,136,445,997,468,991,1314,1168,1161,1320,417,383,442,409,276,315,0,270,9,1295,438,116,385,384,590,153
344,706,440,28,445,628,394,1031,140,385,616,261,687,590,434,433,136,977,25,409,441,1318,532,985,119,514,636,1320,389,617,815,31,0,390,417,447,968,24,472,703,2,20,364,1161,1321,700,26,981,691,996,9
531,853,329,1340,793,1249,1236,292,1131,41,774,551,714,233,1139,641,712,614,477,1175,257,1096,553,574,491,325,1344,604,405,562,1351,230,1135,753,543,1146,172,1187,852,91,825,214,561,835,103,243,1234,502,1010,66,750
610,921,327,704,453,527,95,692,661,148,1230,562,925,929,1205,586,583,568,1068,197,110,1372,1236,305,908,505,498,1136,291,205,1267,554,930,1305,922,226,504,834,66,879,1211,621,1217,178,567,564,49,487,59,165,1316
112,916,1277,319,197,505,862,1260,57,922,109,1164,49,692,60,498,1210,1141,502,457,908,487,1252,1177,803,161,1200,1230,857,869,329,585,913,775,839,324,1243,291,54,431,806,582,66,337,504,539,165,1214,148,1309,861
1149,710,590,268,261,528,1311,260,1204,1195,781,124,228,681,1203,784,683,1019,385,1287,430,1057,1076,509,1135,1257,355,743,134,412,1374,380,387,695,447,13,965,900,91,145,1322,445,1041,24,955,1070,313,1003,657,850,689
1072,825,1287,475,1108,1290,1145,1271,655,750,1175,245,33,824,21,661,45,1171,1186,857,734,887,867,1340,1003,44,1336,576,1012,862,980,535,1022,140,769,136,951,236,147,464,391,990,489,433,319,841,643,257,279,667,620
183,703,463,425,459,153,1052,261,149,258,985,784,1320,1327,1204,706,30,440,687,470,426,405,533,815,406,980,2,617,400,713,1293,448,1297,974,1202,977,1041,427,464,983,1082,1161,657,445,532,1174,628,507,174,1089,1000
417,491,1022,329,435,1152,841,319,331,1096,862,986,1342,662,860,1228,585,1341,828,1141,766,58,583,567,730,91,783,66,502,469,570,166,1316,311,138,200,780,470,1252,845,175,818,1349,871,1191,854,1226,1177,302,923,597
553,286,1366,469,1262,1363,478,1225,844,342,71,139,65,102,840,861,210,313,534,1268,1219,964,874,1272,281,845,1368,1152,63,926,67,338,1139,200,246,856,1229,233,401,808,1367,1228,828,998,1259,302,871,785,859,672,331
312,977,445,687,1320,1089,703,985,616,35,706,628,426,274,447,679,138,1204,463,688,973,270,440,1038,427,93,896,141,140,149,136,1026,439,996,978,617,16,533,1045,1049,1324,971,1286,518,1176,470,982,965,153,544,429
3,425,616,430,977,16,706,141,93,258,976,417,28,385,532,1026,440,25,965,982,628,429,433,704,412,459,427,1327,136,703,516,454,9,35,447,996,691,980,397,426,973,897,1194,472,805,1324,380,383,378,590,387
23,380,387,412,141,1327,463,687,680,973,616,518,16,516,126,1204,1046,145,77,159,507,140,454,445,429,459,87,538,779,11,34,1175,815,649,385,725,1019,125,691,399,136,449,1322,270,425,704,531,93,1321,996,732
351,141,350,430,16,445,252,380,449,425,385,1041,687,1049,634,616,614,266,93,274,468,1327,24,700,1322,516,691,965,427,261,406,1173,480,447,253,628,779,997,1003,680,463,977,1324,424,1052,1321,353,117,260,1342,531
1295,148,145,785,568,1092,793,110,329,550,412,703,835,1044,106,400,864,1108,683,491,66,420,511,159,419,769,36,1239,1197,1204,611,777,1173,1099,494,576,441,870,403,757,732,1340,391,750,154,170,405,1200,477,774,356
57,628,385,1204,463,93,141,1161,1049,16,125,1046,447,703,387,687,616,261,412,1026,445,430,425,518,442,380,472,350,429,87,706,117,258,691,649,516,1327,800,507,459,255,680,666,720,1038,118,25,417,440,997,634
382,1204,687,1061,516,729,136,463,533,997,350,429,1161,0,1320,518,1026,697,980,28,703,666,138,433,1293,453,459,1202,17,649,470,464,381,445,706,417,430,427,590,30,77,1052,41,779,1041,691,1019,1070,514,234,152
359,261,1204,442,616,447,687,700,266,620,439,1175,968,518,784,617,364,459,140,141,28,706,389,148,118,143,614,532,274,430,1292,25,1026,691,653,30,449,35,1042,138,1020,253,1052,145,395,394,463,544,412,426,315
993,583,553,551,774,585,50,504,290,525,503,152,1228,325,577,571,698,802,1248,506,592,59,345,1332,1058,1354,471,1340,1225,1236,862,603,102,825,609,543,1096,70,494,65,175,861,1147,62,1260,1141,1120,758,305,308,1067
1034,445,544,425,381,109,254,1067,118,273,532,442,35,1008,1175,1037,700,975,732,438,260,1082,752,971,389,441,680,243,292,250,437,47,507,1027,324,1292,167,405,616,470,1304,1341,449,1342,599,412,1171,1202,648,1134,1076
979,387,784,350,1061,732,445,1175,273,1041,430,680,977,463,77,720,454,1342,1042,1038,910,904,260,138,687,426,532,164,39,614,1091,622,404,1292,673,616,2,395,142,1322,355,145,481,16,997,779,901,538,459,266,406
869,93,258,28,17,1052,800,406,426,1049,261,1038,616,153,35,977,1320,397,1204,687,445,141,16,253,1327,1041,965,688,1328,454,143,1293,1026,425,997,387,679,533,703,447,417,140,982,440,117,385,1042,1089,430,706,220
91,21,981,785,410,15,292,568,126,32,644,986,951,389,1291,666,381,383,1312,506,544,815,1012,1286,453,411,1172,1050,1031,929,440,401,127,139,698,469,1296,603,510,159,110,329,1096,514,624,433,569,559,999,968,1168
594,307,54,1135,59,600,872,324,770,376,865,1275,827,308,1370,879,1270,1265,953,328,51,225,57,1154,1217,330,665,1181,1353,795,1261,859,211,948,1344,56,305,161,803,486,581,764,172,682,272,1108,773,791,66,786,111
1103,810,1114,435,934,798,46,1047,482,147,292,1116,248,741,658,1155,156,533,1245,401,749,112,665,1293,479,167,653,1161,244,1364,339,524,511,824,650,544,543,136,329,829,232,420,286,1169,1099,39,61,1012,989,441,1070
1289,383,390,403,432,1316,435,21,92,570,455,704,1084,985,968,544,1067,1204,1318,392,986,643,87,1094,451,1,469,402,1008,18,907,400,448,464,617,379,527,1168,1213,11,675,1304,706,15,687,785,348,646,133,433,176
1129,425,509,1204,973,459,1049,28,965,261,703,351,687,1327,977,430,270,447,442,35,403,1046,691,1005,472,1202,93,538,636,616,1008,141,455,1038,1029,1045,389,417,1175,1019,1052,387,271,614,252,996,426,507,985,385,1023
826,197,63,952,1238,1210,1271,1371,479,585,67,1366,850,503,1228,213,175,527,774,1131,806,96,766,1146,1110,1260,179,1359,1254,320,69,954,522,211,857,755,744,1127,717,496,307,161,155,1353,837,1237,325,1273,1277,847,528
920,447,973,687,258,270,445,617,1005,518,261,516,614,350,454,28,977,143,25,634,17,11,472,148,145,1294,430,385,384,655,383,1161,984,20,1320,16,315,628,703,463,141,919,440,93,412,453,136,636,1293,680,700
69,1161,518,25,1204,445,1050,1202,1320,666,261,440,258,149,977,1052,985,252,703,617,34,1041,385,463,1038,454,706,1324,516,1026,544,351,20,459,1014,417,270,965,142,16,628,381,35,9,426,447,616,655,446,613,383
437,1312,320,286,1226,1202,1200,491,494,729,525,118,1022,294,887,1197,994,915,1107,62,391,4,169,164,158,329,742,1068,908,482,264,1247,296,609,1177,834,639,741,570,670,314,68,1127,571,170,1115,325,565,862,1270,874
31,319,775,1200,534,797,871,194,329,1141,911,312,824,553,187,576,795,66,366,1208,401,694,570,379,619,912,1239,950,1093,1238,524,802,95,403,296,826,748,829,304,356,1290,947,908,299,933,435,505,79,557,1309,410
852,110,1068,453,464,975,1022,146,971,568,1171,391,174,133,584,769,419,649,329,1295,583,777,151,805,111,570,1304,163,1242,452,1336,423,248,598,1210,159,1288,757,1332,498,599,1129,522,852,491,750,109,535,863,166,996
752,655,1004,149,687,350,1124,445,465,17,119,387,1204,1286,447,1176,459,1076,703,252,427,430,1089,896,613,1085,1043,125,1342,1049,270,35,1335,425,1000,153,274,454,1091,1296,1050,980,1313,1324,1052,916,385,997,429,1061,463
520,820,868,1230,830,775,911,1255,600,755,369,1248,944,72,1213,1110,1236,354,1245,431,931,947,1277,596,206,215,486,1147,839,194,1353,846,1178,66,104,183,790,291,1167,300,208,177,565,892,178,413,362,1121,863,834,885
1064,279,1154,219,273,732,136,438,442,518,1333,544,507,1094,1102,1008,445,1204,351,261,516,590,144,16,439,1101,543,164,1082,1249,1296,1175,491,32,1111,440,1145,1013,419,611,1131,198,570,1067,378,1202,1105,87,67,1091,1092
448,1340,453,954,406,274,1335,1175,426,470,720,429,663,910,100,427,433,693,412,497,923,613,916,110,1227,1096,1041,33,1355,452,380,141,65,1134,464,1322,463,991,1118,9,127,38,1168,752,488,535,396,118,87,599,496
1068,1259,585,372,67,319,504,1238,1314,864,423,574,766,1177,571,473,1140,1068,1235,741,541,1067,44,553,522,966,828,646,320,641,758,220,568,854,62,1228,1039,491,692,565,1239,570,861,604,1247,525,276,840,847,555,1094
98,32,968,703,119,472,996,687,270,544,403,141,1173,18,440,729,148,9,1286,87,1099,445,437,350,117,400,616,1026,815,108,624,92,1197,965,514,704,643,415,0,1326,453,1299,385,159,136,1204,678,985,4,435,433
1220,425,616,445,16,687,1052,440,628,613,28,93,982,143,140,430,706,447,9,397,394,258,25,700,387,984,459,634,968,252,509,350,17,532,117,383,973,997,614,590,691,1041,20,507,24,996,1321,270,980,261,403
808,729,468,1342,1175,38,1340,1041,1023,1335,655,430,1007,350,470,1202,965,445,628,425,1076,703,438,459,1226,274,167,985,994,37,1038,482,518,613,687,159,315,119,616,954,680,507,16,77,1082,480,1315,997,732,1145,264
997,66,1243,824,1084,337,827,870,1228,769,606,584,506,526,1371,650,233,570,986,585,989,1190,860,196,319,320,930,1276,582,1273,866,1104,863,576,604,773,950,338,840,857,810,600,654,828,326,324,801,382,120,692,197
216,454,649,255,1061,459,1038,1316,996,35,11,1085,425,991,453,118,1161,1345,261,620,253,429,125,628,463,703,87,430,1067,1014,779,975,25,1320,468,381,32,674,82,732,954,800,136,704,20,616,427,666,1065,138,1293
385,254,272,539,1058,852,120,1135,752,543,556,954,823,175,890,1190,1076,802,604,553,1266,58,274,1085,581,790,1210,60,583,668,549,1271,650,276,746,1141,829,491,94,992,928,854,55,927,1340,582,593,619,319,1304,1222
556,862,585,846,1246,827,1236,581,823,854,1228,1022,571,803,1242,60,1243,780,584,1222,320,570,1056,852,583,819,66,859,1211,836,593,863,203,565,1238,1146,818,603,1177,104,826,860,238,493,1247,856,1270,950,841,197,312
22,364,1153,704,439,315,703,766,687,864,319,1099,252,999,166,1239,617,164,954,815,25,1316,1094,1174,1022,294,1031,1259,264,4,133,453,310,557,345,929,986,419,1355,1321,774,1175,498,636,305,143,614,167,793,1201,951
622,827,286,1113,862,168,1112,777,749,596,570,68,294,203,39,1022,795,565,63,498,824,751,585,823,1119,766,670,988,536,816,661,1101,178,201,978,603,584,606,1154,717,832,1266,337,915,1258,324,317,1135,1144,1228,891
1324,43,273,1120,159,1022,561,1366,469,1058,1051,553,305,175,294,1333,464,172,1341,44,1134,703,576,66,988,167,1311,1099,1316,654,597,864,1310,91,712,261,233,1359,472,389,487,1094,1056,507,1127,993,753,862,780,196,438
1169,191,1047,1135,177,262,856,1212,855,1125,1274,795,282,52,716,827,1130,184,741,88,1129,275,751,294,574,1361,1059,288,100,843,969,1048,748,859,1368,1338,208,970,1183,361,819,1138,770,818,311,1132,953,460,1248,1126,1092
1190,583,111,859,698,603,551,264,863,491,63,919,618,775,1153,562,1176,201,777,1352,1141,62,272,570,991,592,581,632,498,780,1259,506,133,714,1159,670,1022,1344,577,971,609,489,722,1171,793,846,871,852,170,799,392
817,1058,741,286,110,326,1120,1047,1092,254,59,718,307,1140,1212,749,825,989,852,1222,534,299,878,574,1128,325,357,1022,1190,460,581,1039,864,761,1271,1177,877,1290,928,338,1175,491,1333,915,321,1059,603,553,733,798,1125
930,445,742,41,910,1023,1342,4,1094,550,1315,667,136,975,687,273,491,743,697,1083,138,750,1319,1226,1299,170,662,778,350,725,516,438,1108,752,923,489,661,704,1153,1327,1107,1060,145,980,279,793,454,2,1129,1355,315
1203,1096,464,568,1340,1101,576,1031,604,1053,15,570,584,1120,498,503,1228,506,1366,294,714,161,172,558,329,389,529,698,269,565,491,1290,618,429,1270,482,166,14,364,550,753,646,405,993,609,766,133,214,118,641,1066
198,687,93,1321,11,425,406,149,35,703,1322,1041,691,898,1204,518,381,706,426,250,430,28,532,261,1320,252,138,680,628,449,1018,779,417,77,997,148,1202,87,1061,507,145,704,24,403,510,613,463,258,140,977,590
560,581,1228,325,1143,852,802,1266,577,827,1246,862,238,858,1262,849,1166,504,1208,835,1352,565,877,1259,1239,818,837,551,317,864,1263,871,1142,1247,847,553,861,1156,603,593,1119,875,493,846,856,70,66,313,375,562,328
945,425,491,270,1052,985,465,1355,468,426,543,445,32,1286,148,752,1342,703,919,954,47,439,1226,435,44,329,221,1320,729,319,447,276,701,1176,978,766,137,348,20,550,538,915,1201,305,655,1091,120,41,975,561,1043
655,1133,1152,781,933,199,1254,838,313,418,476,371,884,861,1269,739,1283,325,300,51,872,343,983,217,220,374,545,234,54,935,990,952,1216,961,1365,830,1280,1279,926,288,1257,755,1282,622,310,333,213,128,57,1004,184
1318,565,596,312,802,753,577,286,647,581,85,775,494,1341,189,66,790,311,871,803,493,290,1228,242,54,1143,338,520,817,797,1113,818,325,553,86,1058,490,1263,1200,1244,986,49,44,1214,911,1088,1156,1243,757,210,366
891,628,463,532,136,996,153,1049,613,1300,1026,1328,1320,9,785,1321,464,1099,1005,447,17,533,703,649,1012,315,1082,126,256,687,472,470,1322,399,32,468,1050,25,994,1342,403,138,1091,429,77,980,984,991,1161,141,1286
677,844,853,1177,1371,1146,1228,1275,867,581,236,878,593,874,207,1039,875,571,1265,1211,840,862,214,852,849,313,343,1259,877,854,873,1258,1373,1217,1249,1272,945,1236,864,836,339,1273,858,213,575,199,827,718,597,1218,843
50,977,9,445,617,1202,1204,406,28,0,687,268,1067,1037,980,703,996,405,1014,117,518,613,4,250,1324,437,968,1327,706,440,1176,149,896,680,1286,455,219,1320,516,1052,252,389,653,417,270,1162,1330,965,439,1026,239
811,623,1154,788,1159,1100,103,68,65,819,1111,947,1262,740,1249,778,786,780,653,843,1266,839,726,309,1200,170,418,612,477,891,868,886,763,1188,413,171,601,1083,445,538,1349,1039,50,795,861,995,316,279,1255,969,451
1030,862,1246,1128,846,852,66,864,1270,859,1236,854,835,61,238,818,1259,581,816,574,1249,423,493,1141,842,827,762,1263,1058,802,176,46,104,329,57,1242,863,840,504,210,871,325,598,1208,1244,741,562,799,1258,875,547
39,564,194,66,785,775,432,826,487,1326,411,455,87,1270,1008,1014,329,653,383,993,870,753,296,437,790,818,782,1012,986,491,765,829,594,1036,912,390,1247,698,388,108,389,929,675,110,1259,325,641,621,1226,544,378
1035,230,324,1076,299,543,862,1140,1202,109,1154,835,445,972,67,732,165,41,1222,775,603,1008,648,1102,1131,1352,717,1022,994,718,327,477,321,841,574,792,804,308,821,1190,273,816,1205,919,142,1194,742,221,223,1153,460
1016,1271,281,469,846,581,646,553,319,1237,325,583,852,541,780,504,503,857,778,1366,802,993,59,878,604,762,1246,196,964,208,1333,1067,286,766,577,290,304,1058,491,1084,86,493,529,1273,1236,1146,110,761,803,1158,556
880,1248,169,282,1344,682,1108,787,879,359,670,473,824,775,170,871,102,944,859,88,540,489,94,553,121,1171,1209,1110,486,751,817,162,777,795,607,54,1337,1107,111,1241,174,671,1136,324,480,761,650,46,211,401,1135
952,454,17,687,445,997,703,28,447,261,800,616,425,1328,1324,1286,1342,1061,406,1320,270,1049,1041,1322,628,32,1085,1293,397,1042,1052,385,680,140,1311,516,429,93,617,430,784,426,1204,35,1313,1089,142,253,350,435,1043
209,910,148,692,704,319,425,197,986,1270,626,1168,416,1051,981,144,1031,916,667,1056,714,864,110,20,815,1067,921,15,757,985,1319,1259,410,66,553,1200,92,666,835,641,505,439,669,152,860,586,689,1174,239,1053,292
366,1140,1067,315,703,1236,1056,571,1349,692,509,1008,1228,741,317,275,981,774,276,1340,758,425,225,1111,1238,451,152,47,878,1146,1108,383,705,1249,233,198,476,1271,994,502,525,314,403,67,141,506,1173,553,207,1316,319
984,1236,671,639,1270,570,319,1173,1372,987,66,176,1202,4,984,50,1152,1022,164,351,864,818,60,1058,683,127,1131,1187,1316,305,1162,145,302,585,1272,491,662,214,1303,871,67,918,468,980,148,329,379,1155,22,1228,777
428,1175,784,641,704,350,136,1022,1204,732,1083,538,491,165,1239,778,264,1141,99,516,741,864,3,1191,1286,143,1202,464,725,304,758,454,85,423,448,617,954,1107,687,742,421,1190,1092,18,1176,149,482,1053,570,785,1247
193,1171,464,1173,805,510,455,1175,1161,506,36,617,1014,279,1131,91,1310,327,38,15,1311,415,256,470,136,257,401,655,779,993,99,436,784,516,1286,697,145,712,329,438,543,126,469,531,1340,514,87,411,1135,1297,564
1325,1204,628,1048,119,919,459,380,464,136,463,389,532,965,37,1320,617,805,684,416,152,315,994,470,390,649,978,294,258,1321,982,250,11,1174,974,1070,349,636,1018,403,1336,1019,134,980,140,472,700,443,518,613,514
1094,731,89,917,1339,707,1184,932,42,404,300,191,1150,160,1282,970,368,517,1006,360,1360,1121,759,1283,373,695,888,1028,362,820,199,1257,336,648,868,182,1040,610,337,1209,1117,217,309,629,587,909,957,519,484,1301,357
355,823,827,859,839,1228,319,1141,846,870,1243,863,324,1248,861,233,581,577,801,553,523,504,1261,832,214,1238,790,811,879,1273,609,603,1208,570,376,584,868,1068,368,328,203,842,1262,1177,787,371,824,1022,766,758,420
479,502,477,553,1260,891,103,95,761,209,1135,1271,1344,577,703,451,871,1195,847,1228,762,594,550,276,145,525,1111,189,127,151,455,592,1238,992,1236,317,1067,110,614,325,319,751,497,626,617,1192,1171,604,795,305,1266
189,416,18,1067,510,1316,1050,1014,276,646,403,58,405,829,381,752,825,569,1051,518,472,522,1174,435,570,432,1008,715,12,1025,535,553,401,534,1173,507,1270,511,21,987,994,87,1056,15,420,678,554,479,533,918,152
335,425,252,616,687,261,149,703,985,270,1124,35,459,1089,350,140,93,655,706,4,430,142,138,445,136,897,1176,1328,16,980,117,784,1320,693,1313,268,454,447,141,716,800,691,973,426,1330,153,617,470,258,274,968
331,1014,1013,1161,95,487,425,756,617,1085,1312,1056,1211,654,644,1294,391,804,254,862,1131,1241,771,918,678,701,274,437,864,568,556,1332,753,526,583,1129,1355,503,992,984,1171,1149,351,152,571,335,586,954,510,172,1032
178,425,383,87,590,687,435,116,403,986,518,1029,1287,378,1291,441,981,381,427,412,411,409,394,393,985,434,110,1316,386,1005,514,438,507,274,973,390,136,108,1190,0,570,704,405,584,669,653,315,1328,400,453,126
10,87,425,570,510,403,427,469,1005,429,968,1067,411,553,1012,243,422,327,25,416,391,32,15,1204,535,389,617,393,440,644,1287,9,561,65,136,412,984,378,752,472,780,437,824,219,402,383,110,971,138,139,1094
58,687,319,143,514,986,557,703,815,1202,433,617,139,968,60,981,445,92,144,396,637,570,50,392,1316,1022,292,141,1201,704,669,1031,653,923,136,409,393,394,555,448,87,166,1242,862,30,116,729,395,780,996,197
889,425,514,465,141,1038,1286,1004,442,137,270,628,429,1041,655,1139,459,1013,350,532,617,657,152,136,90,712,687,1003,279,118,9,590,4,378,1310,507,17,256,434,815,268,25,689,1050,1204,380,1330,422,394,1099,1134
502,841,845,1264,825,1261,366,863,325,1135,861,1136,802,633,1371,753,1228,1131,547,1141,1254,1352,1344,324,329,203,585,272,108,583,1144,650,1206,574,792,808,803,1158,867,196,375,523,1272,840,836,201,1345,928,606,320,49
1125,16,510,1204,425,440,507,1171,518,405,381,250,691,965,25,417,687,704,1194,439,644,613,143,445,1052,532,416,378,974,433,898,1044,77,410,429,46,968,1007,544,148,24,448,28,617,977,1148,531,364,1300,706,243
967,1327,784,1328,20,350,463,1322,145,1204,687,657,141,138,380,1299,1124,684,220,1000,1026,17,1050,1062,442,533,449,1294,977,1049,1320,1027,1013,1038,447,426,253,261,258,230,973,409,628,590,149,93,518,666,136,268,655
989,1153,835,165,1023,148,661,769,687,85,1200,477,489,1226,144,805,1108,793,164,230,1045,987,683,267,1131,980,864,818,272,491,1022,1346,420,329,33,46,4,753,866,66,439,106,278,409,780,264,570,1239,1101,784,620
796,279,1018,1270,1313,364,1293,1152,108,1366,878,1070,273,1353,1034,781,1169,1300,700,167,442,913,952,1219,106,117,982,428,313,545,990,807,1296,67,40,1247,1008,568,764,219,1154,805,1354,77,1166,230,1321,436,1101,1119,741
535,825,570,296,577,319,522,1208,511,460,1200,583,435,793,592,1249,506,553,66,420,705,758,852,835,1228,203,604,482,1022,202,818,1045,299,864,1190,653,103,561,524,498,491,1236,233,870,305,46,1140,166,1239,286,578
822,862,571,487,1154,1058,758,864,1228,1270,62,827,823,1246,1113,577,1056,1236,522,853,1155,166,845,214,581,66,67,861,593,1146,1177,1039,172,826,1265,238,585,60,836,849,583,819,1238,1222,592,1208,856,502,821,854,584
265,628,687,253,590,385,220,449,684,1313,1061,768,387,518,1175,425,1327,93,1012,447,459,397,720,634,507,688,351,977,4,350,532,1202,510,426,691,270,149,655,17,140,380,1322,516,442,230,1324,1286,9,430,28,1204
572,473,1003,790,1129,471,791,769,1195,1009,862,730,571,225,97,35,1073,686,656,84,994,642,566,1058,143,1327,1247,779,617,938,659,1063,1004,1294,219,1113,565,684,496,985,204,1085,542,47,136,275,145,825,1319,335,164
1307,634,531,613,1067,687,9,25,381,1204,149,662,655,1041,439,516,36,1118,1019,445,454,698,674,262,991,417,897,678,1355,138,968,378,628,1168,17,1270,1310,1025,118,389,616,1056,1161,472,1162,918,225,1316,1211,1294,438
841,965,400,472,518,440,364,119,687,416,628,378,1005,270,634,997,996,1003,4,379,1293,16,386,108,87,392,11,141,1173,405,24,1008,383,315,425,691,394,1311,83,684,399,510,994,514,532,9,409,800,535,1050,388
261,980,491,1045,425,1204,700,1175,143,438,712,270,996,805,25,703,24,641,441,985,982,463,617,45,468,406,624,341,1050,1155,1226,1318,1067,741,141,4,272,1008,416,119,364,687,136,410,994,435,599,965,1089,392,1057
290,800,687,518,1324,1204,616,472,509,779,459,117,1025,270,1328,1095,425,454,1327,261,442,17,1301,1202,1294,386,253,1071,990,430,1037,225,896,464,1007,617,1313,630,516,1064,1307,655,1322,16,703,1006,1161,936,404,153,93
865,687,1204,1041,1004,17,518,1019,16,1070,1287,1322,141,991,149,117,35,516,982,994,129,232,997,983,119,613,533,256,91,1294,417,976,526,713,268,800,697,805,655,403,1311,1327,634,573,768,380,717,143,510,1026,628
372,141,385,93,406,1293,1204,394,463,688,533,532,518,507,982,383,613,119,590,397,980,417,996,30,1300,440,800,25,994,16,1052,1061,997,976,706,1313,1026,464,1007,977,470,720,395,9,1041,390,514,1292,136,973,1320
738,1277,1127,317,1207,197,967,1228,524,1141,1200,189,1273,121,756,1143,795,1115,888,1238,207,1144,1146,64,1,823,591,609,853,839,1354,581,596,659,216,847,992,625,604,193,796,113,551,774,479,887,1244,1256,1236,332,870
1173,585,197,1270,1238,320,762,802,1247,1366,319,1271,1228,504,305,166,485,498,581,583,201,842,571,758,790,864,522,1246,419,852,862,1236,593,584,819,1261,565,1211,1259,827,325,1341,66,609,823,1266,1263,1219,1190,553,846
734,757,581,313,972,125,753,1366,119,1058,1087,312,824,1229,274,874,144,1196,998,1139,565,1008,143,1258,654,170,990,1270,65,922,1166,739,106,1181,1067,230,1037,409,49,595,1364,1068,669,1245,802,1075,1201,533,469,1136,98
693,692,1246,1265,504,620,1277,867,971,1134,211,197,747,754,815,677,626,172,862,46,1151,577,806,1125,1237,65,667,842,859,1067,561,714,685,470,52,324,762,431,1108,1066,738,954,969,836,193,1236,166,1314,1304,266,1118
1168,581,1205,555,226,504,325,292,855,1228,844,741,312,574,874,1333,970,61,338,67,1212,930,331,104,705,201,869,1236,284,493,818,1140,1039,659,861,1186,565,1274,887,828,275,854,178,197,177,1144,308,216,825,319,966
704,1067,986,219,92,118,276,977,636,381,669,700,148,4,617,319,1120,1085,1026,415,1031,1139,679,634,981,703,1032,919,87,680,439,971,253,252,20,243,403,138,1168,1014,641,766,438,453,557,149,320,315,197,447,449
737,834,551,574,522,1248,1236,871,799,808,860,862,581,775,1217,67,866,60,1221,863,317,201,577,525,66,835,375,329,582,816,840,214,827,1238,319,846,1246,1232,603,575,849,1115,1258,1146,1228,839,328,1262,1242,864,1271
220,655,149,459,1026,447,1320,703,28,145,616,449,687,153,258,454,445,680,1286,1052,977,1041,657,125,463,1204,784,350,533,1050,1038,430,158,77,35,994,1061,252,732,464,507,1175,1328,25,20,1043,674,636,1091,116,253
8,687,616,968,977,518,406,996,1204,613,440,270,703,655,434,448,706,1320,258,628,1313,617,982,28,417,141,390,704,445,1063,1031,641,30,426,1194,700,25,351,1351,509,980,447,153,261,514,636,919,1311,1321,453,35
774,673,456,749,168,1113,879,354,711,789,170,1151,387,843,1314,737,487,523,1345,1055,1372,1112,761,754,1325,1200,1106,723,868,228,770,480,240,1134,306,1109,765,1187,787,747,1132,1105,830,1092,1121,594,1083,1177,486,741,326
1229,687,387,426,220,394,1322,706,25,445,657,1321,634,976,405,1204,1000,119,984,417,406,496,469,383,1013,533,125,24,1083,385,430,93,143,1005,655,425,30,702,684,1062,1002,1070,446,478,721,139,616,1003,1050,1032,700
658,717,1038,480,261,1143,694,620,35,1311,725,487,1296,1341,1165,273,665,1019,1008,241,1330,159,1047,533,553,1236,896,659,1124,17,145,741,514,1091,43,535,864,1149,1127,688,701,405,583,918,435,997,1058,479,320,137,324
373,445,977,385,687,976,16,616,20,93,261,28,613,430,117,417,258,1026,141,1293,440,1327,965,1052,9,426,1049,673,390,617,1313,634,25,1204,1328,17,1020,35,24,649,1148,999,439,897,1161,973,982,896,252,30,2
791,1075,484,154,910,262,669,921,87,1332,1152,393,100,397,215,761,1296,98,716,638,396,521,1078,931,566,57,923,167,1370,174,384,781,606,710,1305,879,1160,906,689,1353,1167,754,457,1139,794,1004,760,1338,1275,1205,395
103,141,613,968,680,425,1202,417,426,449,93,518,9,406,614,25,1310,427,704,136,706,138,616,703,412,381,516,628,445,126,34,1342,976,1052,1046,397,16,429,424,440,24,30,394,41,742,411,805,662,125,649,1175
778,717,268,115,51,602,222,1334,707,277,1338,900,231,501,1375,1006,843,1078,1279,616,800,261,27,450,123,1203,1076,1199,903,363,230,695,1329,1098,1049,360,1003,882,342,344,120,936,101,1178,243,831,1170,1114,418,664,1020
297,22,96,30,1197,1149,686,947,154,1004,1120,1049,409,1204,1003,1309,1198,435,743,542,162,50,497,1169,12,461,21,33,541,354,1354,694,1163,850,11,1142,1139,450,117,1221,740,1152,687,7,1302,1185,1040,1337,1335,1007,1081
937,1321,378,1314,425,703,250,87,1292,732,438,25,1204,164,965,585,1175,984,687,16,136,152,1194,433,455,785,518,329,576,379,1148,448,674,43,148,1320,1089,138,649,445,706,1000,805,514,36,143,166,447,464,611,1171
1097,28,680,700,1320,687,617,994,149,516,350,538,1085,468,1076,439,445,254,17,620,459,616,253,729,145,766,77,657,454,1328,585,273,1324,1067,1038,447,399,252,1014,636,274,1342,712,25,463,1286,1063,220,599,977,1091
1136,274,977,965,445,447,620,230,1067,700,1154,350,251,617,20,265,439,438,590,1082,518,1102,261,252,703,509,1328,1057,9,1175,669,35,419,544,1091,1292,25,732,271,1131,28,141,1020,117,1094,697,16,507,167,119,387
186,28,145,350,516,17,454,447,77,385,136,1204,1038,442,687,616,1327,977,141,261,468,459,20,258,412,270,628,703,590,666,1005,649,984,380,253,614,1052,426,274,387,439,700,620,544,994,1091,87,655,507,1286,1050
961,784,1076,1204,986,315,447,445,387,488,451,465,143,1085,712,1342,516,1041,383,720,276,657,453,1063,994,435,496,910,425,623,161,454,1071,1026,406,532,742,1214,380,1140,1316,463,152,350,268,153,1049,227,1045,1019,985
327,614,425,350,447,703,1041,1050,30,1320,1322,258,463,149,138,426,973,427,655,459,270,1171,1327,429,430,442,732,507,984,136,977,1328,691,687,590,24,1038,274,680,261,385,465,657,378,16,454,666,1026,412,268,532
567,522,585,60,1191,864,504,1177,641,583,1228,1372,863,1068,803,66,553,292,861,314,769,1209,1140,1180,565,317,775,54,1259,1314,172,828,577,1242,862,823,1249,62,571,205,319,835,732,1022,1152,67,854,1211,102,405,555
1248,750,785,391,233,420,862,1058,1131,757,66,996,319,1152,487,148,1340,469,762,864,860,331,110,835,1226,502,576,561,294,1120,1066,987,400,704,980,1153,1118,1108,464,805,1096,769,1022,550,852,827,100,439,661,1177,716
1195,769,440,835,862,1044,319,887,861,383,86,534,491,570,1246,92,1036,205,472,1271,986,856,514,1221,841,539,803,653,998,416,1318,981,678,863,836,1239,133,780,1238,392,221,1235,891,609,631,67,939,1247,1259,60,818
957,1320,425,1202,141,350,270,378,1089,1327,680,145,1014,1204,1294,256,87,430,25,518,655,704,784,438,399,17,1052,411,628,617,117,136,426,454,16,1161,4,402,703,991,447,429,779,24,968,679,459,1019,1043,996,616
496,319,862,841,1228,861,871,1261,1247,175,1155,233,818,1240,1337,559,102,762,487,1141,524,583,1341,847,864,1238,1131,498,839,724,1348,172,1136,1100,152,1172,436,74,278,166,835,60,201,769,795,328,1263,1266,49,1096,592
624,862,775,1235,867,104,583,860,718,846,1022,555,863,329,1258,113,609,1039,659,543,1246,875,574,864,790,835,320,765,328,570,823,586,68,1371,319,826,551,858,1259,582,834,803,930,818,859,854,504,808,741,816,575
1281,1038,1004,454,253,141,1052,350,447,687,1049,1042,449,1124,997,1322,153,703,1076,1324,17,1046,142,445,380,258,149,28,406,463,1286,1041,1085,387,261,1003,252,125,1175,397,394,1199,425,1026,426,977,140,465,442,230,1301
309,468,145,426,655,687,30,174,270,136,140,703,87,975,1014,732,1194,1286,38,350,994,674,429,1320,36,470,1322,1171,991,153,378,1316,1335,1175,119,253,784,1041,616,1026,974,393,436,158,459,263,649,815,425,1089,916
214,687,996,393,397,614,141,35,394,1202,4,1038,425,616,93,20,691,1043,230,417,119,1313,1320,1162,0,1008,1173,390,25,620,1310,447,674,784,144,1027,459,426,977,364,703,544,392,270,968,1065,148,1007,509,258,732
715,197,568,66,65,585,923,803,916,865,600,567,1179,324,790,1177,922,72,581,68,553,319,930,780,236,487,49,494,1259,104,1261,912,1223,570,201,206,541,595,429,753,758,1243,802,328,320,1053,603,325,921,1254,1247
718,826,1200,852,803,416,524,577,233,57,435,1127,827,715,1226,585,795,66,752,778,1263,846,776,1,1141,137,14,862,172,962,1309,780,319,103,1208,1155,757,824,724,572,295,604,842,148,782,1159,825,1341,68,473,535
564,1174,411,110,327,21,1012,15,405,522,698,1290,1176,402,1286,1112,1300,158,234,127,1050,1018,1096,14,286,644,420,984,108,558,807,1351,401,569,1036,983,1031,586,568,1331,22,989,1008,453,968,1291,1014,570,641,437,30
262,977,445,532,459,258,35,440,447,616,234,383,28,634,118,628,971,544,119,1052,617,1174,996,260,138,1312,16,448,975,919,472,4,590,405,703,315,982,653,441,784,706,417,219,453,390,1067,1018,381,243,140,270
354,445,252,28,447,449,258,703,687,261,616,439,977,968,1052,438,442,24,1292,141,1041,30,9,628,459,32,397,93,412,385,973,1031,441,680,965,427,509,1324,1320,465,463,691,1008,985,406,20,350,1327,1286,351,1313
759,261,440,977,1204,25,28,406,518,447,141,385,968,93,544,417,35,1161,16,613,258,435,381,616,1026,617,383,1018,1050,401,679,439,514,1027,454,136,1292,982,429,1202,1320,984,143,433,706,442,445,438,437,703,965
527,1228,878,504,1248,816,59,1273,863,862,66,861,581,827,1271,823,1236,802,839,1246,565,571,766,574,730,585,236,201,799,853,1276,1238,864,1127,320,584,203,596,326,292,60,54,566,855,525,846,553,761,852,197,522
34,465,1330,451,454,268,543,459,92,532,526,1176,429,448,95,1061,1296,87,518,1161,1063,146,278,1286,524,276,1292,703,35,1034,391,516,381,28,1173,407,389,1202,986,1026,544,1200,996,1051,729,1295,270,488,453,469,267
1073,327,862,553,460,753,584,826,846,323,827,669,841,523,555,411,570,151,801,775,381,67,803,586,1155,1171,504,238,203,1140,66,110,1205,787,559,858,774,295,61,609,1263,178,863,853,46,633,536,1114,1107,118,1174
536,268,729,159,307,274,953,37,913,330,1154,992,789,991,1188,1099,384,615,164,1190,526,757,175,1136,710,979,349,99,1270,1264,1241,1331,116,536,66,295,1123,1360,1269,810,960,545,479,380,57,1326,1055,312,1294,1074,1170
700,17,1320,703,261,28,256,700,1025,142,153,447,687,125,800,426,1052,977,1324,620,138,425,35,1085,994,982,1014,975,417,1026,254,1286,729,430,1061,1041,1328,1161,20,732,1306,1313,463,77,1009,1175,1176,381,616,768,1204
1140,800,1327,1124,273,518,1328,1004,687,717,387,1324,425,546,116,1049,141,445,474,768,385,1019,1061,1078,442,346,463,35,1195,900,231,254,784,17,1000,430,535,261,994,1202,720,1006,1015,37,380,680,1188,149,428,232,23
813,286,1099,1270,553,827,758,852,1271,1140,816,1108,620,266,1249,419,766,1228,1131,198,1144,862,1217,496,62,1238,864,823,1158,565,1127,67,802,1211,803,1094,1200,828,826,821,878,1236,577,525,1056,170,1048,558,713,692,1107
138,977,417,25,1052,440,406,2,16,447,703,973,1204,680,403,252,691,805,35,614,509,426,984,616,439,518,258,673,93,507,532,1311,270,996,1292,138,613,30,968,148,136,454,516,350,706,704,219,261,117,145,1320
1099,1092,1321,611,141,1007,538,1161,510,1174,636,994,514,464,1200,1300,1059,425,33,2,641,1012,732,1191,805,741,1065,1150,734,1051,77,136,468,296,440,248,1019,159,323,1340,1171,1313,1293,1292,666,532,453,228,1226,399,37
575,583,828,769,274,1236,551,818,1228,599,852,1242,329,1022,827,795,1128,1304,196,146,543,1190,862,971,1171,429,45,783,826,504,835,861,328,319,681,714,491,803,1205,823,320,574,452,257,825,312,201,752,166,1239,58
1175,583,862,58,841,59,567,290,847,1261,916,1341,175,867,1056,62,852,1039,65,1240,1228,1236,572,1141,205,172,854,233,762,853,771,319,1146,834,839,595,313,844,1246,802,1151,487,557,504,166,861,757,698,1304,1259,819
399,518,383,1204,535,87,378,1162,531,968,604,415,159,403,14,662,99,507,11,389,1003,918,570,506,564,1056,704,1168,1030,1005,445,633,986,644,435,390,646,433,239,514,15,133,1326,614,400,980,242,973,553,991,1067
534,581,522,577,233,846,66,585,862,201,67,1228,1258,62,1271,571,574,1239,867,845,836,329,802,775,1177,1246,1304,570,555,863,1259,551,1155,317,553,1211,1238,861,60,1236,203,864,603,842,604,1332,504,1180,840,1022,799
821,714,469,405,504,535,110,1366,1295,419,319,95,487,715,239,556,1336,433,783,294,146,1236,825,975,15,1304,752,618,785,586,460,1096,103,986,391,60,1056,503,780,423,440,641,583,507,862,971,543,1022,197,315,646
197,977,25,406,385,28,445,454,17,628,518,1204,1321,440,87,1041,20,470,1052,141,9,261,119,442,140,649,0,463,982,380,117,138,378,447,1293,965,1292,394,32,468,1175,426,1026,634,126,429,1322,427,93,438,997
589,766,1194,1120,1067,1195,565,916,496,197,1228,473,659,290,213,1116,1219,69,1173,498,866,506,196,623,167,577,320,152,838,553,1169,321,581,834,664,860,216,325,744,922,615,15,525,857,545,502,796,1254,1012,1243,844
901,425,24,533,784,406,981,980,1052,1114,234,445,654,825,1176,977,395,440,319,141,469,691,227,898,383,426,87,649,252,372,1051,441,1320,138,453,641,657,646,1036,712,1161,1174,463,703,532,1045,563,21,1139,417,468
1280,425,35,28,253,1089,149,118,406,703,443,688,1052,441,628,507,679,142,465,270,1311,24,815,560,220,617,691,676,918,1041,242,141,1025,296,440,226,454,17,1330,610,626,254,148,982,1064,264,675,194,1012,636,1071
411,149,687,258,1019,445,145,1026,628,1052,380,1195,994,1328,417,634,140,350,507,153,0,385,533,983,20,982,700,93,16,532,1004,980,429,11,674,973,510,463,1003,613,1005,977,666,1061,442,430,141,768,655,516,1042
773,585,1022,1236,766,487,319,551,320,592,803,1238,524,1056,214,571,233,583,581,1228,329,864,1058,862,1200,816,1208,577,1153,196,553,1155,203,1211,834,565,1234,60,663,1143,828,596,1344,504,523,698,61,1277,503,506,66
922,425,445,412,439,518,968,1020,687,544,1153,241,509,550,1059,614,1318,437,389,446,426,449,150,253,1340,286,1292,26,1226,766,768,1027,252,1162,397,155,1332,390,669,673,655,973,1342,438,243,18,487,148,965,435,378
211,628,258,1327,149,459,1004,1026,1204,1322,28,261,93,426,17,703,454,688,442,445,507,1085,1013,1052,1194,800,1038,387,1076,263,125,1286,630,1293,1175,463,397,1320,518,1048,965,447,35,509,1306,268,253,687,380,1042,655
1144,543,497,623,1113,1266,62,102,238,854,761,906,264,1175,105,890,1159,767,1155,1135,41,517,802,565,54,516,1037,596,595,1296,325,1249,877,233,871,915,1127,305,451,867,751,816,744,1110,885,660,224,841,209,1188,1067
1075,387,478,1014,149,831,287,125,276,1342,93,27,308,293,1185,657,1350,225,1279,255,183,991,1302,140,415,229,1163,227,28,447,545,1079,687,1375,1199,1335,655,1061,409,1074,720,1294,1098,508,1025,779,474,433,731,1089,138
310,1130,258,125,1125,191,919,228,184,599,1127,716,1149,1335,281,1311,745,1058,1313,1246,186,747,1059,361,1025,1044,741,224,648,316,359,561,1067,1157,1312,1322,261,286,1165,199,208,482,728,288,1135,1279,1174,257,970,827,289
614,849,862,104,1141,879,852,962,867,868,870,823,877,72,580,757,875,1371,787,1252,1243,966,940,565,854,215,1256,853,873,839,880,775,98,603,874,945,857,450,290,821,1180,1100,1277,293,924,806,1155,1263,593,312,575
255,751,220,280,286,160,477,1149,1313,1009,139,266,385,585,425,776,913,965,1339,1131,1221,1117,538,1315,1064,241,142,1087,959,1360,716,1003,587,1182,94,399,391,212,729,509,1119,301,1212,715,648,1106,1103,939,732,792,28
94,687,175,729,667,433,655,662,1289,1299,489,980,666,954,276,1051,1316,1050,996,34,981,1168,1012,1173,993,975,393,991,697,119,654,394,136,167,87,497,440,7,516,92,403,617,1303,923,400,1202,614,43,742,624,422
1028,585,1039,583,836,321,1217,791,504,569,834,591,878,844,847,808,860,875,1235,577,637,581,857,67,741,854,373,838,62,1146,1133,1251,535,570,555,547,926,866,543,1367,328,603,1373,74,1354,236,871,113,319,376,1247
825,755,606,191,830,326,859,802,530,54,953,102,486,748,1209,761,593,872,944,827,733,879,1156,633,770,582,579,799,324,801,113,846,359,208,311,808,847,312,547,775,1361,1155,523,206,1133,581,1253,565,911,1241,868
1116,1296,335,1366,916,230,313,1228,852,1129,1175,1000,1249,1348,620,274,1349,317,990,278,969,1154,331,482,245,766,837,58,1229,705,1371,550,541,1022,864,802,966,878,1153,1141,1259,952,877,818,477,409,305,1196,794,703,198
964,1204,703,1316,1029,1025,9,1067,697,167,1201,1056,35,704,684,471,447,465,526,1076,1324,137,1260,1063,145,1139,1271,319,44,623,20,1265,1091,425,383,16,116,315,907,469,267,1003,270,1038,158,1172,706,687,965,592,1007
360,125,613,996,733,1041,771,1312,1047,1345,1364,746,41,140,736,246,800,415,424,1307,1137,1341,602,142,425,516,814,683,226,1292,557,286,409,1144,85,1299,892,1343,660,1316,1071,560,1220,1203,729,1202,737,725,906,0,1357
106,1022,697,464,985,570,725,1012,1094,159,553,167,127,1297,1319,23,552,1202,272,644,136,329,438,463,511,319,1336,1226,4,866,1204,465,1169,742,524,1145,597,871,491,1051,1102,1067,526,1316,411,158,18,712,251,468,775
1056,1322,1092,1047,1335,561,266,43,230,749,233,1340,433,169,661,273,1131,99,620,817,697,704,713,427,1129,496,688,435,1343,725,750,406,742,1134,1202,616,172,1328,716,272,1049,1358,39,140,1023,459,1324,164,751,738,538
445,713,1335,1190,1236,1022,697,1131,469,661,273,1340,1129,620,1012,823,1177,1066,806,693,769,852,175,267,1141,1154,818,862,1228,1023,789,825,274,954,1107,1333,477,1083,1336,502,749,969,1342,1226,1175,597,1134,494,272,913,716
279,140,691,1202,447,687,403,445,680,1041,590,614,138,87,507,628,381,25,425,411,385,968,379,454,350,427,141,116,1194,1171,441,270,383,465,977,1316,898,412,703,1052,351,1020,247,1327,616,145,514,438,430,118,752
1135,459,406,1042,454,1124,1052,445,687,35,449,717,17,720,32,117,430,1004,1006,270,982,965,16,628,1046,26,28,261,232,1041,125,703,1327,662,1293,258,1103,142,1315,1070,700,1328,1301,616,426,93,994,1286,118,544,688
15,425,703,706,687,440,93,447,119,691,613,616,270,977,394,982,532,350,973,378,28,140,459,996,429,680,628,968,393,381,136,426,261,405,17,1041,87,143,395,258,544,1052,9,427,655,449,518,975,997,34,412
111,972,491,609,1256,1190,1202,61,583,790,991,68,304,327,1095,842,522,67,1053,823,320,14,1022,341,60,3,210,103,637,319,1294,219,950,1039,1373,233,1011,878,313,504,853,383,780,332,1258,104,251,1084,827,1315,805
1151,1058,1263,1271,236,1270,873,1247,1111,66,1211,1154,877,59,1022,852,886,1196,1254,1143,1208,238,875,988,1259,1276,170,201,1258,874,1235,313,1177,286,54,525,305,325,312,756,816,317,780,876,553,321,1102,269,834,310,1275
1245,395,532,1052,706,440,687,997,252,533,616,387,974,468,464,87,975,448,590,425,463,136,398,978,1194,138,445,691,613,982,470,35,688,16,985,143,720,261,703,274,119,429,977,693,514,25,430,158,9,741,704
1057,468,1036,750,1318,59,310,1210,1191,314,1174,1239,322,692,205,423,383,764,294,555,1022,406,491,583,1226,460,611,1355,741,1101,1145,769,233,175,458,127,1213,644,987,818,482,166,532,1039,8,505,514,570,563,621,1300
1124,273,412,425,1292,445,429,463,406,729,427,557,1324,693,717,766,716,1038,516,1322,567,1296,1026,261,441,1129,270,558,720,1091,351,380,1332,1018,1327,252,708,997,447,136,1089,1286,1176,725,701,28,533,669,426,1092,141
598,152,785,494,1328,203,845,171,734,469,1252,604,751,1291,558,1011,841,1003,864,1132,1076,18,570,534,465,832,1084,419,1259,862,442,1158,1118,704,918,887,906,797,987,14,1062,11,1206,868,379,959,663,482,648,722,328
508,164,1312,1200,704,425,157,159,1292,41,427,742,21,44,463,923,470,1162,43,852,136,567,842,703,1022,268,922,464,87,143,803,780,148,752,526,1256,595,393,1173,453,1141,758,104,621,95,18,33,637,1249,34,180
1266,1287,136,429,401,463,383,805,704,25,703,419,1145,378,1019,403,1032,146,389,1291,507,472,9,784,1096,532,434,329,564,514,427,87,393,405,400,1161,502,982,33,256,402,126,644,570,1292,412,985,12,251,791,714
1232,1204,628,93,16,680,445,613,385,25,447,430,1019,141,442,381,28,417,614,509,20,261,768,1050,973,1000,11,666,805,406,116,379,1286,24,662,1328,1061,1310,965,35,270,968,258,17,411,980,397,440,472,996,1161
838,1153,274,43,717,984,175,157,329,166,1228,1291,584,505,846,1292,151,44,703,1241,102,170,1105,319,163,581,557,1201,50,70,992,1155,376,201,1141,158,526,765,335,791,859,757,866,986,661,87,729,328,714,553,1242
703,329,862,197,620,752,383,815,1096,133,692,491,103,146,502,145,296,166,473,504,151,860,211,823,827,1228,256,852,863,315,497,205,662,1340,1050,345,689,506,65,705,1171,175,419,15,1246,503,110,1237,1248,1022,846
294,454,261,425,255,17,700,445,28,800,350,93,449,996,430,152,1065,1320,1003,729,516,459,1085,268,538,1293,77,977,1006,232,1041,720,34,735,463,1188,636,1199,1313,1328,447,1015,919,687,634,465,35,397,182,220,1253
971,1194,254,543,286,231,1131,1076,828,800,516,287,1211,807,1143,81,886,741,585,241,765,510,1140,325,1120,300,1013,1012,67,1009,301,1212,1023,835,273,1058,826,1114,864,198,571,308,538,1092,753,482,843,320,276,1038,808
129,17,532,32,426,393,1320,977,897,616,700,406,0,43,25,1204,1038,673,4,805,1067,703,679,447,35,1174,429,982,261,136,440,87,996,397,270,1176,438,153,1175,563,975,628,704,1173,400,253,687,978,533,138,458
969,1204,425,445,518,1052,440,447,140,383,687,270,815,224,703,472,980,532,533,975,348,998,614,258,919,704,315,143,252,1031,93,981,968,406,251,35,439,680,1026,1046,1174,784,34,250,350,599,381,148,263,976,230
1033,252,463,220,978,35,474,1038,501,900,1327,232,1182,346,1293,1199,142,800,81,729,270,1124,1016,23,1078,717,123,548,1176,538,1338,707,255,1075,261,1086,1161,1004,1003,1072,977,279,404,981,1129,37,687,78,703,1132,1042
620,862,853,1228,1258,1246,317,1239,233,104,1238,603,864,581,522,852,836,305,775,966,1236,292,866,827,1249,1265,856,835,201,1208,650,312,1177,571,203,319,774,1221,705,863,1235,592,887,1271,823,320,194,525,553,585,574
787,425,703,93,406,655,435,984,1286,445,1204,687,50,680,977,274,410,141,270,653,518,429,1153,447,465,1323,815,1296,616,613,1005,1327,704,999,1313,1120,158,132,25,438,706,617,1052,1017,1342,390,1129,143,389,345,2
739,1270,766,1219,1211,571,1191,522,862,312,1249,305,878,1247,1242,1146,1254,1154,835,1222,325,852,1263,1366,828,585,861,198,964,60,1304,826,1238,67,302,1265,524,1056,1236,836,1208,565,1152,1340,741,66,176,1259,854,310,311
336,687,141,1314,516,510,378,994,148,1052,430,252,636,387,149,628,680,447,270,706,459,784,28,973,1300,1173,1008,590,1194,965,507,532,1320,991,997,974,655,805,138,704,1286,1342,438,1176,683,1292,442,315,463,1316,662
1001,518,141,1091,465,533,1045,425,1063,159,378,143,472,1292,1076,986,463,389,468,447,507,1286,1295,459,87,470,319,703,138,1351,2,706,996,784,136,628,1052,815,383,720,453,147,544,1342,1082,419,618,983,805,732,415
253,655,661,1327,20,464,4,729,725,119,526,687,1145,468,158,750,141,779,516,805,315,732,1286,1296,274,426,683,1340,1012,43,1202,267,1287,463,1328,350,452,1320,1061,469,38,657,175,1342,994,1026,270,37,478,1107,1165
506,597,841,553,469,556,329,319,12,1268,985,15,592,58,712,506,196,993,576,1330,389,1,495,829,1316,675,272,242,1306,583,524,64,998,558,559,107,650,539,1351,202,152,1259,66,604,2,503,494,1044,797,103,864
1052,1313,628,613,1025,274,37,341,394,28,81,590,703,635,510,141,1007,1089,266,1048,1064,93,960,229,688,1182,666,152,951,1020,25,1124,252,260,994,406,1166,1308,38,616,617,992,800,117,518,18,509,1217,1175,351,434
910,687,425,378,1019,996,406,628,136,440,9,982,805,980,1204,976,25,532,433,0,616,385,1310,977,704,1316,679,17,965,1007,507,417,380,453,680,510,1026,590,412,706,533,429,1063,447,1292,649,472,180,1014,1050,16
1320,769,585,1169,1068,1177,67,862,205,582,175,583,1239,775,1191,597,555,60,835,986,826,319,860,1022,57,1202,1236,1241,841,844,514,871,1044,299,1254,1221,829,61,828,522,504,823,284,1247,824,301,837,1263,1246,584,776
1201,766,656,1200,776,711,1201,166,197,561,319,795,50,1248,275,169,52,1151,102,1073,44,758,1340,99,97,787,204,228,639,571,1349,816,789,685,790,1230,506,524,1236,729,620,750,157,830,1154,738,823,585,824,1226,1037
814,784,514,824,1051,1291,951,819,453,986,703,1176,1047,1139,807,741,506,411,214,590,641,1125,563,1300,440,393,458,753,643,1059,794,1096,441,619,410,532,433,746,447,320,1202,769,565,669,161,815,489,304,1262,219,47
769,703,784,502,463,991,662,680,766,689,522,14,421,722,649,425,1045,219,491,1168,778,1099,551,994,47,732,166,453,1176,447,704,464,44,1017,636,714,954,138,1050,234,1286,506,1320,12,315,774,136,92,557,750,538
566,1242,862,60,828,1177,61,423,543,1236,826,1205,67,823,864,866,299,1211,834,792,775,1056,329,783,583,553,547,257,840,320,835,522,571,66,1044,1190,46,201,824,769,816,1022,836,1247,47,261,479,698,845,569,551
154,141,1041,997,687,680,628,459,385,1061,1322,454,518,1327,28,982,425,1049,426,350,1204,1328,1052,468,119,16,732,1292,253,430,516,145,153,703,263,1286,220,784,616,1026,378,136,965,617,725,507,532,149,533,399,1029
1104,864,1171,852,329,1093,524,257,705,491,553,1236,671,66,1342,561,214,1270,1022,826,319,1241,1297,148,1131,1340,1208,1152,818,302,1242,67,464,1099,819,1259,1316,712,1205,1012,1290,986,1226,1304,12,194,14,274,543,842,44
460,329,233,753,993,890,1271,684,551,852,1266,67,489,1102,438,45,257,529,802,1022,765,1135,1131,194,1344,244,856,966,854,305,705,170,775,311,1242,147,271,844,205,750,1290,632,168,574,1171,1153,714,853,313,1068,286
882,1300,1162,628,380,975,687,463,453,472,691,87,425,148,440,518,1171,261,649,270,240,985,514,243,617,110,378,507,666,447,390,429,968,999,400,815,996,127,454,416,1161,1173,982,919,268,1026,977,662,984,448,1018
45,153,99,149,1342,613,159,253,655,617,1286,994,703,700,389,649,657,252,991,166,487,17,954,729,1335,1048,158,1176,141,687,533,1052,498,219,349,1165,107,425,50,616,688,161,648,439,411,1172,666,1322,779,1292,294
352,1200,357,986,923,1067,834,157,825,985,498,669,620,561,1270,975,286,425,803,469,846,910,197,30,939,714,63,445,453,1340,65,583,1114,741,922,971,457,852,590,1108,599,504,692,1153,1094,577,1273,1050,557,691,586
467,766,862,571,137,774,1135,233,465,550,491,172,1043,1273,502,170,526,1228,729,841,712,1238,264,1058,604,419,828,705,425,676,846,1022,1236,189,286,713,1200,1091,1190,435,86,305,1333,1187,166,661,1240,816,1344,279,1276
226,1327,1124,445,141,1038,614,599,1149,463,1078,630,231,546,1000,287,220,997,1328,1061,474,800,1023,387,687,1041,695,567,838,1301,1252,535,1009,1026,153,533,882,973,706,263,232,418,1109,38,717,680,1071,1185,2,1195,1001
433,991,364,980,1349,3,716,52,315,1319,818,762,460,45,456,1150,311,452,506,396,1226,331,81,1102,805,524,1321,715,1030,100,437,491,238,211,329,14,907,554,787,1174,1129,1073,550,626,928,440,485,1200,535,916,102
350,687,93,968,440,425,409,1052,514,982,149,706,445,395,427,252,36,25,1316,143,411,392,426,397,1319,693,433,429,9,910,140,616,532,158,34,393,981,980,921,50,394,544,447,364,518,136,628,815,653,997,2
768,687,1204,385,445,447,518,720,973,16,141,613,132,509,143,977,403,680,507,383,1161,20,28,25,24,996,381,93,667,406,117,417,11,514,742,703,706,1019,968,1026,919,390,394,463,116,315,472,616,779,9,691
1015,968,557,704,1190,411,973,233,572,412,1083,429,561,1008,159,1050,43,954,1141,453,427,577,1204,319,569,95,381,487,409,1175,87,1005,518,165,457,420,1173,1063,870,110,793,916,687,214,498,166,614,393,176,472,535
793,1353,541,233,553,421,756,506,49,376,326,168,1277,839,366,1252,236,749,774,754,1271,1160,214,1258,802,1273,801,1177,1235,870,1270,502,1196,1183,803,1228,1370,489,579,603,197,891,88,524,104,877,62,887,1136,290,486
1132,425,1067,700,274,712,35,1162,399,260,980,1174,977,468,1173,986,416,18,1102,252,1202,266,435,1340,254,1321,1226,1045,1052,715,391,1031,544,620,410,460,826,314,138,437,1085,533,327,1005,648,439,459,557,1095,464,28
1167,491,1022,780,862,289,864,294,827,272,1092,524,741,1246,410,561,852,319,825,1084,62,639,802,1258,320,609,203,1102,1266,1177,316,1149,887,1226,1058,1247,1259,1200,438,176,853,166,815,198,1154,661,1101,535,275,523,1236
1017,581,841,762,319,1228,854,878,524,103,1251,203,835,583,748,577,1262,753,812,1360,714,596,502,312,210,71,372,325,738,846,550,1366,551,819,1187,592,1238,1096,368,1236,202,565,70,1152,871,1249,1141,1256,1245,498,1207
551,577,862,1228,823,1236,493,834,845,592,1056,1238,774,1146,581,60,603,778,553,504,103,878,1208,824,319,1063,854,570,819,841,555,565,584,1265,836,214,1246,172,585,839,571,1241,846,1243,1190,870,1039,1113,1262,1217,299
911,1292,1019,425,510,472,403,532,507,381,1287,410,16,440,968,516,1239,442,544,1310,671,260,459,93,261,779,1118,430,77,616,807,417,613,219,1211,1194,666,429,641,678,701,680,704,35,644,282,1056,509,628,805,965
927,425,680,219,149,319,403,364,383,518,119,95,410,148,166,704,975,87,1050,411,25,141,1202,453,636,435,558,951,532,144,468,994,919,498,253,381,1173,692,805,1045,287,161,791,1342,1226,345,1316,378,1304,438,1096
301,427,973,977,406,440,459,118,397,385,1162,93,143,968,30,439,469,425,412,1019,430,271,691,687,435,620,380,394,417,442,1204,616,138,706,389,378,1026,261,472,1046,470,532,16,251,669,139,982,87,1041,141,996
1299,270,145,1322,454,463,1041,973,350,687,445,1292,532,518,143,164,35,380,387,697,412,507,1049,1335,997,683,680,1327,136,273,703,268,430,258,464,1293,125,315,32,43,1091,1046,1025,617,149,1324,991,4,1019,980,28
1060,1246,862,749,439,816,60,1263,165,1222,302,757,736,1262,1056,819,568,1115,570,823,849,1113,312,617,294,801,1125,1127,502,826,874,954,299,960,1190,824,875,1201,1172,443,1176,460,1062,1226,46,1025,571,780,777,607,912
654,966,874,854,1228,329,1254,570,867,856,862,1141,878,581,317,585,1152,597,875,534,1039,876,1119,836,1247,551,650,62,569,852,1180,1236,845,356,196,1022,547,278,1266,783,66,320,522,203,313,1252,835,1177,1208,1273,1205
1265,447,1286,136,141,703,732,1322,425,657,986,655,1313,968,234,1176,1052,1061,9,644,60,662,380,667,1300,350,1320,1090,153,1327,742,465,1287,253,258,996,1328,1019,994,965,516,1175,805,469,666,1025,252,383,1202,92,526
1166,1296,67,966,108,1012,256,823,1270,65,1053,551,1293,993,970,273,1131,1154,1013,1067,644,516,455,479,1111,891,717,661,239,1145,329,1094,45,1169,919,411,542,172,775,1258,965,211,749,620,859,341,41,438,700,198,670
1130,977,261,1038,28,614,459,680,350,447,687,93,973,616,800,35,385,454,1061,439,25,430,397,253,691,141,1320,613,20,1292,1327,442,387,1052,77,266,1204,252,1041,138,230,628,518,996,426,620,17,706,406,1026,463
1131,1049,4,973,35,1292,1294,380,687,258,445,270,1046,518,143,729,804,997,725,417,390,996,516,268,32,684,919,697,662,315,1327,1286,507,261,165,454,389,1310,683,1315,1287,703,0,628,717,1060,1306,532,125,1174,348
538,123,217,182,1117,914,222,894,1253,360,868,185,1350,695,727,1374,1282,363,508,519,588,830,957,235,904,1255,484,128,924,953,773,949,893,831,413,881,1040,932,955,195,1126,1279,735,1339,690,772,1182,277,1250,1224,218
864,1327,426,687,93,1046,1049,117,445,1026,28,628,616,385,17,1052,20,459,449,430,141,1322,800,406,1313,140,1204,901,153,977,1006,1292,261,417,1042,16,412,1004,32,1072,30,380,973,1293,976,965,387,695,1041,442,996
831,522,543,1238,1249,758,1236,766,1219,1228,1039,47,570,325,1132,1094,581,493,1227,571,198,828,67,585,669,1140,1271,1131,314,233,1096,1273,495,878,778,811,654,320,1113,764,692,172,565,284,852,479,954,1340,712,305,1265
1174,1135,59,1341,172,774,862,419,592,1236,329,1058,604,852,825,292,553,1153,498,574,577,193,836,864,705,819,1131,1228,1092,758,1111,60,1260,170,671,1208,506,233,611,1113,1273,1136,1093,1110,583,1238,551,1022,834,85,816
275,1204,145,616,805,464,9,403,1286,703,274,1318,784,1342,383,149,87,445,680,1029,968,261,1050,270,426,92,350,1067,532,385,438,985,1139,468,636,364,472,704,351,518,1031,463,143,516,41,412,974,17,653,252,655
410,145,732,164,704,1352,136,861,174,714,36,910,611,758,574,1258,46,1239,148,697,532,757,916,641,436,730,975,692,674,398,423,38,923,1083,65,1320,68,991,779,1022,205,172,487,550,425,766,948,1171,1136,741,1211
323,590,1293,532,470,119,1052,87,406,1204,687,1202,440,4,805,350,1318,261,409,815,1330,965,445,20,544,628,1300,514,985,395,1295,973,1095,614,9,975,691,378,36,1306,669,279,977,561,141,509,425,392,148,416,506
1163,1008,994,628,544,0,405,1287,403,510,152,18,32,569,15,390,1194,1204,683,429,381,644,261,400,108,570,110,1286,16,416,1354,703,383,985,1292,250,437,239,411,506,511,585,968,1300,67,28,11,805,648,516,1306
580,524,92,329,551,328,1171,315,103,557,435,393,862,704,243,861,1176,210,981,804,860,319,504,752,636,292,1191,834,411,264,1246,569,175,87,758,1226,383,550,878,570,841,854,973,58,1239,1286,1056,835,445,698,378
1244,977,616,459,28,93,1042,706,385,447,252,17,394,1324,442,424,149,687,426,1322,655,590,1321,350,430,1089,982,700,141,1320,1006,800,628,1327,1328,1085,636,720,1188,688,703,454,1175,261,1000,270,253,1063,449,140,985
119,327,1174,381,704,425,440,148,1161,985,666,981,526,691,456,1012,28,725,4,983,25,118,655,923,706,973,980,703,1051,916,675,979,1074,636,6,140,126,1162,127,453,624,81,1316,1029,141,1073,989,247,40,138,1031
185,411,535,92,908,1108,18,986,774,154,469,1173,641,497,103,921,557,100,852,916,954,383,464,661,1012,704,305,853,287,1168,618,617,1297,257,391,1197,158,527,1051,974,558,783,446,403,45,1141,1105,923,429,1,25
707,491,818,1136,66,324,747,1341,1191,1228,1135,1068,732,817,489,164,137,738,1083,746,1372,86,419,514,106,568,500,1270,1261,1153,1140,1226,1348,1271,806,1200,574,172,504,233,248,1099,314,44,465,1243,775,490,577,159,715
228,447,703,438,1175,1037,1173,984,1050,25,687,145,669,954,138,1127,158,468,636,1316,378,126,167,680,47,1342,532,383,1014,729,445,403,464,704,662,442,455,381,20,427,674,439,657,253,666,172,766,968,459,32,1029
727,1292,704,473,1332,148,768,1060,804,21,415,624,1205,448,790,25,507,449,543,429,4,948,1297,840,823,526,201,714,1136,674,988,20,984,39,417,742,82,427,149,810,256,968,104,420,534,806,282,504,1044,379,126
318,454,381,1050,532,0,1067,1070,261,997,965,403,253,613,274,616,468,590,1291,1311,459,219,9,394,442,25,683,703,434,1312,1051,350,172,1139,1204,716,464,994,425,398,93,1175,384,1018,1342,149,503,447,518,968,1332
280,518,381,687,87,703,532,1204,383,1194,507,11,590,440,433,805,429,425,25,691,438,510,16,9,617,634,680,704,1292,918,18,33,406,463,445,140,435,118,141,1314,136,981,93,649,417,1161,968,447,706,984,613
388,687,425,406,703,1052,270,1089,628,706,1286,1313,421,701,1316,447,785,153,145,9,617,441,87,274,143,136,1311,397,1295,2,994,25,455,507,1314,1139,636,426,436,465,439,99,1320,1327,412,655,378,1067,693,117,256
525,620,1007,87,33,991,1050,502,315,1226,815,457,1318,244,415,923,403,384,276,364,270,393,617,1340,453,133,734,287,463,996,1332,618,52,1099,554,464,829,975,1145,567,245,553,910,419,505,380,1200,197,36,1190,1211
669,510,279,425,522,571,1321,1235,1294,1211,1202,62,864,516,16,518,1037,1217,1270,230,673,835,1153,1191,1258,1352,1262,460,644,341,221,862,276,877,826,1259,1007,403,400,219,819,858,805,1239,999,632,489,1222,305,1140,1205
330,378,826,87,1168,862,57,561,496,311,504,581,257,586,698,752,669,118,1173,1332,1068,583,557,659,440,818,174,1245,327,1014,989,773,861,453,238,429,827,161,1191,259,1304,715,1162,603,775,243,968,556,302,1291,724
618,862,864,1256,878,846,841,214,62,1261,1371,571,1246,205,816,581,1271,317,1263,860,68,1248,1249,1177,1277,861,502,870,1191,1273,1259,577,319,877,803,834,60,104,853,827,1217,328,758,867,595,1243,504,1228,854,847,811
557,1058,1270,1266,1196,802,1263,1218,852,877,837,1264,1254,849,1228,1142,1208,876,1273,1186,1247,1143,581,595,66,593,275,757,764,367,847,842,1113,1371,654,1000,313,565,1246,1219,1249,690,861,1141,98,1187,716,864,213,1271,598
44,426,445,425,1052,518,350,628,412,252,613,1292,141,1300,443,261,454,385,463,1048,1089,406,447,442,691,701,378,77,973,1026,680,617,1061,687,87,153,266,1000,1041,703,25,1204,35,1148,16,263,125,636,649,20,673
683,380,805,1051,108,784,590,430,1041,1321,268,968,518,1292,351,417,1101,965,1161,395,929,4,437,15,16,126,1096,644,987,429,468,141,1287,624,136,1176,90,980,660,804,514,463,897,645,997,440,1165,257,673,1212,982
66,703,1067,91,518,425,35,464,1204,617,680,351,1095,1202,148,1014,33,136,1342,655,164,1175,1286,159,405,717,1194,1300,1044,1322,752,1330,294,87,1161,983,0,472,270,465,463,482,427,558,441,479,712,447,511,9,240
1260,1203,1199,1006,881,537,474,232,360,759,115,1283,42,89,893,1216,961,1298,397,900,1250,695,84,123,622,1282,1339,1040,188,901,602,902,800,222,707,114,1317,822,334,938,1327,943,955,185,956,1356,1313,1182,731,548,1302
558,182,1006,1301,731,222,1117,404,53,115,1040,1253,217,346,537,893,1350,1184,831,1282,1178,932,695,902,1283,467,1339,904,235,546,333,956,763,881,360,1185,330,709,123,622,963,894,78,232,192,935,1257,406,843,548,298
1240,425,687,977,93,252,28,149,706,459,1089,397,613,440,32,1313,426,35,117,1286,430,1320,982,16,394,270,261,393,0,628,1042,17,703,518,1041,140,700,1321,36,688,260,25,996,441,720,395,9,532,445,470,965
807,426,1327,141,687,706,1321,1204,800,459,1042,252,28,445,1049,35,977,93,406,463,138,675,440,628,983,968,985,518,720,688,997,270,978,1026,973,1061,982,140,125,1322,30,1089,449,613,153,994,679,703,425,412,385
584,862,1271,289,522,319,839,1221,887,861,867,571,562,577,863,1228,71,585,504,827,103,317,233,506,609,811,604,1155,214,1372,1240,104,832,312,774,578,523,1371,1208,1234,210,1265,482,292,799,1238,556,864,835,1248,555
672,210,862,236,827,860,852,1211,834,1372,1152,523,1273,172,67,1228,1180,233,1246,758,317,1265,328,793,577,1236,857,66,205,1055,1177,1263,839,57,324,494,861,870,1125,576,846,749,214,59,207,847,1186,1140,593,1191,322
115,1277,862,410,795,1238,451,823,870,189,503,971,551,319,420,888,1093,132,47,1258,596,1341,1129,1153,139,770,131,547,214,1105,455,193,1290,715,121,1326,172,100,162,565,1146,752,282,775,1161,1206,636,368,670,127,290
1310,149,1175,397,145,1049,1327,426,447,445,394,800,997,412,720,430,387,1070,1322,1286,628,141,1052,732,1204,459,502,270,532,380,138,683,116,25,442,982,1004,703,24,1045,463,1046,258,533,516,378,1076,1324,1124,117,734
555,853,1247,1243,329,823,1360,862,861,1258,834,826,584,858,1237,1372,319,52,565,1249,1244,1223,950,780,1179,803,201,816,332,1127,326,802,104,604,770,1261,1228,835,866,619,551,324,1245,824,836,522,1068,189,879,181,371
273,1052,426,1175,449,532,350,634,655,16,590,93,387,385,616,145,260,1049,509,779,459,965,390,429,1091,430,397,800,510,688,613,468,425,1173,1327,507,1204,28,628,982,657,394,153,1042,274,1286,680,1295,994,17,230
33,543,445,752,35,425,975,1067,991,118,276,1045,1038,669,254,971,648,689,197,4,384,315,923,528,1131,649,266,700,1032,1129,815,951,662,144,453,1135,243,25,1094,391,613,241,683,1102,618,240,996,1029,399,1068,1316
469,469,954,419,528,824,65,744,919,753,1171,1135,669,1297,1144,841,553,890,823,970,455,264,233,1012,846,581,1084,1115,993,102,816,871,302,827,234,118,319,1031,147,1168,46,714,761,1225,649,71,592,1271,826,854,1048
247,977,17,454,440,1026,447,430,261,687,141,616,149,442,252,1327,253,406,28,1052,980,136,1320,380,700,445,258,381,1286,180,614,706,1202,118,982,397,443,1050,590,1038,973,1174,350,468,2,985,1089,981,1176,1019,784
766,1022,4,867,60,1312,1249,551,1128,705,862,104,766,1258,823,775,59,63,201,859,944,133,109,1373,553,504,1035,584,1067,776,535,846,290,842,473,151,423,566,68,480,585,861,754,1127,72,543,65,787,376,854,250
498,862,1228,523,1236,197,825,319,585,834,846,214,1141,583,839,172,233,1333,867,1344,1258,1131,290,816,289,324,328,1144,502,571,841,491,201,802,849,553,1271,592,493,581,1246,577,320,62,1115,1156,1243,524,1206,827,292
1029,845,1262,990,1265,1158,842,862,958,1024,582,811,104,1263,71,1149,874,827,1234,846,823,184,875,1269,907,1365,593,1282,856,202,208,565,1136,1272,1247,796,1373,236,1152,1154,1347,969,595,74,1133,879,757,950,1218,1121,316
1157,470,468,425,99,180,412,1300,38,37,1340,157,419,1292,996,729,387,1041,1286,488,1105,464,147,533,87,568,1316,516,141,1342,1082,507,146,351,315,992,350,518,712,116,1091,1336,174,1057,1172,538,1296,986,100,447,532
381,557,364,435,506,305,539,1197,110,1173,604,1155,498,578,1341,409,1151,1114,1309,1134,1200,1139,573,570,556,411,410,1316,472,151,154,1354,973,577,514,553,583,286,503,319,18,499,1068,653,402,771,439,657,91,445,242
1122,662,440,425,25,704,1162,437,445,518,9,141,144,617,991,136,1052,435,1014,1173,378,544,1315,239,624,468,999,1320,985,453,514,977,1050,133,1294,1316,491,661,345,968,87,679,532,296,973,243,32,270,272,706,620
533,1141,570,595,319,95,854,70,290,623,774,592,986,1259,604,577,803,1273,1045,1238,806,1210,825,778,329,989,780,715,1056,383,553,859,1059,1228,3,1200,96,523,1239,328,105,357,650,104,1084,836,196,583,869,586,609
1262,533,614,385,381,1050,383,30,532,442,28,425,507,613,416,315,1204,687,427,1005,968,440,1162,454,119,1295,463,1038,435,1019,378,91,666,518,405,1287,453,1328,706,255,364,136,720,973,258,1292,1045,34,403,470,531
1207,581,862,775,46,842,238,553,1140,504,555,1128,827,836,197,860,846,867,861,603,570,863,1235,366,65,821,574,523,1259,317,203,324,201,849,522,585,1039,847,845,326,803,411,966,650,823,1205,844,172,644,62,416
810,383,11,385,981,680,130,1192,627,1163,1011,943,1324,1313,1135,987,731,404,1206,629,84,334,988,448,736,1076,1117,589,1119,851,1318,1344,432,900,347,1058,17,1125,684,86,1290,895,634,1043,501,1088,188,977,89,251,1122
234,585,63,1131,856,1141,780,498,1152,1266,570,852,1364,289,821,862,841,502,335,487,317,1228,766,1092,201,1254,170,1113,603,329,1154,853,1238,771,305,802,67,1058,1290,849,757,95,1258,1247,1211,777,1143,1236,438,948,1249
1047,977,20,613,93,445,417,968,385,616,261,1019,518,138,25,258,35,439,426,9,981,440,984,1204,28,252,1052,437,1176,1286,454,973,805,628,1014,514,30,1330,383,381,544,1067,634,406,142,472,509,32,16,83,996
1081,1266,1153,794,570,817,1289,1252,65,142,366,787,1112,748,1207,738,626,368,697,550,966,871,39,1022,776,938,819,760,203,105,1024,1232,824,1020,423,574,868,1184,230,682,841,1045,164,1251,1361,1349,6,1150,358,1121,103
786,1158,862,1239,400,1371,864,491,791,204,1153,775,790,1149,1246,200,814,1177,1112,1241,423,1180,633,1191,666,631,825,1221,534,1129,473,840,769,328,170,1264,835,311,390,146,50,290,729,1023,853,1210,494,1259,420,793,392
528,841,570,739,871,368,819,650,110,175,712,596,585,1115,1240,176,556,584,1146,1014,1270,597,581,305,151,495,202,839,715,1243,1152,1254,805,248,637,194,762,66,1296,203,552,777,671,828,571,846,56,862,145,928,1249
413,176,491,1152,273,1270,704,1342,1341,419,597,1008,570,732,465,1154,507,245,609,586,487,810,279,438,272,1226,1023,137,1348,412,170,47,445,35,1316,680,1093,841,1191,429,1254,708,201,1060,435,24,1296,650,1204,167,1249
131,425,687,440,1204,445,141,25,968,16,996,119,393,691,1019,315,510,143,680,1026,590,429,32,412,1041,965,1300,1292,149,447,118,704,438,636,544,270,628,243,999,24,703,649,433,381,706,673,350,9,666,975,442
912,994,1003,1293,1340,729,1335,965,426,380,693,507,1124,116,220,136,37,1061,412,1311,1200,720,1328,713,680,427,130,1038,800,1046,1012,350,687,1316,231,673,516,1149,1076,32,1175,159,294,18,266,1342,43,442,712,1286,1292
1046,529,360,1176,222,1066,1346,987,978,170,963,1344,1042,632,1129,1096,1132,943,838,1135,643,281,132,232,397,1227,1109,721,1092,187,981,117,1329,711,1189,563,619,1164,428,73,366,89,640,32,734,759,362,1009,1331,1333,955
307,459,977,985,141,616,1041,687,406,426,258,1089,385,1085,445,261,253,140,800,17,252,706,1038,1204,380,447,1313,1320,700,628,454,980,590,720,430,1321,463,1202,996,149,35,613,440,1026,142,994,896,350,688,979,453
475,1127,46,736,954,827,1125,160,733,169,667,1331,179,168,874,940,401,988,286,358,1025,144,1266,1047,989,431,208,1113,756,972,1070,1167,741,1186,531,619,1103,1175,801,6,724,1350,57,304,293,1128,750,1058,754,299,337
313,687,447,617,442,261,691,0,1202,4,700,445,516,703,571,965,1139,20,459,570,636,1286,1029,616,385,1187,403,968,276,614,704,28,141,752,92,518,996,1311,683,1204,509,117,381,274,406,586,472,1351,985,378,653
690,454,1041,149,430,532,1322,1327,465,447,1342,687,387,17,406,463,655,680,429,16,445,141,425,230,1204,997,385,43,616,1038,1300,1293,1052,87,1175,37,270,1004,399,412,449,703,977,994,1019,982,1320,0,470,28,1328
785,504,1056,1210,570,585,1116,854,535,793,210,791,592,583,577,127,661,146,233,646,205,433,878,778,834,319,862,92,1230,197,329,801,416,1256,175,780,567,863,569,290,144,292,870,498,771,1173,211,58,921,824,783
278,445,385,628,687,800,518,449,253,412,1052,977,1204,614,16,1041,381,426,613,417,447,28,706,20,590,442,387,440,1292,93,510,1026,1321,1161,680,430,406,507,459,701,142,649,1202,509,118,403,965,980,666,220,17
84,790,504,716,827,238,1171,780,842,1241,714,971,791,787,986,111,852,861,846,1332,1248,59,598,839,109,705,502,1210,487,4,853,1366,201,1258,584,769,1246,974,197,595,1243,1237,571,777,254,948,701,1228,639,773,434
491,553,585,766,503,823,954,774,806,1173,592,825,620,62,1159,1096,1330,152,595,504,803,1140,233,1333,211,609,565,1131,907,557,1022,290,714,862,148,828,1151,176,845,890,678,1228,775,993,60,493,1296,1144,1,1242,577
678,62,609,292,823,603,854,504,827,70,1352,272,1022,862,887,891,856,493,593,376,317,1275,1226,329,577,202,714,853,324,1259,214,883,859,718,1243,1246,68,583,633,867,581,793,1265,1372,832,775,275,562,1102,863,604
184,445,449,430,380,532,518,720,706,1328,533,397,387,628,350,140,1052,1327,470,440,141,149,1175,261,25,1041,93,136,673,394,729,1322,1026,417,153,613,268,1046,616,1320,680,383,688,409,395,1318,5,1342,16,1042,897
936,729,766,975,1175,1067,1152,861,166,561,654,1332,700,1097,453,648,1096,532,1174,47,158,990,1050,447,393,1227,1132,43,567,1134,172,154,152,164,248,1341,4,1095,1261,1045,571,1000,1101,842,827,1246,405,620,3,1172,261
613,1228,317,581,871,862,846,803,1238,834,210,1256,205,104,522,592,854,836,1259,197,1262,1246,860,856,766,853,328,808,840,524,818,596,1247,1371,1261,201,577,332,790,966,335,842,503,578,329,320,1277,799,866,1240,214
188,425,1174,704,441,378,148,412,87,1304,980,411,864,641,81,92,364,1099,567,785,52,15,1208,250,1031,400,319,986,1200,971,1044,472,968,703,1114,1051,826,403,453,491,617,1292,251,1318,1226,827,853,626,435,274,159
1317,1293,628,270,252,779,1313,387,613,1182,30,1089,687,1299,1311,32,1204,516,28,447,984,982,1321,684,901,16,258,683,1327,1320,125,108,614,968,1012,426,667,91,157,145,110,116,635,76,1292,488,1127,1063,438,1052,994
332,274,1226,491,47,391,1176,487,95,815,1342,1155,110,420,766,44,324,769,61,524,174,305,126,144,314,503,147,159,1242,729,158,319,401,1161,50,1297,624,489,951,453,621,568,643,111,991,1202,498,1153,862,427,1315
947,140,454,1041,687,1327,136,430,784,17,380,350,463,779,1322,616,674,270,1070,982,142,429,507,399,426,1286,138,252,997,983,406,1293,1300,125,395,398,1165,516,1202,1320,145,710,412,1324,1089,381,87,449,1124,897,468
879,741,1022,1202,769,296,1191,750,1153,1092,268,826,758,766,825,1226,294,1154,1354,491,716,585,514,320,299,416,494,734,506,511,987,211,99,718,524,94,165,791,570,783,522,538,81,828,583,567,1044,571,319,198,738
1012,1338,360,1078,1117,961,1257,546,1280,1253,881,1339,1006,1282,1203,1216,217,1279,1375,900,894,1250,182,222,707,42,1064,1182,915,186,1343,759,333,664,213,695,1350,336,501,173,160,1001,288,115,1283,884,548,1357,517,474,893
246,425,30,973,270,140,464,34,1020,350,44,381,1286,687,984,455,1194,439,805,968,35,1043,145,655,149,1197,28,976,435,50,535,0,980,445,977,985,33,264,402,426,159,725,4,6,919,983,17,544,649,444,438
374,425,617,315,385,1204,351,1067,9,616,445,119,977,403,220,143,1300,141,973,447,1026,1313,476,20,1312,1139,468,463,532,380,1173,399,634,452,148,259,636,687,364,974,599,814,1050,1322,25,443,657,590,613,614,153
507,425,364,648,1155,136,795,440,1316,41,1031,1165,644,403,1296,77,701,1140,510,439,641,779,1144,983,60,389,984,524,1171,1319,278,405,785,1127,1297,706,36,1173,836,1249,1160,666,919,468,25,649,1048,1225,514,1168,1091
604,937,1257,958,1282,932,363,967,183,293,961,1163,115,1302,962,336,911,1178,51,374,304,899,933,831,627,334,340,1117,759,602,1213,1253,343,1016,731,89,306,182,297,79,149,222,1357,78,1196,1353,1189,10,1350,1279,1203
53,1042,687,1321,406,616,982,628,252,141,30,409,426,1313,1322,394,688,17,693,691,378,350,32,518,1089,234,1314,397,734,1194,921,270,393,1000,117,76,1201,93,1327,634,412,965,445,9,143,25,1204,700,1293,679,145
1055,380,546,360,1250,474,822,1322,537,1374,904,1350,894,182,1257,695,1301,334,720,1224,1253,115,735,1185,1203,1339,731,1195,114,188,957,1283,128,1328,185,1356,430,123,1216,990,1006,655,42,513,961,1042,508,412,1375,1338,900
1185,962,1178,868,235,1209,759,904,935,1150,73,360,89,208,899,885,598,820,191,872,761,169,1121,288,602,606,340,650,123,1370,932,1040,346,955,209,374,963,917,596,131,949,707,888,500,608,699,183,760,293,1033,776
757,447,258,430,350,973,141,459,28,616,1052,1038,613,720,1124,1328,387,425,454,385,397,412,145,442,706,997,153,628,518,426,406,465,463,17,800,1313,968,35,394,703,380,509,138,1061,617,143,1322,634,1324,1045,1029
579,148,1252,141,518,67,582,991,60,1292,1354,585,378,784,583,551,498,329,567,840,680,730,1316,319,1012,835,577,805,576,305,9,704,1096,510,1120,615,918,1275,482,155,18,154,310,1044,592,1217,553,568,167,381,411
765,1141,59,771,523,698,757,806,756,498,172,661,766,650,583,846,175,867,568,1366,389,324,108,1258,790,1241,1261,553,487,289,803,1155,1067,504,853,493,233,585,870,954,313,112,68,63,327,197,862,859,775,863,65
37,923,1200,910,1141,925,1259,505,95,922,535,319,1053,567,564,420,920,411,911,853,795,586,435,570,1226,553,451,325,1228,803,907,524,776,1326,766,534,621,1022,775,835,1173,1131,557,154,329,828,1312,18,278,96,92
780,766,38,638,36,680,671,1171,660,531,502,821,993,948,233,780,672,476,1370,1332,223,110,1290,197,283,1300,853,1096,689,698,540,891,166,37,691,744,419,453,649,50,1293,1108,1344,1303,1120,478,1080,352,620,33,475
1038,1239,1235,1190,854,864,522,826,312,1205,104,1259,846,1270,861,778,581,1225,1171,823,574,425,61,203,52,571,1258,67,842,1246,553,62,460,491,554,858,551,201,555,849,194,1140,1242,835,704,852,543,827,867,276,808
1303,1187,846,637,1236,60,577,522,852,864,329,584,1360,862,571,738,836,1270,502,547,574,1206,550,1113,842,570,203,912,319,1153,799,1359,491,1152,705,1200,1249,585,596,1235,498,796,776,1237,823,317,741,314,1146,758,583
412,1022,620,329,1296,491,126,201,729,753,47,1131,714,419,468,264,272,470,1032,429,1335,119,1340,46,1096,219,170,705,1153,274,146,561,45,1304,1342,852,1355,422,861,438,581,841,766,477,574,292,221,669,1094,233,268
1065,1345,532,1202,118,701,459,599,425,704,164,732,445,422,1082,516,1089,1083,741,768,429,442,620,136,1174,248,805,1052,1296,708,526,518,453,715,706,975,264,266,24,910,1175,480,561,440,544,896,87,487,1027,1107,747
988,748,915,585,79,769,818,486,1,487,1271,582,844,751,939,967,845,842,907,184,908,1244,887,549,866,102,597,1064,1142,581,950,803,797,104,57,331,1247,765,371,940,836,859,1222,368,1158,1156,1120,799,796,367,795
621,201,766,197,504,553,854,758,835,585,846,842,862,1228,803,312,1238,1236,319,1243,577,790,214,849,930,834,202,950,840,583,1246,1248,847,1256,70,954,175,593,839,811,1140,574,329,592,1259,292,778,479,802,1247,487
1090,581,1247,1196,633,803,547,1266,874,206,875,1179,1208,1133,1243,1222,1263,1244,847,1273,66,1264,190,930,892,828,290,1223,1256,304,1271,203,574,950,953,595,816,486,857,337,1158,593,861,104,877,338,1136,596,1371,1209,757
222,138,406,800,149,93,1327,1328,997,687,17,445,1038,263,270,1052,426,657,459,628,655,1091,1316,1204,994,703,470,1161,16,125,1046,1000,507,261,1168,1286,1045,38,472,117,1002,1026,464,1085,20,1089,732,919,1041,1050,1009
894,502,60,1110,823,1365,316,228,585,826,969,1262,845,864,582,1234,214,299,944,609,859,583,1243,571,324,817,1222,71,790,854,211,1277,839,1256,939,565,1247,66,1263,1354,547,880,1048,498,1135,1268,1154,1270,789,671,320
833,1175,693,482,1155,469,785,1169,864,1166,43,1049,77,1127,22,852,1119,905,897,1263,597,740,1221,734,1229,1014,1181,724,1113,492,1143,69,1104,762,464,181,354,1330,1100,601,71,239,1075,915,794,832,962,1316,50,795,98
1210,411,438,518,381,805,981,15,815,641,514,1318,583,1067,472,644,87,448,319,110,239,389,864,455,1292,405,544,1204,703,175,551,965,1031,9,692,553,436,445,442,571,67,348,159,470,1259,954,403,568,592,563,108
856,315,871,33,516,451,795,1168,528,468,844,35,1161,425,77,705,92,854,329,1136,1038,504,417,419,538,915,766,364,583,748,158,558,1194,869,697,224,714,264,257,916,100,774,411,311,752,648,146,1135,825,1128,18
1221,977,687,141,445,20,509,700,1313,274,1026,28,124,590,24,1052,34,391,118,616,227,440,383,261,1202,973,315,430,985,406,387,443,980,468,447,1032,1050,252,258,142,1287,968,1018,253,140,1027,30,976,1324,397,403
696,491,766,585,522,968,261,1202,544,159,862,571,514,87,305,219,487,391,703,1190,864,351,570,986,1014,447,581,985,1340,678,971,583,577,1140,669,840,276,1022,61,415,201,556,752,804,28,655,698,1176,320,429,448
862,425,110,544,1031,389,445,556,166,472,498,239,381,378,706,437,141,405,996,403,704,518,453,202,25,1292,1297,251,435,825,133,438,60,1226,1051,678,687,433,1096,50,993,118,815,219,617,973,662,491,20,568,419
1048,1204,965,425,445,25,687,968,139,617,628,649,996,387,433,982,977,138,28,634,1019,447,1311,435,378,17,700,438,390,1008,531,143,125,454,403,985,416,0,976,1321,1014,440,141,417,507,514,266,243,674,134,1048
38,60,585,522,862,704,577,1084,233,1094,834,827,425,552,836,841,1238,860,846,1113,592,557,824,887,821,292,852,845,819,811,376,553,1249,1136,1056,1067,92,534,742,619,593,392,1228,823,1373,4,1271,1099,624,133,68
605,585,581,60,860,862,864,551,66,836,1238,841,1242,577,292,522,592,205,835,574,570,1246,1263,846,67,854,842,1219,201,799,604,1239,852,1247,1235,845,1236,1259,1254,808,312,609,1359,827,320,569,741,524,1271,493,319
173,581,861,775,329,802,504,1022,61,1140,790,849,104,854,862,1228,718,823,864,846,1141,577,1249,326,571,575,66,1238,319,1236,986,320,1239,595,877,491,1120,863,305,197,214,705,821,547,853,818,570,803,1259,840,858
358,145,429,994,984,447,1050,136,87,138,270,703,17,119,393,510,350,411,1204,968,158,426,30,256,143,1019,1176,1327,400,378,25,402,655,1320,815,11,383,1197,379,996,614,20,258,1014,624,327,514,617,965,973,0
839,687,518,141,447,261,445,472,350,1286,628,616,93,385,149,1026,973,800,442,509,507,1076,136,380,617,1041,965,516,258,463,378,1046,403,449,143,977,16,1324,381,440,9,411,270,968,351,532,1293,784,406,430,1004
607,197,803,1236,581,839,857,585,1135,329,583,862,921,193,575,1111,299,290,603,795,486,1208,841,289,834,320,504,1238,284,304,878,505,524,756,120,1271,179,1261,920,661,766,821,392,1096,1210,332,912,326,59,503,846
102,253,459,425,445,616,1322,35,252,1327,93,153,17,687,140,994,1026,1320,1124,350,703,628,657,784,463,430,688,454,706,509,800,1165,590,1313,1321,141,125,25,1061,30,270,249,1089,1049,985,417,1286,138,768,1020,449
74,25,1022,805,165,815,126,20,1312,733,219,1111,1067,923,543,804,585,144,908,118,290,253,90,944,916,750,570,725,92,63,356,32,683,1335,45,705,1060,1171,119,738,661,146,922,1315,480,1065,1059,1176,65,637,929
304,430,406,1322,1052,1041,28,1089,17,688,616,380,1327,258,141,445,1204,1313,385,997,687,35,800,982,350,1042,454,145,720,1061,426,260,463,1070,270,16,412,253,1038,628,516,1026,394,77,700,977,397,220,149,1311,965
200,687,1052,410,518,1292,628,1037,1046,720,1321,1194,470,93,514,117,427,706,673,116,440,463,87,1161,510,997,982,1029,680,380,1316,11,397,261,118,968,259,507,1036,15,416,442,433,409,383,981,250,252,1124,472,9
675,1050,509,1204,1327,125,507,435,1001,997,165,1195,1019,1164,454,518,11,25,734,350,1124,385,941,34,1047,1114,4,274,903,5,687,1005,382,149,140,277,1185,432,429,93,53,968,463,938,491,985,963,689,78,973,1139
1183,845,862,549,206,1248,196,775,790,1228,964,565,1108,871,825,1246,1056,1156,357,1360,60,577,761,1269,472,1211,371,1372,203,1120,780,633,1270,1259,1208,1206,606,803,1254,62,347,835,559,839,834,827,1271,836,50,184,1237
83,11,1286,1012,981,518,28,383,1046,108,987,666,417,980,425,1032,1026,514,415,984,529,568,916,448,1019,1076,84,632,713,116,91,1052,9,268,683,805,973,768,654,4,1314,991,87,1172,141,274,270,1059,381,645,426
794,102,205,962,524,1267,770,1225,887,505,797,609,527,908,1156,1023,543,1,308,1143,808,74,162,874,862,1268,1354,500,821,911,1263,375,818,923,890,551,278,170,1309,1228,154,329,67,1022,1226,823,50,328,604,1108,233
511,862,506,553,609,766,1031,774,504,514,50,1238,67,646,860,617,604,771,1340,824,570,585,1022,583,1242,44,556,524,841,127,557,594,133,176,1226,993,1145,498,151,329,584,565,592,295,752,317,1319,1067,45,551,846
1063,268,1003,1038,1000,17,543,1295,445,784,1204,1333,620,1076,273,1061,1335,91,1127,1067,1056,1050,234,143,279,1032,136,984,258,482,1202,1340,1096,1287,1328,561,348,417,766,994,752,58,1324,459,252,1075,230,697,1132,429,29
726,862,570,609,585,238,504,577,233,201,823,62,846,593,581,583,60,553,802,1242,197,328,836,127,175,574,604,853,1247,1277,565,1068,67,852,547,1022,811,860,248,826,522,525,1190,827,551,66,858,837,584,326,46
913,445,385,430,425,1041,687,1321,973,145,433,426,977,350,258,30,16,691,463,449,34,968,409,706,613,447,975,136,394,1292,119,24,442,1052,406,378,982,518,616,28,252,1008,9,138,1204,148,401,544,688,507,510
1051,423,1241,1242,274,790,565,862,827,1022,972,1205,835,1208,698,324,775,1190,818,299,61,1202,714,276,823,296,57,314,826,828,986,783,842,138,804,491,971,401,571,553,1068,863,321,473,574,219,316,1226,852,238,174
772,687,616,87,965,680,387,159,433,141,426,445,704,516,545,703,805,1204,430,393,532,403,507,438,997,649,25,384,411,429,628,93,350,126,427,1342,425,381,1014,544,91,470,9,16,28,464,531,77,33,991,1321
63,469,864,862,239,482,152,325,1236,1168,166,976,845,840,553,670,1245,585,464,835,286,1272,571,1064,597,556,66,646,836,372,203,1265,1246,290,897,641,1056,766,307,878,158,262,1270,1155,1271,15,423,176,1258,378,841
692,923,925,197,350,505,586,912,1316,4,266,1230,908,145,167,1022,922,766,453,165,469,685,146,487,815,704,687,87,480,445,1061,692,1288,253,148,1094,703,1340,1153,661,270,975,1200,25,502,158,928,126,1108,1226,384
876,32,34,729,119,661,389,1172,395,733,99,717,503,1042,285,393,543,766,50,1318,1293,30,405,648,1341,271,1299,364,1173,712,1003,804,993,268,1302,1338,446,996,286,1157,445,166,497,183,355,77,108,1026,1070,455,558
239,389,1176,465,364,507,419,1341,136,378,1099,159,1017,166,564,463,464,433,469,524,795,99,1292,992,390,425,649,563,704,558,470,439,954,126,815,1303,557,482,996,1342,526,1344,234,514,391,968,434,92,1286,137,480
1049,1141,817,61,1059,324,95,581,1175,826,598,534,66,551,1183,320,803,862,1113,816,39,483,986,1270,671,391,911,326,1211,460,189,567,457,586,596,289,562,272,112,580,681,985,1263,197,290,746,1162,907,1236,571,178
651,104,861,1039,595,875,1246,846,593,1180,313,215,952,1245,210,1247,317,1146,878,1259,236,1208,1256,885,867,213,758,62,845,966,581,834,862,790,1258,1263,780,1255,1222,1022,844,853,1266,1211,823,1371,864,205,950,827,1262
1315,16,506,32,1300,1330,15,1168,628,437,507,649,117,805,405,684,1034,1306,1171,544,514,993,390,119,784,590,329,1018,1289,1234,1173,126,1296,110,138,673,1172,399,348,436,158,167,669,1295,11,700,364,403,510,91,532
315,1052,425,406,440,433,687,703,435,1007,1321,514,1204,977,679,1320,518,35,968,445,138,617,87,662,439,1037,469,427,561,1044,381,1023,378,544,416,1292,996,1319,24,409,28,136,720,1000,25,470,1316,769,1162,1031,590
1291,1107,1158,1112,460,319,1127,1175,1108,99,801,458,750,541,168,864,102,639,489,619,992,1372,1113,165,827,400,853,1099,1129,242,244,296,511,736,60,1246,1344,987,912,306,302,877,1371,793,354,403,790,876,1022,1337,740
252,533,590,425,315,1316,984,980,654,732,152,381,164,145,1067,1168,507,666,977,1335,662,628,1029,1026,784,464,981,4,704,116,742,975,142,136,919,805,667,167,1162,898,674,543,25,1175,417,445,1327,769,110,976,440
526,514,383,438,405,585,1221,1044,1239,67,968,706,1075,628,448,518,1032,1161,1140,825,400,491,971,983,998,769,403,653,1169,686,836,1014,389,1242,1018,511,1019,347,570,417,1008,507,1219,984,435,1190,35,785,641,1287,987
32,472,616,463,387,43,87,141,16,406,425,136,965,1286,725,381,1328,417,385,687,350,445,997,20,1019,708,28,531,9,1204,116,532,412,442,954,1037,414,510,1057,984,93,159,459,0,1176,249,180,1041,973,33,662
699,425,406,1321,703,815,25,691,440,507,327,87,680,514,24,381,453,378,429,590,666,1052,614,636,472,445,968,136,138,434,1292,991,427,243,383,470,980,405,254,424,613,898,1316,971,394,649,805,518,141,1291,111
893,862,824,1094,319,553,504,860,592,1058,854,570,1372,175,203,1113,986,341,783,159,577,1141,565,302,852,497,662,771,829,103,1162,725,541,276,172,210,146,92,104,1246,1039,750,290,864,21,624,923,421,571,846,1012
754,270,687,447,973,409,703,117,394,1050,977,20,557,403,439,445,655,351,25,1312,734,518,364,350,614,441,1020,435,624,145,4,276,141,1328,1096,1204,814,683,266,680,800,440,968,653,996,378,393,1286,636,567,12
314,459,687,616,1038,1041,706,720,93,680,35,138,430,463,136,25,1324,532,350,1328,628,381,1204,16,1202,77,1320,351,442,544,141,518,617,417,636,140,433,260,0,533,977,1052,1327,997,258,470,800,441,385,118,507
1238,9,687,274,28,616,440,703,1026,20,1032,252,1286,417,447,438,25,383,385,16,613,381,445,234,1052,142,785,442,261,976,1320,92,805,617,1031,518,406,706,1051,1292,180,649,1037,87,463,393,2,514,426,24,427
503,1058,823,553,862,66,1022,565,775,671,790,1190,312,1228,1242,824,581,1241,799,324,319,853,233,159,1239,863,1236,866,623,1068,596,299,1187,1143,61,816,846,1177,592,827,1246,44,1056,867,325,1238,1113,1297,780,842,1141
1181,802,581,1271,1270,553,849,325,1142,367,846,775,493,837,840,504,565,1196,1371,887,756,62,176,824,835,859,1056,877,847,1055,862,1228,839,761,1246,1208,1254,827,197,1131,1169,316,208,45,1218,1058,821,852,1263,792,503
422,852,1058,1246,827,780,864,1236,1270,324,1258,566,408,595,305,1152,842,66,1249,758,834,877,802,853,1100,860,1112,1263,543,1372,1241,82,565,787,211,689,494,62,1146,1205,308,846,865,198,823,1149,1022,1243,1177,307,854
48,459,1052,261,28,687,977,616,1038,454,93,149,703,800,706,700,613,385,125,350,445,387,17,1324,1328,143,628,427,985,1204,2,1061,982,720,16,426,270,1327,617,896,1041,142,463,440,253,449,138,1026,220,1004,404
19,393,87,703,704,518,1286,380,526,1041,395,32,666,447,680,390,564,30,2,968,1201,464,655,1176,785,980,532,412,383,143,1145,110,1089,1294,480,399,923,1342,897,427,516,1292,613,697,409,4,657,951,389,28,533
160,590,329,581,570,553,752,585,992,522,758,703,46,691,1194,1291,405,516,447,1049,1019,378,844,1140,1031,1012,805,510,592,438,234,1320,1176,615,24,1008,67,641,984,1153,1092,390,446,544,951,722,611,518,986,646,1154
108,463,518,425,1327,1292,680,426,1041,258,468,315,387,445,1293,628,417,149,973,994,454,138,385,1038,142,397,140,516,1019,136,1286,412,447,614,378,2,270,996,800,982,533,684,20,1204,697,17,108,459,1328,119,1061
640,1249,1270,827,1266,1152,553,598,1166,233,1271,1236,1258,62,1241,1239,236,312,862,566,1231,1228,611,490,1218,325,1247,1190,238,1143,565,571,1246,810,504,1067,1155,1022,493,1136,1217,593,817,846,1128,1118,824,1259,816,834,303
423,505,54,692,585,922,583,586,592,778,487,663,133,766,1022,103,795,92,771,907,146,320,1366,109,305,356,621,58,1108,66,908,1217,1118,757,553,837,324,930,1277,787,1141,1228,834,572,925,1236,148,567,595,948,620
405,687,1052,800,655,1322,426,1300,1003,116,1019,465,1324,1328,153,268,1204,442,684,725,149,252,1076,997,897,1004,454,463,965,1313,1026,350,1025,1293,141,1070,987,447,136,1063,273,977,93,468,1061,4,1311,459,274,688,697
1083,378,425,532,968,141,687,441,87,381,438,440,16,965,389,117,380,427,445,680,703,507,24,815,616,1037,383,510,219,239,590,448,704,411,9,628,412,93,715,732,649,426,514,379,261,390,433,1318,403,463,533
1037,1029,687,385,24,35,613,315,143,977,440,1038,276,25,1026,406,634,20,614,980,1318,1162,1045,472,443,617,706,518,981,441,1320,403,509,507,1168,219,532,30,616,636,1204,965,442,378,138,258,243,655,662,571,968
1300,628,687,93,141,977,35,1321,380,117,426,16,258,28,649,425,470,684,350,1204,1049,1327,518,1320,706,800,463,77,406,1041,442,965,703,468,919,976,459,252,417,973,613,805,532,1026,454,4,9,700,720,430,270
1282,1322,982,703,406,143,463,1038,1049,800,454,17,447,532,687,125,35,533,93,270,1328,1070,153,1085,706,1327,149,994,16,1042,145,507,350,1041,700,394,1124,1003,1052,628,518,1313,315,1293,720,152,465,230,616,387,380
645,491,319,841,862,211,670,834,823,49,1068,264,529,860,419,775,585,714,607,1200,570,1096,604,357,653,609,1238,4,1153,1093,840,791,592,328,356,854,67,1360,1242,1247,1251,846,1359,22,933,305,473,799,887,502,1348
1078,802,827,1247,1208,326,1241,1246,314,699,523,553,251,555,846,862,801,1209,810,758,761,1237,577,62,1259,824,1271,323,861,493,1222,522,863,1263,826,593,562,1245,1249,473,1255,1239,332,574,857,791,1231,292,1186,1261,692
1256,116,1204,703,465,268,1173,1195,149,400,526,507,1287,383,1161,684,1322,11,28,634,137,240,429,1026,1328,1003,1306,1063,1004,994,688,261,426,43,651,412,1286,25,533,125,1124,78,379,416,1018,24,1052,666,37,267,985
819,355,1299,220,445,140,709,177,1041,1333,412,550,680,625,366,1374,1078,1273,387,255,735,280,904,543,1279,115,478,1341,1324,1339,919,1114,232,638,1076,360,107,537,691,449,42,76,23,1350,696,1199,193,1310,894,1185,488
377,425,25,1153,862,860,159,835,785,871,818,391,1228,146,329,522,92,327,371,840,1056,393,438,704,1292,1225,491,568,356,571,205,844,200,21,18,841,319,375,487,176,201,383,158,1094,1318,433,852,210,1219,576,1265
1088,1254,1270,585,325,852,837,1264,1247,1263,177,1137,1211,320,1246,880,1364,913,324,204,301,1269,299,66,940,54,1361,748,802,1222,862,792,337,1271,1158,1241,522,724,200,834,1127,890,184,970,1242,208,786,1022,308,1278,291
406,1342,273,1023,1327,350,463,1354,655,729,732,202,713,686,1296,1320,279,159,597,167,784,137,438,1003,1204,1145,1202,805,267,703,1022,1190,464,245,454,966,1319,1076,231,1300,341,1043,891,624,712,1252,1082,491,17,1310,535
51,687,406,141,977,965,442,1026,440,616,20,613,417,532,544,976,119,468,636,30,617,403,720,703,1052,427,997,430,28,397,985,1057,1161,518,41,669,509,1018,1293,980,981,32,34,628,142,968,649,387,1042,136,126
440,164,1172,463,159,815,980,553,1340,697,487,166,1335,99,1134,66,561,429,158,729,1000,172,44,380,584,127,1067,1344,149,82,541,954,1355,1201,1022,1190,562,145,713,59,421,722,1025,714,986,662,470,1136,21,138,1186
958,1176,757,776,1228,825,110,502,498,95,819,571,785,60,777,71,329,487,294,871,1066,799,505,286,1115,166,1276,769,491,1127,271,795,607,771,846,305,581,596,1190,583,584,319,1200,1260,1191,264,821,864,419,1305,823
514,791,917,830,1303,1179,347,1150,1289,1237,1260,1269,631,1255,858,1295,754,820,182,734,932,1171,56,946,97,236,530,497,1367,1363,853,682,767,618,608,947,811,150,788,890,453,577,1353,1138,582,1210,174,1080,1068,413,1209
100,977,614,425,25,20,385,628,142,397,30,980,975,1327,28,1026,1204,981,616,409,440,518,9,590,442,613,87,666,984,378,270,620,532,140,258,116,1029,965,443,1148,417,255,403,430,544,393,383,148,669,2,973
1193,995,1058,633,424,238,1278,1127,1152,613,531,660,86,209,1113,672,262,484,171,246,259,696,139,1310,756,291,367,745,1270,1012,321,1254,857,1258,322,569,768,1235,17,483,1007,877,208,553,1266,1194,223,1024,1263,69,1075
1147,1175,1200,1318,491,126,785,1150,564,469,495,33,750,1022,119,524,99,44,980,1174,90,1145,400,818,1340,50,420,286,1107,641,1226,271,954,391,666,1158,741,87,558,110,1112,410,102,531,20,154,1053,65,366,975,661
798,1204,684,425,768,443,1061,142,1042,910,977,145,91,1070,459,1052,1029,1064,25,241,17,805,35,697,1019,687,253,1310,76,445,471,516,688,164,704,1321,1299,634,667,465,1077,506,143,982,1065,1201,1083,152,1104,230,1007
109,149,459,687,616,426,1041,1320,1286,1052,703,28,454,1089,412,1327,613,968,533,433,0,429,430,1316,153,117,997,87,93,380,32,1175,435,35,256,385,1292,397,1342,261,393,1161,138,982,91,409,387,1046,252,779,1008
1182,329,1225,835,864,862,861,1238,818,577,1262,503,1228,871,319,748,524,67,827,583,1242,1245,1251,1259,1219,70,1141,795,609,846,308,175,581,278,551,1268,826,50,14,1348,205,1366,66,828,810,823,193,555,504,887,841
998,611,766,749,596,907,1125,733,1099,477,561,1153,504,1318,999,1359,502,365,62,389,741,861,912,1108,751,238,292,244,550,832,1235,964,639,489,816,656,1135,565,100,876,793,1236,566,523,903,1372,575,1022,1048,846,1226
940,965,425,700,533,219,119,532,641,1067,703,261,447,1173,1174,687,32,445,1286,1050,274,1204,251,982,1168,1045,439,25,616,435,440,419,136,263,405,148,1082,364,800,544,1091,145,108,1175,617,459,35,1038,680,973,919
478,110,502,757,106,1154,1270,109,95,418,1177,1288,944,307,1364,369,1008,618,1230,1158,1229,783,365,278,819,184,832,121,661,298,147,1122,494,271,174,1131,929,60,962,1313,163,1247,1086,795,451,1234,279,1090,1243,864,923
1121,1005,1293,442,1003,245,153,1000,1171,1289,667,17,330,378,400,994,25,518,1070,258,628,28,478,379,476,223,277,531,1310,954,735,390,430,990,687,613,666,1025,29,1229,225,649,36,1347,804,1320,1172,1020,134,1007,1296
662,222,1006,42,546,1339,1199,182,474,360,955,1117,123,735,822,961,53,881,695,1257,1040,185,1301,1250,963,363,1350,831,334,1203,1253,346,957,217,128,508,1282,1185,893,404,537,1279,1338,1078,731,548,1182,759,899,884,902
181,687,35,703,1204,977,628,270,996,634,997,406,430,143,1052,258,145,417,149,24,617,706,28,315,141,516,655,25,463,976,680,532,252,1320,518,616,397,1027,683,383,136,148,472,2,613,720,1292,1286,464,973,243
236,1038,32,779,0,543,1313,516,613,119,268,20,655,1070,30,430,694,11,91,255,1295,1204,220,1299,27,1316,1320,1201,687,768,232,997,1042,1164,800,661,1287,1173,729,1329,142,938,355,25,1061,1168,385,35,1302,667,454
1204,1109,222,695,42,1203,902,1253,707,1078,232,123,1195,78,882,602,1339,1164,1001,114,1157,115,537,1298,546,1003,947,89,1279,517,212,1117,277,627,1375,51,894,101,1338,978,938,53,521,899,731,773,187,519,27,318,334
548,753,1103,934,183,50,874,338,1013,49,1360,1282,1273,1270,1276,739,958,911,933,859,757,1098,1346,1114,950,1340,1002,796,698,286,551,47,872,1228,828,173,944,1200,1136,421,816,497,1257,937,712,193,126,1024,825,1198,1289
46,655,149,425,459,145,252,17,261,28,703,136,25,1321,141,628,1286,784,779,994,350,417,977,93,464,616,518,263,406,454,449,532,657,732,1026,666,1313,38,16,533,138,409,680,1194,1076,158,427,507,720,1202,516
1100,1026,281,1204,814,509,418,93,1038,1317,425,706,759,385,1061,904,538,1040,447,1023,977,973,620,1005,1021,83,1313,334,614,440,1195,709,1199,546,1045,699,548,1185,731,138,47,275,1009,1293,333,1361,5,1088,42,1279,184
1139,426,687,543,440,980,976,220,991,234,996,263,226,509,619,784,110,951,294,1174,253,766,439,981,1067,20,219,1051,1320,261,590,35,144,433,1061,1202,125,452,292,850,819,1027,1059,310,118,975,628,641,1050,616,691
1153,977,28,1029,459,973,447,703,1067,1204,616,20,617,148,141,1321,614,706,701,691,1045,532,518,509,620,315,143,700,406,258,264,1038,261,378,1052,1031,919,265,725,270,468,636,680,1318,145,669,507,971,25,250,1153
1293,275,145,910,921,812,916,712,502,1207,611,1352,498,1003,426,372,154,461,36,3,685,1200,356,856,166,158,925,939,205,271,538,701,491,49,252,90,1349,387,506,670,26,819,850,920,795,1261,395,264,281,1277,928
949,425,620,148,1044,274,35,669,968,553,405,977,1022,1020,687,389,435,557,4,1007,729,561,438,25,273,971,544,1204,611,766,441,257,985,585,704,453,570,378,921,427,261,109,1330,1014,1008,439,138,272,447,271,166
1145,502,1340,705,730,438,491,864,273,1191,1190,1022,954,570,992,1131,419,553,286,127,202,1058,639,1287,1271,1113,877,1256,816,194,99,617,159,571,1260,985,1200,67,44,669,1153,1086,257,1304,860,671,265,233,1145,272,1195
88,385,687,350,258,445,463,125,380,454,425,1026,143,28,1161,427,1292,616,17,93,140,429,614,149,1313,720,255,35,1327,973,729,119,507,1293,138,982,1005,440,409,11,315,20,706,613,417,412,430,968,509,1318,666
1209,425,385,977,30,616,509,387,687,412,1026,1204,706,258,680,449,426,24,518,93,507,532,141,28,965,118,34,403,136,516,251,315,968,439,25,350,430,447,1168,1102,973,1005,667,433,634,720,20,617,1019,1153,1194
302,628,1295,994,613,965,425,700,1038,261,590,1052,220,636,1204,464,1168,385,991,800,252,1050,447,274,975,468,378,139,429,47,985,617,465,119,649,387,703,273,729,219,463,315,506,16,716,394,24,915,445,507,683
400,276,741,543,1094,341,372,1050,357,599,468,577,315,482,793,287,951,1173,590,716,296,1114,654,1051,1194,717,1226,1068,697,505,279,861,991,364,692,518,975,524,411,1075,1111,491,552,211,81,981,320,1295,274,855,714
897,687,445,628,706,141,977,93,973,440,1204,442,406,447,425,138,385,533,426,1038,996,590,35,1293,1327,153,1320,252,1174,140,459,1321,270,28,463,1049,30,261,16,532,975,614,24,784,417,17,703,983,454,1313,125
89,440,378,1204,997,387,93,459,1041,136,427,968,703,463,409,141,447,116,118,1291,532,350,87,815,518,687,706,381,1300,394,691,472,16,270,395,453,117,628,43,973,1019,153,437,1323,643,430,996,729,674,1026,679
779,1037,385,1361,1321,1029,52,234,443,510,383,516,980,403,1019,684,748,142,424,590,1351,134,750,1171,983,136,1319,522,984,1113,425,785,317,415,614,503,1101,507,402,417,1061,379,456,1310,387,475,853,378,254,1292,777
763,442,28,628,1292,1026,149,590,35,258,1052,380,983,472,968,417,24,1328,381,390,454,125,220,688,706,406,364,30,1041,140,445,1204,518,261,153,385,254,412,1293,533,397,976,1287,459,17,545,1322,426,463,1313,1124
824,1242,732,299,60,617,448,143,1239,1140,1190,1068,454,1044,565,319,1263,810,21,1191,1014,1048,323,1270,57,769,829,383,1005,419,1111,897,1113,1222,463,92,553,835,242,973,838,595,1177,974,100,464,522,388,486,984,1211
333,25,258,447,17,118,143,459,1049,141,253,20,425,255,919,11,679,24,144,1310,687,445,1041,977,416,138,997,385,2,1287,634,480,684,417,440,251,1201,982,768,381,28,688,1315,975,180,125,971,978,1168,706,378
747,425,440,118,435,968,1162,416,254,110,704,439,405,292,653,544,1168,455,570,410,25,453,1008,109,433,381,518,678,15,706,825,561,628,1067,438,243,553,641,766,219,272,427,251,836,558,1344,569,329,92,514,286
898,667,258,445,684,25,1003,729,409,1286,976,1328,1204,617,116,266,455,674,145,149,138,143,1042,742,393,447,438,1310,153,1029,426,294,983,387,400,1064,1043,378,1341,30,106,397,1175,516,279,17,170,1062,402,1005,439
47,1052,706,459,427,387,532,1292,16,433,1042,470,687,440,93,397,426,445,1041,997,380,982,463,141,613,691,24,628,616,230,680,394,468,779,1322,1185,996,533,430,118,1301,688,673,1165,704,1175,29,140,896,260,1194
661,313,699,875,589,68,177,290,1155,952,844,373,1255,56,236,591,890,207,67,1146,1186,886,1266,884,854,874,1218,880,595,755,879,581,837,878,892,1231,1361,1137,788,873,303,362,889,198,450,235,966,113,210,756,869
21,1292,613,516,454,1019,459,350,518,149,261,136,412,28,968,125,16,1286,393,532,380,256,965,378,397,406,977,463,679,1327,403,445,447,394,87,982,25,1005,703,117,1324,435,32,1300,411,662,17,37,1007,126,159
849,553,1136,1340,1022,1273,175,846,1141,50,1228,1341,816,650,581,550,604,954,172,860,806,543,757,66,771,541,273,290,495,1012,887,570,565,197,853,487,85,663,1271,867,319,970,99,45,43,802,491,862,110,1058,1171
1264,810,917,494,1344,623,774,39,1113,806,465,811,66,1293,435,584,1243,824,825,604,1204,1228,665,1134,490,1069,569,1359,1273,868,1056,1140,994,1232,1372,676,1048,845,1008,181,1100,870,946,1091,1125,813,1190,233,1221,1084,601
942,406,470,445,628,507,1175,138,706,687,427,532,1076,141,997,425,1052,93,441,732,25,1091,703,689,153,1000,119,35,449,1321,977,463,274,715,518,704,468,459,691,378,145,1174,974,16,149,680,1168,1327,700,447,1041
427,1247,864,862,878,482,802,570,875,766,1239,860,1058,325,816,1261,852,1249,853,62,1236,758,1259,609,1223,1273,1154,1146,1187,1125,877,1263,1228,818,1271,66,59,834,1110,1180,104,1238,1254,1270,1191,304,491,705,313,1231,828
147,616,385,28,252,518,459,1286,977,703,380,965,141,25,1313,426,472,507,687,442,1176,1327,509,149,1046,261,445,32,1324,447,17,1089,1322,406,617,430,350,1320,1041,24,800,1292,443,440,510,140,378,260,93,397,16
1268,977,687,628,706,35,25,996,417,16,1042,688,533,1018,93,1327,897,1321,1161,9,32,17,426,616,991,978,440,394,974,1204,779,385,141,125,24,590,1019,397,117,1032,464,805,1287,119,258,1007,634,245,1070,700,28
522,140,1052,118,230,443,254,93,850,590,560,261,807,983,641,989,980,1010,234,986,298,447,1355,322,459,1096,1032,433,149,977,1300,148,743,975,691,258,1051,741,614,139,1227,1251,24,243,110,1322,616,1333,1165,1083,59
277,700,445,261,274,387,965,616,426,30,20,973,230,220,463,9,1311,617,1067,350,1313,234,145,669,614,1300,1312,17,1204,613,447,703,35,125,77,1089,1051,779,253,1091,620,148,1335,252,34,1057,1018,266,225,263,251
177,1187,966,199,203,371,959,845,1265,368,1225,341,1373,1269,66,883,540,314,570,841,75,868,233,1247,597,1240,856,931,1207,229,576,86,952,328,828,317,375,863,329,765,928,827,566,584,342,924,68,461,211,105,650
806,758,766,1143,1113,1261,1246,1110,581,1140,59,810,988,862,1271,864,1083,717,1177,57,66,289,210,1092,1125,1344,1266,568,583,1238,1191,203,498,1264,1211,479,790,1219,305,1146,198,592,1222,827,536,1206,67,1099,647,834,599
617,585,329,1236,319,1228,862,835,828,60,866,1056,1238,864,1187,1271,583,553,1140,604,986,1259,1248,863,15,570,1268,845,320,714,581,203,569,860,821,498,1243,522,198,769,846,494,852,1265,577,328,196,780,834,292,201
1115,425,680,230,459,447,614,454,768,1327,977,35,1175,261,1061,268,800,118,543,426,1202,1292,266,258,725,973,919,703,264,655,17,1328,439,1342,729,784,1091,1322,219,429,532,616,270,141,125,1076,430,453,649,1065,149
4,968,425,617,687,438,87,1067,25,435,510,379,1037,1139,383,1316,381,1008,703,641,136,1005,666,570,378,996,472,1318,440,401,805,1010,646,700,219,557,451,11,390,691,984,1036,119,432,1050,1173,393,148,1031,143,590
641,60,319,576,834,846,57,1177,1270,852,604,1242,841,1239,861,835,1191,583,585,1259,1261,1056,203,1208,824,494,577,1238,802,964,522,1190,853,1180,1372,1247,1022,790,67,536,1058,1200,292,1359,592,1236,524,609,565,771,823
829,304,862,1236,776,827,867,803,846,233,775,570,66,802,1245,203,1263,553,598,1242,859,1270,783,46,1246,787,151,559,1068,1243,870,860,1141,181,1259,557,1372,780,1084,864,1022,774,816,523,823,325,1208,650,777,299,879
135,268,687,1286,273,965,435,1049,1173,261,403,119,139,1204,1140,219,683,465,411,409,1076,91,1295,136,464,36,1313,1202,694,617,451,1029,968,1153,518,535,425,18,503,159,427,405,389,768,348,1197,1061,729,469,442,412
986,1213,475,1057,618,954,1022,827,741,878,1336,748,980,110,543,1210,45,1059,777,1355,669,46,778,504,41,783,1205,178,854,313,144,844,65,296,1212,552,1092,762,194,1153,127,842,769,805,993,364,233,1168,869,749,329
1106,687,445,385,28,1052,93,447,252,613,261,397,518,1321,426,459,1324,700,703,141,9,430,16,628,1046,387,1026,140,1204,440,143,1042,1029,617,1313,25,976,394,706,260,274,980,965,1286,270,35,20,442,449,680,24
364,383,1286,1118,18,1200,87,852,1270,270,511,1316,35,998,139,1173,694,1,451,616,1051,15,1094,319,1067,1145,1053,717,435,1330,1012,1263,125,594,1213,393,274,860,329,1176,1099,533,220,4,505,1050,1124,1169,1201,402,1197
414,463,620,279,143,687,270,1204,445,138,447,514,470,1327,149,35,1045,438,713,1171,116,465,986,1176,1145,448,261,614,315,411,4,1026,717,136,1019,91,2,516,971,38,703,108,425,657,1300,1286,234,815,273,231,274
924,687,977,445,20,454,351,617,1038,1315,2,261,440,258,459,1324,149,144,165,704,253,1294,516,406,28,118,411,570,35,996,1320,636,381,25,729,616,706,447,1201,4,614,703,784,981,385,691,138,804,985,1043,164
956,1052,1176,703,252,994,1202,1204,897,561,1327,28,37,119,270,4,687,261,717,35,980,998,257,965,1007,273,109,250,234,1018,981,984,11,1044,351,81,1300,1161,432,662,136,453,417,1310,1123,1019,464,425,1101,144,666
128,1204,445,687,411,315,385,425,378,1050,703,1168,403,518,532,700,463,507,440,980,383,145,977,649,87,1287,381,468,258,613,1032,350,447,614,430,11,141,25,108,996,454,617,364,20,472,119,514,380,975,409,143
652,317,203,802,852,846,62,236,862,1228,1266,1371,609,581,1252,859,860,878,1271,329,863,775,1249,210,233,778,338,574,873,861,823,1235,758,1247,839,808,70,238,67,332,1262,319,858,375,803,603,1141,65,1263,66,849
918,994,1204,1310,1061,634,138,1041,800,680,426,614,478,768,380,153,617,255,510,463,982,779,315,1322,1320,350,1019,476,660,1313,258,143,387,516,1173,1311,507,464,538,1003,425,1294,220,996,636,1299,17,919,1286,116,657
1255,533,1082,419,732,647,153,657,445,852,252,447,1204,1091,978,988,145,148,286,429,630,1048,268,1175,465,136,507,1328,703,448,264,998,263,1032,491,785,1153,261,1124,412,435,438,1005,1089,628,620,514,1131,270,713,137
628,1365,931,217,478,394,716,606,311,1373,1038,476,724,75,350,1121,1280,186,230,484,848,1070,406,343,941,605,1282,185,1356,88,879,904,413,1160,140,324,870,395,914,917,537,272,229,883,1348,587,459,640,794,282,660
5,9,980,1174,440,425,706,666,1031,1316,32,400,985,234,25,514,417,649,364,518,1321,416,703,1050,510,687,1330,406,17,617,383,152,153,258,472,1168,1018,675,1294,292,507,1320,250,644,452,1173,411,1293,1026,107,30
1082,644,633,986,579,669,553,1168,689,964,791,284,847,246,196,566,1,840,854,649,534,678,755,307,535,756,1287,177,1179,210,479,429,886,276,556,1183,781,65,878,326,846,1227,857,1245,319,18,1120,569,510,290,869
256,425,445,514,980,617,968,815,141,518,403,4,620,700,385,348,390,32,252,393,691,984,119,975,364,397,126,616,435,1176,87,544,412,628,380,667,703,1286,351,389,982,261,1318,981,409,532,1300,411,1292,1299,93
519,704,438,852,815,57,25,1118,1067,1031,393,1372,827,174,1366,1270,1359,1226,669,172,544,689,439,210,752,749,524,1052,266,416,1249,329,469,785,1152,1048,577,951,111,1145,498,435,274,766,1093,985,678,256,147,502,152
424,1296,687,146,164,1316,380,9,454,152,985,1037,910,785,1003,463,734,516,526,464,1342,35,1019,465,1012,37,138,697,1310,564,227,2,655,1041,742,720,158,923,918,157,732,1202,100,1286,399,613,429,148,1168,528,34
1005,249,905,167,136,103,77,233,181,1293,1262,1188,430,623,680,611,738,459,714,954,636,732,43,1249,266,273,1342,1171,176,692,543,68,1041,1096,715,1234,750,1100,470,449,789,620,962,550,1292,1091,532,752,1090,704,641
384,800,425,687,406,449,977,1052,459,93,387,613,628,445,17,518,1204,997,2,768,258,350,253,649,1076,412,463,1061,616,252,266,454,532,20,779,439,976,509,680,706,533,688,1194,1327,918,1292,397,1014,220,1006,982
1223,687,425,516,17,704,1204,93,447,141,149,1292,996,1061,1052,28,459,1293,649,138,614,255,454,350,258,378,703,984,261,445,24,590,16,706,440,256,805,385,143,136,25,140,270,977,380,674,430,406,720,679,688
842,445,406,616,385,1324,1321,28,977,617,613,1052,430,1026,720,706,140,687,1029,1322,443,426,17,703,266,680,387,507,518,141,25,220,31,973,142,149,1089,636,261,1038,315,253,704,1000,1085,1318,350,454,1320,20,35
843,965,351,1008,1067,673,544,703,1032,4,442,644,116,405,250,585,256,0,968,148,437,502,379,403,15,239,1018,864,823,219,198,498,415,417,59,1249,25,441,1340,1052,314,620,94,166,617,108,570,60,897,996,844
854,1226,319,1202,783,524,264,67,1022,769,205,328,505,535,1076,681,860,214,60,742,1256,148,197,1319,1336,350,570,1300,320,828,92,597,753,778,601,4,116,1214,1248,1355,3,327,351,276,923,194,175,592,586,624,930
337,406,425,258,440,628,383,16,35,459,983,439,426,270,982,1176,445,977,25,518,805,448,532,417,385,1293,143,142,617,1327,544,2,117,1320,973,616,965,706,563,1089,688,1148,1306,32,28,510,1019,701,971,919,1300
338,977,445,149,20,35,447,252,258,385,270,1202,426,1020,25,2,440,28,1052,17,985,1148,1204,136,351,117,1293,518,973,729,1320,1292,9,617,1161,1321,397,459,1061,976,514,628,1026,448,704,616,142,1316,1038,1041,379
648,585,1146,1265,1225,202,1219,1354,1236,845,570,58,104,57,60,856,1238,343,205,864,1152,1228,577,842,319,597,1039,201,836,312,329,71,844,862,1259,1372,854,1248,1367,373,964,524,1359,1251,1056,551,791,1258,376,1081,860
210,852,1263,864,203,571,853,836,1231,1228,574,766,1258,826,1261,799,196,1056,823,583,197,741,214,791,569,775,328,551,320,60,819,175,68,1262,1277,771,1240,493,1242,497,66,849,376,547,592,619,859,321,609,1270,806
76,1174,234,641,440,951,381,1050,1316,425,815,1197,420,110,564,357,514,898,518,535,1162,1031,417,134,704,453,403,87,667,646,136,327,691,989,968,1330,1032,400,1319,987,276,975,1018,127,268,378,25,570,532,409,92
134,425,655,447,518,636,996,1313,1061,350,691,1041,433,982,1204,93,613,253,1029,380,1202,403,703,516,1019,387,1052,449,1300,1076,445,1342,153,617,430,706,784,1012,1007,409,383,426,258,1327,463,9,590,752,472,1043,919
710,1070,816,1127,550,716,47,419,774,1003,970,463,471,751,761,167,116,729,1260,814,979,44,1324,1131,1086,824,476,45,270,1121,450,152,611,1038,43,1175,444,1106,886,1328,174,680,1303,857,683,163,1029,446,268,696,317
357,145,149,533,1090,713,447,628,274,590,657,507,153,1188,1045,1041,419,647,442,1175,1091,715,167,1321,971,87,448,136,585,1328,464,468,93,465,722,1314,703,138,36,1364,459,526,159,1052,17,671,1332,568,704,1008,522
647,952,858,72,726,575,75,581,309,317,603,332,1121,377,461,718,966,1142,233,853,1087,854,931,343,199,1350,1255,623,1367,839,876,883,295,855,873,859,1033,1225,61,1156,608,1170,215,523,1250,1265,935,340,373,504,848
1076,923,1316,921,916,394,393,925,434,409,7,766,729,1309,455,469,154,401,557,1053,643,410,1198,402,1197,364,163,929,1153,435,9,49,46,1200,34,178,329,433,18,165,174,126,30,110,453,111,87,1366,1303,879,108
602,570,553,780,1022,862,853,1263,1258,1238,1246,92,1211,319,1155,577,494,861,67,233,1191,569,571,419,522,66,584,791,214,1141,236,1241,1242,834,1007,1187,239,1008,1235,1228,87,1236,854,620,554,292,825,1266,314,764,823
896,703,732,230,590,1314,611,412,433,149,406,784,153,468,350,273,1328,25,145,430,445,220,20,1327,442,516,81,1076,253,251,261,260,538,768,459,1049,164,628,805,411,533,614,93,454,693,1320,1061,266,438,1092,243
408,274,464,532,268,468,380,729,119,1342,1314,230,463,167,1340,805,159,1145,146,43,245,36,510,725,713,438,1335,1332,1022,1161,1175,33,9,436,175,1012,455,279,1099,147,1300,673,533,395,720,1091,561,599,1070,750,1318
562,1141,1155,671,329,1241,1249,1093,551,189,1228,1068,59,1205,1258,1058,795,864,861,553,714,66,102,799,818,201,862,1140,911,62,580,1246,319,1208,853,196,547,583,842,554,1341,1143,1239,314,1242,953,790,826,491,292,328
457,1135,775,770,816,879,849,1353,760,888,354,874,1228,178,74,1278,1110,803,837,1143,233,748,289,835,208,603,906,830,885,749,60,525,543,868,1157,1277,326,917,62,944,802,190,939,214,1364,500,366,747,682,1361,553
489,1221,986,860,791,372,1217,766,836,176,1177,923,473,198,319,845,921,570,1039,1366,834,582,15,1248,1254,577,197,840,398,248,1056,871,757,685,69,325,1235,862,67,878,670,1238,1258,1068,839,762,615,498,916,210,571
141,440,425,405,1171,617,15,87,403,975,649,514,437,805,1168,510,416,968,516,429,507,28,1318,464,417,994,381,980,981,463,1036,1316,1204,383,692,666,532,678,984,378,452,453,929,636,971,1051,613,628,411,472,145
341,445,1204,1038,1293,532,143,459,1342,149,1195,675,973,465,429,815,93,258,729,119,653,364,620,1044,270,1319,1327,1322,125,1034,18,1202,706,448,910,167,34,21,700,725,1313,140,613,703,389,617,464,1061,655,17,1311
132,261,406,687,977,1052,28,459,628,800,509,445,385,430,260,394,397,1204,454,140,118,1322,691,706,449,518,447,253,20,35,703,704,17,1286,1067,1202,77,1085,153,1041,350,1328,243,270,720,258,897,1089,138,680,351
866,426,1204,270,17,28,991,463,35,1292,655,687,1004,143,447,141,533,279,613,1041,657,459,136,153,713,1050,138,617,1008,149,526,9,93,1294,996,25,1327,1161,256,732,406,1201,518,647,159,0,815,158,427,968,433
136,739,368,799,1360,773,527,871,846,1093,663,302,776,1359,1271,650,1370,295,872,194,536,54,162,1055,52,338,1079,1179,547,953,596,562,858,112,1243,133,819,1181,856,202,1159,812,584,762,329,161,512,326,1366,1258,105
182,1052,93,1204,445,141,628,616,138,385,691,35,440,700,613,145,16,518,636,532,706,968,406,980,472,270,417,447,617,1019,426,252,30,383,148,1202,1322,119,680,143,983,982,805,397,703,439,634,973,438,1026,25
172,799,862,1262,324,1269,104,790,68,650,874,1272,816,603,338,63,811,581,775,619,875,819,337,859,842,211,866,1247,61,1248,201,373,60,849,787,1141,55,776,924,824,854,826,574,1369,593,607,856,927,214,332,317
633,326,1228,366,324,581,828,825,62,523,553,337,803,66,547,1271,1344,189,775,839,1273,604,761,59,565,233,603,1136,1266,846,806,1177,863,332,802,312,596,811,1110,861,1133,1209,1244,562,1341,320,534,836,68,577,493
991,1113,789,1278,877,181,778,587,354,291,209,238,1205,1217,705,316,787,493,66,767,711,203,1190,1230,669,585,1111,864,1275,1058,194,1212,790,886,816,283,944,1187,98,300,571,1246,730,460,1271,841,298,827,63,780,312
858,1042,800,900,688,1328,1204,93,717,149,703,442,76,720,1185,1313,965,261,11,997,465,397,1293,535,687,695,1052,387,994,1061,17,277,1292,255,507,546,684,459,13,1195,1038,143,360,1203,91,1040,706,232,1322,1253,635
597,1292,585,549,155,907,637,57,838,1076,241,152,1065,449,1063,732,1061,680,17,689,253,1202,1034,1211,287,1195,1271,1038,659,1004,427,447,583,973,425,986,442,220,202,392,752,1149,576,1021,138,350,1169,720,488,1050,299
316,1003,648,405,613,385,390,252,954,425,445,141,1032,993,400,379,392,667,130,258,965,1287,1296,394,391,1305,617,276,1029,457,439,628,717,435,430,402,913,1321,397,447,348,32,1341,687,383,1289,678,387,95,398,253
643,843,952,1371,823,236,211,104,1039,593,877,856,1258,1277,1271,802,1275,1266,874,811,197,541,775,342,67,839,606,1247,62,214,179,362,754,1235,1218,601,847,1255,450,861,1238,332,1217,849,853,581,1196,879,840,875,1264
846,25,687,393,518,704,87,32,981,1031,9,438,1321,544,261,383,563,92,472,411,18,617,315,805,977,34,20,378,0,445,437,1176,4,1316,968,443,15,119,1162,1174,649,415,666,980,815,405,250,996,1315,999,985
916,687,425,1173,141,1038,149,1328,965,261,442,1286,260,117,77,454,138,1052,1327,683,703,468,617,136,4,350,449,691,1313,270,35,1061,516,445,18,720,544,532,655,1324,28,220,784,406,518,994,1292,779,1003,256,1012
1164,853,1141,1371,862,596,1228,493,1276,837,852,1113,1238,832,1263,1207,849,1239,864,1271,1262,780,181,370,816,62,571,1246,1156,765,757,1258,60,585,1240,328,787,325,335,1266,887,189,203,1135,1120,280,863,811,1340,1236,1264
1061,143,401,41,1297,742,984,282,25,132,1012,780,380,1148,1292,974,438,87,219,419,678,1214,1316,36,1242,1171,784,30,165,1145,138,395,403,720,1318,119,147,99,805,1031,815,443,644,1173,136,49,381,118,439,398,769
1023,864,176,1131,1158,576,1096,1200,1333,204,66,494,1228,987,503,780,491,1132,639,766,54,1191,502,197,998,550,286,860,1092,1106,490,1366,1022,757,1206,1120,853,1058,198,876,1341,1238,1372,862,1177,1153,571,1059,840,59,1150
300,616,1292,965,425,442,538,1161,1070,445,613,16,93,417,470,1176,350,1050,468,984,977,394,387,1038,454,261,1286,136,518,687,1313,636,427,385,32,975,1295,703,119,700,255,693,463,732,380,1057,1175,381,666,1300,1322
62,87,1171,704,532,440,975,968,1168,411,390,438,518,405,531,239,544,427,971,981,403,986,1316,1014,1204,1067,628,379,400,510,1162,514,590,81,480,416,698,118,649,92,295,415,417,111,425,678,276,1031,715,673,669
1305,18,430,476,294,509,990,1321,1000,260,399,987,1318,244,687,9,1092,1349,468,1150,666,1340,673,1173,1070,750,200,380,41,1057,1112,1308,980,1049,497,410,510,712,148,507,954,1174,275,166,1122,751,403,1313,302,998,38
367,561,136,980,463,44,1296,564,453,38,158,491,425,543,429,662,264,558,1096,1342,703,1022,766,1202,43,1162,985,273,620,274,654,661,419,1332,393,514,954,815,1340,166,159,478,1286,20,1043,180,1145,1172,1226,127,137
1192,1350,1216,1253,1195,881,843,961,1182,360,707,1042,1169,1117,537,342,1040,450,601,873,231,582,217,548,1358,1356,185,1224,668,182,301,222,1203,1283,1078,232,1257,1284,735,1229,1269,1338,1218,1185,963,1374,899,1375,334,467,955
54,453,378,425,1171,752,17,1096,469,634,25,991,971,427,815,422,138,703,1201,997,381,706,714,463,1014,649,383,327,148,141,111,133,687,143,679,478,532,445,999,1041,433,618,766,1332,110,426,161,544,1320,440,1295
397,803,1233,862,486,867,1143,102,846,189,609,868,503,776,208,1271,786,1244,820,500,782,858,766,581,328,571,494,584,795,338,859,1064,834,305,332,604,326,1073,1249,336,1277,50,577,827,104,485,758,1269,851,883,1068
1080,524,167,741,810,758,1354,329,701,435,1108,1099,1047,1372,176,1226,1022,928,1094,203,921,296,1316,818,514,704,1053,356,1153,1261,164,1225,1238,1228,305,547,1167,67,1236,328,1366,1140,864,1359,738,460,505,778,692,1219,1154
1071,614,680,703,138,977,441,1038,427,258,447,261,973,704,381,706,406,636,453,141,616,439,28,426,253,1320,1175,1067,435,433,1328,136,1091,691,459,252,722,1292,140,465,487,657,533,544,1134,463,1162,687,1045,93,491
1188,310,1023,304,1247,1242,299,940,1039,416,57,769,460,423,302,750,1191,1263,1124,1256,179,1208,301,915,862,184,1064,819,294,783,1146,1180,842,314,1236,843,1107,824,864,530,857,860,357,758,1221,802,475,169,265,1235,500
1243,445,703,687,1324,1052,706,459,28,616,261,544,2,985,447,700,141,426,385,977,143,16,274,383,441,440,1020,470,136,449,1029,968,387,351,1046,409,1292,35,1342,1328,433,693,617,448,1320,252,395,704,394,514,680
1314,1052,153,258,1124,1046,1292,442,125,628,533,800,687,459,1328,1004,965,380,397,1026,149,1322,673,417,463,428,822,412,350,426,1195,454,11,901,13,1175,78,683,703,385,136,261,474,666,895,252,1313,1311,785,1048,445
509,766,553,585,286,825,1236,774,581,583,197,320,551,835,524,498,803,818,329,1059,325,577,47,496,1135,50,292,233,834,491,1234,611,405,592,694,714,1344,1318,196,1277,1271,308,319,1238,1228,495,1171,1248,1140,103,565
152,687,616,532,518,449,430,973,140,447,385,1175,1026,680,387,454,1052,252,977,1292,412,703,800,258,20,509,1204,507,1321,28,270,93,1041,261,442,1327,426,17,143,516,16,468,406,145,230,614,1324,380,1311,149,253
1270,1204,425,258,378,680,1076,28,463,687,141,270,533,968,706,666,1292,268,973,653,982,416,25,441,1029,1046,442,459,430,453,93,703,447,1020,1007,532,381,472,976,315,977,116,613,35,1038,1000,1091,717,1049,1026,412
928,687,459,1041,1327,141,628,385,768,406,1286,680,425,697,350,688,138,1310,25,1042,919,454,516,1027,1322,1061,2,35,997,380,1204,1025,449,463,16,387,1328,397,394,617,994,655,445,1046,1014,784,662,703,616,1003,1293
1231,139,626,258,1176,617,425,383,1161,30,440,1096,457,1026,25,234,1320,83,1029,1099,1031,364,509,252,410,524,675,1318,143,458,993,50,1174,403,687,110,1059,974,1242,416,506,791,518,292,1306,805,426,700,1052,1351,684
698,881,42,596,546,191,1078,1117,1106,1257,334,1282,873,1253,924,820,1369,360,188,377,884,300,1216,1283,89,1218,963,947,208,899,173,229,959,336,1365,115,1021,1350,587,1006,78,474,1224,1203,288,874,306,1375,765,1356,830
215,687,459,1052,1204,454,425,996,35,270,119,153,447,252,406,980,143,628,815,975,4,219,440,0,464,468,258,1038,532,125,805,136,32,616,691,417,463,729,997,393,1019,253,385,1018,41,1176,1041,919,429,973,443
486,1342,1068,159,393,30,480,85,923,119,514,139,148,1145,1022,489,758,568,1201,766,1176,1315,473,268,697,41,910,419,445,784,470,491,1204,1129,1094,329,725,455,1056,447,498,453,687,504,657,1103,47,533,1027,742,146
966,532,680,93,1322,350,447,1038,1076,253,703,445,977,1328,17,230,1286,954,465,381,1091,459,973,425,1045,270,687,426,628,784,1013,138,260,380,141,614,616,468,1043,1299,394,1171,261,409,712,20,145,149,732,345,1067
85,916,925,1299,124,1160,1104,697,1335,1293,716,22,268,1369,449,596,651,908,273,973,1312,638,119,344,1003,399,550,717,169,905,869,21,142,355,212,65,1138,1287,248,279,372,1164,1112,230,1109,814,907,1041,327,53,1126
483,862,193,585,1238,757,827,595,845,583,570,126,568,214,1277,1177,1228,170,201,864,857,210,1206,1056,575,15,775,571,319,57,1273,860,503,846,577,139,1258,506,604,1197,1096,376,366,63,502,393,852,1146,1135,166,329
40,1200,918,864,862,506,585,662,986,704,328,741,577,66,818,1102,692,420,1236,1067,201,998,712,1263,1290,714,286,44,534,92,133,391,448,766,1191,1304,825,257,1127,320,541,21,469,1145,110,437,505,198,694,835,146
792,1176,1101,489,409,329,714,1153,398,981,565,557,1051,1063,667,984,205,62,805,1066,568,769,978,987,411,410,986,1318,919,791,494,860,1191,644,491,136,66,569,687,1239,835,437,669,92,595,4,1016,1201,866,276,108
1177,1366,307,766,1127,1340,596,201,66,1200,1172,491,639,853,305,581,1331,268,286,1183,1243,927,802,785,1259,4,495,992,993,1022,1176,110,524,553,1,85,166,273,90,261,271,1228,233,565,338,811,1058,705,420,551,439
1007,1113,109,1039,172,1346,849,1266,324,574,845,214,1270,1154,1261,595,1056,1146,312,299,219,827,1246,1258,1140,842,862,170,1135,865,485,316,1208,60,67,1242,1341,856,57,202,88,823,607,913,761,766,63,852,1119,179,1238
1283,141,516,241,350,380,4,1315,1041,16,1017,255,628,442,703,425,620,20,77,136,997,119,590,687,1188,394,138,1003,35,108,470,116,720,996,449,430,637,518,37,544,804,634,965,144,225,779,1061,445,412,327,994
235,50,389,487,698,583,1014,498,1022,993,859,775,766,279,553,105,402,802,658,918,1156,324,139,1120,544,405,675,1270,14,102,922,511,1,678,1208,928,473,409,420,1043,503,757,401,551,1108,685,1315,1226,493,1248,58
238,35,468,459,270,0,616,140,649,532,136,687,463,1194,1316,256,164,510,784,516,1202,406,1322,28,445,1328,507,350,1052,1014,87,465,438,260,380,153,1095,12,472,1045,666,1038,426,1319,1026,1161,261,1321,1342,464,1286
1148,350,274,230,468,449,268,77,680,266,1322,261,1292,1327,994,507,611,294,136,1335,470,725,1092,1286,743,380,99,43,1049,1328,264,1171,159,703,463,729,778,141,1038,1195,543,480,1340,37,18,732,33,925,1154,1070,516
974,859,319,208,581,357,776,773,826,1158,316,549,775,302,872,1208,782,1277,940,189,802,1360,846,827,1233,157,824,951,1243,1114,534,169,1256,1200,203,842,506,1084,857,314,320,867,196,1271,366,801,1236,609,498,368,486
459,570,67,842,1228,1236,852,862,827,329,62,524,482,818,860,203,856,1119,609,534,319,845,535,584,233,577,14,1219,214,861,1249,376,335,205,1270,525,328,834,569,846,585,1354,371,595,854,704,1022,1238,1187,58,887
334,616,445,1049,397,628,425,17,965,430,261,125,93,1038,732,447,1320,1050,544,800,694,1089,1324,454,426,897,145,437,1134,258,442,43,429,32,1332,1046,1292,394,1311,977,1061,241,507,387,159,1065,25,1328,1085,20,487
272,433,706,427,614,118,1008,628,449,532,390,441,412,704,447,691,230,720,675,383,815,465,453,1292,1153,703,1102,141,385,93,544,533,434,406,1029,140,139,378,680,1023,28,972,25,784,395,973,750,618,590,469,1046
191,714,585,1096,1300,766,993,166,583,514,1008,692,592,401,504,393,815,172,49,325,66,197,570,1056,1248,827,757,1187,1031,1172,419,604,862,329,522,364,271,1242,1366,1099,698,133,826,1101,1051,176,558,1270,422,1173,457
391,425,703,9,1286,1202,680,1294,149,1320,419,1292,274,4,518,1014,1061,655,729,447,136,463,437,470,617,510,16,270,256,148,1296,415,11,145,138,1204,438,380,1043,268,994,779,141,1032,17,980,614,616,732,1089,315
1040,445,425,1320,426,1052,270,258,1300,350,703,1204,620,982,35,266,1045,687,655,815,264,973,977,28,143,447,1342,999,951,20,1315,412,1153,968,429,145,1091,30,384,732,390,978,1327,544,315,489,704,675,1023,784,1046
434,449,425,720,1029,814,613,445,1076,433,1335,1041,93,350,691,387,509,973,550,266,1061,768,16,141,948,636,634,977,265,590,77,779,984,1073,1171,1300,468,25,965,1312,447,110,28,516,253,538,674,453,1292,696,599
732,766,522,862,319,504,553,329,558,203,864,1236,1271,60,1246,835,1238,524,861,577,846,878,762,469,1228,871,328,569,325,774,556,819,582,791,310,802,827,863,585,836,57,1259,803,570,592,292,828,551,854,67,584
317,425,25,440,9,152,544,975,628,510,700,703,32,613,687,87,507,518,18,438,393,445,16,378,968,430,126,1316,261,243,250,458,617,437,136,294,405,1052,381,403,648,0,1099,1204,1292,394,641,691,1161,364,434
1044,381,775,416,321,257,1067,553,276,1014,989,633,1270,327,535,859,862,46,531,1205,805,593,824,861,641,827,1140,1211,238,698,1239,1063,403,1304,1194,221,613,584,225,543,411,1258,1241,864,178,251,405,256,203,1168,854
1160,146,464,452,700,649,991,1175,975,380,453,590,618,1336,469,996,1332,391,714,1032,33,1061,514,1316,1010,458,543,403,532,260,1171,951,1226,256,1022,954,634,516,77,315,1168,729,257,119,1070,1059,1304,47,805,220,599
934,319,1058,448,524,261,704,491,864,758,522,968,92,752,164,1067,201,585,766,219,61,586,1263,692,421,1259,498,653,67,447,286,701,1176,197,557,985,1270,571,669,1140,1161,1063,827,703,240,581,570,325,1340,971,1247
758,447,1052,261,17,1204,703,994,425,977,253,28,590,9,1286,35,1328,1322,687,119,779,30,20,32,1050,387,919,1042,1293,138,270,800,613,982,985,973,997,1091,468,417,617,143,1327,149,389,464,533,965,1038,1320,634
524,319,795,1248,1226,504,916,586,1141,596,803,320,1022,766,923,491,473,823,1259,551,921,44,497,1205,302,1200,1230,863,862,487,853,120,189,305,592,60,1236,571,775,68,1156,54,824,661,524,1228,543,1243,1012,570,522
1045,977,425,1048,270,426,973,439,978,1327,1052,1099,687,968,1204,438,1293,35,264,620,1046,1176,617,4,669,25,1026,463,126,985,1020,749,447,981,460,221,1037,561,514,348,919,20,509,435,271,1089,1174,253,445,437,259
923,1153,1151,504,292,570,583,662,165,614,1194,705,423,46,329,1236,569,691,972,603,1344,653,836,793,561,441,984,1044,553,551,41,502,743,1125,774,550,1246,1266,973,1112,1373,606,685,405,1162,1259,523,259,1208,837,784
442,1135,166,502,774,704,1105,38,151,158,766,984,36,1099,110,1172,405,419,203,172,1308,352,50,729,461,327,697,550,477,730,46,145,1171,126,643,389,24,1352,434,1355,732,656,116,553,2,455,1316,233,99,722,685
370,522,1236,553,67,329,319,714,1270,305,570,197,705,504,1093,1248,60,780,214,783,1258,860,320,1022,846,1191,1271,272,144,649,178,1141,791,1012,491,633,852,650,66,1238,1068,827,254,862,864,1352,835,818,592,1249,276
1313,143,1294,1005,435,1310,987,814,994,613,1014,1071,1372,100,1129,1204,1315,417,617,764,1345,1056,415,146,90,996,973,742,1118,9,1316,165,87,106,793,394,498,429,1286,620,662,1161,990,1049,1190,421,1246,980,968,984,1149
770,1292,43,1041,412,1204,380,266,954,480,253,532,426,725,87,274,459,141,350,687,1012,1045,270,703,470,538,1090,997,271,805,468,1340,1173,510,649,393,464,1026,729,28,666,445,507,433,1322,1038,973,561,518,1321,992
541,86,748,280,328,191,1135,300,633,1158,282,264,311,1103,177,797,1127,1215,1077,885,79,792,1209,908,827,1321,670,238,325,914,940,1144,211,308,1108,1218,242,1290,803,770,189,366,187,170,1064,953,937,1207,795,783,846
874,768,149,516,687,445,897,0,518,613,898,140,381,16,411,1005,634,417,984,1202,378,531,616,1041,1162,77,673,968,976,379,442,429,1204,672,649,350,1161,427,1037,1061,1026,33,1007,412,1314,37,438,380,982,406,674
861,387,1042,406,1052,252,445,16,688,1204,800,442,703,397,700,982,617,143,1322,380,145,152,383,425,687,997,628,385,684,1070,701,465,1030,1061,394,976,378,985,1175,1327,1089,616,983,35,965,447,1004,1045,463,1324,636
378,425,93,141,968,411,1026,666,117,0,440,385,16,976,987,403,261,430,11,616,417,445,545,383,9,510,1161,544,613,965,509,378,1286,25,1000,87,394,680,1049,532,397,149,18,258,389,108,433,628,673,390,507
453,582,213,581,796,1264,834,1248,1251,1272,837,670,842,313,808,198,1269,583,1187,1152,1212,71,959,1218,179,838,588,871,1169,63,781,1247,525,1270,845,503,325,1364,772,892,57,1191,320,880,1028,716,1232,1359,844,331,196
1079,1246,775,593,846,504,581,758,1332,238,497,1058,208,522,179,197,847,1261,326,776,46,1205,1179,1258,826,1326,547,406,557,823,94,862,621,376,62,571,112,633,1221,357,791,536,861,952,525,867,1212,585,757,752,1172
52,977,1052,706,16,440,430,1202,687,518,613,976,980,459,616,532,628,1292,397,1320,636,965,385,417,93,442,0,28,449,691,704,703,252,439,258,25,220,383,441,20,140,381,1046,468,514,968,230,720,261,260,24
1069,1152,852,1354,1340,864,319,416,1048,12,825,58,985,1175,202,1159,1228,887,294,1249,50,1131,1297,1172,1304,43,60,862,535,964,329,1149,1246,410,1236,845,553,305,65,544,210,724,827,1120,239,1316,576,1056,1200,1084,836
1285,1177,438,862,1221,378,22,1168,637,1127,582,801,366,475,845,33,296,857,866,825,897,12,1235,522,388,583,442,993,1050,57,539,299,1239,139,871,538,60,402,780,535,867,1063,672,210,1104,186,976,176,1248,1019,347
612,827,823,312,862,846,66,1258,1187,819,839,802,1372,581,1371,803,1248,571,773,203,325,71,1263,1236,944,1240,319,877,104,1228,577,776,849,187,1158,238,368,835,758,1247,1113,57,576,1249,842,74,754,836,604,775,817
625,1228,596,802,837,849,1259,1263,201,1177,62,1022,581,1247,1271,1258,317,585,1269,828,792,1232,780,1152,490,189,1191,1235,1221,864,1244,853,952,205,565,1270,841,856,325,940,866,203,1246,1180,54,1110,305,775,332,236,104
324,17,1204,463,28,140,430,1322,1038,1041,982,429,997,533,1019,258,687,149,1327,153,447,532,426,136,1328,1061,385,1320,399,613,350,700,406,1316,977,445,975,507,32,973,387,465,1287,0,1049,1286,616,897,145,628,77
365,425,9,394,411,440,590,700,381,1067,649,687,1173,1316,364,669,1176,447,405,1168,378,383,616,1032,395,110,429,968,276,996,390,219,453,139,991,434,392,468,384,815,1051,518,617,532,108,119,315,954,514,785,256
159,319,99,1261,741,758,1099,818,1053,1127,766,737,322,435,864,294,1095,1081,393,1340,18,1134,292,197,887,482,44,1318,817,112,1115,985,925,1234,1316,1094,1256,561,1297,1173,812,506,166,1158,328,738,329,1140,159,1238,862
1092,498,347,425,28,457,95,381,509,287,977,1277,445,898,1031,545,50,744,1067,393,636,503,345,617,525,351,700,364,430,691,1318,394,975,504,1051,1062,411,1172,1341,1210,999,1026,129,250,9,437,1013,54,1311,421,59
906,1067,766,1173,716,697,1175,394,703,1340,864,526,136,571,176,757,1286,568,166,1211,985,274,9,172,965,148,50,1270,487,1058,1022,1056,273,1145,1050,1099,1053,986,585,425,916,1091,1172,406,954,175,325,991,158,271,1326
257,425,687,258,706,977,459,1070,973,1321,628,16,385,406,1322,430,387,143,509,463,465,617,1052,616,252,145,532,447,1003,270,507,28,140,1327,688,982,613,978,93,784,148,412,1091,35,997,454,1311,720,1061,350,700
657,934,967,768,950,401,623,256,411,1183,416,631,255,915,811,243,1162,1068,608,435,381,457,1137,15,287,1035,1205,798,412,862,1012,510,823,936,659,332,553,1034,543,1295,826,1316,135,72,206,400,492,804,1033,746,962
217,687,1038,425,994,447,1026,680,1041,1310,141,1085,1012,800,620,655,1204,465,468,93,614,138,30,385,149,454,1052,752,253,1003,1320,720,996,1048,445,142,350,1124,634,1286,977,1076,2,1313,700,1299,449,1063,543,657,153
1326,18,1127,99,908,524,1267,329,1316,925,322,570,1093,21,292,1173,538,1297,913,294,60,1226,1174,576,278,1022,993,469,58,327,795,734,1340,264,1,319,1354,1053,464,95,824,825,148,1063,1051,127,22,1145,1105,862,1065
195,46,787,879,376,776,801,47,369,1068,169,862,7,473,490,276,647,1116,279,736,304,1213,1123,321,1365,343,596,969,1103,151,557,754,413,696,699,823,1343,39,972,280,711,59,713,806,481,1107,271,1277,334,619,476
987,827,611,1344,816,86,574,1107,181,304,1057,806,1228,1364,523,817,1058,862,1236,522,836,170,801,583,859,502,50,233,1136,178,308,198,419,328,1131,543,741,758,1105,863,749,1022,562,504,316,789,324,1215,487,854,68
561,583,329,433,502,58,60,861,585,714,866,592,864,292,801,356,799,401,319,1131,1056,286,762,670,1238,1259,860,498,840,1068,158,127,49,1147,826,503,852,514,452,416,712,290,863,835,15,1051,451,871,818,750,504
608,570,705,596,1228,862,522,1155,233,1249,319,1236,551,824,799,907,846,577,876,47,802,63,844,60,302,196,609,749,828,317,524,248,818,65,1119,62,1238,585,312,1114,841,581,376,871,1136,1256,1297,592,988,1146,774
706,816,1144,839,1238,316,1277,233,1228,581,1127,821,197,66,86,1256,854,366,846,1236,862,565,803,1125,1271,842,193,827,970,320,1266,1273,1146,170,1056,595,62,319,585,304,596,262,1111,493,1244,190,324,63,1153,550,887
113,921,920,925,692,504,923,58,505,1177,621,60,637,175,869,752,1364,585,916,45,1366,487,1202,577,1169,197,241,1138,761,324,1230,1252,498,157,757,802,704,92,1336,248,862,161,581,480,841,857,121,1210,179,201,847
965,1304,793,411,818,1226,405,1050,429,491,3,561,653,1210,1047,1083,120,127,922,45,364,505,978,1249,609,1151,468,554,268,1094,194,119,1316,435,570,201,1201,214,1295,18,305,1051,1044,541,133,694,315,527,272,1036,144
82,273,526,725,1312,532,1111,445,1202,738,1296,164,165,1060,1187,61,39,570,753,1249,351,142,167,729,146,535,268,818,923,1045,449,338,260,586,219,898,21,453,1094,480,728,784,742,178,985,910,1345,1065,1200,22,429
471,447,148,570,1226,834,1063,1239,557,604,568,1191,172,1101,435,1259,66,1096,714,329,567,862,194,522,319,609,539,661,846,1190,860,1235,233,176,328,774,103,1112,824,738,829,1248,1008,425,137,810,1349,524,1360,819,864
828,838,880,454,582,474,360,1322,1338,145,1149,1049,654,552,125,167,546,464,947,579,191,301,263,697,548,1257,208,1061,573,735,1335,1040,905,42,21,1196,359,43,549,1047,1222,129,355,336,847,1119,1104,1253,894,1078,1009
158,380,425,973,445,1292,1300,977,164,997,35,532,28,1076,472,270,1029,268,385,516,1026,141,784,687,430,599,987,617,614,143,1046,616,403,982,679,348,620,378,447,1328,399,613,590,438,680,440,697,136,1322,1061,1286
1155,852,1208,577,771,460,1190,1263,1249,536,1113,604,1058,59,862,565,1093,324,600,825,1271,193,553,1022,292,312,331,523,826,811,780,581,802,1212,522,1246,1191,790,338,1059,846,66,567,970,1186,583,574,534,1262,287,420
156,1204,425,1012,996,4,148,20,270,1174,704,152,687,1162,980,617,391,256,666,445,1242,984,1161,649,1312,1226,381,87,341,35,703,439,750,1168,329,1067,417,805,1319,532,28,661,516,16,1145,973,1320,991,1292,403,1287
206,16,93,628,616,385,425,445,1041,28,1293,965,449,977,1052,1042,720,447,634,9,406,1046,149,442,1313,518,976,1327,32,544,1038,417,430,1328,655,350,141,426,30,688,800,36,252,1049,394,4,455,409,1027,274,20
1212,687,463,136,507,350,703,429,141,454,1286,9,1049,472,516,447,1293,1004,16,706,532,117,270,35,258,1026,805,1052,1003,425,533,387,680,11,93,430,1322,997,378,164,1041,590,1321,1161,514,628,1019,1076,87,153,28
903,687,440,20,1318,980,518,445,532,25,1026,641,815,703,977,92,996,9,315,614,411,276,1031,1176,41,385,34,383,472,261,617,1174,4,468,403,1294,30,1316,87,973,447,381,2,406,1161,415,1051,1029,706,142,378
970,425,47,994,1322,1175,264,350,1101,1047,1349,252,5,130,960,636,709,590,280,145,77,418,1207,1057,245,915,495,666,700,548,446,430,260,413,645,1037,992,28,315,566,426,134,819,617,691,141,728,274,1195,1091,454
163,87,403,390,1173,1012,383,507,393,141,1316,440,381,9,1292,400,805,532,391,1168,464,378,16,32,405,438,518,968,634,535,687,415,996,379,678,1041,136,447,1286,1145,1067,25,386,411,666,425,1050,570,982,126,1287
1138,145,270,1316,985,526,661,22,1076,703,43,137,642,1000,425,1335,4,1327,21,713,426,23,35,980,657,279,1342,350,973,20,41,654,916,1204,725,684,1294,272,459,694,276,1017,742,779,896,264,687,92,1174,984,164
101,425,136,518,429,1292,532,514,350,417,25,703,381,445,1318,380,433,965,1316,1204,385,255,463,315,468,1320,982,617,11,0,805,447,393,1168,403,1038,590,507,996,364,143,666,1019,981,613,997,442,649,390,2,1300
1298,1236,416,276,862,860,1246,1168,118,620,669,824,1205,319,304,425,667,844,1125,841,419,1242,570,769,14,1022,751,636,1262,801,676,861,662,986,1056,1208,842,784,1217,447,315,1222,491,733,302,105,1239,106,821,1180,828
1251,1247,1,1259,337,862,802,1341,312,1218,325,827,967,950,198,1177,879,1263,1277,633,1143,1047,803,818,823,61,543,1254,1093,1246,609,1228,780,861,371,837,1236,324,1248,1154,242,857,1271,335,585,816,1208,849,189,1140,302
143,687,4,425,518,1204,649,996,9,514,1292,440,965,703,472,516,1287,916,968,25,729,510,655,143,982,136,1041,805,380,350,1019,273,383,403,261,1312,1173,400,1296,1094,279,463,268,617,219,119,20,87,390,35,1310
1019,400,734,393,704,152,1000,1152,732,390,507,440,706,703,1303,1227,412,1175,482,164,1046,716,391,502,136,1345,1316,25,757,433,32,1308,406,1289,985,965,1368,946,1320,999,1223,1082,649,200,281,991,1344,1089,951,779,852
905,509,425,1061,634,687,518,1029,1202,691,1321,351,130,124,1204,403,445,628,680,447,1019,977,424,1052,266,752,143,25,243,446,103,383,385,145,1320,805,77,91,1194,1048,1292,426,1300,387,378,669,258,230,1313,1322,976
251,687,440,977,447,383,378,394,16,403,965,87,628,613,93,996,532,1316,616,706,439,28,533,1204,509,507,518,1046,409,981,614,1139,984,590,11,544,634,143,703,666,968,9,136,472,720,315,997,438,140,691,1168
196,518,425,406,706,25,385,977,28,261,397,1161,383,613,381,1052,442,445,93,1194,975,1321,378,544,976,673,118,968,87,590,1032,965,1292,507,430,403,516,616,1204,429,141,1026,532,11,805,35,634,533,409,1041,691
407,454,687,464,1314,655,1286,38,1099,1322,1014,1337,23,616,697,1342,153,729,1293,1326,116,159,156,36,742,1080,725,516,270,380,268,1095,140,649,379,1025,1194,1136,438,33,1327,641,350,784,526,919,402,44,1043,253,470
306,687,425,472,270,616,704,378,532,977,968,400,447,87,440,1318,381,9,0,403,410,514,1003,445,383,996,25,507,984,386,16,982,703,430,725,463,429,390,32,666,675,28,143,164,613,785,987,1328,653,1161,20
342,687,385,1026,426,996,779,1292,1313,613,117,387,445,258,463,700,729,982,93,145,28,32,17,614,617,973,1204,516,143,34,628,616,252,688,412,393,977,380,1299,1327,364,1038,1027,742,1019,350,395,655,1061,390,447
97,1316,469,649,440,136,729,1320,464,613,412,1050,405,991,447,620,153,954,732,256,516,994,706,263,514,1018,980,87,118,1296,752,25,445,399,510,815,1005,16,383,390,17,261,1057,427,1173,1321,985,986,1310,982,393
1043,415,1113,749,771,953,1137,1149,754,1103,1263,187,933,671,1158,326,1341,1,420,139,479,312,911,486,633,389,988,1123,772,51,596,1115,810,565,401,1276,354,746,308,191,1058,604,292,483,1225,105,337,79,536,989,559
1311,687,425,965,590,234,141,464,703,385,516,999,666,1176,454,20,390,136,1320,411,28,700,706,30,1025,442,433,1007,350,968,613,219,1201,1063,1012,614,34,440,1050,381,1175,1316,468,617,996,439,1204,1286,977,445,380
953,454,1322,687,459,628,1286,17,1311,800,153,703,426,1052,1328,1124,268,1204,125,28,350,655,116,1089,1194,270,994,507,138,725,253,674,136,145,1085,1313,140,616,732,35,258,1004,1041,261,37,1014,688,164,666,0,516
1041,531,87,389,383,403,440,1337,390,1162,649,455,378,425,1297,617,405,391,544,381,276,32,438,1007,1287,400,532,518,1005,613,968,11,393,678,1204,392,402,380,982,386,804,379,394,180,1318,401,514,999,126,971,429
269,406,687,397,706,628,141,613,390,472,968,381,425,395,385,440,976,688,433,393,445,1052,118,532,32,28,616,590,435,117,800,383,1292,1046,378,379,518,703,1042,507,87,982,403,30,977,400,143,442,1050,1286,140
523,248,749,1221,862,49,750,826,861,1235,302,876,423,1128,933,952,102,924,972,308,343,238,311,939,966,173,1205,299,168,113,875,65,1210,1222,47,802,358,104,361,874,314,818,591,6,603,244,859,1369,699,867,1180
717,827,304,570,824,1266,749,879,1259,302,736,337,154,1263,14,837,801,1196,723,802,1010,1101,1192,294,1246,702,1141,699,843,780,1181,1177,22,875,1372,423,66,639,1142,1370,637,633,1247,876,1273,1121,1106,242,1158,491,208
167,385,687,977,617,442,1026,25,403,616,24,628,430,416,141,1168,1321,965,258,518,590,507,1050,1061,976,426,315,1311,447,688,1067,417,720,1161,468,266,387,394,1005,459,93,34,9,139,405,119,143,1032,118,30,544
298,1262,1228,866,863,151,423,325,1268,801,493,993,1259,862,596,1359,592,205,606,1125,1143,832,375,46,311,1367,583,1360,1225,574,366,969,551,338,308,827,798,855,163,777,207,845,522,302,808,650,770,839,368,577,926
281,167,1049,1092,611,655,166,751,683,427,1344,516,656,387,673,1327,1139,150,38,1194,158,426,1292,1005,1105,1316,1136,697,703,356,1204,540,732,157,847,676,984,463,419,352,1029,438,1260,1322,734,1324,497,774,100,434,789
346,973,532,1026,270,149,472,919,380,430,509,119,91,93,385,447,141,613,87,440,617,628,425,378,1318,463,784,30,977,258,411,9,680,616,805,315,691,16,1194,507,982,417,17,364,1322,387,1019,25,145,1070,20
259,425,21,438,329,570,968,402,896,703,441,1204,675,30,514,1031,93,985,272,1318,973,270,465,824,455,35,594,257,706,980,671,928,1342,439,769,841,50,1112,350,32,862,1010,1312,1084,264,505,44,978,617,145,366
36,319,1247,1263,583,775,826,864,304,1239,498,780,950,791,320,585,534,553,792,202,35,834,1075,1044,1269,1068,92,836,1149,819,1093,103,61,911,967,420,1141,604,799,1056,238,592,842,416,325,860,214,852,790,1238,1259
1304,845,871,373,808,1244,1354,1269,1367,840,547,569,577,854,799,853,555,581,950,1169,1140,1141,1119,582,866,578,312,756,862,842,1268,860,775,858,66,1228,856,325,1215,477,575,591,1084,1225,875,88,837,1266,1232,201,62
1066,1141,703,425,1129,1067,641,1045,687,1202,296,999,166,272,821,226,1236,514,464,1144,423,320,1172,261,41,1058,197,1143,136,35,50,758,503,150,780,611,1324,437,1131,1342,598,164,43,1140,669,1014,802,1258,468,1031,839
714,581,312,1265,1236,375,1228,871,1219,331,1152,189,190,797,840,861,964,1270,524,803,1268,67,57,205,1156,311,1354,583,1261,347,1259,808,325,1225,862,1254,1211,62,856,863,846,648,66,828,328,578,1244,866,577,71,1142
105,329,110,1242,15,50,1248,592,797,827,402,151,491,66,790,714,846,1153,1239,993,401,1290,489,319,669,1129,791,410,1093,356,670,1022,1371,569,604,1238,836,197,304,661,835,871,473,1176,1173,108,774,553,558,1291,522
107,378,532,403,16,965,617,1321,411,684,613,805,1204,518,510,364,440,416,18,417,636,117,1013,516,390,1050,641,1173,1052,649,982,634,703,270,143,514,507,87,533,544,405,145,148,433,994,1175,136,975,973,399,383
144,518,968,261,703,445,270,258,514,983,1204,389,148,136,985,516,996,1014,28,4,544,276,439,1038,438,234,649,1052,406,532,435,1292,32,149,1293,427,1286,706,1068,805,417,448,30,784,274,1174,381,507,973,1008,1027
981,620,43,860,644,1127,197,713,752,1140,1190,541,1173,1340,852,100,1175,405,1171,678,1310,470,1063,409,1131,655,793,1270,1226,1099,479,292,1162,322,1354,1236,435,543,1022,175,633,864,1165,994,1067,1316,1108,416,58,522,1051
818,68,265,72,885,856,936,937,940,57,215,1371,1180,852,299,1152,935,1127,600,913,950,1277,756,98,823,1000,638,171,213,104,726,609,875,415,69,55,879,75,880,238,1137,874,179,236,96,745,1053,877,1265,1184,1264
1230,385,616,25,445,20,439,973,28,984,1020,613,440,442,397,383,509,1148,447,258,617,252,590,261,687,32,430,30,700,1286,975,2,985,667,544,965,518,415,438,31,426,614,253,1176,1318,406,9,1026,1029,649,1050
245,433,141,628,507,381,390,416,544,1008,518,472,590,110,391,383,401,409,1041,624,440,442,1287,12,403,260,975,1300,805,1017,1286,138,918,379,706,1063,453,684,1321,1052,996,982,1315,136,779,417,426,394,378,1292,38
244,87,425,141,433,378,687,440,510,1050,442,805,468,429,350,453,463,613,0,641,1204,25,384,445,815,965,392,1175,136,1351,390,394,28,704,77,616,9,544,680,472,276,703,470,1318,20,403,968,1173,1026,996,430
878,1136,871,1173,697,145,62,17,1153,543,569,585,43,1140,844,683,676,661,516,991,1018,623,158,1294,674,818,1341,126,264,1225,677,1149,561,47,164,1228,308,275,1313,480,929,845,1268,85,866,592,777,1352,102,965,32
125,977,261,16,426,25,1052,28,447,140,385,406,981,440,691,260,20,1321,628,680,442,687,118,427,706,613,441,117,614,1324,417,509,32,968,634,274,141,126,703,87,1031,980,403,434,617,93,996,445,1174,253,412
87,503,58,874,146,585,1111,646,256,925,210,570,201,840,1259,922,619,1067,745,1247,313,351,1059,60,255,1022,535,865,239,1181,1272,1229,124,875,1256,766,596,1245,1367,25,504,290,565,890,744,1219,273,1152,338,595,637
867,220,17,1072,28,657,800,24,387,1041,779,687,679,252,1327,616,287,810,533,688,153,1004,651,1161,573,1124,642,107,1079,253,901,630,548,1019,1089,807,709,40,149,1322,1313,537,707,459,1052,406,997,212,710,1070,613
565,864,233,862,828,66,1153,1022,852,826,176,818,1270,319,592,181,741,780,400,1190,61,290,1058,1093,329,577,214,1140,1228,1249,324,1200,491,60,506,585,1187,1263,1131,783,853,671,1221,327,487,1372,732,423,1068,1171,863
493,843,808,841,1144,543,659,102,193,524,1180,861,1160,1143,835,1141,343,795,317,844,328,279,500,601,1241,530,49,818,1218,529,1196,828,799,205,1039,282,764,1211,1223,758,308,650,112,930,1254,1146,1258,770,1131,361,1228
490,766,583,890,503,993,110,558,585,179,1031,988,603,475,1155,60,496,1351,698,522,1361,418,202,1131,495,577,524,1151,112,557,795,983,604,65,500,841,969,139,694,259,944,797,401,968,402,1344,556,845,177,658,1225
711,1058,827,816,1246,565,1158,802,1125,749,1127,238,862,817,775,1222,877,262,324,846,208,1266,1344,940,633,170,209,1271,770,191,790,312,1059,1206,283,571,780,1372,1056,637,1144,366,859,803,1212,308,1196,203,316,299,1223
888,4,815,1312,44,21,92,126,432,980,991,923,1296,1094,643,661,1201,1294,1318,1118,20,1051,1171,1330,1099,568,158,655,1176,1050,666,624,1153,929,1204,372,456,22,347,1335,703,979,646,805,491,697,90,1046,276,1327,205
1217,687,1321,785,425,117,394,390,1046,138,379,613,616,32,628,445,87,93,440,509,1293,383,11,649,720,976,258,143,965,1026,380,130,141,393,25,16,1313,655,472,980,403,514,17,406,28,24,442,968,1311,590,732
1302,583,862,1093,14,557,66,592,826,570,1247,790,322,860,604,603,233,1014,1290,294,1174,487,864,15,698,172,827,766,1263,1056,401,292,1058,522,327,60,1036,67,523,852,110,802,1051,1246,1249,319,1259,1208,553,305,127
777,286,585,420,766,577,187,50,553,571,1162,1341,853,790,1228,604,611,862,66,503,15,1022,389,1053,993,864,856,574,435,473,1247,1173,491,669,493,698,14,592,269,1248,1315,1191,757,320,439,1259,863,1131,728,557,1238
