user_id,item_1,item_2,item_3,item_4,item_5,item_6,item_7,item_8,item_9,item_10,item_11,item_12,item_13,item_14,item_15,item_16,item_17,item_18,item_19,item_20,item_21,item_22,item_23,item_24,item_25,item_26,item_27,item_28,item_29,item_30,item_31,item_32,item_33,item_34,item_35,item_36,item_37,item_38,item_39,item_40,item_41,item_42,item_43,item_44,item_45,item_46,item_47,item_48,item_49,item_50
748,1052,1204,687,425,1042,688,424,430,752,628,1019,614,463,258,397,518,800,680,720,1313,1025,509,445,0,280,691,700,447,426,1322,28,1327,1321,1041,1061,412,634,655,1062,1049,617,616,409,768,188,76,99,440,731,1139
1134,994,1037,145,1351,784,510,628,1013,1006,459,1047,700,360,990,918,616,1328,833,467,1038,293,283,687,1279,1203,507,992,694,1157,1027,977,1327,117,169,548,634,831,142,28,185,1087,1185,227,949,363,759,386,657,1140,234
1239,32,655,1313,28,687,535,25,409,261,518,1067,400,442,1340,908,1000,693,613,350,1037,691,118,35,1041,1038,468,36,628,1089,119,4,99,18,397,1061,393,1173,686,918,92,1114,403,348,1327,1318,516,1320,505,405,611
175,1271,862,854,877,335,205,592,1372,1241,846,1273,861,867,547,1039,841,1248,891,104,1238,211,1246,522,1190,553,823,1266,780,292,818,54,826,774,1119,806,585,913,769,637,570,864,777,871,556,581,803,1235,554,1243,1232
613,862,775,312,1259,853,1238,834,1239,328,847,175,1208,497,332,1262,311,504,787,194,104,570,376,803,592,203,593,802,1251,846,1210,870,1354,816,780,329,586,275,866,827,62,423,522,849,860,565,840,581,201,525,571
937,996,448,1316,974,687,1171,435,706,510,425,4,261,691,725,18,270,768,119,433,429,118,666,1173,381,472,655,392,514,405,1082,390,636,1344,518,391,0,1295,1304,416,1294,438,38,971,274,1008,364,403,378,15,400
566,766,1200,1175,498,1143,1236,795,828,586,238,770,1144,524,201,1242,859,103,233,60,522,469,1248,102,172,818,329,551,1113,457,1154,1153,769,538,568,1228,1371,864,885,841,487,876,65,825,506,862,562,1152,189,750,1187
691,1094,747,766,680,489,1341,480,17,1153,143,438,671,491,1099,644,116,1046,1352,425,503,1091,118,85,159,426,810,43,676,1175,170,815,1242,1071,441,1191,253,646,1188,570,518,246,172,473,327,32,1173,1105,859,1140,977
974,852,853,1111,1058,1113,1273,60,906,842,860,846,233,1266,316,756,104,857,1371,733,311,551,555,1180,603,825,1240,177,802,208,1361,205,1261,1259,1271,986,854,1213,911,987,238,81,1084,604,341,1163,780,541,1247,950,579
1138,468,459,153,17,687,381,119,779,16,391,703,261,432,448,535,103,590,1321,393,263,954,628,613,965,688,1052,986,264,28,32,440,348,118,514,24,616,1020,21,706,92,219,378,125,675,1304,1019,544,472,403,110
733,264,445,1041,1140,49,475,394,657,628,670,675,324,569,1135,1102,1331,16,452,254,308,506,1328,994,321,478,934,399,118,219,325,29,240,260,636,592,697,751,738,470,154,532,533,391,1108,1116,381,784,196,487,480
532,844,854,341,1262,1039,853,1226,748,672,72,1174,875,581,890,874,304,559,718,460,633,1146,416,577,789,112,536,1132,314,966,526,62,68,1032,177,329,317,659,835,836,324,604,1235,413,339,47,660,855,104,886,993
150,980,403,390,1014,433,1051,440,999,621,1044,437,544,412,426,139,405,1314,296,364,1038,381,0,21,400,327,1304,590,463,391,225,416,35,954,752,119,425,379,528,392,632,1173,649,315,146,749,389,15,1319,110,472
761,258,28,977,1327,687,1313,143,24,628,406,1324,447,994,965,700,385,1019,800,976,997,252,442,445,1322,973,518,261,1052,1311,1046,1018,1175,1029,20,1293,380,613,691,982,425,616,1045,1020,463,77,1076,1292,387,779,350
938,1344,60,766,1336,706,676,439,172,570,1153,1296,419,392,987,21,400,1022,81,1331,1149,529,1096,539,219,118,1341,329,1355,1345,1011,653,1300,491,974,95,438,147,672,1277,1141,1303,383,403,472,1352,401,32,43,110,518
564,202,401,1171,90,304,1173,678,1,1294,92,1176,391,1022,672,433,823,705,95,1141,21,254,410,405,544,196,305,991,1162,1332,714,661,434,989,432,551,824,852,670,864,479,133,415,775,1131,1174,1168,94,1297,378,524
705,125,24,975,687,429,417,145,118,616,991,532,4,688,1294,1051,463,234,679,643,804,1046,1287,141,1320,1324,657,510,119,1049,19,310,230,1041,315,1116,800,34,132,974,146,996,16,178,968,507,624,350,641,1086,426
595,823,570,1354,1259,1262,775,1238,801,1245,69,890,596,275,569,764,861,341,862,312,104,840,854,320,66,70,1225,112,594,1173,908,787,609,592,844,1231,1277,1187,892,302,786,556,319,60,202,1156,1219,175,603,1366,1167
37,920,910,923,524,570,505,154,925,197,319,514,60,704,821,1316,165,646,441,1318,1259,1200,320,1336,1211,523,1309,585,302,329,1053,793,948,845,33,766,1228,1167,392,365,761,18,1248,1171,403,653,572,95,1158,435,805
635,425,279,132,859,1136,198,273,986,990,714,312,1194,1324,968,1155,992,1266,636,725,780,1053,817,575,1096,14,1017,531,1187,331,911,137,599,1366,28,442,761,1200,1292,1344,644,203,864,504,804,1264,1152,265,583,1367,167
177,853,1238,1240,959,1261,504,846,872,205,328,376,314,777,177,335,1150,593,1141,773,229,854,572,847,737,840,832,1255,215,283,1309,1265,952,375,171,931,659,536,1273,1244,941,199,1221,339,341,595,875,862,799,1372,960
133,433,360,18,24,454,256,30,261,535,141,406,412,631,1038,409,7,416,381,1161,613,1018,36,442,327,28,93,567,1292,981,980,404,983,9,510,17,405,352,1326,1025,461,38,653,116,245,380,40,1316,255,220,1321
1319,825,96,1068,930,335,750,320,1152,201,1290,1140,770,922,1114,934,761,1341,950,272,760,1228,121,110,1181,780,135,574,592,264,543,281,1131,524,54,112,756,1304,744,157,370,677,1244,856,293,585,626,1102,852,90,45
489,861,319,862,860,766,233,1352,854,210,583,824,669,827,840,60,331,887,836,402,1238,842,1228,678,203,201,1272,50,329,15,570,913,1012,1152,522,1225,841,853,317,525,57,536,1008,276,748,582,326,569,775,593,626
621,583,570,585,522,775,862,1238,586,592,584,547,780,329,1022,819,189,1265,1259,769,1225,864,553,863,818,633,871,60,214,603,878,609,891,211,841,1248,190,305,202,1177,596,319,834,504,525,1131,1354,1263,1268,861,1128
530,829,506,551,522,582,604,826,644,802,841,1246,1241,353,200,1100,586,1263,211,734,918,479,1210,66,1228,279,319,206,869,824,58,861,552,57,565,530,985,1205,1094,242,1245,847,1277,823,572,302,1370,1217,774,1002,780
44,687,1052,1041,425,406,149,975,997,447,140,426,703,1322,261,136,532,258,350,1324,252,1019,1327,395,1095,1204,965,996,1175,982,919,800,518,973,125,1286,445,412,454,1311,77,634,983,590,691,533,1005,380,516,399,1320
791,628,153,655,118,978,918,15,127,713,507,187,110,675,704,790,1153,694,1304,255,644,87,984,402,1344,1171,264,512,1167,356,585,590,91,1293,838,776,257,611,908,242,96,1013,898,201,665,503,459,469,1095,670,65
176,780,1258,1248,1371,1276,864,66,582,1247,1242,469,761,497,861,214,1124,1128,877,671,765,1271,329,1022,916,487,313,553,795,201,829,61,1246,565,1096,547,1263,1102,819,1044,841,127,948,1140,441,271,1177,63,601,853,793
325,32,119,442,425,532,1204,983,590,1052,977,1041,468,1202,412,1292,261,1311,703,145,1318,36,378,1300,390,403,968,395,454,1019,427,463,389,441,1293,507,445,141,438,649,1018,1286,391,400,24,1295,234,1046,417,1315,655
844,487,1022,1008,951,1341,1014,722,110,1345,90,319,1236,1110,1082,592,568,1200,585,522,1151,332,419,1308,1144,328,553,453,435,1352,1188,583,584,974,524,1127,769,825,166,810,919,85,1273,233,1260,1141,228,785,985,147,766
805,1038,28,149,447,687,35,1052,997,406,116,136,425,427,17,24,1175,385,464,1095,996,1026,252,1049,1286,143,258,270,412,533,700,720,125,1027,613,982,1050,403,800,380,77,991,976,119,689,1322,616,617,1201,703,1300
1065,133,583,465,544,654,248,172,1051,823,167,841,351,1090,170,165,473,9,1172,829,1259,568,742,925,522,725,1022,411,646,741,971,164,211,152,1238,791,487,1342,1168,274,592,1115,175,766,683,1056,60,1129,299,61,1319
702,123,217,363,955,222,42,89,16,115,695,1199,957,894,1339,634,360,735,822,731,904,688,188,1041,1283,831,1103,1185,454,501,344,128,809,1250,232,1040,1298,956,963,709,707,900,1253,1374,1182,519,1224,682,1006,76,727
263,704,118,1162,1304,141,1292,429,390,25,403,433,697,535,507,1316,391,16,417,991,11,4,381,1022,1070,657,1008,148,405,416,453,452,660,491,378,170,1171,986,919,725,1032,432,670,590,438,971,442,327,1348,1330,240
1179,524,1259,1238,493,1141,1372,1223,1265,1099,596,1228,785,864,698,400,835,514,1291,570,491,1219,1239,585,1336,1261,66,1211,312,331,631,624,1333,863,490,1171,877,780,148,197,576,1341,211,1152,1177,1058,595,1245,335,730,529
1145,1175,438,1056,1270,510,827,998,864,968,1113,176,1058,1149,469,287,391,1044,1047,312,633,1287,597,58,862,316,276,1211,271,1014,1155,826,1152,1169,590,940,689,383,329,203,1217,1158,846,859,292,593,1246,778,1190,1242,91
797,838,904,115,42,346,195,363,334,961,217,84,1339,500,537,367,1280,963,602,1224,881,889,955,883,369,1365,707,1257,709,128,884,935,277,622,949,888,640,880,1357,288,1006,508,731,796,182,1374,499,360,1369,588,612
629,1239,862,1354,1242,574,205,852,1259,583,835,823,777,67,317,1238,966,834,194,854,887,876,860,541,846,571,1371,1252,855,1119,1208,581,596,319,210,290,841,819,865,1372,592,847,1058,864,310,890,1235,207,878,57,102
578,862,780,570,583,1022,823,329,870,65,319,863,1258,845,571,1238,292,860,522,524,1228,1271,197,1236,553,1131,1241,211,1246,70,854,842,203,1058,853,547,504,790,1143,871,314,1152,543,194,565,1,793,233,592,826,584
120,815,1320,425,974,1176,1161,1063,528,1067,986,110,998,804,378,1288,403,929,624,438,294,1,687,983,429,968,469,92,1014,996,1043,136,689,400,1315,1297,570,1173,152,991,1318,389,518,435,1162,147,463,405,1032,302,44
287,532,1067,1050,977,93,613,315,703,381,815,1027,427,1004,463,270,954,378,975,1020,697,1345,364,1045,440,1315,454,518,616,425,119,452,1291,1204,390,1300,624,544,422,152,1089,234,968,266,897,28,415,245,243,687,417
515,448,780,1082,860,810,438,1141,1014,1136,1099,92,859,644,3,1090,823,1314,44,1177,803,329,583,1094,971,929,862,1022,1266,861,146,846,853,392,144,621,570,170,1191,400,870,1341,790,121,676,522,1154,1223,704,1093,834
234,1131,585,733,704,391,1068,104,1152,1127,574,861,1221,1058,1288,918,576,852,319,322,1270,482,626,329,1168,1265,1259,837,944,201,922,633,1177,357,611,567,584,1211,753,302,1254,1136,828,1245,559,835,993,1180,536,61,1141
528,543,1022,780,200,1210,473,292,329,817,1247,908,712,704,738,494,60,1340,585,990,810,922,1096,319,1352,1256,586,505,750,985,603,583,565,506,181,1200,576,646,1260,798,61,41,1230,435,592,849,568,555,242,761,541
1055,454,149,17,459,822,412,1199,622,1203,537,901,1049,13,463,1357,955,759,1052,935,99,268,720,281,1021,404,414,230,180,899,1038,24,430,900,355,363,519,1338,628,114,466,10,38,161,245,1301,1322,800,568,406,1350
1051,553,1271,1113,864,1246,66,287,1242,1044,1175,50,826,1149,391,1217,791,87,257,139,1067,1155,1211,758,420,1128,1025,1241,400,1131,841,510,152,233,1048,650,1245,1063,1022,1062,396,795,203,825,655,785,1312,819,1236,1205,1263
662,1040,1374,1339,537,963,217,1350,185,1203,1257,360,42,363,955,53,904,546,932,731,404,622,474,344,1199,831,334,957,893,759,222,822,218,640,735,1250,1375,1224,900,182,889,1301,1184,1282,508,73,1357,899,1253,1193,548
476,1175,1321,406,1047,459,430,387,35,378,351,426,271,1320,438,1202,706,997,954,445,1007,427,716,464,766,273,779,440,679,1005,1204,655,143,1041,350,1003,403,463,560,254,1107,1059,261,697,518,971,447,1067,28,1165,701
502,766,66,202,1200,1312,862,60,832,420,179,576,1335,1248,584,816,858,863,827,376,328,535,554,819,795,45,319,203,834,601,238,95,791,633,275,836,842,278,57,312,1213,582,581,823,844,593,790,562,825,1151,1141
1038,998,1155,1058,749,1114,1228,1258,1152,1211,1119,165,1271,1177,219,988,557,1048,366,864,756,1241,1143,1197,312,787,1205,912,201,331,1237,585,482,290,911,553,1099,1113,1256,663,400,1246,578,826,308,683,724,176,356,316,1084
253,274,568,533,514,87,921,1091,463,974,429,38,526,395,703,1027,990,464,923,1194,152,148,143,154,1171,230,1342,743,390,315,1044,1076,1333,174,419,1005,1320,804,687,161,994,1294,805,910,1355,110,991,1096,25,1316,507
490,766,1290,1335,607,475,242,484,551,733,319,1312,836,283,183,296,568,990,744,1344,969,496,370,1277,736,937,503,1110,365,998,556,63,953,282,1147,754,1232,1360,1334,967,264,66,1060,712,911,737,882,1354,1168,1152,54
602,1246,1270,862,861,319,66,827,1247,1242,1271,1211,585,1058,584,819,1180,553,1259,871,769,57,834,1236,551,823,203,197,846,329,104,859,845,790,775,570,825,841,214,592,604,802,1359,824,581,524,1238,1228,829,854,860
1071,617,509,691,1202,784,1318,142,140,426,387,614,1324,427,403,636,687,430,32,532,514,385,149,350,1139,442,383,703,613,253,674,706,351,1052,464,1204,412,143,421,1314,406,447,390,77,378,455,491,1311,982,465,1175
468,1235,329,786,292,1152,1259,585,777,790,494,1254,1155,1206,1111,837,869,1058,303,236,795,1242,1230,1371,819,574,751,1258,1127,1261,584,1346,876,486,741,85,783,773,780,1039,843,748,770,490,1136,184,1177,317,606,1141,1289
767,862,1141,201,211,823,1152,771,1154,878,1206,581,749,990,860,849,808,1354,57,541,1238,844,839,1258,846,857,1235,1223,202,215,104,181,869,952,571,741,593,832,761,522,1366,1228,1039,819,1146,748,1187,493,595,887,821
362,435,617,732,491,455,126,438,1318,465,389,1311,145,687,18,417,1314,495,1127,279,968,143,620,1300,510,464,364,92,518,1202,1140,704,448,1341,444,138,401,675,974,480,975,676,1204,442,119,4,1061,1310,350,176,532
1224,1052,28,1041,430,445,77,463,752,426,412,459,397,1061,655,614,350,1321,616,449,691,93,440,617,687,149,403,442,706,1293,1313,427,252,1038,509,385,1175,518,977,1049,1202,1042,447,703,538,514,628,720,688,140,684
40,585,571,845,197,66,669,862,823,1190,1265,400,1230,780,864,565,547,1243,324,705,827,586,778,70,92,859,57,1341,775,1058,233,861,593,214,296,972,790,1158,704,490,196,159,1191,834,856,1044,494,836,201,506,803
409,149,1135,455,230,550,167,1139,439,271,465,655,717,703,746,44,611,706,1108,1092,270,482,780,41,421,1140,274,1075,732,1352,473,1008,729,1323,99,350,168,1089,491,677,1017,509,1136,824,248,538,426,779,1003,1325,1286
1256,1067,1316,997,28,1005,153,628,391,119,703,409,1304,706,624,687,110,1171,381,535,93,34,141,378,996,662,616,518,532,1008,704,433,469,514,37,36,693,649,442,136,611,977,674,717,1204,389,779,276,145,533,507
126,684,509,1204,752,41,438,425,614,994,680,514,116,1151,585,1135,617,910,636,706,912,921,1013,793,693,1310,538,176,456,1143,705,701,435,1354,152,687,920,1321,1262,230,464,60,742,948,784,1294,768,117,16,990,1228
471,766,464,1226,704,498,292,524,487,1099,1094,12,421,427,44,583,1352,159,3,1202,910,386,1056,722,435,15,617,264,434,43,1341,147,1349,85,571,928,1340,1084,592,1140,509,1031,514,1319,50,401,703,1261,1191,1023,856
646,877,1222,874,1247,1257,67,1276,1244,553,335,1280,601,791,1266,841,525,850,1263,1256,1258,1135,1369,1364,878,1146,41,1155,819,802,375,1260,1240,842,204,1012,836,1194,890,879,1264,867,953,861,334,86,1048,1272,1128,780,1208
904,454,442,142,628,687,1327,977,1052,17,459,703,706,613,447,406,509,141,28,617,1038,1041,616,1322,145,426,412,1204,691,261,1324,119,655,1286,385,20,468,983,24,752,784,93,1293,350,427,533,136,1049,1019,387,258
391,975,703,4,1067,166,32,99,700,415,437,628,412,28,141,965,1007,980,968,439,139,732,119,393,87,649,20,440,1328,1310,954,1089,535,391,800,675,1306,1311,25,478,1063,590,118,636,613,93,445,1172,31,1312,616
364,319,972,528,1314,1292,242,1022,50,653,1176,1270,570,305,383,87,573,329,326,58,758,393,234,619,1263,225,327,676,1115,1267,1342,407,66,583,167,1315,45,194,553,400,1158,607,1014,860,502,1344,854,1217,491,266,1141
654,317,1371,890,214,1271,324,39,1223,1177,1108,582,883,825,578,211,603,877,821,555,891,1141,320,1262,322,786,849,769,907,1144,1242,1238,1268,633,1297,569,303,565,871,838,305,892,571,1265,494,1248,242,1179,870,201,594
1022,862,775,1152,329,522,1271,1242,570,845,860,314,320,504,316,1238,791,1248,1149,741,324,201,571,1277,487,790,1162,1371,583,1058,1258,1354,1056,1177,176,584,1143,1270,1254,852,891,824,1265,603,823,1226,264,832,780,1022,1366
43,1052,140,468,982,380,1320,153,395,442,1322,0,687,613,590,1286,400,1027,252,616,1324,136,393,1314,1327,655,149,1046,532,119,397,1061,143,447,234,1018,973,132,1296,152,453,977,703,327,683,518,428,897,1328,32,430
523,224,159,874,1065,1372,59,760,461,946,168,1347,556,289,341,1254,251,213,1020,625,69,1247,970,1180,640,47,1099,791,1235,1226,718,202,374,1211,421,1177,782,1360,111,61,466,221,281,867,857,591,834,453,149,1274,414
1026,166,164,550,1112,457,1326,670,411,395,198,717,1037,766,1187,598,1228,187,275,172,152,836,1113,793,990,506,1003,1171,930,1200,458,283,553,1212,871,512,835,741,859,154,864,683,711,971,1025,487,443,671,100,776,648
747,1051,624,390,666,415,815,1014,641,655,256,996,174,136,381,1005,1067,392,980,399,4,986,1176,717,1295,1032,989,1168,327,253,254,111,804,405,661,514,620,704,1318,662,426,12,119,422,1312,1226,616,153,273,991,240
972,766,469,464,1352,671,438,419,503,1318,487,1191,202,784,1153,536,1044,274,453,403,292,506,498,636,750,1008,493,198,460,1140,585,172,136,1093,785,985,400,50,401,568,1092,570,416,255,1005,1306,1014,399,103,1022,522
575,453,172,569,532,433,464,585,405,1082,571,862,649,775,460,870,561,299,599,473,1162,170,438,148,304,1236,577,853,1127,110,836,972,852,452,553,971,383,1187,633,254,483,393,381,1226,389,264,861,504,1063,620,742
763,463,141,274,28,977,628,997,268,779,687,1041,252,700,800,1003,688,994,1042,385,1313,1327,1023,973,24,241,260,145,1046,768,720,470,1122,1005,77,616,1027,1295,655,1324,533,35,1199,784,1311,1078,245,417,220,136,1026
247,445,687,442,93,350,28,447,1052,1046,143,17,430,1204,449,24,977,258,440,1175,412,973,406,1327,387,1321,616,628,1041,691,426,636,703,25,429,145,315,996,125,468,1026,800,118,397,518,454,390,617,614,613,394
713,1270,1014,1246,1067,1155,827,1058,87,1152,329,864,1328,496,717,1248,1162,741,1316,1174,859,785,862,1044,43,633,988,1221,585,419,824,836,1304,401,584,1113,570,469,203,1344,57,325,1312,1145,1171,400,986,846,416,998,1167
186,93,687,406,1052,28,442,385,1204,518,440,616,426,350,24,703,1324,380,628,613,258,145,143,463,459,252,447,417,1018,20,17,261,997,387,397,614,617,77,700,403,449,412,140,982,1026,1310,429,691,1292,393,507
547,1271,1058,1094,802,1242,633,785,1263,998,1154,1131,1180,329,835,66,1155,583,1270,780,1314,1259,576,865,18,845,1266,1344,1246,585,198,170,439,1371,38,773,570,1022,1247,829,841,331,862,92,778,1256,268,1265,827,1056,1162
367,1173,1171,38,624,1161,1140,109,514,929,392,655,643,675,465,1316,1091,547,972,110,164,391,119,33,568,352,1230,32,512,437,419,564,1022,1318,415,81,1292,1145,704,120,506,147,662,154,543,168,273,1337,815,19,230
676,862,1246,104,775,803,856,202,1151,197,846,524,1248,606,1304,341,1058,780,1141,878,70,842,95,92,633,1238,324,972,316,1315,60,646,1354,603,593,570,852,55,581,328,57,313,66,1056,853,650,1265,1226,1262,857,527
665,952,338,592,545,63,883,852,1136,849,65,888,189,871,179,525,326,740,556,832,850,928,837,1271,66,1033,886,581,1228,1261,603,811,1245,204,1156,212,1073,878,1278,847,650,291,1074,596,1233,1272,1213,855,776,891,866
1241,1,693,63,203,261,127,570,535,65,95,510,153,1270,691,585,1118,276,1344,506,406,509,250,438,1063,757,569,1011,1008,214,257,1204,905,1245,66,451,821,57,1351,1112,16,626,775,887,704,1323,1018,655,1326,890,103
927,425,975,403,1204,440,400,617,514,438,1019,91,136,447,518,613,507,463,389,1018,997,261,274,991,691,1328,805,974,824,429,785,0,528,3,700,516,1287,616,1324,276,996,982,636,138,968,662,706,590,430,784,614
1,30,518,614,1052,425,1292,28,442,7,1320,412,996,387,410,1026,472,509,1204,463,800,234,141,439,378,1013,406,381,426,454,385,91,1328,973,447,1059,405,9,643,687,25,108,391,910,514,393,417,20,390,706,1313
1225,687,430,1026,93,463,445,688,977,417,447,24,616,1324,28,805,533,1300,919,364,1041,518,1037,1049,425,1322,800,614,145,77,1018,613,428,429,720,385,1046,617,1052,20,700,140,100,91,968,132,442,253,315,403,1364
306,403,425,977,687,1175,1173,440,430,634,997,613,30,472,364,1313,141,25,412,1096,417,18,628,438,557,752,442,463,1026,383,985,785,258,1052,590,1019,507,1320,1287,1310,410,636,614,225,691,378,1318,1044,445,907,24
170,125,24,1311,428,387,1004,628,647,590,614,973,649,664,1089,271,688,350,1356,117,463,1019,915,412,1015,1046,470,393,442,559,380,281,1042,518,1292,36,1188,417,480,1122,398,706,1092,159,1315,977,1005,327,918,234,153
1248,527,435,611,1022,1168,38,618,147,644,528,826,1304,1288,423,416,292,197,534,678,714,1226,968,1297,1208,92,604,543,1336,780,319,804,364,272,624,687,681,698,1044,68,1246,154,663,434,194,1197,1351,55,332,836,158
309,445,426,406,1320,1321,982,1041,468,1311,425,997,17,617,703,732,125,32,350,380,815,441,150,1286,1204,693,143,44,518,459,327,427,442,440,140,1071,29,1047,266,779,253,1099,1296,557,977,142,264,455,679,1050,1095
693,987,329,100,1372,1174,196,803,1270,463,1120,545,696,312,778,570,319,1146,492,1265,1238,379,325,251,1063,256,790,1295,1051,302,593,1152,637,1088,1039,762,636,507,607,417,554,364,1262,516,60,102,857,416,1360,1031,775
634,557,891,998,604,391,65,66,50,1190,402,522,197,570,592,1022,305,535,1341,553,1094,1,68,60,862,148,825,420,1225,1197,1366,1153,1259,791,104,1093,590,175,502,890,993,576,1312,609,803,87,1304,698,316,1242,479
1313,514,139,715,805,152,279,998,119,1190,136,697,1044,968,1351,1014,400,261,774,994,516,675,990,1136,12,1063,391,264,662,274,1171,118,393,991,1315,87,1067,25,1314,290,526,1187,570,1211,389,1175,425,691,1294,147,166
65,687,655,395,378,390,315,383,703,996,704,453,110,276,438,706,87,393,507,980,389,143,448,974,1067,514,815,435,148,1318,649,618,641,1168,405,628,136,427,1008,558,971,532,1014,1294,1173,661,1089,437,463,1162,394
1246,463,387,430,141,30,36,274,568,923,693,801,655,77,465,136,590,1023,487,916,459,1005,416,980,399,159,516,17,687,388,87,149,1312,1095,296,268,116,281,425,93,260,752,353,1328,11,65,1153,33,974,13,469
863,28,1175,445,1038,426,380,143,442,385,430,468,350,1327,459,252,982,447,1041,387,397,1311,393,427,149,687,395,1067,77,440,141,1048,24,1204,1027,1324,1018,403,616,411,258,779,518,509,351,140,1003,1293,1299,1296,693
151,518,87,30,666,118,1070,20,381,999,405,390,1052,1059,1292,416,409,472,1030,1012,1031,898,1094,442,21,410,430,16,261,1000,35,721,18,394,1051,1326,25,383,380,92,991,77,1293,1042,1176,973,976,1314,403,655,621
319,1052,406,687,449,430,628,350,442,141,140,459,703,468,149,691,426,387,24,447,17,261,1293,145,93,616,1321,617,1311,706,1038,1327,614,385,440,680,252,142,655,996,514,412,35,977,470,258,590,1202,454,509,1046
1077,861,1304,60,110,1226,675,1094,570,1312,827,329,1031,1242,402,780,1022,1265,705,18,1176,552,400,503,211,401,197,1246,862,1236,1344,823,147,871,214,891,1113,25,980,1177,1354,661,1315,771,148,557,327,92,864,783,826
513,887,853,888,203,1228,504,290,1209,1271,862,858,844,238,825,1258,890,553,1236,74,811,187,211,780,1269,795,871,506,1187,601,927,799,71,852,1200,473,1100,846,1246,304,933,593,551,1249,911,966,1022,565,1239,584,801
1233,445,996,406,617,703,25,136,403,9,427,430,390,613,616,982,1007,1041,636,429,980,28,261,152,1318,1292,532,1204,1314,442,815,614,258,389,119,691,976,274,463,393,93,805,145,378,380,977,1324,253,518,426,991
1247,463,532,514,616,1173,110,255,1050,36,268,281,145,703,464,614,271,655,1318,510,613,1300,433,1148,1316,426,683,1020,352,1351,4,434,815,136,430,687,387,28,1176,159,470,77,16,116,997,414,657,93,1061,804,379
685,385,1204,380,425,350,24,406,258,518,403,1052,28,412,532,397,140,143,628,613,20,977,270,454,1038,315,252,1293,976,1318,1026,378,1313,1322,35,973,982,0,617,32,687,725,1321,409,614,440,1046,30,616,91,417
954,425,439,599,438,1177,769,825,305,584,543,1175,389,617,856,790,553,604,1287,391,1271,60,655,687,381,1249,22,21,976,292,619,758,585,1057,219,147,1113,459,523,316,966,818,1140,44,1056,834,689,1031,565,574,522
50,509,514,464,691,394,412,617,1321,459,145,274,395,148,703,662,427,532,9,430,429,159,435,390,1312,392,138,406,1007,253,689,1067,974,916,693,697,1027,1017,982,1194,152,403,1202,93,445,1171,1050,264,28,1187,785
386,1140,274,701,503,1154,438,201,550,1155,464,1230,50,292,1175,257,320,172,1099,219,1248,1223,414,403,1226,1056,60,985,856,487,489,294,1212,1058,1084,400,383,329,482,286,1304,402,758,533,1258,672,1242,283,49,1351,159
846,445,442,429,514,433,427,1050,315,815,468,159,528,509,253,141,641,1061,518,532,617,32,971,464,412,1127,422,655,430,0,1320,389,92,403,381,1175,411,919,118,35,703,463,9,437,90,1314,507,390,732,110,1173
1132,1162,35,599,980,225,1067,1014,703,694,1131,766,275,400,1058,1102,329,976,319,1312,676,279,296,761,633,675,441,50,469,435,254,861,1202,697,391,823,1304,971,662,1248,859,419,444,553,390,448,660,143,984,1044,112
290,1322,459,1327,1038,17,380,274,1175,252,1052,779,977,965,1321,406,1029,533,442,385,281,1049,1328,136,613,703,697,1026,1204,1124,994,1293,918,258,454,350,260,683,427,180,470,140,720,997,954,1301,393,1139,1042,143,616
601,197,491,1141,780,487,1352,795,118,862,1256,818,469,524,460,825,523,498,1200,201,1144,1143,1262,1208,497,1022,144,912,907,1209,335,604,751,329,685,855,998,816,327,803,103,762,1148,1341,294,834,923,793,60,1083,63
30,445,1052,140,655,380,982,270,149,1321,687,1038,1311,153,425,514,426,406,706,1327,628,440,442,590,1320,220,395,649,1204,510,614,1292,1344,1287,977,459,141,732,1050,1296,118,703,1007,1316,437,412,429,965,1322,613,126
134,1204,636,412,438,649,703,1026,532,1311,117,258,261,429,628,1175,991,691,253,1047,1008,448,9,138,919,1300,401,230,132,516,1046,24,463,425,381,805,116,17,470,684,669,533,391,1174,1041,250,977,145,447,430,518
1105,1194,502,1227,251,380,1048,965,426,747,1037,492,642,17,230,1308,518,273,946,2,419,468,1067,629,725,73,1195,1003,265,1313,938,1339,1125,716,713,949,1050,247,791,141,315,25,1360,850,1233,1289,657,961,1000,501,1273
987,766,172,861,1206,577,1132,570,274,1261,427,1094,1371,1152,828,989,278,1248,170,455,867,49,1174,1177,816,789,44,177,1325,585,538,1108,248,320,1077,233,272,86,290,328,747,536,722,203,680,583,795,1060,841,1043,857
3,28,258,425,403,143,385,447,965,590,430,897,1324,977,614,628,140,982,1046,973,459,417,24,440,700,252,996,32,617,1320,380,976,1318,378,532,1026,270,9,1293,426,1311,20,438,1018,93,472,1139,1067,1313,1061,983
265,687,425,25,628,703,518,649,613,426,417,977,1173,149,1031,9,409,463,1320,994,18,1313,429,327,1327,1026,453,1038,412,1032,437,442,430,532,1046,405,996,390,468,118,666,1300,411,17,126,250,381,1050,445,125,140
1152,687,1175,427,445,617,149,406,145,136,459,470,138,143,142,994,447,1328,514,268,996,1202,17,1038,468,1320,703,779,28,438,1286,1052,1046,1091,1082,815,697,997,896,1322,1321,628,700,1204,977,261,253,1049,533,984,701
1086,463,268,720,41,145,974,641,136,470,804,1005,139,38,994,824,315,1023,271,507,1295,533,991,1082,264,697,93,403,1175,416,636,637,826,518,441,424,141,702,903,638,119,805,253,353,464,1014,706,227,294,687,4
499,376,1156,1261,1373,189,211,885,1228,1259,1239,799,499,764,606,581,847,1240,594,574,70,1368,1354,1265,773,551,607,823,493,840,864,504,879,329,1251,806,1275,375,497,214,335,584,601,1273,863,585,196,372,834,797,1244
187,110,585,862,172,722,66,148,795,1155,524,44,604,139,1113,624,825,570,49,841,464,553,1099,1068,698,473,1344,1342,568,1239,780,233,429,1190,1206,574,327,95,762,158,1226,45,421,766,1022,1247,136,1263,835,127,315
1325,286,1029,1018,1070,997,500,445,784,1041,607,706,703,464,425,766,16,1073,634,98,1351,11,12,140,220,1161,905,95,1011,1019,614,348,1316,393,281,805,454,983,1310,509,463,1182,510,1154,1364,1047,647,264,1323,691,1017
1268,425,1038,442,28,509,1204,687,406,977,445,518,25,258,459,1320,403,30,1026,426,1318,965,454,20,700,590,973,385,982,350,141,1201,1050,125,9,119,143,149,0,252,24,34,315,617,387,1175,430,417,683,35,225
568,1250,847,931,1184,1283,932,1357,1224,900,335,1255,504,375,582,235,334,963,878,943,1178,899,952,51,959,949,1245,114,709,938,893,842,519,1244,1279,755,707,591,1284,115,589,872,481,807,640,875,284,54,1104,692,373
1278,1038,454,258,447,149,1052,1204,1049,616,385,253,1199,1327,220,1175,1026,28,225,270,459,800,700,119,425,973,976,387,76,427,687,1201,142,417,628,252,982,77,24,1165,1041,17,428,125,545,1286,443,396,697,1194,1293
112,916,1262,197,1259,57,319,766,862,1131,1120,857,1217,852,571,324,154,1177,876,1246,1309,555,948,60,1248,102,524,181,823,1143,742,175,551,477,1238,423,1083,572,62,592,1249,504,854,922,521,113,165,793,214,1053,316
1112,1204,518,440,252,613,445,410,976,385,406,463,977,266,720,687,1042,117,315,1313,973,1292,28,442,219,426,975,1050,1046,251,1019,1026,403,225,0,614,544,1048,1120,447,987,350,768,590,425,1103,260,76,569,1293,265
475,383,379,403,225,1014,824,571,644,980,1162,1154,692,827,1102,873,668,400,1168,1114,1196,634,273,1249,325,716,415,1131,678,450,582,994,641,1152,50,252,1096,1218,313,1246,1138,988,518,402,314,434,1044,1022,717,307,56
577,583,862,824,852,66,585,584,1022,1247,861,864,825,581,592,1128,233,842,823,504,60,1115,604,1273,312,878,863,855,302,854,972,193,853,1190,1162,834,1271,603,1354,214,803,211,50,202,859,1228,290,1336,1259,1236,845
1260,28,1327,406,1041,125,977,1042,1313,17,1204,449,1293,628,1199,1253,1324,115,1052,24,1322,976,965,442,537,153,459,1301,140,258,387,1076,1006,281,982,142,77,350,447,380,731,1357,118,973,1004,385,445,470,707,20,956
445,1341,774,553,1266,1270,524,770,46,65,769,570,756,825,411,1237,1259,841,1340,604,69,1238,870,864,601,1225,203,1123,50,1239,1265,1113,86,1134,835,1290,1180,242,266,1223,172,205,1146,1242,1273,1344,66,12,1221,928,1245
1095,4,93,954,87,1051,996,426,25,393,815,1304,387,28,590,991,661,92,804,655,463,1005,442,468,273,643,611,174,440,561,451,327,425,395,654,528,1295,1168,315,272,391,364,564,641,1043,433,618,220,1226,422,1176
1214,1355,125,815,327,444,1303,1308,158,434,1105,1204,982,703,1286,85,445,1099,453,1043,725,1089,518,1342,274,991,429,350,1321,464,1311,987,256,264,143,258,1071,1324,1090,679,140,261,233,677,1014,116,24,929,110,1314,1345
420,73,342,847,450,1146,1257,1369,54,334,1275,1250,893,610,1235,755,97,832,363,924,235,1283,841,591,1184,763,873,346,519,949,811,959,300,904,330,208,42,222,1150,711,854,1241,53,96,1218,875,373,520,115,508,699
226,465,463,274,464,1091,1092,1195,687,16,470,1204,1172,1324,514,994,1140,1023,136,145,1047,701,1194,38,36,93,138,634,800,387,380,429,1062,975,281,1049,1202,1327,532,667,37,116,784,1328,697,234,422,1295,231,385,683
1231,1162,119,378,395,974,403,898,263,453,1300,689,1018,174,687,409,805,1211,1031,1005,980,400,1226,458,457,634,427,1004,1351,454,649,390,410,532,460,1312,1113,472,468,21,240,1026,1063,393,381,686,250,145,459,292,986
826,818,1259,308,566,853,1239,880,591,888,1271,1074,906,70,1083,317,871,1058,887,581,304,1219,1275,316,1208,104,238,952,579,201,311,1108,803,892,825,262,808,1146,1262,869,367,842,950,313,1244,1217,1212,930,1039,786,927
25,403,400,1171,438,920,996,586,1122,698,491,1318,433,1022,1314,669,302,38,507,401,12,1058,666,1270,673,672,1344,611,998,805,1007,110,691,398,257,176,663,469,378,1202,987,329,159,821,514,136,1067,631,1290,722,1011
870,93,24,380,613,350,1041,977,687,454,973,252,25,395,800,140,390,220,700,397,532,28,1004,616,1286,533,430,1042,412,118,452,516,1026,392,253,982,417,703,141,657,628,35,1049,393,406,119,1070,996,1027,149,1046
677,890,887,871,324,860,1128,210,86,51,1297,846,1262,105,825,891,790,888,867,1058,524,1233,1225,579,880,940,541,842,855,1259,68,208,1277,322,798,1249,59,946,288,1369,594,238,591,566,724,201,964,1372,892,1208,1155
1044,60,476,1012,974,391,561,435,502,756,1360,1168,557,769,4,1127,631,618,553,998,271,861,1246,448,127,1096,1115,1326,302,827,167,816,1205,1308,176,1148,311,864,110,18,971,1359,440,63,415,911,730,604,698,1022,1222
289,1204,1052,406,258,380,430,614,445,700,897,720,687,1293,1310,667,729,518,1172,252,387,1324,143,1047,29,532,691,628,1195,973,538,350,397,447,706,590,785,1089,978,1041,116,717,1157,506,248,351,353,701,118,1152,442
89,425,532,442,430,0,403,445,270,973,518,613,996,390,394,392,687,24,411,28,991,649,1320,381,141,974,16,9,34,118,666,453,417,703,673,617,1318,1300,389,136,815,35,25,440,1321,897,1312,393,32,624,327
699,445,425,270,378,703,405,815,1292,438,1173,507,315,381,403,655,1316,1091,691,250,514,15,590,390,435,673,687,725,110,33,146,491,636,136,1300,1342,145,416,666,253,401,421,1294,1094,409,669,9,509,364,683,18
1206,58,1168,586,1140,835,416,95,987,1120,463,823,1190,1191,491,1213,92,268,910,621,1290,314,777,90,492,923,305,70,248,1164,554,927,1075,1055,790,15,1171,456,803,1123,670,162,826,1198,793,683,87,704,871,65,79
39,356,197,1171,453,60,257,704,416,524,618,689,827,487,714,993,923,210,507,452,437,4,836,1245,669,203,1360,457,1152,1228,825,1153,1156,94,1287,1336,835,110,644,1149,1143,6,120,1333,817,1304,922,756,1131,196,611
262,687,445,403,1175,1310,28,1026,614,613,752,996,968,143,590,628,9,116,447,509,683,977,1202,617,507,518,138,1018,1311,1201,662,385,258,411,649,976,412,634,387,680,438,919,145,965,1139,975,1194,703,430,424,982
78,1052,298,234,590,412,546,1036,649,999,459,832,629,1188,959,453,968,1216,11,1050,417,93,1122,518,1313,430,385,409,535,241,1005,180,394,1020,1026,1356,516,387,404,934,472,13,1374,1045,1350,561,1339,1041,995,889,967
768,687,28,1324,403,977,24,1204,509,447,1049,449,518,442,445,1202,613,1327,590,976,22,118,1300,136,116,973,253,93,9,996,430,30,1041,614,1026,145,680,1318,616,1139,1322,261,649,20,1293,655,700,427,532,390,35
1229,687,1204,463,634,430,34,378,30,406,258,518,9,509,145,442,93,116,1070,997,700,385,973,590,433,976,800,720,28,380,688,143,616,141,426,387,149,11,1005,1004,25,136,1327,628,768,1050,1019,516,117,1026,445
1292,701,166,1048,43,1314,1212,1037,998,1151,275,139,393,697,480,769,706,745,492,1058,1328,38,1190,228,988,632,395,750,308,675,136,250,274,713,1123,1063,810,1105,1134,487,506,1321,281,1027,87,248,1127,994,923,219,1290
1274,862,1228,329,583,780,320,570,1236,1225,823,553,325,1131,863,571,60,841,1271,861,62,194,864,574,581,326,761,1022,57,592,705,845,835,1258,319,871,1304,1354,551,1238,524,1242,1239,870,1187,603,1205,1241,1177,203,1248
966,425,687,438,703,997,261,253,1316,1204,445,1320,241,1032,32,17,270,616,459,118,614,1327,378,649,680,613,383,1031,533,1300,657,402,28,509,400,403,136,399,453,704,518,1270,977,24,919,143,401,590,674,980,1046
769,994,703,148,687,514,447,674,689,815,732,1089,425,17,440,270,438,1204,1287,1059,1082,784,706,661,649,533,403,9,977,426,393,1173,117,412,437,141,465,108,110,1327,1022,590,968,159,463,693,174,142,996,1026,982
1293,351,46,320,441,487,1154,701,761,1325,586,95,1306,1202,973,314,477,33,1149,271,495,1023,350,984,253,469,299,429,68,159,60,910,30,433,85,1305,583,907,616,976,912,1263,640,444,589,1062,412,1352,844,91,1312
116,141,532,468,315,126,514,378,429,426,996,405,1173,999,25,110,815,411,703,0,395,980,397,258,437,412,991,33,387,145,1320,649,440,618,327,509,1295,136,158,1292,706,90,18,898,655,1288,93,1162,248,270,430
4,383,438,662,401,1318,405,1300,687,974,1292,1173,968,315,666,425,378,327,25,514,1174,1288,1316,256,669,993,544,805,1168,991,1094,815,532,1031,258,1014,557,704,381,400,433,136,785,649,270,1099,389,1044,398,507,998
554,172,1136,46,526,1187,1063,473,434,464,752,110,176,994,1204,674,987,226,514,94,455,1333,533,1050,948,951,1291,1223,139,260,153,970,714,1188,1008,143,1310,398,1342,1351,1091,968,997,732,762,730,795,1296,9,132,1152
123,1342,473,438,448,646,583,805,844,1083,38,784,647,9,1135,725,1043,1057,1161,644,1319,1351,708,1099,324,1097,320,165,1153,804,85,477,536,1123,1345,631,990,476,489,493,264,669,405,1132,824,378,803,972,696,487,386
666,1022,510,55,309,948,52,310,721,228,1138,927,338,1231,1264,1296,754,11,543,98,551,825,886,1271,597,1351,606,1222,112,644,583,612,527,391,1115,1364,792,259,1137,756,1336,2,1275,718,1276,653,797,128,1145,871,1143
1130,1204,430,93,28,1324,616,385,687,406,387,613,636,977,24,1052,442,140,628,614,634,617,1041,700,680,252,143,1293,77,447,350,691,975,509,253,518,1046,706,1313,1049,532,1139,142,412,459,1321,703,1019,149,315,1310
461,766,292,491,49,320,480,1094,469,487,732,50,1153,675,1008,489,985,780,496,473,1000,172,1342,35,703,570,1355,646,279,1161,445,1248,1043,1314,1323,1070,32,1226,991,865,1099,758,795,25,826,701,916,143,1056,815,774
985,1022,50,717,487,1352,1276,1101,1264,1271,1234,641,164,63,1254,785,165,329,60,854,294,47,874,912,424,597,780,314,877,431,423,146,248,1152,491,1024,172,497,671,286,1068,948,1230,72,845,583,585,536,570,793,522
1263,687,1204,973,1019,999,634,1014,426,1318,974,198,919,1007,1063,1175,87,1052,397,142,1061,364,1149,3,345,253,429,1200,666,1047,1295,590,514,1120,258,440,250,923,1031,620,32,327,544,28,518,613,586,1320,1105,401,1122
205,1041,616,687,1049,430,800,532,425,977,1052,459,919,982,590,253,241,1327,142,448,617,805,445,30,1320,29,725,518,984,667,655,125,965,16,649,126,226,9,1032,648,24,994,397,1047,385,1328,768,666,17,405,693
658,697,1135,568,784,1127,43,372,87,971,750,470,47,620,85,49,286,1335,201,41,464,1304,167,292,1045,166,1344,1076,978,1173,1342,724,507,992,1248,274,619,639,1151,498,92,701,780,1235,1175,480,1226,1138,126,738,383
868,687,136,1204,350,1324,996,28,153,613,393,1311,442,385,1313,614,779,91,1327,24,447,647,425,412,965,973,982,617,1292,1300,459,20,427,1049,1328,509,1296,93,25,0,1018,954,977,994,1042,1310,30,661,429,700,655
1153,617,28,447,509,680,350,532,1041,459,387,1202,1052,258,464,514,1324,433,687,1318,636,468,614,470,159,381,449,427,628,253,252,141,403,1175,1095,688,268,422,700,411,977,691,538,982,655,1046,1311,145,442,138,24
597,234,977,1008,862,700,687,557,816,1299,516,1311,775,417,1287,827,823,154,1246,447,667,319,660,381,1286,1141,463,412,1023,1067,658,1026,36,617,149,411,332,1294,861,857,351,119,1221,485,1295,1175,225,139,714,1057,1314
299,518,1204,532,24,93,261,270,468,703,996,425,433,634,463,687,442,417,977,234,613,145,441,968,1026,409,315,1045,662,405,412,472,25,119,116,975,4,429,1052,1008,327,700,1300,252,383,411,389,976,649,1063,1327
1056,252,425,613,416,1048,1208,1036,445,143,60,403,400,761,680,617,81,1201,258,200,225,741,361,1270,1204,383,864,1151,523,683,402,1067,1236,734,1118,672,241,1271,1102,447,636,379,920,684,860,678,1158,1173,802,1340,1318
201,655,616,1314,628,997,254,1140,994,1020,243,1101,815,965,532,991,445,1315,1017,228,77,544,315,617,732,800,1051,406,518,143,403,510,91,1294,138,1019,1067,970,1342,9,514,239,463,469,135,92,268,1300,624,24,693
858,380,1026,463,20,1322,732,274,17,1327,655,1286,1076,1195,470,385,965,465,459,394,1029,24,93,1124,464,984,268,1292,149,1042,1335,99,687,617,977,1300,442,145,11,37,1202,720,994,136,1041,1038,447,429,982,1299,281
1009,541,1177,27,565,740,786,188,1162,959,1205,306,467,236,768,320,74,475,1200,636,1023,1199,1179,1258,737,1211,404,893,924,445,1025,944,187,298,1354,39,884,837,381,569,675,1015,244,530,730,303,931,342,73,902,1183
1281,1038,687,17,1041,997,149,779,125,994,406,454,1322,261,447,720,1049,1003,28,688,768,1052,255,703,533,253,350,1004,1296,140,1042,1175,657,1037,250,700,399,616,425,16,990,445,145,1046,628,1199,1095,1294,634,901,274
204,1313,1324,24,28,442,703,449,141,412,406,613,463,1294,440,977,20,1050,350,430,616,509,445,954,385,427,697,1007,258,417,1315,1038,538,624,454,9,991,433,687,706,648,426,220,1067,405,145,975,394,1161,140,143
1050,650,1118,659,1107,310,245,287,917,836,273,1221,682,408,867,359,632,252,368,293,1154,935,199,939,290,1111,745,307,865,1104,1146,1014,71,854,1279,306,853,741,1150,55,1333,269,904,39,1227,866,280,869,57,963,1258
855,1294,1330,632,1161,95,1141,434,714,452,240,1306,624,1083,698,1236,971,620,144,261,790,960,410,1051,1366,815,770,1045,675,1287,862,137,429,470,618,590,1043,324,457,1032,1328,910,104,268,4,119,364,685,583,284,751
772,1204,687,403,258,442,973,968,0,425,270,261,417,472,1052,381,380,9,409,141,649,1026,590,116,463,438,628,445,28,805,532,25,666,703,447,544,117,143,617,24,440,18,364,785,614,897,976,406,405,1318,977
1193,810,1036,1092,304,286,1168,940,1352,951,1154,1241,1361,1113,1156,398,1089,1149,227,226,1058,139,780,387,1264,134,827,1067,620,460,1022,1048,832,626,791,243,708,1009,208,936,1039,476,531,497,907,1348,1305,1218,294,1246,862
62,1173,405,980,666,996,532,1162,256,4,1316,437,673,390,409,92,468,655,411,364,1063,510,1344,118,403,1318,453,1171,1008,1226,90,686,991,636,261,438,18,975,703,986,784,119,518,1300,219,621,649,1048,491,393,514
616,1271,853,1255,846,864,1238,1258,847,854,862,238,1115,861,591,1236,867,1180,1273,842,1186,841,1354,319,582,1219,197,316,305,592,878,952,284,373,825,312,860,205,834,1245,59,1359,210,325,1058,1256,1237,1141,604,857,1208
680,977,17,426,28,1327,982,406,425,965,616,442,1038,1048,445,454,1320,387,459,1041,1321,29,136,687,1026,590,1311,427,385,518,1050,148,140,557,1175,30,1322,411,440,732,430,510,613,1032,350,1004,1326,142,628,273,1089
152,1038,28,1052,1175,385,430,258,703,149,442,977,143,406,1327,252,77,447,140,1324,1041,613,253,426,142,616,35,1311,973,1049,1204,380,315,687,387,655,1046,617,1318,17,1320,463,24,449,706,509,270,1321,454,427,518
1171,1175,965,143,258,1067,219,669,1045,1152,1063,769,1149,1344,429,1310,1141,225,132,176,438,825,1005,400,134,1113,86,245,968,1018,998,279,510,976,127,1014,785,472,1211,1004,398,1254,1099,1025,152,221,1023,102,1270,1223,1048
1210,438,425,1300,689,514,491,1342,381,993,1022,1341,464,968,472,403,1297,805,427,1318,110,401,136,1291,435,119,364,202,1162,1044,159,405,703,324,1312,383,1056,1246,714,509,1336,617,455,1331,390,412,725,147,87,1171,389
1173,1259,504,201,198,844,1249,304,491,290,842,50,1143,1058,1246,104,313,95,583,1153,316,852,689,1366,861,197,264,90,749,1053,853,862,351,1349,1258,60,834,144,1236,869,823,1208,94,1120,175,1101,1096,302,1144,887,1168
742,862,570,585,522,1245,1141,1177,92,319,1238,780,646,1259,1127,571,604,210,577,581,1211,761,251,233,1271,861,823,756,669,853,846,854,803,44,841,57,852,276,105,824,584,827,1340,1113,1179,603,1014,326,1236,536,870
589,862,583,861,827,1056,504,823,593,319,1242,1191,271,581,802,1239,1119,1246,591,565,1221,662,864,842,292,841,236,66,367,824,792,1039,1238,320,1223,1149,801,233,543,312,832,780,1211,863,586,204,1226,787,57,209,569
79,93,687,1052,28,518,136,1038,720,270,241,393,410,174,533,1067,954,463,1320,149,459,975,655,1295,700,1173,634,395,426,470,273,468,717,1051,276,620,997,965,296,31,125,364,1313,327,263,1195,768,616,153,1049,984
998,1340,583,972,514,620,1120,166,1202,732,465,1226,550,425,489,1017,617,38,624,43,487,1288,1342,1294,522,149,1326,2,392,469,585,384,473,826,951,742,639,233,662,823,1089,810,698,1315,271,575,1238,771,174,1139,1128
1102,425,1204,274,720,1321,412,268,687,1047,1049,445,997,1048,1322,253,1005,143,463,684,982,464,1202,977,1311,1194,1042,1044,28,1324,616,350,1052,469,141,406,116,427,417,385,680,380,136,1327,38,24,533,252,1295,614,697
708,264,421,473,1023,766,791,1099,641,1266,1136,1235,1082,464,988,570,274,44,1112,482,990,1342,526,165,810,1110,671,248,276,392,1053,1218,441,468,1289,487,1236,170,161,971,164,321,636,1143,233,819,1264,178,498,146,817
810,75,931,235,1257,710,1104,832,1237,336,342,558,576,1235,894,965,1250,629,1079,587,611,1072,1119,545,854,751,1374,907,1039,1224,589,52,96,1152,124,251,612,1196,364,1367,651,115,163,27,347,1121,924,1268,221,508,1283
345,425,406,445,687,613,28,977,426,385,1049,1327,614,973,143,447,1292,17,1313,628,409,965,403,1026,1046,430,1320,0,997,1321,140,616,261,397,649,270,800,509,438,32,35,149,454,1175,706,1067,1004,983,532,141,655
887,425,258,426,468,1026,1041,28,429,628,1052,24,680,142,614,20,447,975,1324,459,613,1204,125,1311,617,440,983,657,140,430,1018,32,449,350,1019,93,977,636,385,1310,616,1322,700,1321,454,994,470,1175,732,1042,406
41,1041,1327,628,459,24,252,1320,1042,387,982,28,613,700,447,1328,274,977,425,1175,997,136,976,1049,430,93,1287,385,463,261,616,26,270,469,617,427,395,17,1004,1313,779,351,99,9,1048,1322,470,509,994,1286,984
93,403,445,968,258,378,447,442,996,649,28,1019,141,532,412,429,315,617,143,655,409,805,391,385,973,1026,0,20,427,463,364,411,440,435,405,119,468,417,991,1032,666,691,118,149,683,507,1050,430,410,628,136
304,425,1052,1038,406,28,350,252,1327,430,385,977,1041,779,616,1004,720,17,1042,24,1322,149,1049,454,77,463,412,445,982,380,397,533,258,997,447,136,1324,253,468,1124,700,140,688,141,1095,614,426,613,509,274,684
915,977,125,350,700,1029,426,24,149,234,976,136,613,533,417,403,1052,1345,779,590,1026,393,616,412,380,447,1327,1050,463,385,454,703,442,35,427,468,1292,1067,647,93,28,954,25,220,657,459,180,994,470,139,687
2,514,425,25,433,996,429,1316,700,445,1095,1304,991,1204,1052,395,95,385,983,28,118,1287,409,152,982,256,87,437,1294,954,351,430,424,704,20,1070,509,274,468,34,412,459,667,691,1327,1314,655,706,38,613,1120
1182,524,803,1246,846,863,319,50,1228,827,210,859,203,592,1259,834,1360,860,1270,325,1152,66,585,853,1248,862,326,604,202,167,1239,1200,233,842,332,194,335,864,825,1115,775,211,871,556,584,753,1156,375,855,927,1240
909,628,255,613,996,616,1204,261,636,977,145,273,250,1050,425,1294,4,17,25,982,666,1173,442,403,24,0,119,994,1320,1318,16,590,463,1293,683,153,416,1161,673,641,315,1008,380,716,390,1052,472,532,426,1048,509
196,518,1313,119,977,613,975,93,425,1041,1026,118,234,994,1315,468,1292,385,125,32,442,429,430,1314,991,800,1019,688,1320,700,968,507,805,28,463,590,516,270,1052,1008,116,454,974,655,142,378,1300,634,459,390,965
141,438,805,1014,703,980,1351,1328,983,18,653,389,1162,453,1292,378,437,416,4,528,391,390,472,381,35,419,9,704,991,90,448,1022,1099,487,364,153,429,296,1051,624,401,405,32,410,136,984,717,427,383,1314,804
806,985,329,491,1094,864,1113,1140,159,1152,576,1014,274,1044,862,1297,828,856,1172,1359,1211,1022,1238,1175,465,780,860,1241,583,597,823,176,940,1242,1205,239,758,827,116,286,644,1154,62,438,472,316,248,151,324,57,427
604,1339,1163,937,933,967,501,1257,73,1282,911,900,1114,363,1250,42,958,346,273,237,682,831,53,1361,185,1052,232,128,89,950,1015,255,360,548,963,903,1338,961,1189,332,222,1279,1350,932,293,709,374,1374,124,397,884
542,1280,596,293,891,945,962,792,556,530,970,961,73,777,186,576,162,57,773,755,1240,551,1209,879,1244,592,233,1223,202,291,189,59,1178,1283,1232,151,370,600,1222,874,741,1108,1119,1266,1116,1156,1362,1142,893,960,1147
1188,233,940,279,870,1246,553,1258,310,869,780,201,802,1278,57,65,1118,112,1266,158,225,877,55,582,273,853,580,962,562,878,823,1205,1058,56,535,572,857,316,294,543,1154,1237,311,1,1119,236,1371,534,599,1236,566
425,197,18,1246,1022,391,698,491,201,910,557,950,65,129,852,1226,663,319,922,853,92,74,304,790,1128,1315,1053,972,633,581,4,531,1120,793,103,854,329,196,410,821,858,356,389,332,268,844,1162,603,378,618,392
384,429,25,442,159,245,463,1299,34,1026,33,350,1038,1050,380,433,1332,417,315,703,234,453,1059,1023,441,255,1173,1020,535,149,220,1318,999,1052,436,349,93,613,811,714,287,732,383,1313,1043,445,1315,327,975,451,618
795,448,15,1226,416,119,438,292,1162,1127,991,522,1304,653,400,570,401,1082,536,482,1060,90,18,470,974,435,405,593,472,980,196,1342,274,389,148,810,971,498,676,159,270,3,1174,138,687,1014,1330,452,378,511,611
379,425,426,28,1314,387,518,447,24,1041,406,655,706,389,440,445,225,350,687,693,700,393,1067,327,446,258,32,254,779,996,544,977,430,703,954,476,590,666,148,1007,245,125,991,1048,442,691,679,561,403,1202,459
492,1204,977,576,968,268,1292,768,965,1049,380,322,703,1019,429,994,1313,1159,996,463,1091,669,817,687,419,636,680,660,814,116,385,20,976,1027,1152,183,1293,1310,1322,454,6,1008,442,24,1312,287,633,258,896,1003,270
697,585,852,504,844,1354,570,1238,1119,290,329,862,536,60,319,854,1259,522,857,324,584,210,835,1014,581,603,662,787,604,321,842,1340,312,57,853,696,571,1270,864,205,551,1177,482,846,1149,565,1141,1162,317,771,138
727,585,824,553,1226,514,292,704,989,503,524,331,201,60,1171,604,504,547,433,861,391,1312,862,415,561,570,581,411,65,841,1238,1258,662,66,1012,950,162,325,476,653,780,435,870,472,1162,127,698,618,544,1084,1146
793,1254,211,57,595,1235,572,741,214,1266,1236,551,873,570,1222,1258,522,67,1245,319,1354,233,168,925,876,835,824,329,302,316,583,1125,586,801,862,146,748,582,1180,1238,555,1131,1218,450,1217,1118,1206,1143,1270,867,878
228,687,140,447,445,1327,614,142,426,138,977,1071,145,978,1052,784,270,616,680,258,350,435,24,919,691,901,613,655,617,180,449,732,149,557,438,1029,444,1096,468,636,1318,400,108,315,532,896,1173,43,385,119,264
142,1292,1300,649,687,416,445,1038,364,400,433,1204,438,159,1311,532,617,689,315,678,997,613,18,968,472,410,996,35,405,700,381,141,261,153,30,453,276,533,378,270,1310,1318,518,393,703,1316,785,557,442,980,669
718,1287,1120,922,409,835,41,14,410,646,411,205,1304,1270,591,908,913,1058,319,905,574,1340,102,604,1113,624,65,826,1053,944,572,485,302,929,875,599,433,810,1245,210,535,663,761,332,7,650,1198,435,34,522,141
385,825,570,279,1131,842,1063,312,326,266,826,553,39,780,1135,524,242,292,927,862,1221,1123,653,576,1161,1113,972,585,1267,558,581,1200,65,304,863,1340,1289,733,41,969,769,908,878,1205,870,319,802,645,1263,1044,803
76,381,110,87,704,1031,11,133,429,25,437,1316,90,364,1315,392,393,991,109,655,256,434,535,92,514,118,1089,391,389,653,678,240,327,621,214,1014,394,378,410,624,460,119,438,144,1174,1226,1288,453,815,618,1294
1170,750,551,1,371,1123,408,908,579,738,570,267,183,1208,1189,276,558,796,761,497,778,1106,798,1108,368,486,502,1090,788,967,1132,998,449,1002,541,758,688,1175,889,248,1041,816,498,362,63,1124,373,786,1114,958,1158
735,329,871,592,571,844,201,503,854,585,1187,202,203,1140,1022,522,170,233,670,862,133,790,818,1271,845,972,1206,553,524,1238,858,62,836,852,1236,1219,1371,586,741,840,1162,1223,194,405,103,823,853,825,1099,676,877
838,50,585,464,401,172,526,314,1058,439,528,1022,1187,993,1050,662,136,1228,1162,604,656,1014,672,1342,1099,1008,278,1292,429,170,568,44,487,1092,261,862,1094,1236,158,1140,522,1056,356,1344,126,1173,168,202,1007,641,689
88,687,28,1026,142,613,445,997,1327,1311,17,973,440,140,1293,977,628,24,1322,1019,20,430,417,976,614,429,447,0,463,406,700,116,141,412,1313,77,454,117,9,252,1320,1062,982,1070,509,16,143,1292,996,118,258
1003,222,115,334,884,831,182,906,1369,360,73,520,1182,1361,123,1170,363,723,935,128,707,759,1195,963,806,731,882,330,794,1257,1100,1250,893,377,42,588,1283,1368,199,1357,53,1203,508,932,188,851,850,101,1028,957,288
408,464,268,274,568,532,463,1172,421,1023,1171,784,234,1057,750,230,620,41,561,158,49,1091,1082,145,1068,43,599,1101,468,168,1300,469,119,248,690,136,971,1007,408,655,662,159,720,1337,1038,147,257,1176,161,729,611
388,693,516,412,977,510,655,703,1286,454,557,406,1043,687,1012,110,704,129,136,257,535,4,145,997,752,11,261,1173,426,411,1089,999,1041,420,159,590,1294,18,436,118,628,395,139,455,980,1085,409,1025,1315,25,689
239,319,296,491,528,196,400,1162,379,593,292,1018,435,968,473,795,403,457,364,453,991,646,817,550,1022,583,383,662,487,1208,401,757,865,1342,386,829,801,1238,420,595,444,1312,974,755,1242,174,758,443,985,1092,150
1298,1287,403,752,141,329,1242,425,412,871,585,1312,87,1311,1036,780,778,985,386,864,379,1296,570,1246,422,276,715,1089,861,510,583,862,1241,1270,1248,1354,58,978,227,878,398,437,18,1187,1226,1045,233,1239,1315,489,440
879,923,1202,451,1366,916,567,980,1019,817,1020,390,862,1113,1177,60,784,750,452,1149,1226,921,177,913,976,1007,1131,104,410,1236,812,139,391,271,1167,1162,478,1352,141,1122,1075,268,590,473,357,421,386,1258,1017,443,457
920,687,1052,447,258,445,406,977,28,1313,385,430,440,142,1293,1026,614,143,1046,1320,1311,636,628,141,387,442,691,449,1327,996,706,412,752,518,617,1038,800,459,252,1324,1175,975,649,32,973,454,703,700,393,720,1202
933,687,447,252,445,1175,1052,28,258,438,403,614,1320,406,518,533,459,274,385,425,1310,1322,1047,510,383,977,1019,973,1324,138,411,613,965,136,378,752,968,30,1296,590,17,1095,1286,77,463,1085,1314,1044,315,380,1018
902,28,687,1313,445,17,977,93,1327,1046,616,393,1052,997,425,703,442,459,258,427,1026,261,447,613,1070,149,800,1324,973,77,470,16,387,385,397,518,706,145,1286,1311,119,965,996,30,1004,1322,1300,270,430,381,25
936,87,1067,643,468,393,395,403,437,1320,655,440,4,1089,383,406,528,136,150,397,590,1045,700,125,624,411,426,364,1004,20,220,248,999,276,1052,174,815,986,91,1051,971,689,425,1322,93,535,1050,25,975,390,447
951,438,445,514,447,143,1321,509,9,1204,617,427,1175,17,691,1041,614,1046,1314,145,687,136,703,152,628,974,429,732,472,430,459,1318,507,636,815,994,252,43,1140,1202,716,1324,676,403,28,77,671,1320,518,616,442
626,1141,319,862,852,705,861,60,783,1312,335,653,1265,854,887,823,112,1012,821,864,1259,633,1354,1270,1051,329,780,855,1245,553,1288,1246,594,1258,1166,312,1371,1366,570,860,1168,749,704,857,1337,296,338,811,834,1263,1058
517,570,585,581,771,276,1248,863,565,864,569,1155,861,133,603,823,1241,1113,1082,502,85,174,633,859,473,775,1094,1228,1152,296,592,290,236,574,1180,832,62,1141,448,170,74,842,583,157,1022,1344,818,165,871,264,1099
135,380,706,1076,442,896,628,634,1310,516,1286,1067,1311,1322,464,1049,149,1313,1005,260,1342,261,680,258,616,965,687,815,1296,1092,378,732,1364,613,36,1293,693,459,1195,800,25,140,703,1294,1299,1308,438,141,1194,614,454
996,583,473,862,498,522,1022,319,585,329,570,603,646,110,60,1342,487,1200,536,774,146,853,861,780,286,577,867,1354,671,923,829,584,480,575,1340,795,66,592,704,320,1144,460,1191,1168,1228,1141,1341,948,855,550,233
261,258,239,725,426,1175,641,657,616,642,1066,1058,452,1067,1050,253,1036,1045,1005,93,679,1162,1014,1249,544,463,403,266,1127,1048,745,804,697,1027,33,692,654,970,729,762,1091,443,441,269,1020,677,975,281,994,276,662
695,35,1175,253,1122,477,509,298,921,425,320,470,1202,617,720,680,351,743,424,568,750,506,9,112,28,441,533,684,628,973,701,1362,41,742,1027,1321,251,141,33,505,448,523,793,1097,716,1325,704,219,445,1023,1318
1303,60,1247,862,584,864,841,861,1235,547,859,1259,816,1180,555,44,66,832,104,210,1243,576,1270,290,604,1238,69,1266,1177,1261,565,603,551,581,601,504,1276,553,593,319,860,869,1252,863,1372,524,846,1240,633,855,1239
209,1014,364,405,986,416,383,1168,621,391,87,1161,21,451,400,511,1022,197,289,50,104,1226,1312,95,153,766,433,1032,907,1200,453,294,378,823,1147,862,1120,1173,584,1031,999,390,1008,120,268,971,689,1,410,498,514
47,28,1052,397,687,380,616,430,387,252,1327,17,628,93,445,1313,425,258,459,1322,136,997,394,1175,385,1041,533,261,426,613,393,350,1286,140,509,655,897,143,518,145,16,982,274,1314,20,1165,532,442,125,896,1295
1032,175,823,312,372,319,371,74,1119,946,213,575,57,210,329,962,215,1247,1277,69,62,1210,236,601,1265,582,1373,861,88,1211,775,1365,925,497,862,852,66,1177,375,1232,1367,879,1370,576,586,922,609,766,827,1263,504
1178,312,1248,1241,1119,146,1266,1223,1136,203,864,741,819,1113,878,1154,1118,778,1141,1187,827,862,795,570,496,787,275,314,749,162,294,236,1249,988,1175,859,766,853,771,1099,1094,1067,102,1211,1058,1344,1206,219,329,1228,803
715,202,304,1225,844,823,592,586,862,104,1248,320,871,487,966,1153,1077,1259,818,1236,1238,556,480,1144,583,522,1262,603,593,102,70,473,858,575,489,329,609,863,372,504,233,585,211,357,569,309,891,324,375,1083,328
669,1014,476,998,225,583,1294,1161,1326,434,1306,992,46,698,632,1360,256,1229,818,259,496,785,38,112,1289,1141,1308,844,1127,744,806,1032,152,714,1149,223,68,1116,522,327,314,134,165,826,410,1155,119,603,1099,197,974
1063,1312,766,1344,1248,1135,1328,771,250,693,1194,713,50,464,399,136,542,1067,1165,263,110,1246,703,1094,774,1162,1187,1095,257,1316,543,1005,568,290,274,795,87,1326,1173,675,1092,697,264,997,641,1153,36,127,1014,985,174
511,861,819,170,203,1118,233,87,60,1187,832,1005,586,1312,522,1131,1208,675,1222,774,570,823,1022,1151,780,264,92,776,827,676,1239,592,496,862,1094,741,766,1140,971,512,1242,694,146,648,1152,495,715,487,1136,329,596
190,1058,862,780,861,44,319,859,1208,491,863,663,170,1259,860,592,827,1332,60,469,1246,487,550,233,1099,1162,33,1258,609,706,852,920,144,646,1114,750,1318,197,524,604,66,1180,758,12,577,1238,172,118,1225,835,793
628,1272,1092,907,816,1120,60,864,847,570,747,1248,74,1367,819,394,1360,181,762,241,354,1236,630,844,1005,289,962,371,1073,1264,711,459,1365,1372,1265,791,1186,375,1312,1247,1109,203,766,1369,148,1266,827,908,422,317,771
254,585,570,1058,862,486,319,780,825,1176,1014,1271,1200,1248,1149,65,68,25,846,558,211,604,576,1265,1352,502,998,823,62,650,583,1144,911,197,864,1309,127,861,154,1245,1297,1145,203,1273,890,1340,832,535,584,559,86
478,457,777,522,823,799,927,1354,945,953,66,887,1137,1232,866,946,1248,885,596,803,1120,312,1332,595,816,819,1012,215,607,962,151,849,787,202,226,811,545,983,1372,864,290,907,1119,1161,1243,112,846,1370,1272,865,1259
110,717,110,257,327,1342,480,502,675,815,1202,118,127,704,473,1327,631,1089,1022,491,662,751,431,1226,661,1140,1134,401,147,356,455,1060,453,1094,1043,1171,1190,641,1291,528,624,268,170,137,981,974,993,296,1219,732,153
926,514,805,994,613,9,403,1328,1067,290,1204,636,261,441,509,1046,264,448,154,145,1095,1318,1014,703,434,1316,1311,270,136,614,405,675,1062,662,1294,1008,985,646,1173,1027,680,453,774,628,425,1056,389,119,862,543,386
139,412,616,687,1027,429,1321,437,378,315,468,381,136,617,442,954,1320,518,403,427,119,459,24,125,977,380,971,383,1041,1038,447,628,996,385,703,533,35,430,253,350,391,145,140,433,138,1052,463,470,118,87,514
447,463,274,1286,713,138,725,353,1194,1032,419,502,464,429,533,1321,1336,132,1342,1049,1005,145,568,717,1165,470,655,37,997,666,1105,974,87,380,50,532,469,734,657,620,1202,804,267,791,1299,1062,1014,153,465,487,800
848,445,406,532,1052,616,427,703,125,24,1038,1041,397,28,20,687,394,17,468,430,996,30,142,149,442,385,1327,628,449,470,700,1046,706,984,509,350,1324,613,898,691,34,145,381,1313,378,0,93,77,119,412,454
562,1259,328,825,1141,1271,66,785,584,292,769,553,846,597,576,1217,585,1219,1241,864,835,1239,1131,176,1249,863,1245,818,1155,633,194,302,86,841,1190,1228,50,1263,803,1208,764,826,592,1243,1270,828,593,604,1166,325,859
1093,62,1225,375,102,1232,498,317,862,583,311,64,205,575,1238,325,1144,1262,609,373,1243,808,328,494,604,1268,210,761,650,885,841,659,1236,525,1372,871,581,1215,1152,332,592,958,840,70,194,922,1259,863,585,329,335
1085,1000,435,716,1270,294,242,557,518,410,312,827,1246,1169,1359,987,878,544,364,295,551,620,214,1114,826,87,1245,1267,579,319,1158,100,559,986,302,856,853,968,1153,745,724,1333,206,1213,570,852,1038,954,576,803,802
845,900,397,476,1279,688,800,532,76,842,501,1015,225,634,387,1078,199,371,1107,1127,1282,244,1005,142,735,707,222,1016,217,231,731,188,306,454,1040,935,943,768,772,1142,228,258,551,192,496,1062,404,1317,904,89,1203
108,24,1310,1286,1204,977,613,425,628,417,973,429,996,28,258,700,975,968,430,454,149,25,463,140,385,507,1313,649,590,994,976,261,706,1008,440,17,1050,1019,32,1311,614,447,634,680,1293,785,255,1014,132,703,982
504,836,1152,1228,827,1344,887,314,853,766,57,203,1149,326,585,568,1162,1142,170,401,279,1151,1272,571,325,225,1058,127,825,862,294,672,366,263,62,748,795,162,761,1270,993,1131,823,553,64,698,592,570,402,202,416
410,1342,274,464,816,742,641,568,146,266,271,465,159,136,491,429,482,732,1099,1089,1208,127,1022,164,44,476,1050,528,473,703,706,982,543,441,487,722,801,151,489,1175,758,1289,1023,1344,144,951,480,815,780,725,43
251,1052,28,687,1292,430,143,380,613,518,350,426,1293,977,91,1018,1061,1204,140,1324,616,976,1038,427,412,1313,17,449,1320,447,258,9,93,1046,509,417,703,394,459,628,1139,1310,965,393,996,649,30,1299,440,149,1318
574,864,862,1211,1249,1266,12,201,60,1242,553,802,1254,824,1155,1241,329,302,853,197,790,66,176,324,1236,1359,1259,633,198,1149,1128,604,835,313,826,524,279,1022,1219,1141,312,1206,1180,861,1276,890,181,65,305,877,1131
559,1266,864,827,862,1211,66,803,1208,1270,197,780,1241,790,802,1119,998,570,1058,859,1246,1245,1177,1223,846,198,596,1273,741,1180,1359,1236,65,791,852,1264,871,860,1239,1259,845,524,1242,1263,1261,1240,497,366,1142,923,825
1040,687,16,454,385,430,412,125,440,1045,25,697,518,1300,613,390,977,141,1004,532,720,93,616,447,997,1041,1315,24,1052,350,590,1026,119,315,683,136,28,1321,1048,394,1322,991,406,968,784,717,1291,270,1042,1070,1003
189,320,1058,1022,1288,527,1308,780,214,469,547,434,46,583,314,650,631,991,327,570,1200,1008,862,65,90,993,826,1226,818,823,1332,783,491,152,1068,621,1120,611,524,489,319,109,1352,536,702,1005,1014,1136,1340,1099,416
58,464,617,264,706,614,691,824,136,1191,586,971,438,570,274,693,954,9,399,1056,583,1152,817,151,1239,1005,143,732,514,1023,46,921,1012,146,1204,585,292,166,703,439,1165,1342,1022,172,148,1364,1312,1136,689,320,1102
183,447,1204,463,145,683,1027,445,1292,720,464,617,350,422,687,968,1202,400,689,1007,143,691,996,403,425,701,662,985,264,1300,1096,472,1296,590,487,261,438,9,1327,518,1076,351,974,390,419,1153,785,412,982,532,897
199,93,687,1041,406,1204,613,634,1311,1324,17,1300,20,1293,700,442,77,1322,1020,459,252,1327,1018,225,25,532,430,655,261,977,380,994,385,140,720,449,463,258,412,350,1070,1049,1320,617,1328,982,24,393,315,614,255
19,703,662,110,785,666,661,253,315,468,437,447,1176,1324,669,974,614,152,526,438,1171,641,412,1294,532,38,1008,1318,364,1305,657,141,1051,613,1287,458,804,983,435,544,403,405,980,1292,698,94,968,250,427,383,107
738,1068,750,172,1371,910,1290,159,738,164,766,1306,267,1187,685,3,922,358,146,774,665,1349,347,950,647,948,504,109,111,543,1370,121,350,1171,1188,496,869,870,329,498,1060,356,930,714,630,283,286,717,1304,793,554
792,805,532,378,687,470,268,585,60,835,713,990,1251,980,984,270,1204,386,1153,766,95,1067,1162,329,570,750,1292,264,1342,662,57,136,1027,1345,145,196,372,1044,669,472,487,714,700,862,577,1311,994,159,1227,315,139
430,403,507,378,518,433,18,145,91,996,1304,1204,438,383,405,381,390,425,315,613,1019,666,9,16,445,1171,250,898,704,1318,590,1063,509,669,15,153,687,410,673,11,1290,364,141,1300,276,395,110,1292,686,968,614
561,842,1114,852,823,603,803,1249,818,1152,864,1128,825,826,1246,581,859,265,596,325,1266,55,1058,1155,853,304,238,1270,1238,846,861,328,862,1036,104,547,201,1274,553,570,63,178,834,606,969,1332,1213,819,214,67,313
332,751,1017,1139,655,599,1332,768,327,457,544,439,1202,1007,1187,93,563,1239,1168,389,1095,177,1200,391,1063,103,1049,350,762,261,1294,661,856,535,1177,470,118,234,238,469,1171,993,761,6,1371,624,381,480,575,1351,774
1194,1103,973,488,932,387,1374,919,1052,189,124,182,1361,623,199,1074,590,109,291,4,682,1086,1061,684,430,1250,955,734,1172,396,242,166,612,1334,595,1109,1203,277,222,195,1339,75,130,822,886,363,1345,42,635,690,1185
524,319,862,522,524,585,859,324,823,1155,803,871,972,312,1208,861,1022,1239,104,1202,646,704,1238,586,793,329,491,870,583,1315,95,845,834,921,66,1226,624,910,593,487,846,194,698,775,855,1247,1254,1259,147,639,389
918,994,590,687,1041,387,693,424,720,634,1124,448,463,145,430,680,1049,768,93,117,391,616,1042,614,271,712,700,1096,977,506,227,261,11,535,918,425,36,919,636,703,1286,1089,274,510,1154,496,706,717,273,704,1202
1169,506,628,141,452,810,94,306,908,1122,100,1097,7,664,820,1154,13,1230,802,268,1167,941,1113,253,760,1049,875,1108,357,1302,113,505,183,477,1119,944,409,4,874,356,1353,1111,677,923,251,488,104,509,342,567,1163
28,991,1032,438,996,528,403,435,119,405,419,225,327,590,401,453,897,364,618,974,141,1176,4,383,391,18,1168,681,1204,666,378,1022,273,805,400,442,532,1297,270,649,258,439,1173,261,507,1050,433,28,982,452,409
1294,41,768,1151,164,704,756,800,1340,1175,272,1161,294,357,680,425,328,266,1332,930,482,129,464,1342,543,994,321,1341,148,274,99,1315,585,1162,167,230,1194,561,439,725,468,147,476,1091,1128,691,350,762,729,267,1136
1133,1204,464,459,1092,252,274,1048,785,687,1047,1322,469,1049,143,1327,1202,1056,424,1194,1067,294,617,683,1124,1195,387,253,1139,1152,1310,403,447,976,689,406,684,620,470,1311,161,1062,1155,509,35,1005,271,153,994,977,954
854,510,1045,713,507,702,145,121,268,1093,543,1194,992,167,180,1058,390,532,685,383,315,154,1201,1044,804,1336,734,441,1012,715,482,916,478,950,694,41,487,618,1036,451,960,196,391,392,351,621,714,1120,140,144,750
285,24,445,613,518,143,1292,687,380,385,397,425,1049,700,412,1019,141,454,1320,427,406,628,140,1313,1046,532,20,403,447,982,35,1026,220,252,1038,590,1139,1050,350,30,390,1052,463,1027,1067,965,614,253,125,617,1018
1031,559,1211,44,276,378,290,294,463,176,576,274,824,998,284,1237,482,1177,440,292,1223,1149,862,1245,842,801,999,1366,907,1,383,319,1241,271,180,251,846,986,104,557,170,847,1023,1249,1154,841,52,716,704,423,764
778,1339,426,1142,279,903,1040,963,1111,707,1149,935,1075,277,876,360,219,616,501,1257,939,225,1078,904,213,380,333,474,1222,185,441,947,334,831,1048,1350,535,232,350,458,895,1317,940,1357,134,266,1285,353,1229,899,466
831,553,1336,1238,1341,543,643,439,110,50,797,1259,1210,194,529,1231,556,1290,1084,619,226,242,547,574,678,1309,152,650,836,626,741,1161,793,1010,1141,213,167,596,806,1310,1297,835,275,1197,392,109,585,866,328,54,1171
100,425,700,28,385,628,613,20,1204,590,977,509,442,1052,142,617,77,143,996,141,683,1287,258,968,1026,514,1321,1018,1041,93,973,468,446,17,429,405,1175,0,351,406,315,350,1049,1324,389,403,982,1313,34,535,532
694,1118,294,1175,522,903,1204,195,745,146,1191,1067,529,518,312,988,329,717,395,392,791,576,276,1111,196,1152,419,130,408,992,1,568,713,639,597,490,778,623,1336,607,502,715,1320,219,1125,570,400,403,558,1183,714
622,1050,595,1058,865,934,1088,654,329,1238,827,486,239,1181,4,780,1367,1128,772,978,878,1075,1245,945,670,868,535,210,1258,291,1048,1275,524,998,1265,1114,319,750,1271,555,1112,65,837,372,302,496,1118,887,1218,189,683
1115,1175,425,533,1327,1324,977,145,725,149,617,994,271,470,426,159,628,270,1322,1046,447,274,442,43,1342,465,464,732,427,704,680,1091,657,996,1140,1097,143,435,403,255,315,706,480,469,421,616,258,910,815,975,444
311,425,687,590,973,409,1204,117,1005,982,34,394,385,440,688,463,616,77,628,1046,445,429,412,442,649,378,518,397,710,1320,9,613,1052,30,350,403,125,977,258,180,999,1059,509,281,0,1018,1067,532,252,390,634
625,1263,1247,1372,854,780,60,864,845,59,104,1259,1271,1208,319,1146,803,1039,890,1240,1222,1270,852,1258,283,69,601,1265,549,1261,802,841,832,764,855,582,1156,1196,376,214,1217,1256,879,1179,1275,853,181,867,928,1155,1206
1167,978,919,329,1127,1136,1152,1174,729,203,653,464,825,399,762,636,1206,784,1351,770,826,110,1158,139,780,1236,998,1113,1014,327,438,274,1171,453,774,757,1270,176,632,257,750,1071,824,561,570,1166,292,1022,997,1344,1348
847,425,815,32,691,590,687,141,28,1295,975,1293,449,468,1314,16,1000,861,561,1313,406,628,518,1013,570,919,538,674,4,617,502,441,102,87,1294,1052,1320,437,1323,996,445,92,447,954,878,1245,119,655,523,1128,641
556,862,570,823,581,1238,583,852,1236,329,60,524,841,1259,551,1146,835,1239,584,834,1141,803,846,780,870,1271,302,1211,860,62,1247,1246,320,504,853,1263,202,214,104,603,864,233,1242,854,871,317,844,1039,1235,604,553
212,1327,28,425,406,149,965,655,468,687,447,1321,1038,1085,1296,1049,1322,426,125,1050,1027,1328,393,442,25,1286,385,691,1175,35,1041,535,997,350,143,703,647,717,454,1139,977,706,996,1313,119,509,1310,438,1029,258,470
98,1204,472,996,141,1026,687,442,514,447,440,752,518,20,24,613,403,1315,381,463,968,437,1310,410,1046,445,385,805,405,1320,0,1063,706,590,378,270,380,1294,647,153,703,468,982,384,261,438,628,691,991,980,439
835,425,518,24,687,1327,700,447,445,403,649,442,468,613,655,381,1038,149,1173,28,977,1049,1032,30,438,9,426,1286,383,1041,1139,378,1067,119,982,427,256,141,1292,406,258,389,34,20,984,509,590,1045,315,25,1201
121,406,445,425,17,442,449,438,687,1314,1327,1019,459,732,1139,703,1286,613,779,1316,1315,118,93,1318,628,25,509,706,378,674,1041,1299,507,0,32,24,649,1052,455,616,691,643,153,468,427,447,30,108,510,28,389
1123,634,261,1327,1328,145,1194,250,994,507,11,256,116,424,984,720,655,435,454,997,1091,1049,628,542,409,136,1008,518,380,896,636,16,433,996,459,616,445,784,725,965,680,1171,1204,532,1138,814,673,1162,696,36,263
377,862,1174,211,329,327,320,653,1176,1051,66,528,908,775,1262,437,570,624,514,415,63,840,858,989,631,1135,319,104,569,855,996,750,90,583,748,730,1226,1022,70,67,713,9,780,302,823,405,110,770,592,845,1012
215,687,140,445,447,350,1038,149,270,28,425,253,1049,784,427,732,1286,616,454,1322,145,116,691,1328,996,657,411,264,703,1324,261,24,1321,800,77,526,975,1204,997,532,241,43,509,444,1175,647,628,1041,1013,620,613
404,616,149,1204,425,977,994,997,459,617,253,532,447,1324,1286,268,800,703,1026,445,24,1041,119,274,1046,385,984,93,655,1328,613,700,145,417,125,720,438,509,1322,136,1004,1057,1038,378,470,138,975,28,649,430,429
508,567,435,592,18,319,491,929,704,15,1208,998,381,544,852,487,993,391,604,1295,861,823,119,1245,1315,646,304,1314,292,524,327,862,389,1341,233,1246,305,1297,790,1197,1262,400,1318,793,1304,867,87,855,90,302,437
259,551,319,148,4,21,1123,558,364,552,835,557,154,669,214,1129,581,1331,381,604,905,20,626,584,704,825,347,1213,1162,529,95,570,1259,14,1010,411,257,1336,456,927,147,203,592,861,554,756,998,574,1239,826,1045
48,459,1293,1052,691,385,430,1003,509,77,442,445,1313,426,1029,779,616,1204,1041,518,28,258,380,427,1326,1321,143,261,703,32,118,683,1059,17,25,1314,965,394,149,977,1202,507,1042,997,1049,1320,11,1327,687,136,141
861,406,28,779,1004,1052,1038,385,425,700,447,1049,252,1327,430,752,1085,125,454,976,17,691,1293,1296,687,0,350,1328,997,1322,387,77,149,1139,380,397,1041,1061,468,136,1095,143,30,1313,1026,1020,617,1320,667,1204,683
1045,1204,35,919,997,445,287,440,976,225,426,732,977,683,441,1208,464,116,58,1076,697,143,1175,350,1321,975,1061,829,1305,1063,538,897,973,679,1165,463,279,1091,1097,516,1052,1036,999,1000,523,435,1314,801,561,518,842
1074,1140,1168,823,1236,202,179,586,1146,1248,766,553,835,1058,46,489,70,175,581,1187,853,538,570,3,314,1112,1226,329,985,275,211,861,164,990,827,172,978,50,972,495,178,816,862,324,475,818,52,95,829,112,236
381,556,244,266,1319,1108,815,641,692,452,35,239,553,1237,945,916,15,912,454,167,1161,25,260,279,151,719,33,697,993,302,1162,1274,1245,66,609,983,487,1326,551,891,323,721,1353,175,106,366,1131,1074,518,653,90
24,141,463,1287,25,390,412,1204,429,518,805,438,442,1315,509,93,34,119,968,381,590,440,116,380,389,403,454,1294,447,378,1313,453,1038,472,30,617,999,1320,315,117,364,614,20,258,507,994,1292,975,245,532,700
931,425,1327,445,1139,145,464,491,1076,1352,722,720,766,1195,688,687,477,1029,264,1311,1013,350,387,694,652,1321,985,984,424,1287,982,459,385,994,752,691,700,447,1225,28,514,233,476,132,1023,136,1165,465,102,1286,1049
891,425,996,687,468,691,994,965,445,1063,447,145,514,669,1052,390,438,143,509,1311,1194,1014,429,403,472,395,613,1320,315,636,982,1008,261,968,126,0,1318,1202,464,1032,768,532,616,398,683,250,561,385,634,673,110
1175,329,570,799,1131,770,774,1206,469,1143,494,286,1248,1270,780,422,758,1141,862,1344,525,595,623,166,584,864,863,1155,1259,331,1058,172,50,1258,1230,1053,522,1251,1022,496,751,325,1273,311,1228,236,775,1092,86,275,1352
911,1292,141,427,412,973,395,613,532,982,28,1052,378,1089,125,0,425,472,430,440,442,590,628,614,136,24,29,437,387,380,93,544,447,1041,119,170,390,406,897,417,617,152,394,441,1286,1096,1320,445,1325,253,469
354,1052,350,315,159,138,614,270,691,258,1201,252,518,440,624,459,93,977,706,385,35,732,1046,975,447,445,701,403,1313,616,412,442,17,1318,1050,387,1061,28,1059,815,243,561,703,1041,33,1017,800,465,968,1000,514
361,445,518,687,426,406,1204,614,438,141,17,442,613,28,261,691,459,454,389,1318,1061,1292,149,427,385,387,703,380,417,252,1041,1038,35,412,680,509,1063,24,9,468,977,1315,1026,381,896,430,378,684,968,919,532
876,700,716,149,1092,459,1175,136,729,720,148,454,1194,425,779,1003,616,612,427,261,464,1129,468,274,10,470,421,1294,717,352,919,180,1338,385,661,26,87,724,191,971,996,1050,403,624,248,1286,411,1322,383,655,1165
75,395,518,1067,20,327,387,999,440,364,87,141,468,92,1014,716,613,437,430,393,643,406,425,703,954,110,405,968,412,25,390,1173,981,1188,965,380,447,149,983,998,1063,32,24,1174,1321,815,119,389,715,683,21
832,961,1280,893,1283,73,945,288,883,917,1339,959,115,1250,884,501,1350,42,1184,1257,942,938,546,213,293,786,1282,334,54,548,53,882,943,962,1357,709,963,707,101,881,904,900,843,880,610,591,363,123,1006,1373,339
1108,1022,18,541,592,63,855,329,1354,644,921,584,205,704,824,105,852,551,825,473,3,1143,871,347,910,1249,671,319,854,536,1211,576,603,196,522,511,353,912,755,653,574,1031,364,67,1239,1353,292,206,479,923,201
310,252,1204,1052,1041,1311,687,430,1025,1175,24,1320,447,1322,683,1327,965,688,518,997,977,1293,700,613,1194,1321,590,387,445,684,976,1139,616,655,510,1310,1165,16,1000,459,509,634,978,919,1049,258,470,1067,77,1118,648
992,410,570,581,620,403,1270,827,416,553,551,266,557,329,644,1246,805,1031,1211,825,398,401,1340,203,687,506,438,316,835,4,238,14,1237,79,829,18,310,846,1116,176,1014,45,604,198,1191,1241,325,1149,1056,594,1318
1155,477,1175,817,1191,85,1211,1177,1259,701,736,1158,292,1046,1152,1348,322,1092,1056,764,536,771,577,861,1082,791,148,1113,990,742,157,583,1310,697,522,1223,722,1372,219,774,801,987,206,1238,954,570,1166,264,800,998,829
1211,425,405,416,18,409,704,403,118,411,21,110,518,383,389,666,390,725,1168,364,687,429,435,968,532,617,954,391,445,453,9,544,448,15,433,90,148,703,87,1089,402,447,400,1032,1295,993,1318,514,327,981,491
558,1339,519,42,735,546,235,334,232,185,537,831,89,48,1040,1178,963,1257,78,591,501,699,318,212,884,298,759,893,517,900,956,115,207,222,1216,622,602,101,935,1279,195,1072,288,373,1182,1301,901,1253,51,889,809
1001,687,425,684,424,435,696,473,438,636,543,628,411,728,1174,141,516,704,644,290,412,634,768,1041,990,804,1057,148,28,441,598,698,1082,495,487,453,599,560,853,528,1328,261,320,381,1210,681,389,405,646,3,968
291,425,614,1052,617,590,351,752,385,430,1287,180,518,148,77,1095,703,968,1324,24,687,1204,689,141,447,440,1044,1089,424,403,1201,350,406,454,700,977,252,1321,991,1311,463,976,145,442,545,1041,599,680,417,445,560
932,447,614,687,385,1041,752,117,590,139,412,219,1042,974,994,29,1287,142,141,985,683,768,510,387,143,227,518,800,0,438,720,448,1014,16,390,977,1000,463,968,1195,476,125,617,982,706,784,1311,425,965,1026,1320
129,425,430,613,406,405,438,518,24,17,1204,28,683,687,447,1327,649,445,1050,1292,1041,1300,258,628,509,426,35,118,25,0,125,16,1321,252,412,1099,270,442,624,143,977,1324,982,403,429,454,800,1038,145,728,1027
448,535,507,991,389,1323,655,12,4,666,1226,38,110,590,1314,510,1341,1202,618,1168,476,15,152,17,506,92,166,918,1287,693,987,435,172,1344,3,0,915,599,65,1197,624,154,804,465,996,28,910,516,784,24,999
398,1007,683,274,1048,425,701,923,429,514,465,409,1023,687,599,1194,38,996,463,145,590,714,766,1175,447,977,172,586,1140,136,620,617,768,982,345,410,356,1027,965,1032,1201,1173,910,176,1025,299,639,286,669,1139,919
1177,623,734,1022,1191,392,1188,1152,290,907,312,1141,827,1234,988,787,766,633,1228,1175,424,1056,343,948,1113,701,862,408,716,469,1352,146,157,63,603,774,570,1110,621,1053,144,133,753,1259,214,620,165,846,1272,1205,87
352,87,1161,951,226,4,440,862,954,136,93,110,422,412,1176,841,276,327,641,649,41,590,45,411,703,1014,90,775,616,991,463,1051,1332,415,46,227,805,975,972,399,416,1145,92,1067,91,381,516,1050,815,155,259
188,364,4,379,835,1093,534,570,1096,604,435,1173,761,974,18,522,391,559,30,420,33,319,687,923,907,1318,714,1032,1211,266,403,1031,1127,590,117,968,1176,139,1114,100,552,251,846,683,1149,986,1044,304,472,197,1294
608,91,871,1171,966,611,423,1202,535,205,1092,1120,233,491,870,1242,177,1333,855,435,480,746,210,176,704,319,577,854,557,862,1371,168,201,523,838,1106,65,698,1191,317,62,952,14,1258,1053,1177,624,910,683,256,1022
580,116,427,110,714,669,145,585,862,1201,996,1014,429,38,659,689,674,155,329,327,1318,1221,662,194,159,43,1291,528,268,992,1300,12,636,403,422,419,1202,9,557,514,582,154,431,177,1197,1344,687,25,1071,1176,993
995,1236,1249,862,1154,1058,1114,864,1246,1136,1258,845,198,201,1270,1254,1068,570,1228,1022,1241,1266,780,1155,329,827,1218,1271,1264,1177,1242,1223,791,1221,203,400,65,715,320,860,319,795,63,219,1149,853,312,583,314,1053,177
368,687,403,425,617,518,252,1287,613,141,417,379,1044,270,385,412,1201,968,268,447,119,533,977,590,28,1049,1014,1311,703,24,383,1324,276,975,1292,976,991,390,720,1204,1286,1304,438,1197,752,391,1038,274,628,611,1076
1136,32,41,1308,449,145,445,442,706,1052,1194,45,119,476,561,167,1175,1161,148,470,518,441,1032,350,426,138,230,1292,732,987,146,1310,35,464,468,225,1314,800,620,977,1038,1342,679,996,274,514,507,427,1336,277,406
746,976,662,720,1067,1321,224,61,238,1330,136,1246,1083,149,313,1132,1291,760,572,1327,646,1120,256,571,1351,294,672,1145,667,583,1217,1022,514,117,412,276,41,597,1241,390,1263,1065,146,1292,995,867,1153,245,1336,1004,732
834,636,438,1310,628,994,649,430,984,1026,24,1328,1005,424,919,700,990,717,703,11,145,448,617,17,669,507,1204,250,1201,153,378,409,261,454,518,253,256,1316,399,403,616,1070,401,784,516,400,1300,673,445,405,1046
344,687,28,430,1052,1313,1292,9,518,24,445,433,509,11,1293,449,1204,20,1041,628,409,0,649,973,378,25,1294,703,538,261,655,1046,403,77,1318,381,691,438,442,666,459,385,394,1061,1161,706,1327,140,427,514,16
500,439,1259,592,66,152,1359,1205,547,278,61,1245,164,211,492,863,597,1022,570,633,236,498,785,964,464,928,1113,551,834,328,733,1368,524,1265,1152,62,1217,1242,1246,791,1211,780,1067,865,556,705,764,1247,223,1371,1344
412,274,826,991,780,319,464,148,1053,585,154,704,662,1340,1342,147,152,469,491,1022,534,567,624,1153,568,570,435,45,272,1051,785,1294,463,487,583,1129,1127,507,145,1136,264,1068,136,411,762,177,835,1012,864,793,827
1146,1327,1049,1286,125,252,687,459,982,444,454,385,628,701,253,350,700,918,445,1038,997,28,400,258,616,725,1097,441,447,657,1322,532,143,1320,516,380,1041,985,1204,1046,159,590,1325,683,976,973,77,394,463,274,443
422,290,329,1238,841,1236,1219,764,835,1141,1223,1264,571,824,839,986,1177,864,1232,1014,1155,1241,551,570,1272,803,292,85,202,1235,1152,1120,295,200,524,583,676,871,203,1372,671,593,366,987,1111,823,57,832,146,69,857
673,775,585,329,584,498,506,547,859,320,863,551,524,823,581,110,392,457,571,1228,328,1238,194,214,769,233,522,757,1153,553,296,1248,60,286,841,834,1265,90,603,151,66,633,862,376,576,236,282,594,292,489,211
752,725,35,470,274,255,800,17,445,350,687,459,655,994,140,454,1049,273,815,661,1286,1335,701,464,918,118,507,1038,896,1027,1175,1052,1043,997,264,703,149,977,526,267,992,250,487,1299,697,270,1091,1004,1057,119,234
722,152,621,624,92,803,33,1308,713,43,1120,1288,1174,1099,999,567,1173,1014,631,986,392,400,18,1058,469,954,12,1168,405,437,645,197,793,25,327,256,1113,1332,1094,1111,491,1176,307,1043,643,429,95,158,146,980,133
724,437,954,92,233,972,780,329,440,1171,704,986,110,826,624,783,392,395,859,637,823,67,1145,621,15,4,1239,1128,118,585,389,214,1246,1059,148,1043,119,655,1190,864,771,1245,1067,139,408,33,239,1226,863,1176,618
397,211,777,862,861,596,878,551,1263,1258,329,376,866,847,827,1270,780,570,1228,1354,1154,868,846,864,201,1246,787,162,46,1245,66,1272,837,314,203,307,876,325,887,849,236,1238,581,1221,70,853,885,888,525,944,835
1028,862,841,1179,824,1236,1244,865,842,786,819,321,836,1354,802,1222,236,801,591,489,1055,1242,834,1235,12,840,67,993,847,853,210,541,1039,329,57,885,319,952,846,931,1251,795,646,637,581,500,939,741,504,290,866
1245,445,1052,425,403,687,28,252,617,1327,518,613,258,982,380,1286,976,1038,1204,385,1292,387,152,509,667,274,532,136,77,616,397,464,691,1202,1041,0,30,468,426,35,442,1293,459,1048,1340,441,435,16,34,433,1320
712,766,503,50,787,770,1171,66,203,570,524,65,1228,825,279,998,799,827,795,730,1240,1141,165,154,595,1258,1341,1155,166,698,329,1270,1354,1012,837,1152,864,127,172,1022,611,1149,1370,592,1102,1084,644,748,1238,802,197
470,862,585,874,826,603,1146,329,524,332,522,586,319,60,828,304,861,341,328,1263,112,816,803,568,780,841,1238,581,1205,68,790,592,104,878,570,583,233,1236,314,1247,324,775,553,214,834,770,863,718,1213,211,859
414,463,687,281,532,116,1014,800,145,274,403,1300,590,4,429,1096,1204,1328,1342,38,315,402,452,126,447,649,1026,437,1032,255,662,153,454,657,154,273,465,510,1019,614,139,390,383,142,713,720,804,451,445,998,230
1266,1175,403,383,518,687,669,143,1067,405,968,766,425,378,9,1292,159,1056,998,1063,35,1318,1310,752,445,487,973,389,1202,401,455,464,985,1316,514,662,1005,805,1047,1022,976,442,271,91,18,1342,152,398,153,136,447
336,350,28,427,614,378,1052,463,1318,35,387,687,141,93,447,1320,442,655,532,689,274,441,590,390,409,706,315,9,393,1314,616,982,435,271,438,430,509,395,1292,470,261,1095,1050,429,270,138,440,1287,815,628,406
305,1222,385,25,954,667,252,616,395,225,1018,1287,451,397,611,329,294,918,271,391,445,1348,379,992,396,1128,406,807,1166,1038,224,897,657,354,1124,1118,590,264,1363,24,1027,393,227,1129,692,919,1246,778,394,35,682
339,613,258,687,403,378,28,977,1327,447,617,700,518,614,532,1052,24,1026,968,0,425,1322,1049,34,1292,252,381,982,1320,17,1293,385,435,438,417,649,1311,454,628,1287,383,544,997,379,1019,691,427,463,401,412,153
548,1155,855,836,748,361,1247,204,1084,653,928,47,778,67,1136,874,242,1104,60,524,841,1369,585,49,63,917,594,1270,777,536,1370,1266,326,816,1225,644,283,50,74,871,246,539,797,473,1276,1191,553,1022,604,825,479
794,193,71,741,775,766,582,799,581,844,575,1277,840,1371,1221,787,1151,66,583,820,1248,1239,1236,486,771,603,1115,562,952,739,283,586,577,319,733,320,923,68,504,832,201,953,609,786,776,835,777,1232,850,473,796
1230,427,403,454,442,385,1026,687,136,1292,440,1175,350,315,982,445,268,119,159,390,785,509,447,1287,649,258,613,518,412,142,141,976,395,387,996,270,532,1052,380,590,752,24,1037,800,417,463,77,1320,472,784,1050
211,261,687,1327,997,1316,1322,703,984,996,270,628,250,655,1018,1105,125,1004,980,1204,706,662,657,1046,116,779,1161,17,1091,507,1296,641,268,1300,533,1337,447,1312,465,405,276,99,274,263,399,149,1342,40,152,1001,1005
1131,258,1175,1320,976,977,447,1311,1327,143,1047,785,613,1322,152,403,153,752,442,683,125,465,351,270,1118,406,997,669,380,1085,1000,973,0,983,445,982,617,1042,647,994,1049,687,1310,141,1048,438,1052,1063,1026,968,999
802,592,329,585,1259,1022,1270,862,871,1177,1225,841,1058,60,335,1242,524,1238,67,1354,319,197,201,852,473,646,778,834,854,780,557,825,766,328,1191,44,864,522,494,66,233,1265,210,816,1247,1228,1056,817,1359,1239,827
396,319,862,210,585,67,870,775,824,547,827,846,839,205,852,524,66,825,572,366,583,887,592,834,329,376,841,292,202,860,233,324,650,571,853,211,551,604,859,823,328,553,802,593,1225,871,314,875,1219,922,840
1238,427,405,662,1292,1051,24,21,403,1172,599,703,518,636,25,991,119,256,393,472,624,442,980,40,9,381,28,785,327,422,982,430,983,397,383,1052,509,394,387,440,528,1314,412,999,415,730,514,1174,392,687,302
91,1174,624,991,327,528,1294,21,433,239,319,1337,972,1208,302,104,1059,544,92,993,434,815,862,405,202,472,382,1332,758,547,341,1303,329,40,415,867,384,1014,1230,120,416,469,272,389,631,63,1315,1022,392,618,1226
1200,464,274,414,43,817,459,136,1300,510,1124,1094,1105,394,138,1312,824,152,252,158,419,487,1004,1264,700,388,671,766,430,470,1158,1175,616,896,159,807,1286,1222,647,1352,506,356,1246,568,1345,898,400,864,720,263,1152
230,1050,662,999,276,110,241,1342,539,230,1176,502,829,174,434,544,4,380,1168,1051,93,815,951,180,393,528,1107,364,28,657,1295,653,251,463,345,249,144,392,327,426,0,1288,1315,348,804,526,616,81,568,256,1134
394,750,67,146,1145,821,626,1228,1217,1265,849,1177,1354,60,210,1371,539,840,1225,14,876,103,74,457,1108,1002,866,1373,778,970,1187,659,770,570,1188,780,1143,922,1131,3,656,712,611,854,653,110,1318,215,1349,1236,829
389,687,994,17,703,997,241,255,454,977,628,447,616,1038,691,779,700,136,250,445,509,533,984,1041,409,459,1005,425,116,427,145,399,1320,688,93,1286,274,1091,996,327,1017,982,380,142,1204,438,1071,1173,677,1026,649
220,28,687,149,445,1052,732,1175,1041,977,1321,350,447,1320,459,153,143,655,140,142,703,1201,24,614,315,387,901,1046,1327,449,613,119,628,77,800,742,896,385,427,406,442,378,159,1202,20,30,25,395,1061,994,1299
1220,687,258,1052,143,1313,442,1327,445,425,28,1293,976,1049,1038,447,1175,965,518,1322,613,1046,700,614,752,1029,454,459,1026,1311,1321,149,142,0,1320,387,397,91,683,973,1042,720,1004,17,1067,24,691,35,616,426,141
456,1008,990,1310,320,1056,994,1068,274,720,971,1152,264,1341,1153,465,1364,167,1136,784,172,248,1171,1076,1127,233,691,43,697,1342,717,1013,1324,684,1175,1333,561,252,268,230,795,616,1000,487,1221,1048,688,706,693,470,1134
946,141,1327,1004,1049,385,1003,224,350,17,1286,1132,459,689,779,1023,35,125,37,1092,380,428,245,188,1299,720,414,1148,470,801,1287,732,136,1029,1038,1345,1026,138,1326,349,454,533,517,1202,500,337,667,727,1301,1308,513
274,385,1310,412,25,141,614,1204,977,442,429,510,752,445,628,590,624,426,478,1026,463,700,28,4,425,655,689,1304,680,557,654,1313,384,420,687,125,1033,116,270,469,954,1050,403,447,391,649,34,613,1038,350,387
493,550,1164,1058,672,1242,596,705,314,819,326,316,933,823,47,865,189,934,795,838,741,842,257,864,1261,993,843,549,650,486,303,1266,279,872,845,1114,1198,793,836,1053,283,310,46,770,917,850,524,201,525,1309,312
184,93,1313,274,532,387,426,37,41,1052,997,662,468,446,385,380,1091,1041,509,1300,518,1042,24,142,117,412,655,533,140,613,734,683,30,425,614,1019,254,220,991,720,996,410,449,784,440,1172,260,1318,545,258,666
956,752,1204,403,1127,1287,329,1140,662,514,438,425,463,669,9,451,862,364,405,1187,507,687,827,92,203,1171,714,968,415,345,1056,1173,445,592,1219,379,571,1095,1168,860,649,410,1318,1057,784,993,292,315,464,65,590
7,648,621,411,514,144,125,174,999,1314,661,284,1321,1288,1050,815,974,395,87,954,951,971,544,685,25,643,1007,1320,296,1107,692,92,860,270,468,986,324,143,233,1168,618,666,126,425,780,863,390,523,982,1305,972
1000,212,1079,346,22,1073,831,1283,199,1279,1203,78,53,1178,1040,914,64,1374,735,115,182,377,48,883,191,781,1010,520,188,880,1280,605,310,189,588,962,963,579,499,809,820,474,546,1350,23,1282,1121,222,881,309,89
1306,1038,978,225,240,252,507,169,299,634,261,934,277,1102,687,403,386,255,1048,975,397,248,31,1004,451,657,1,428,379,1161,1201,245,684,1029,1061,965,254,1194,92,356,273,180,434,688,241,654,692,1070,852,391,348
146,438,412,703,628,445,613,403,1202,430,378,1041,1292,649,28,153,442,429,9,119,426,590,141,675,30,118,159,973,383,509,1085,1327,1316,472,614,447,1018,0,143,617,406,655,116,400,1328,983,405,393,16,680,704
1081,591,699,59,1273,739,885,1283,888,54,847,73,893,1111,938,1371,755,1232,522,1240,558,1146,946,596,373,1309,834,806,786,56,892,761,1236,1372,949,559,589,941,882,869,1266,104,1237,115,872,773,600,770,1074,865,1247
355,66,823,329,1248,319,1238,846,864,1270,853,827,60,570,583,376,859,586,871,57,836,70,194,202,854,1261,1262,1242,1259,1354,860,320,594,328,1265,741,1246,593,1146,582,609,790,855,312,604,547,522,834,1239,95,203
527,319,780,166,585,1115,1208,320,816,972,1180,326,592,1258,1067,522,469,239,146,211,570,562,178,597,1099,829,1352,328,609,603,275,862,783,543,1271,1190,438,971,815,72,641,201,341,818,460,584,1308,646,823,795,1086
1008,54,950,1023,930,526,308,911,464,795,933,257,1152,238,937,73,931,1187,287,958,1335,665,899,1156,283,1135,1240,353,1263,1097,781,784,917,65,1130,736,1110,1114,749,1244,882,335,934,935,1143,811,66,1252,418,990,1113
1062,425,38,1313,426,614,994,274,691,533,387,260,1052,1342,688,463,509,93,1061,252,900,975,1026,815,351,281,709,315,258,1135,378,701,41,901,687,919,784,476,464,1295,440,468,1059,1027,243,1007,395,34,117,140,1320
994,1140,623,264,175,1153,766,1200,47,609,491,172,1191,1017,1331,844,1364,96,992,1371,1242,1354,1060,46,796,575,1261,204,1135,746,1238,1100,1141,818,1341,203,543,60,370,226,730,1009,1349,95,480,1187,329,506,663,948,871
1216,393,532,261,395,427,965,390,119,394,463,87,397,1300,141,703,510,425,391,36,350,31,16,429,136,518,655,472,1038,452,590,4,1173,35,254,383,1067,1320,255,117,381,253,25,470,110,687,406,514,982,1286,996
1079,60,1351,1258,912,91,572,491,1262,335,1202,259,595,1143,988,1352,473,172,271,1136,498,47,887,948,855,314,877,1053,1022,621,571,1137,438,464,990,525,431,1092,689,177,1226,853,317,1056,799,205,102,770,509,1270,615
514,526,293,551,1039,500,1271,917,1371,502,970,592,473,1275,1335,230,39,949,73,946,300,1341,475,584,504,874,576,320,1210,1115,259,1236,174,911,50,477,930,824,530,1214,1240,1235,1008,791,1177,736,690,585,66,606,321
271,1320,1014,87,390,394,999,982,463,392,146,518,393,327,400,442,403,220,986,136,257,110,383,1067,350,987,1018,1008,411,1005,1063,1321,977,1308,804,618,729,1145,1162,645,815,276,226,531,158,36,426,145,532,980,25
316,687,442,628,688,982,390,518,1067,613,976,1204,617,378,412,590,393,700,454,125,649,383,433,634,397,1292,1313,1026,800,386,91,977,1320,136,614,398,463,1070,532,720,1004,443,24,25,430,380,1139,472,440,1050,387
1324,415,1022,1012,655,259,693,1316,704,1035,1286,512,1058,1200,405,514,400,585,1118,859,1008,261,409,502,1056,611,110,771,436,1089,864,391,825,1271,1352,1136,965,871,716,862,406,1171,845,435,394,583,985,136,779,455,1245
147,442,141,430,406,28,24,427,518,385,1204,977,687,1041,1292,445,397,1313,1327,412,440,77,405,32,628,649,1038,20,17,258,380,387,1061,472,149,426,613,124,417,1320,25,1046,1026,438,447,140,30,459,393,93,35
281,464,1060,532,108,454,628,1292,784,1300,732,1202,487,1105,38,1324,815,425,140,106,427,230,268,470,197,455,1310,661,975,1286,567,1226,405,32,264,435,1194,387,272,1071,118,1096,919,1210,449,137,991,703,521,996,568
443,1135,585,356,41,1318,503,670,574,702,1187,65,808,488,1290,795,835,1344,555,553,691,54,325,326,14,663,1131,320,319,837,524,201,137,90,1349,203,233,1144,1200,801,1012,1312,776,170,514,505,599,468,611,278,60
1124,273,463,1175,425,141,1321,784,281,430,1091,687,533,38,1005,145,136,1032,385,93,701,1092,1075,138,667,253,414,1295,720,198,1202,997,230,470,159,1324,805,464,1023,1076,148,1049,1052,406,703,427,1094,132,1122,1124,804
16,590,687,440,1287,442,1139,1171,996,1321,1204,6,24,393,688,34,752,468,423,391,613,351,451,1007,1106,898,1351,424,1052,655,661,395,472,447,897,463,968,117,643,1095,387,20,67,514,686,429,1304,982,1316,4,87
179,478,1092,614,784,398,1089,110,1143,172,529,551,751,524,1341,887,648,1228,503,653,203,613,1113,116,136,590,103,836,4,1292,888,457,22,1258,539,840,644,261,738,155,68,1264,147,144,1009,112,356,1306,71,479,9
162,67,203,864,1152,1270,1136,1271,62,1058,1155,1272,861,1012,585,860,862,236,553,826,1236,571,1022,1211,524,778,1141,859,741,1259,211,1354,836,870,802,319,596,1217,799,525,197,846,854,1218,312,214,887,670,592,868,1238
842,687,613,691,406,445,1052,9,1293,385,1321,430,1029,1318,1175,0,442,779,703,1085,977,896,976,514,258,996,706,454,1046,1316,1324,28,143,118,617,77,1004,1300,616,1095,149,350,1202,614,1038,261,468,390,464,17,136
317,1027,1049,1204,445,1286,655,143,258,140,442,1327,447,270,687,93,1070,136,380,1322,454,406,732,459,1124,82,35,412,662,982,815,613,350,252,261,1320,468,1008,1050,691,385,683,1046,1165,1004,1005,976,990,167,628,149
117,406,1118,962,115,932,354,721,53,868,693,881,1368,217,91,187,943,1283,1195,573,955,73,838,360,640,865,363,736,424,1326,628,10,545,1204,1151,934,367,1270,1021,1088,931,1312,1375,1362,942,944,978,949,76,512,1350
663,931,858,54,880,832,959,816,830,899,883,330,1218,886,952,308,946,1282,938,868,850,293,1209,1272,1240,530,1358,1130,796,596,361,291,1283,786,873,1263,1371,1365,911,1367,1362,943,607,853,872,1275,66,849,39,935,877
462,66,766,570,1162,795,320,329,780,1242,1239,175,1008,844,871,988,1266,1271,1236,473,429,1238,1341,571,1153,151,177,891,1177,861,815,584,278,764,522,54,864,12,771,1211,775,1131,757,1364,1371,595,202,325,583,1226,1217
1228,687,1204,1041,977,447,24,454,425,613,1052,1313,688,994,1049,636,982,149,700,142,17,968,442,117,975,752,1324,93,590,616,417,1311,445,16,1327,119,385,1042,403,1076,614,996,140,533,518,463,20,125,440,919,1038
1308,93,1025,91,225,988,140,436,46,700,1293,1182,1300,617,24,434,28,442,976,664,1046,454,413,975,1041,654,20,1029,30,431,620,1322,424,1038,1057,690,587,259,463,389,1324,373,723,1345,195,822,910,521,870,1004,1292
154,268,93,997,1041,628,117,141,397,982,687,1327,1047,784,1049,234,385,412,252,36,417,394,532,1026,139,145,28,977,1021,616,430,533,24,16,1313,274,454,1038,1320,470,1062,447,17,1322,975,220,350,442,1204,35,613
753,258,143,977,1327,613,1321,28,1026,994,445,1293,459,720,628,430,814,447,684,700,509,1005,669,385,973,896,1322,617,454,440,919,424,590,438,403,1046,768,997,1048,142,614,145,688,691,1195,968,1286,1175,463,1320,518
318,687,1321,1320,24,0,918,440,982,394,1041,509,1118,978,628,1038,648,617,276,453,393,430,1018,1287,1168,590,1019,1328,403,613,25,954,1000,455,380,91,447,1129,1007,437,991,1070,634,647,364,152,459,976,16,1327,742
567,741,1246,1152,1266,275,1235,819,878,780,777,1113,864,203,314,795,586,290,1236,236,776,771,859,1067,825,1228,861,1245,317,198,769,211,867,823,1222,1058,581,1271,1258,585,1242,841,871,857,522,802,1099,790,862,1270,201
42,997,1204,628,445,985,99,465,425,617,28,141,703,655,1322,387,1124,406,459,261,1012,1023,1200,463,1327,1052,1005,1311,17,732,1175,1041,1324,276,270,1286,973,982,447,448,438,430,1067,1195,469,1293,616,480,720,1018,399
246,1045,254,4,1162,95,986,61,700,226,1129,381,234,826,1168,660,687,626,416,824,280,552,310,478,243,390,590,655,1051,1311,30,405,460,1031,674,24,415,1336,261,118,1239,954,983,551,1089,431,1082,144,805,976,526
803,1258,565,595,1260,585,553,864,1228,860,211,842,1256,1359,581,863,514,308,837,524,571,836,769,854,1209,1239,551,1354,748,205,1200,604,878,59,1246,1240,615,201,1238,862,596,65,312,210,62,1140,103,415,1151,777,888
1021,1039,201,522,1223,585,870,319,862,547,854,1247,62,1219,971,873,104,1152,482,236,860,582,1022,565,504,853,1346,1140,372,823,864,60,818,65,595,1354,670,871,780,819,233,551,67,574,835,103,1206,834,1239,1238,859
491,762,1075,203,766,1157,741,1248,49,775,1135,65,585,1140,1144,586,795,1151,561,832,366,1364,86,825,524,676,1127,570,644,1221,978,202,197,167,506,853,201,486,1084,827,1316,583,179,836,1236,110,1131,696,503,569,365
160,805,590,9,1316,438,403,16,383,968,410,518,405,378,402,197,636,18,1,1093,1094,1149,409,613,571,687,4,775,65,684,570,424,324,386,676,50,398,448,666,356,170,891,145,1091,649,511,1312,315,669,1173,1153
51,1204,28,614,403,258,617,350,447,442,35,691,616,427,518,315,383,412,380,1324,720,1287,270,143,985,406,683,268,667,1052,1293,1038,1029,468,1041,443,514,732,689,1310,136,510,464,245,261,116,32,590,976,1314,24
279,425,687,445,628,93,140,977,617,509,1324,1286,447,700,590,454,421,732,613,116,1041,427,655,387,1019,406,142,532,430,145,125,680,28,1321,412,919,975,616,703,442,518,516,1204,143,9,417,254,1091,648,954,1310
333,687,1026,447,977,994,614,149,784,982,440,1327,700,143,1041,1286,613,688,516,140,636,518,975,406,463,649,1313,691,1311,973,1067,125,617,29,996,1195,1049,1320,387,1019,24,445,425,274,1175,385,965,119,978,997,720
488,862,1058,854,67,861,824,1259,593,864,827,210,860,583,1022,1359,202,871,57,60,104,845,592,312,1208,825,576,1270,201,1238,1141,887,194,1247,724,551,236,858,875,66,329,331,604,1225,302,1219,609,238,1235,775,1246
483,1141,264,321,823,203,656,503,170,1140,47,1187,22,329,493,1341,529,766,862,158,44,818,581,290,154,1238,570,1099,835,929,65,21,574,714,744,473,1236,319,551,861,423,1352,460,1144,90,793,496,795,637,524,1131
827,1152,1058,1238,307,854,1219,1056,867,1141,66,827,1039,1254,1266,211,846,1022,1231,593,1223,1258,864,1084,329,205,86,572,1248,741,1235,1137,491,928,456,852,1246,197,1265,316,803,836,208,1239,766,887,862,1146,764,279,524
841,425,613,518,442,472,35,9,465,0,445,378,590,1026,973,683,976,509,1318,514,412,985,977,429,315,687,430,447,463,1019,648,440,30,785,1292,383,1320,143,968,416,507,1059,400,649,1048,689,1202,411,443,159,532
1272,687,143,445,385,258,447,1322,28,973,997,1049,1320,1324,1175,976,261,93,463,1311,897,1293,968,77,1026,700,994,136,442,965,636,980,800,533,1076,982,403,1027,734,315,438,518,1004,1194,253,614,430,472,1310,140,1287
856,292,478,785,453,1226,378,662,1204,766,261,438,585,419,1045,689,636,454,1063,202,825,1332,1175,620,238,389,968,715,289,669,1341,844,514,795,384,691,714,805,469,1046,983,57,420,25,558,1162,1188,965,535,86,907
859,975,459,132,1003,1070,145,732,174,634,406,1007,999,1026,28,532,686,399,224,92,997,804,1000,412,983,108,378,655,675,991,36,1300,37,616,453,0,157,270,430,359,395,463,1338,266,1064,502,387,752,440,556,693
754,509,703,149,691,136,977,9,141,449,532,616,241,132,614,1139,421,412,1202,159,687,447,406,464,411,1318,1324,470,143,345,1092,779,655,422,1050,624,442,315,385,274,91,491,1038,427,463,611,617,14,954,38,514
750,329,864,1242,571,871,823,818,1190,670,861,1131,214,597,584,1141,596,189,585,790,835,238,1238,771,846,775,578,522,780,593,849,1239,66,575,457,1315,1228,439,1261,753,795,305,1200,1312,531,769,104,650,1205,764,1206
1235,433,1176,727,908,1313,990,17,1248,404,385,32,675,943,1052,820,34,149,115,459,298,1288,560,1250,354,892,508,830,1294,938,737,893,1326,1073,1339,217,1374,517,868,182,481,1109,121,1193,1051,704,358,361,540,111,929
668,931,849,215,877,885,214,874,1263,875,899,1217,862,773,867,854,71,852,741,781,201,1258,821,520,650,839,555,1240,841,865,1254,718,924,66,338,313,1361,335,755,911,591,339,57,1232,798,1146,808,72,870,342,1272
1046,662,1241,1239,1132,1327,256,116,62,1067,596,1083,929,384,422,1265,1049,624,674,975,502,846,1208,469,1221,867,368,866,517,151,859,486,270,764,732,864,654,646,1238,1324,650,1099,1043,1219,1071,583,1217,435,305,577,714
1125,1327,655,447,1038,700,687,411,445,1286,438,896,252,997,264,149,448,261,118,1049,1047,507,616,17,1171,424,29,648,667,459,1041,725,399,132,657,1316,1296,125,253,661,1062,680,532,732,805,454,119,250,1168,18,110
392,1249,877,852,1270,862,1223,1187,1152,826,1241,793,176,1236,1056,802,60,1211,970,816,1259,769,864,1180,1063,1222,780,1248,791,1221,221,823,764,524,1264,1141,525,198,1266,1068,836,1053,595,275,1217,303,66,1242,1263,860,1254
642,845,1222,780,864,862,1221,1236,1058,198,1177,1056,1266,553,874,585,1264,1242,877,1223,201,854,875,1246,316,1276,1206,595,825,1022,827,791,275,705,63,525,181,1235,565,112,312,770,294,176,524,1107,1259,1024,1068,184,1187
81,1327,274,145,532,1052,977,149,533,1175,427,93,28,470,700,518,442,655,315,463,1286,590,616,507,447,426,454,417,1032,403,378,399,996,1311,516,1041,381,732,994,142,1324,438,975,253,395,406,1322,24,350,703,1295
1258,1175,1019,1049,687,1311,143,445,28,30,459,153,1293,447,973,17,1327,258,1324,1004,463,613,1328,1041,1046,252,614,378,1320,406,977,261,518,532,655,77,976,387,1076,1005,1091,720,994,1026,1018,1321,1047,140,509,1165,141
1219,110,400,394,714,974,203,785,1344,154,1219,146,621,1022,403,1145,329,390,233,276,1265,1162,518,62,1096,402,109,1053,405,1113,531,571,435,112,671,514,4,840,1188,198,971,778,563,469,383,662,1007,294,136,393,432
248,445,140,425,406,1052,258,28,447,442,1041,350,614,616,1327,1204,30,427,977,17,973,143,687,613,440,385,518,455,145,1046,1054,430,93,628,149,412,397,1322,32,446,532,983,655,815,1175,1321,141,706,1318,387,1313
757,28,149,628,447,997,463,1041,1286,984,973,258,442,143,1322,406,430,140,1324,1313,17,385,616,994,703,459,800,1019,982,634,387,449,1311,77,253,270,141,394,380,142,655,700,1328,1052,1320,732,454,145,1026,720,24
843,403,1204,400,1171,425,136,691,1095,464,445,35,985,447,1202,1152,655,590,427,1316,379,1018,1155,28,422,36,509,159,1175,1194,1120,1075,662,1165,1067,1029,617,1007,518,982,703,350,977,274,1312,717,145,1324,766,1113,1304
380,514,464,118,996,468,412,445,469,1226,1340,159,435,426,732,1342,406,509,968,1067,403,687,427,465,683,815,455,99,1049,1294,785,1171,439,436,119,1315,442,32,141,390,143,1175,261,991,564,491,779,662,405,459,24
1276,253,1321,427,1300,1004,1027,447,994,1049,1322,1328,270,136,703,977,252,1041,671,259,1204,1201,1044,766,918,145,1124,487,116,1047,271,987,1351,267,1132,768,646,26,978,1286,647,529,688,327,616,9,785,351,583,180,28
1191,316,1259,852,862,1211,1058,854,63,214,1155,846,319,1208,1180,1113,1238,1237,170,343,313,553,104,771,853,1262,59,878,842,887,61,1249,801,780,803,860,577,1119,835,105,1206,595,678,857,874,790,1179,329,1254,870,646
136,915,1241,741,522,1104,595,596,304,251,1123,846,865,316,1132,1039,1209,906,530,600,113,847,575,867,771,1178,1239,754,764,859,1186,1156,1180,572,1261,931,581,1115,1142,913,818,812,1055,646,1146,54,1246,347,56,1208,803
1043,498,1290,1182,369,47,1234,1147,665,322,230,1371,228,766,712,966,770,838,1015,511,1212,1154,814,951,231,475,1121,806,52,1216,772,936,605,1349,1168,695,12,885,226,551,301,84,1352,1040,955,798,39,1281,370,1224,42
683,616,16,614,252,533,1027,35,510,28,93,430,445,1311,1018,1328,459,1322,1293,1312,281,997,667,1321,1124,1041,1204,1017,1020,641,1046,393,1324,1049,1012,276,427,463,153,977,687,805,611,664,655,24,1320,1345,734,1287,1351
149,997,1292,1327,430,1041,1049,687,1286,1204,125,28,438,1042,116,383,35,779,973,441,1185,380,400,768,255,77,381,720,634,47,1215,26,261,1052,588,1005,896,402,18,1023,470,655,448,406,1046,1305,557,628,1018,1096,445
1221,387,1052,440,427,445,977,442,24,1038,141,1287,472,687,1204,919,180,159,590,1202,28,447,459,454,614,1175,417,538,464,412,1311,149,1061,1313,1321,1320,518,1293,258,9,463,143,976,34,1026,142,268,406,438,390,729
1222,1204,425,143,687,445,258,442,1321,1293,1313,1056,1320,977,1287,447,286,614,1322,976,994,978,459,268,315,752,1327,1026,1038,680,1018,965,1046,518,785,720,438,406,1310,1000,1194,345,449,142,1048,743,77,350,91,684,683
337,258,28,1175,430,700,977,445,380,425,634,385,442,143,1047,1005,1027,1320,590,613,982,447,518,649,616,1327,225,614,919,403,406,459,1049,142,1310,968,752,412,438,691,1124,1067,720,387,440,351,1041,897,1018,24,424
643,781,952,291,924,880,1258,497,75,849,1283,1141,591,313,1208,841,204,886,877,175,59,179,1278,808,306,1229,799,342,51,1275,1358,875,209,324,1268,1242,305,874,933,876,211,1372,332,338,300,205,838,70,1347,837,375
356,823,1141,825,826,564,1131,780,934,862,571,852,238,146,553,65,1258,310,524,189,864,596,1228,1256,201,1143,1152,1113,793,1269,1114,57,877,324,1246,769,534,62,391,650,233,816,791,214,818,1213,972,782,606,583,633
8,406,28,430,426,613,445,1050,440,518,20,141,258,509,442,25,387,1038,616,691,463,617,449,140,982,1321,1061,459,397,1327,1320,538,447,514,9,1313,590,687,1314,815,77,385,1139,975,125,977,1294,996,507,315,256
1255,427,149,447,703,779,425,464,732,270,465,1328,438,1287,1175,1292,617,1067,470,514,785,994,327,1049,620,136,1007,159,17,528,1296,1038,655,153,350,166,401,393,234,268,442,412,437,1234,680,259,571,1300,705,662,687
1288,766,1342,320,41,1140,795,916,570,274,522,1200,921,1316,1191,1056,1318,403,514,1187,480,780,1067,1226,585,292,1102,675,568,1165,154,1335,324,503,641,1314,1236,835,464,804,1175,646,459,296,758,498,991,272,290,264,201
596,353,1012,1011,63,864,603,74,60,212,585,503,329,855,1369,542,594,320,871,653,597,691,1271,1260,1116,750,310,606,1131,569,845,592,1030,103,1278,1104,59,1340,584,1353,488,553,551,203,1290,1136,1225,1229,1195,890,178
999,784,463,268,274,701,387,350,513,688,470,459,1049,1003,800,397,132,687,1045,616,231,1185,1007,77,430,136,590,252,253,977,37,485,1306,1004,436,93,1175,1263,230,271,460,720,452,449,394,273,1253,351,548,298,412
828,680,438,140,454,353,1092,628,212,1293,843,148,1025,647,477,896,309,149,1218,1307,725,1090,711,464,1129,1047,257,156,172,890,789,919,838,876,963,260,571,727,461,80,399,460,1284,1000,1310,994,616,421,448,797,810
653,862,802,585,1256,816,879,834,1259,104,1158,748,780,524,326,966,1225,859,860,1012,824,888,214,201,775,332,319,86,1209,505,211,801,368,210,603,766,329,328,1244,754,1266,875,836,1270,852,67,179,799,497,60,776
583,329,852,1143,819,827,1270,236,766,1113,1236,1136,871,1238,1058,294,860,493,854,1263,778,522,1151,1352,1225,1249,1271,802,1141,890,844,319,203,749,1241,964,582,1359,198,498,988,575,1228,1258,547,836,1175,71,577,314,1259
1140,465,463,274,720,454,697,1049,464,387,470,1195,145,17,1023,717,273,1172,1091,459,1042,37,701,800,281,143,355,516,1313,1296,36,1327,385,1324,436,1097,568,414,380,252,406,452,455,1052,182,267,106,138,1339,502,445
96,464,327,453,145,687,661,1300,1324,394,1305,1314,136,568,455,468,919,378,426,261,655,219,9,617,153,729,1328,315,116,495,1045,395,256,1355,997,1311,29,620,994,1315,996,649,260,951,984,968,985,1038,452,38,766
555,861,862,570,1228,1246,1354,329,1232,847,603,633,593,853,802,74,866,1156,577,836,865,1186,595,1266,927,319,1152,565,747,824,823,328,1238,290,582,1277,376,307,584,1270,670,1236,58,811,60,541,211,778,71,839,1142
92,141,996,447,613,364,687,1032,28,1318,381,472,1089,378,149,429,805,270,1082,1168,1052,611,442,18,1026,438,1204,21,649,44,401,1046,403,389,514,1292,703,119,590,518,411,409,391,276,383,1311,258,24,1173,1287,11
741,324,741,1063,836,1149,236,553,172,1113,592,876,304,316,827,294,1056,917,1047,1364,1111,1140,1118,1222,1234,1219,778,464,571,1277,871,62,176,1242,1022,1212,862,1146,1236,891,1169,398,1246,586,1187,665,177,890,1359,816,201
811,243,219,1039,81,626,473,1266,1074,260,756,1022,829,45,1248,598,1186,1162,771,839,174,1239,1209,1364,1083,853,834,476,1223,312,1036,841,1115,1371,1352,584,1014,226,1272,854,1082,60,800,1261,310,849,593,911,342,801,1021
788,1175,518,1049,687,445,447,403,1327,406,258,965,994,274,1311,463,1042,252,616,1322,143,387,253,1124,977,655,613,1005,1321,268,982,1052,700,720,427,1041,28,976,385,1046,688,532,533,784,294,649,430,464,389,590,666
172,320,1206,1238,569,1354,1261,570,522,314,832,1373,862,211,775,879,853,70,816,54,780,803,1141,1277,189,1259,922,764,504,571,1116,151,1153,603,1248,844,799,806,849,890,209,1223,178,102,777,591,1242,195,586,1265,846
52,385,28,380,1052,430,1175,252,1204,616,387,258,459,982,628,1320,143,261,1041,997,442,1293,93,509,397,1324,687,141,1049,1322,350,447,1042,617,274,1019,463,428,140,17,977,518,10,1038,614,403,1048,667,688,0,973
970,1052,440,426,28,125,613,706,425,406,0,655,33,1041,24,445,395,378,815,380,397,30,140,628,350,446,141,117,590,691,1294,614,118,25,1070,260,1293,348,954,76,142,93,509,449,385,898,409,560,999,20,703
1097,1161,616,703,77,445,430,1018,21,1318,1202,975,28,1052,20,1292,1328,611,538,980,1082,433,93,159,700,405,518,590,974,653,451,427,136,118,444,364,32,449,725,397,981,403,22,704,1177,641,1330,241,544,146,552
321,459,28,425,1204,1041,258,616,77,445,1042,1327,1048,688,538,397,1322,385,684,1047,693,35,464,426,0,1175,1124,1095,351,440,628,1038,424,1314,973,652,1019,897,518,1049,1092,463,1005,634,16,447,1000,125,617,997,141
66,145,1316,274,1327,136,255,703,655,110,17,704,1003,661,1173,717,438,641,1171,435,427,395,996,159,974,916,514,437,15,403,533,687,671,1176,1091,649,154,409,1075,1318,465,472,1294,1187,0,464,817,391,1344,1194,910
1166,1113,775,202,551,829,566,1336,824,887,329,60,493,522,1158,1191,1123,862,1056,1270,1115,179,834,1044,827,45,1238,1354,565,841,457,290,864,553,766,66,774,609,780,319,684,835,601,595,1251,581,1093,825,292,806,1236
1117,445,687,1321,93,628,1052,613,532,261,509,1029,1041,380,77,449,258,617,447,387,28,1324,140,1295,1204,385,982,34,1175,1038,616,430,691,1202,655,427,20,666,1313,274,1139,538,142,24,143,1049,459,394,1327,954,752
269,532,390,118,616,380,425,406,463,430,395,398,518,1313,4,24,725,433,405,145,1324,140,975,1067,1292,412,254,442,241,397,815,1174,315,381,628,804,138,261,148,971,409,703,20,667,260,1295,9,21,687,28,399
231,1204,1327,1293,997,965,119,447,628,896,116,438,977,994,919,28,1286,270,32,258,516,1041,509,996,514,507,142,149,815,140,502,1300,518,132,680,454,1310,691,464,426,9,106,261,968,1027,768,1322,616,510,419,688
95,613,28,30,24,412,463,141,425,628,261,1292,403,1318,1313,532,424,1046,538,136,1061,655,590,535,687,385,445,9,159,1050,387,390,442,378,649,533,409,449,135,611,1287,417,976,406,25,470,281,20,427,648,703
1192,883,1203,222,723,73,893,115,697,881,1369,1040,160,1283,909,963,612,931,1253,1339,1280,13,1365,1374,195,217,900,89,298,363,436,123,884,182,334,520,935,882,1041,521,101,1350,1361,394,1257,602,288,474,1184,548,42
928,425,1204,274,977,136,459,687,1327,447,617,351,1322,701,509,387,258,445,138,1091,1286,406,982,994,691,628,1005,409,1321,315,28,533,973,976,1318,35,454,1202,1124,1194,703,442,1320,896,463,518,145,9,390,411,1004
55,425,687,1041,613,463,996,136,1300,141,145,655,447,1324,703,691,430,270,412,426,393,614,24,442,590,1026,1204,1050,468,118,977,509,390,20,429,518,315,470,507,1019,919,441,138,32,350,77,1318,153,1067,406,533
883,514,429,1175,315,136,425,35,390,1050,472,403,400,1007,753,533,378,447,468,983,641,775,1063,532,393,258,510,350,219,996,1151,439,239,274,443,570,445,649,1187,689,817,1296,703,1014,1312,1005,954,779,1067,412,1324
94,703,143,1043,118,416,1311,264,1314,25,994,991,648,980,712,514,1292,390,704,1204,1286,434,34,438,18,996,28,116,429,380,405,149,1153,990,916,564,912,568,557,4,793,460,411,1022,1008,1059,472,41,1173,154,518
714,522,826,305,329,856,596,1236,325,321,864,823,859,331,1259,1058,574,775,1119,551,1241,1239,571,769,1238,907,319,1270,312,803,583,570,1230,316,1354,203,846,780,1191,1152,825,65,741,793,477,562,1266,582,310,861,860
144,438,274,145,470,703,1318,487,636,159,704,453,514,403,383,974,1044,327,618,1226,416,991,292,518,1300,405,1310,390,261,784,435,785,649,1175,451,617,1032,1315,1336,815,1099,389,392,766,661,480,817,725,429,448,968
1122,425,514,261,507,1304,415,1310,1173,636,400,403,419,1204,1287,391,435,145,983,1316,389,528,429,393,437,919,364,641,617,116,649,447,1168,491,700,136,1292,383,445,1026,25,381,442,18,611,268,427,401,1319,0,28
550,60,585,1271,841,1270,524,292,825,67,1266,1259,1364,66,1247,669,928,1050,1249,491,1242,551,1022,769,1239,1063,836,44,705,194,514,472,834,278,854,604,583,758,175,167,827,1336,1258,1246,862,528,1140,778,110,1058,870
295,50,110,391,402,1168,532,836,862,457,655,1197,378,1335,1312,795,535,553,416,197,1246,714,276,584,604,689,1,381,257,1332,87,1366,1315,158,766,154,1171,139,821,119,399,104,1316,506,66,278,153,502,452,698,823
681,425,409,25,438,405,403,1204,445,381,378,655,1340,433,535,401,514,1171,400,1318,0,617,683,9,472,1067,398,143,1286,67,996,415,752,687,898,15,507,18,509,1063,518,978,1319,464,706,557,1310,447,1219,647,412
910,973,425,258,1050,426,445,590,442,687,25,1204,32,1292,430,968,417,406,403,0,977,24,28,532,1320,270,409,1318,996,447,315,378,327,1173,440,649,472,256,401,557,1038,387,91,1314,509,1019,514,544,1321,700,16
479,766,329,1177,1200,1352,503,948,1259,791,1206,1242,2,1187,1158,264,1019,494,923,1154,1152,495,1225,976,1191,283,370,1214,54,1141,498,200,1223,575,1354,1247,565,1344,302,1239,818,594,276,12,493,1024,1129,500,1155,1273,1022
930,1342,583,172,502,110,41,473,522,701,742,586,487,752,585,951,233,1148,1100,561,419,147,491,464,676,706,921,198,661,159,435,992,568,1340,145,543,815,271,677,910,465,829,1352,476,392,1082,504,506,824,971,1359
1094,879,690,215,763,961,306,962,195,504,500,1001,189,1028,654,837,967,915,501,970,1257,872,104,813,601,78,73,182,1369,1220,664,957,934,1006,777,549,178,1030,895,298,300,1280,640,938,1282,1023,310,902,280,878,831
373,387,445,447,1052,977,145,406,9,30,442,1202,614,141,430,409,426,412,403,149,973,449,896,390,996,143,687,613,704,463,1026,385,1292,532,429,980,1318,117,982,1316,918,599,394,427,24,1304,20,514,35,800,1082
1299,258,687,968,252,997,693,143,1042,1049,1311,532,438,634,445,518,800,447,270,896,636,680,1313,260,1310,691,919,149,1293,140,1327,138,455,142,266,616,1175,448,29,684,406,459,430,1041,704,628,973,364,1342,977,784
1201,586,810,197,1239,1153,921,65,58,365,671,1249,557,757,500,148,505,552,1149,923,908,60,329,1246,791,1242,292,966,205,780,925,504,793,572,907,1105,861,860,487,416,1202,356,774,859,1083,875,1094,1209,43,15,704
729,1270,341,751,576,305,597,559,852,867,1036,846,594,541,827,845,1190,856,874,1176,578,1267,584,1111,828,1172,469,1114,773,1265,854,322,998,864,558,1241,1063,645,748,238,1149,1150,492,865,1012,316,1259,1159,1275,825,964
467,585,604,818,730,592,65,553,663,1135,1226,1200,1171,1243,1258,170,60,494,761,133,1371,762,825,1022,705,512,1144,611,1354,861,550,1084,1127,127,1297,669,1271,295,1260,524,1273,603,536,1235,1238,1008,503,1012,856,594,871
529,1262,341,842,317,888,1255,592,343,1260,319,1369,556,591,1141,335,952,862,854,65,1208,571,56,1110,204,549,1273,890,603,316,860,836,853,75,1259,304,1239,960,801,699,838,966,72,586,480,541,1083,1143,207,1207,858
652,862,1371,852,816,1271,1270,860,802,1058,823,1143,758,504,1263,211,71,1249,849,60,585,313,950,1235,871,1247,317,855,1276,878,304,332,1264,319,555,572,553,578,741,1236,1254,67,1177,63,846,603,837,858,1039,423,1223
886,975,687,455,997,430,1129,440,1195,545,910,1070,648,1188,805,1019,1169,449,438,29,1331,1041,1191,477,1300,1043,1000,987,1351,646,509,28,454,1204,1108,309,5,1013,116,815,973,690,118,1324,1074,493,45,1118,516,1105,253
1240,28,459,445,1041,425,426,1038,430,1327,442,387,1049,628,977,965,258,93,252,518,385,1042,1204,700,1029,655,397,140,1293,613,77,1320,427,149,143,687,1175,1313,1321,1322,449,1061,35,428,118,20,1124,24,1067,468,447
648,1259,1225,860,928,854,1235,924,1156,541,824,585,1247,879,205,319,1360,1270,60,1272,885,1012,1370,875,312,1352,966,823,862,1372,206,551,524,341,1354,797,215,819,1260,14,863,214,603,816,780,869,601,596,74,547,1206
1250,1242,766,487,439,473,172,170,1171,871,1341,44,143,818,233,747,1226,864,676,1056,438,827,732,803,1022,1140,780,1136,1058,1152,566,422,817,870,486,47,278,238,790,825,147,795,2,489,98,1063,480,859,1297,1027,1099
630,293,1135,47,1341,780,826,939,631,177,1084,308,853,906,768,1258,503,278,321,818,793,22,930,1217,46,1290,741,730,1058,286,835,1205,660,950,1218,476,98,38,876,193,970,257,756,1262,1252,1275,534,287,1154,567,550
898,994,142,119,149,784,234,1287,91,655,1202,1322,440,1042,1175,1351,1019,351,385,294,982,628,614,918,455,1047,1204,1286,470,459,997,1345,1057,30,974,649,688,1318,703,1004,387,1311,1095,426,1041,20,31,250,487,427,136
463,1063,1008,292,320,491,172,434,1242,553,871,473,1341,1153,487,1226,1022,1291,1266,867,504,495,1223,177,780,422,1012,1050,1101,307,1316,570,110,741,159,836,766,233,1349,486,314,791,201,1371,44,991,376,758,1125,1099,416
11,319,110,585,771,304,326,1141,1022,1213,1235,23,504,45,692,862,840,558,201,824,1223,534,214,593,1212,511,1309,846,966,930,1364,1266,70,482,310,842,290,410,604,777,1244,368,867,853,825,260,1373,109,570,364,238
457,556,586,366,592,300,522,917,324,375,1262,1272,175,86,575,913,371,497,962,1354,211,1365,1346,50,855,928,670,808,890,494,554,1268,189,329,1266,202,1225,738,423,1107,847,551,747,839,744,1077,319,832,774,562,750
73,11,535,561,437,1294,119,823,18,90,108,15,1008,410,1173,141,697,1288,110,570,296,92,692,256,364,1050,378,87,302,975,669,999,980,452,1051,626,62,670,451,1161,411,954,1131,618,1265,420,20,1120,1326,319,487
224,445,447,459,1321,590,1327,1204,1041,752,982,1311,779,1287,997,1050,145,143,509,403,507,430,442,1320,613,77,1296,1052,1049,385,1175,628,994,1294,700,720,465,996,1322,1038,976,274,703,691,655,706,93,977,0,17,514
313,442,617,1318,385,387,687,28,445,412,982,614,429,1320,77,1311,447,427,613,253,1175,463,143,350,1204,532,1313,380,1287,509,1052,397,20,24,1046,417,636,430,518,459,1321,315,514,1292,1050,0,785,142,440,403,126
13,614,1300,687,509,149,270,16,143,442,447,628,445,28,24,613,350,800,683,617,434,153,703,1046,1023,1324,1294,1020,454,9,170,125,315,1139,1327,1321,1291,996,1038,136,403,784,532,1082,1050,657,779,1328,465,390,514
571,60,582,834,864,778,214,1259,551,1217,57,329,846,1113,498,1263,524,857,583,1239,1273,758,1247,317,1177,66,789,998,862,1238,592,553,861,1223,1266,1128,1271,502,1208,825,1141,522,1211,547,1158,302,236,1265,845,816,1370
227,28,445,425,1052,628,687,977,252,447,613,258,143,406,1313,385,463,380,387,93,700,1175,1293,442,30,1311,973,1041,1327,590,270,976,430,518,1026,509,350,1322,691,9,996,412,77,968,532,1292,510,1124,982,1019,614
1196,28,1052,445,425,1041,430,1321,1175,258,1049,385,77,1095,397,93,1324,720,1327,252,140,1322,143,1204,1004,1313,351,17,125,142,691,655,1042,1029,977,616,426,380,687,973,412,701,688,132,703,1046,449,1314,271,1076,613
945,459,445,538,1029,1327,700,28,1321,35,617,1052,350,1165,616,1047,1201,138,657,380,992,425,438,136,464,383,997,125,430,647,1292,150,1310,403,258,400,613,270,526,273,720,1322,544,454,132,24,116,1324,1351,1048,1118
820,1022,294,438,705,1155,1141,524,862,1063,1246,825,1270,1259,233,780,570,1058,571,1113,585,1099,1152,646,324,319,201,148,1359,766,320,821,998,464,197,860,827,487,1000,198,103,1344,3,553,835,1012,871,1145,662,816,742
200,28,93,1321,684,1061,720,454,0,430,380,145,1314,752,973,399,532,634,590,412,1292,1029,387,691,91,1095,1041,1070,514,614,138,667,9,807,687,897,613,409,655,700,116,77,398,17,35,148,1042,683,983,1007,991
812,862,775,878,853,852,541,844,1059,692,329,756,104,290,854,1238,1277,581,1044,57,324,236,1235,871,864,233,575,545,860,842,834,873,319,206,205,890,1156,824,1315,202,335,565,593,857,855,802,866,559,803,578,986
944,425,463,975,1089,250,977,327,687,996,636,557,445,706,1324,1071,919,141,997,140,984,1049,116,1355,800,533,409,136,662,31,784,17,691,801,979,1342,1327,37,532,1345,274,590,1175,1005,655,142,679,516,742,929,1041
464,862,1238,319,846,583,585,633,834,504,581,826,841,827,329,584,104,1271,62,553,57,803,551,1270,603,776,1058,1022,1113,863,824,604,565,787,859,211,1241,61,574,816,1372,593,854,860,857,775,1228,1235,795,1256,879
49,28,1052,1322,1313,445,613,385,1029,258,1321,143,17,1019,426,430,24,518,1204,700,720,1139,442,683,141,994,350,982,1310,425,417,35,1003,628,976,1327,140,1049,447,897,93,459,514,1286,152,468,1038,1202,1026,973,1041
1099,261,616,1161,518,1014,463,394,429,1292,703,1038,35,141,1162,1005,417,399,1018,1320,257,1092,1051,253,533,974,393,93,657,118,28,563,766,397,430,700,441,1174,1327,453,444,381,815,255,445,1324,1049,425,4,991,412
721,585,551,1238,583,319,1191,794,63,1177,54,780,504,597,1353,524,493,570,606,146,824,1235,837,1241,484,1039,1030,1055,1239,1219,841,181,543,582,1354,1228,211,586,331,1271,58,603,778,908,312,787,619,754,1222,1205,121
1111,1204,1327,430,634,977,784,700,1019,688,1052,255,994,1322,613,684,447,116,628,1041,125,616,1313,426,985,1046,1165,968,77,1320,24,28,463,387,649,1005,982,403,258,768,180,459,1049,973,696,93,1026,1310,896,636,701
565,1141,864,1113,862,1058,859,522,1241,845,871,1068,780,974,1136,819,1223,671,783,1271,329,60,877,795,810,793,1208,778,1249,1094,1156,769,1056,148,219,751,61,524,816,203,827,876,44,585,834,603,201,825,1297,764,791
543,835,908,1259,373,839,945,210,721,595,312,1237,1245,1239,545,1186,861,906,924,591,907,1235,557,319,62,777,69,558,1274,582,1247,1121,578,276,1238,593,1179,854,847,855,764,840,870,1231,523,566,71,826,371,596,803
1061,729,149,414,464,984,1038,585,577,261,535,148,1082,110,655,661,257,1168,389,681,459,553,136,272,67,689,427,271,159,1068,703,1258,965,599,273,1041,862,531,201,1297,381,824,1286,391,152,581,536,28,103,619,758
498,1141,585,66,818,1259,570,1240,1144,780,1354,584,853,583,328,844,592,860,576,862,787,748,522,775,832,824,319,170,504,928,1225,536,1152,565,490,1359,1022,777,486,203,795,60,473,524,846,861,1242,211,770,1366,1248
1128,1175,1052,687,28,143,425,1327,1321,977,613,447,700,1049,385,1322,252,380,1019,459,1311,1310,628,77,1046,1320,973,149,140,442,976,1293,509,691,965,1324,614,1286,142,1018,518,430,17,0,253,896,616,997,617,449,225
949,411,327,1136,44,258,482,702,441,1308,1305,287,1259,1135,1342,176,35,435,429,378,803,455,292,1341,426,1063,550,725,1161,683,742,41,989,974,264,1348,66,278,421,852,1068,25,1210,174,1060,553,1162,364,1071,14,1171
679,856,1210,823,1225,324,854,862,841,1262,536,633,866,846,304,1259,572,1238,860,522,892,867,569,316,126,885,1368,780,871,852,1246,988,1197,1252,874,1093,604,952,1191,69,75,433,890,1113,1337,1232,479,550,928,844,59
97,390,804,510,412,1014,381,393,991,437,968,403,392,440,234,364,394,20,919,427,636,616,1202,784,433,980,1320,389,531,136,518,448,93,126,435,617,1027,982,445,400,110,4,1007,18,447,1292,641,514,148,805,270
569,862,197,853,861,860,1022,60,780,1058,694,832,329,326,211,741,575,583,283,181,319,1248,1236,859,816,104,766,376,609,179,154,1263,1247,65,585,846,335,952,487,714,802,214,57,1238,856,1223,702,845,551,284,823
308,24,628,425,132,1321,447,657,145,655,350,544,1052,779,590,1295,1041,119,389,252,144,258,34,459,269,20,261,619,107,560,532,700,470,254,1049,506,30,973,134,996,679,440,971,264,21,420,433,1292,1175,381,661
901,977,1014,119,1314,973,1322,380,1300,1292,440,20,815,532,687,383,390,982,87,1176,1046,468,613,417,805,17,784,472,1173,270,616,315,1327,518,118,1324,125,458,1091,442,1031,703,526,425,649,429,245,996,136,657,180
1264,526,1241,556,1209,308,741,59,494,1260,578,1177,841,1114,1240,1245,1371,54,747,570,1144,530,736,1341,1060,1332,293,917,473,1262,554,586,1275,777,1354,1217,170,944,522,1108,858,300,803,66,1252,1210,65,1039,1236,1191,1179
1265,1311,518,28,445,1204,412,687,425,403,447,617,393,1318,1287,532,1139,649,24,613,464,1052,136,514,1019,390,395,427,535,141,426,655,616,1293,1345,438,153,159,350,1047,968,9,91,1095,1020,1296,703,533,149,233,691
756,687,24,425,149,1026,141,628,691,1204,994,1041,1052,1322,261,616,445,28,417,700,385,1046,997,447,518,1327,703,442,1286,1294,1324,427,145,406,532,387,1287,693,390,463,996,655,779,118,1320,516,976,77,1017,1045,1293
342,687,24,613,234,628,1041,1038,977,1052,425,518,378,28,973,427,417,1313,20,459,387,454,25,976,700,385,390,983,440,149,463,381,34,1327,412,997,1286,1026,391,11,655,426,1004,142,980,258,406,1204,1322,468,1311
617,862,864,319,1270,583,585,233,1259,861,211,823,871,1058,553,1246,854,863,829,860,1225,194,852,60,859,1245,1228,604,1271,1263,1359,1258,1262,855,846,210,576,845,551,816,1242,928,887,594,1115,1187,834,1239,57,568,329
590,1248,859,823,60,586,786,596,1239,787,862,1238,869,775,69,799,839,863,504,319,286,522,824,603,581,1217,551,1277,1240,827,1235,570,865,1259,585,214,367,524,539,1265,376,71,583,834,835,591,320,113,860,847,1236
664,1258,1205,585,571,864,1219,198,854,836,1223,835,845,1242,1053,1206,988,1270,91,1152,356,65,67,551,1177,201,852,611,329,1246,741,176,890,1022,226,717,866,952,1239,1236,583,1218,1371,1249,197,886,1364,780,1191,1221,874
431,1052,800,1041,117,965,17,900,616,687,220,977,1313,709,628,387,642,951,252,260,533,267,234,463,1078,355,42,29,145,684,350,1042,228,732,901,219,255,333,425,1037,1015,638,1040,994,975,468,1061,142,691,449,242
59,1176,862,756,1022,1371,211,126,434,1154,583,624,287,864,1145,826,1352,110,650,1288,146,570,631,1263,87,219,497,66,1127,502,1221,818,225,526,798,1273,803,1238,1058,268,46,672,408,307,230,867,547,335,275,1099,1226
765,618,273,453,1173,528,154,1022,304,824,389,198,1174,437,1014,1032,302,1145,233,1197,862,1246,1125,805,4,392,352,1118,729,631,1316,929,158,395,391,146,426,1096,572,1337,1288,234,533,1036,1162,356,87,1176,1111,825,33
369,704,626,815,392,1325,1091,441,747,197,1331,643,486,364,637,987,165,1290,532,322,1259,1073,1,395,95,1288,109,133,607,993,1063,219,764,662,172,803,841,568,1261,475,438,1332,211,675,68,775,558,825,762,1245,836
503,1219,201,329,487,482,1056,267,464,1022,871,835,585,1171,1136,1221,491,274,292,503,61,864,780,543,435,1235,671,1187,1243,1023,1258,159,1200,683,465,778,870,524,793,1152,1340,978,1342,565,852,172,574,623,1270,1249,593
1226,387,252,425,125,445,426,24,28,1321,406,350,380,1041,468,1292,725,706,518,296,230,270,599,657,459,430,32,1061,0,463,254,141,441,1324,985,800,1289,703,1311,389,271,444,258,429,982,116,1038,241,225,538,560
1285,1259,825,211,541,202,601,946,331,1368,341,189,1141,1273,1212,579,949,1245,856,594,1366,312,891,1309,213,210,1372,913,1268,933,945,846,12,490,1359,578,962,596,1252,22,857,1186,1354,961,370,203,873,317,151,629,21
598,1311,756,1303,251,545,385,1247,559,511,1150,740,1368,1152,941,134,1016,141,1024,75,379,183,973,390,977,312,513,304,1039,942,6,987,911,403,558,1209,541,1003,221,832,184,176,798,1074,1346,968,427,302,1357,331,67
240,704,1200,766,916,65,1344,1173,60,435,524,438,1153,110,663,570,491,172,103,203,1171,329,409,487,1068,1318,1304,320,381,1190,1022,468,264,441,278,670,464,1228,429,1316,1246,790,514,620,571,506,825,585,1297,921,998
376,823,1210,372,682,988,1248,164,500,1304,38,704,66,359,113,433,1135,365,586,856,331,58,1191,600,569,820,603,865,1120,41,211,686,786,1217,583,71,167,354,1167,816,362,962,795,607,596,862,1007,1262,1164,314,525
198,687,425,977,1300,412,532,119,403,255,518,445,430,28,1041,116,1026,1293,1204,800,387,1327,703,24,616,470,383,145,385,25,220,393,1313,996,507,261,11,984,613,805,980,438,1076,680,405,700,35,258,1324,378,1176
573,1158,998,824,1270,864,329,620,827,553,307,1259,233,1190,1120,319,846,279,836,57,203,565,802,1179,604,852,1177,1014,170,152,780,923,1246,1102,324,1263,1236,940,829,1180,1119,1022,633,584,819,177,205,558,582,1242,825
23,687,425,703,412,117,141,442,1161,16,24,445,11,1052,28,32,1204,628,116,518,973,252,9,1018,447,118,426,706,125,30,220,514,1313,688,261,429,394,34,1287,145,448,417,1026,93,403,680,440,983,1300,40,5
255,537,84,1349,798,1339,1356,913,288,884,1023,1193,1257,627,868,899,334,1253,1147,1369,591,222,182,851,213,1224,1121,6,932,893,1350,467,1235,346,1065,207,358,360,966,361,520,363,1024,199,1279,819,1374,889,1254,142,695
1172,50,705,1160,844,370,850,202,88,928,948,858,1212,1215,1261,891,926,609,335,836,1047,324,1238,1201,504,615,888,797,694,1273,63,946,587,1260,1268,203,890,789,54,175,1000,311,375,644,160,648,887,931,730,757,1319
223,613,442,447,977,426,1052,385,24,417,412,463,968,1026,982,1324,430,315,590,616,973,1041,975,140,472,390,380,429,0,815,406,378,119,996,117,991,270,976,350,994,532,919,617,149,459,1311,1019,703,118,1287,384
760,268,463,636,38,585,1014,148,415,219,965,994,145,1032,704,628,253,706,37,257,724,391,482,1175,230,531,1023,315,136,824,325,977,254,380,804,138,662,264,1091,533,975,249,1152,234,717,425,1038,514,1005,687,1007
1296,717,1075,535,1007,454,916,620,821,469,1067,1037,166,4,921,697,516,1000,398,1296,910,507,435,86,136,1248,152,923,1293,1344,165,1200,920,35,154,612,744,1100,41,172,161,568,1214,452,415,1051,15,585,487,274,380
661,841,1141,892,941,1223,450,854,1179,494,591,341,885,794,764,1259,1254,938,931,581,593,1268,874,566,206,1180,1372,313,555,572,890,1261,808,880,373,113,875,1146,54,853,1283,536,1275,68,181,75,522,995,1235,952,840
533,524,592,862,44,108,1244,329,1349,326,506,1225,854,67,855,585,553,952,1260,480,1209,827,308,670,504,750,102,565,674,541,1179,1249,62,1140,1271,1069,15,950,319,1068,599,1146,1245,933,525,826,591,317,3,571,577
1217,395,687,442,616,459,394,390,403,425,510,445,430,393,700,383,1313,25,315,1175,1004,20,392,472,145,268,1318,1286,1020,412,1038,443,1316,452,1304,532,270,976,617,35,1321,463,683,613,447,379,255,435,977,28,426
165,445,411,259,747,1288,704,1342,380,0,1261,256,662,673,118,258,815,1141,1292,401,491,974,783,429,1071,108,44,1315,1084,116,261,1060,634,1305,85,526,443,685,253,46,660,676,327,1168,1092,766,439,780,345,987,514
1004,317,1002,493,1368,343,178,91,484,295,744,479,424,85,792,1312,978,492,1235,1259,450,176,13,335,248,847,298,162,885,58,329,1353,931,867,786,282,764,777,215,305,942,1080,783,376,1187,582,1329,1354,1039,1253,46
1127,1204,613,1052,518,445,28,406,459,425,634,977,430,17,125,973,245,982,252,532,700,1321,975,385,140,616,270,1327,274,1026,149,417,426,1005,350,261,1292,996,143,649,1322,119,516,1320,454,442,997,24,468,1041,590
71,463,975,518,991,805,425,20,1315,700,410,535,641,516,381,399,138,438,119,23,636,405,1036,784,994,1032,364,590,628,971,662,92,453,618,674,274,655,616,1162,440,703,1310,241,25,815,965,561,1051,327,968,389
962,136,613,509,1003,1322,976,785,691,1321,41,274,687,1327,134,1048,1204,271,17,464,153,459,38,294,734,1340,1202,514,488,683,954,965,1328,1091,261,1165,245,720,768,1107,380,1049,982,742,662,467,700,1132,469,625,779
1121,1194,616,1052,16,634,430,1204,1014,1041,590,261,684,717,1175,25,518,688,256,683,225,442,687,976,445,250,459,17,1050,613,1165,245,143,673,11,919,768,403,28,35,496,977,1067,1025,800,1004,636,666,24,426,507
18,1313,25,991,180,785,454,815,380,40,1043,406,643,117,435,1170,440,718,140,1070,1319,1055,975,921,654,7,225,30,954,245,999,951,1026,258,516,1174,1307,679,910,687,1323,33,378,1161,394,509,48,8,364,426,390
1076,435,661,1202,1043,815,586,95,393,87,766,391,921,620,197,916,146,60,1226,704,154,110,514,712,583,1286,925,487,611,127,390,920,555,647,923,476,522,152,732,441,1153,437,33,389,91,491,18,427,392,655,671
869,1041,1038,1052,454,1327,1049,406,24,28,687,720,616,688,1300,1313,387,470,977,997,252,1324,984,132,30,425,1042,468,149,380,447,800,613,93,1321,17,430,982,1322,385,445,1286,655,518,1199,994,463,140,220,1328,20
477,1340,1135,570,581,584,748,575,522,1141,1113,818,790,561,603,606,328,1058,828,751,144,493,1120,810,504,569,604,842,1348,1273,554,490,1238,574,1175,557,1177,795,169,998,803,771,908,775,99,1140,482,272,1332,314,633
218,425,447,687,468,350,590,252,445,141,1327,617,1067,412,24,430,1095,0,270,1320,518,429,1324,973,393,143,142,274,613,1038,20,1204,599,1049,1292,87,996,965,427,1013,1007,254,655,977,752,514,119,118,417,1047,261
424,1292,1174,1127,1342,993,544,1332,352,672,972,703,434,590,159,677,1305,327,1043,266,1022,1219,1105,464,341,460,742,1083,401,110,45,1319,139,240,9,1099,431,99,552,989,862,21,118,1267,1107,726,90,32,968,364,1051
759,688,24,93,680,1041,1046,994,440,445,636,805,447,378,1204,438,703,20,977,405,1324,614,459,1026,448,117,429,617,442,385,468,390,975,145,143,118,674,1313,417,518,430,315,9,1287,509,142,800,655,1311,996,980
387,11,553,394,470,452,670,694,1332,525,329,1292,311,522,570,1304,498,703,457,861,568,984,50,416,1131,611,1149,302,257,154,722,571,323,1076,419,630,1219,721,503,15,1258,1162,531,427,823,1068,981,263,595,1225,305
777,852,925,923,910,791,1113,1312,144,1247,95,1153,620,790,319,1200,1053,504,586,493,60,505,912,1263,823,175,332,524,181,66,639,742,827,810,802,583,1259,1191,58,1093,1122,1127,1208,429,921,154,1340,1352,832,826,1175
1113,1175,1321,268,720,273,1003,35,138,817,697,1048,533,1005,1165,1311,779,61,281,997,463,819,1222,1263,1322,1044,271,28,1014,77,1247,510,1096,380,245,736,294,940,985,253,1023,791,287,971,1020,740,482,829,1049,1041,619
54,543,1162,503,65,1194,286,994,1014,634,583,684,325,445,496,415,320,702,993,1135,250,311,766,525,1316,401,696,419,290,448,678,145,1143,725,261,1332,1168,253,826,876,853,1246,435,1131,274,219,1154,1226,1145,669,1344
997,1262,864,877,1232,1247,855,1259,816,1371,1261,1141,1214,876,335,60,490,1217,236,1218,1183,863,522,1264,1236,1240,1273,828,609,328,59,1268,66,803,583,586,177,1354,211,603,1238,1180,1225,317,841,1263,860,856,1248,577,780
873,1327,140,459,1038,380,28,258,1322,700,617,468,732,149,442,616,253,395,93,397,1324,387,252,975,1007,270,465,1004,647,161,142,24,393,634,533,683,454,447,425,982,1321,1076,1045,1049,1041,661,526,426,996,17,406
1244,387,28,687,426,385,518,1041,93,1293,442,430,977,20,691,24,149,25,614,1321,454,1204,412,628,1042,800,397,258,141,545,996,393,445,34,1061,140,17,1046,634,532,1327,613,509,449,983,463,440,0,1049,32,142
1068,1246,864,741,1248,233,1270,827,756,823,273,1058,853,319,1152,861,846,57,852,842,854,1359,329,1127,1135,1221,802,1053,491,167,1131,1235,803,571,1140,847,202,867,1208,697,793,862,1157,1211,1094,1241,1092,856,971,780,356
341,445,997,1041,28,459,412,977,784,393,1322,697,1038,694,1327,427,380,17,252,149,916,616,141,25,430,385,1050,1043,1045,703,403,426,428,1020,910,87,510,117,1018,683,1320,145,465,1059,1293,1313,387,77,533,590,661
216,406,447,687,1321,445,261,425,614,1327,1296,427,997,509,514,140,703,93,1007,1052,977,459,1046,613,393,412,532,1328,982,258,149,655,136,1320,732,590,350,9,1018,138,380,1204,1293,999,985,1324,429,1300,463,153,422
1036,1161,234,419,87,25,980,119,636,657,255,632,227,226,1162,687,405,992,254,631,1227,662,1059,452,438,329,1176,245,264,286,1022,804,451,993,315,417,294,261,1026,544,749,391,1051,1127,448,1082,659,669,116,528,429
1307,274,400,294,1162,766,1175,87,1022,143,401,531,1058,25,225,1168,1131,826,862,620,1048,988,985,389,973,1035,403,1149,1340,1297,1105,998,1056,1154,669,1263,276,1063,1008,37,673,1031,1113,1318,666,1094,701,1304,1155,780,307
158,590,1322,1048,445,426,385,968,977,1052,430,973,687,1318,613,417,268,683,294,425,143,919,976,403,1175,442,364,1042,1194,804,141,350,965,997,28,145,93,447,20,440,271,1018,1044,35,250,252,410,666,975,1005,406
1318,910,487,343,1191,522,780,289,623,913,986,181,1208,783,855,704,871,818,1068,527,1012,1254,1270,591,575,1092,852,782,493,630,534,1243,332,213,921,586,1093,826,907,1060,915,1235,854,874,423,382,121,683,1247,1272,1140
585,862,60,1259,827,860,66,312,846,175,823,585,1263,871,596,504,748,211,849,854,1235,1266,376,1246,811,780,859,319,802,565,609,329,928,70,593,331,887,633,555,853,775,866,1221,1190,1354,829,1240,835,1158,1248,875
636,864,307,1249,850,1266,836,1058,1158,1271,1246,867,1217,916,208,1100,802,279,1152,205,594,1276,860,492,329,211,846,1265,854,834,829,859,526,1241,940,1222,553,576,86,1237,1056,69,816,923,79,601,890,1223,780,1273,734
871,1052,1038,425,1327,977,997,17,141,687,1041,468,1286,350,445,447,779,387,28,470,982,406,136,454,20,253,24,140,628,1049,616,800,1089,1300,996,1175,688,143,464,725,1004,703,30,1042,732,380,132,655,440,1045,533
347,1120,524,18,1200,704,480,314,329,923,1354,592,416,1355,1053,1022,1151,503,197,928,1340,1060,557,1225,453,365,405,1342,870,603,981,1352,1341,435,3,1122,844,401,172,15,65,170,498,127,761,585,438,586,604,1093,1012
1301,1351,391,1050,534,590,827,60,655,1200,1075,472,28,4,294,426,687,1004,683,1171,862,766,432,175,714,968,1204,1304,923,1242,91,775,832,96,1120,624,784,1341,148,611,791,887,1068,487,403,1316,347,79,1100,25,986
390,159,268,445,514,412,270,687,1311,145,1097,459,136,722,1310,1324,1292,1342,468,725,655,1202,784,264,997,454,703,732,717,657,119,487,968,28,1204,1091,271,116,17,137,977,465,425,427,1333,616,1095,153,447,108,140
286,1050,381,991,703,378,980,119,315,110,1294,613,1320,507,514,518,1171,451,416,662,426,141,364,452,412,117,411,400,1173,1315,1063,683,679,687,999,433,1306,395,409,383,815,352,380,46,410,87,1161,1153,1176,225,429
1279,1041,28,143,977,125,1327,447,350,1004,406,973,1052,655,616,1322,468,1045,470,17,997,687,779,140,149,1300,93,703,732,430,425,509,697,1027,1049,1038,613,1050,1019,440,1029,965,136,1175,454,532,77,628,16,138,1328
496,498,294,1149,264,570,1058,795,1270,1143,172,1084,1022,825,571,329,487,1102,827,286,604,170,469,862,1053,177,780,319,774,985,1344,496,586,1242,584,864,762,491,238,939,585,196,565,197,1352,550,676,311,312,263,1341
1320,871,864,1141,890,650,828,1239,1248,859,275,769,1236,819,203,1058,586,1110,1022,835,1312,1241,816,491,571,876,922,1271,741,799,1206,715,329,841,60,1230,832,776,823,1094,214,1232,1268,196,862,1234,705,1354,1225,314,486
45,473,465,470,271,1342,1202,1101,230,37,427,159,41,44,273,491,1226,1349,624,1075,327,487,1140,706,268,1172,1097,449,1319,149,729,38,161,274,766,1105,717,425,414,468,514,1023,1092,611,148,239,1345,435,655,954,172
403,74,780,1141,60,66,214,1259,524,757,1153,175,816,799,705,862,863,62,777,776,1245,1225,791,864,826,1238,1246,783,581,319,1258,50,1265,162,95,570,68,170,1262,324,596,871,553,1239,534,166,609,1131,698,670,1354
455,862,823,1177,1242,584,1354,551,871,581,780,1262,604,1146,319,864,845,840,861,203,855,793,292,609,1261,62,1243,866,878,202,1247,525,211,575,201,766,1271,890,565,553,859,60,547,1265,1191,761,853,670,777,603,791
655,1360,1369,1248,744,63,1157,1373,361,873,481,213,74,1110,773,787,211,1367,887,475,508,953,874,1361,933,596,1133,204,1084,962,212,73,312,830,711,551,51,1203,928,181,1100,1277,601,500,886,884,907,484,1160,911,59
978,166,577,989,810,1262,1141,1200,52,498,1259,327,1172,1177,483,592,1226,44,289,335,3,432,1091,15,764,256,1007,746,1156,604,1207,1097,818,611,1171,14,1219,575,981,677,1086,461,1230,771,81,1077,1340,111,1325,598,135
912,93,720,136,399,616,1328,703,145,427,1038,252,350,1175,248,99,253,470,1004,706,1005,270,700,459,449,125,688,153,271,257,26,149,1076,1165,36,426,327,693,975,469,784,1194,965,994,611,1067,1320,385,263,4,1068
132,445,261,449,703,387,1041,241,1052,533,459,732,1017,28,674,136,24,997,1038,655,779,975,253,532,628,220,140,641,254,1320,454,252,427,800,518,977,463,17,442,1029,1321,691,1018,389,138,43,406,1307,480,1049,687
33,1014,1032,669,716,304,439,174,286,971,805,804,626,243,1292,442,196,476,419,951,166,81,522,392,260,977,315,1031,528,230,1082,327,1176,1305,680,460,310,768,251,458,93,1036,405,518,986,673,583,226,1147,1175,994
1017,585,211,522,1236,783,854,1177,1271,1238,57,1190,870,105,1241,574,571,841,908,196,290,529,1119,494,824,864,1239,1248,479,592,810,325,205,890,1260,1270,859,966,203,827,551,525,305,803,840,181,861,871,780,601,1228
814,994,805,1174,1351,60,510,775,1044,1013,687,800,472,974,951,754,119,715,980,1014,1037,1176,766,1019,864,257,286,1057,139,1297,779,1300,815,87,391,804,856,688,1022,1345,1002,1242,268,1123,769,1063,93,970,1031,16,1011
853,687,427,982,965,1315,1027,557,518,977,390,1173,1014,1048,25,590,391,110,1294,700,975,380,1026,24,453,258,616,468,149,429,405,1211,134,315,983,1286,1307,437,417,996,440,968,804,136,1295,425,1325,661,147,974,400
897,1204,687,977,245,628,445,700,426,406,613,385,425,417,141,614,315,1038,454,518,261,634,28,468,459,1046,1313,440,252,442,968,24,983,380,446,1293,691,800,1085,447,1042,1045,897,965,1292,225,975,117,649,17,919
53,406,426,277,273,1061,425,752,1041,32,125,1048,655,1313,1338,430,1004,533,28,17,706,599,535,1003,965,1095,459,679,977,1106,149,252,700,658,963,900,142,734,1047,1109,590,688,1001,350,560,1327,42,114,346,1253,779
1290,1067,1204,325,907,1239,140,1149,143,1141,392,429,586,1294,1366,1195,897,1059,132,1324,161,390,742,1188,1045,378,1008,460,364,617,44,106,1089,421,1091,815,960,1295,406,1152,1292,921,557,1312,785,118,459,985,532,757,1092
960,841,836,1270,1099,1348,81,861,219,1223,1173,1084,764,327,281,669,835,201,205,1238,1261,246,662,828,1236,753,714,1211,1191,329,1162,1056,170,864,1258,1341,289,577,1014,547,585,475,243,1141,1180,477,1333,984,1140,859,274
1267,780,329,825,62,862,583,570,823,1131,778,1238,1030,1225,1056,314,1258,1177,824,586,1221,1152,103,553,774,571,1022,1352,861,985,870,110,826,604,840,324,1113,1119,1340,863,1228,1093,524,835,669,1304,1245,211,864,1191,203
773,862,570,329,766,522,1060,584,1238,196,1119,214,864,818,859,319,861,85,166,774,575,536,1144,493,1014,828,799,633,747,795,835,1113,990,490,1330,810,581,1191,1120,1236,473,1354,22,133,170,986,913,604,841,703,823
210,853,1262,852,376,823,60,592,1372,583,1263,1228,329,1258,780,1354,603,777,819,1141,585,1111,864,524,316,966,826,787,859,1225,551,371,829,144,574,566,1119,1083,70,845,572,1240,865,211,1115,748,1251,1128,321,335,840
603,1141,319,376,861,1225,555,863,1248,1156,63,806,854,928,582,858,1238,1247,855,551,775,875,1232,570,522,853,1236,592,1228,210,819,181,368,211,586,525,175,844,283,371,832,1372,375,104,803,864,594,1259,877,584,197
1161,426,159,172,1048,439,116,161,1165,789,166,544,987,1139,919,468,729,684,264,258,440,1140,1101,1038,570,1047,1194,1341,642,17,994,1188,46,491,465,1052,62,1010,176,425,1118,1292,539,614,703,683,447,315,376,528,1291
275,514,703,445,532,1046,136,350,996,1342,1311,143,403,459,1318,1204,655,270,1287,613,429,17,9,253,383,977,465,28,649,411,1292,982,434,464,438,1027,116,973,614,448,145,378,140,997,412,1175,149,636,1018,968,1327
509,487,1200,1140,103,202,585,233,1354,823,514,551,524,493,211,320,201,583,586,862,198,581,1248,930,292,985,853,1012,203,615,1349,214,419,871,402,775,1144,609,1168,194,1344,175,844,1236,197,1352,870,1366,670,826,818
1302,570,844,292,453,1352,585,304,1149,251,1068,522,862,1131,832,824,379,1162,1082,775,1177,841,1226,584,1111,320,52,604,410,593,907,633,1248,364,1175,4,751,988,1200,391,1340,626,1211,105,39,403,1238,1014,290,1341,1364
1078,517,871,319,58,206,581,870,860,1235,522,591,1354,869,582,1277,138,777,824,456,859,861,485,1239,879,752,586,69,806,348,842,555,59,95,481,1192,839,1238,1153,576,1370,823,757,1232,832,569,775,205,284,1201,46
755,1313,994,230,628,1041,1076,691,219,243,997,281,1324,425,138,688,463,732,145,24,274,261,16,1049,1036,1327,768,399,784,532,28,1045,687,1322,258,1037,616,977,234,620,1328,1023,1195,442,1017,17,140,657,394,378,664
495,1312,862,823,1259,60,319,780,766,748,211,609,214,601,816,292,586,283,861,376,776,787,66,189,1242,1248,524,202,758,486,63,1131,775,777,151,799,774,841,705,928,312,181,162,1372,1236,127,765,791,570,170,596
1242,1052,977,387,28,1320,380,1327,1321,430,965,17,616,459,1041,149,1314,1322,1038,426,1003,397,0,442,1313,385,425,613,143,77,440,125,687,688,93,1175,720,800,1194,997,1046,731,1049,274,976,1286,1050,395,617,807,394
620,862,1271,1177,816,553,1223,1068,861,864,841,236,1236,201,852,780,826,233,1259,854,547,1258,595,741,319,1242,1238,1265,1221,133,823,1155,423,871,834,863,1225,1266,585,827,859,1211,66,524,778,1219,104,1206,819,818,1208
359,385,1204,141,387,28,447,1052,403,143,252,613,703,397,315,406,426,270,35,1320,261,1324,617,412,136,614,464,1321,442,1202,380,463,982,1342,1175,532,732,351,1287,996,691,465,430,429,687,518,274,616,976,459,706
672,1241,803,1141,835,862,1259,1155,290,329,823,1058,62,1119,575,319,845,1258,593,1208,307,1022,493,827,1246,316,571,853,818,841,305,1180,871,1156,1242,859,211,1211,834,846,790,233,828,662,1236,793,312,596,780,854,646
1253,381,412,403,416,411,405,30,1202,613,141,531,409,438,503,1304,118,378,34,170,390,590,1171,394,155,402,431,861,532,704,478,398,453,1318,9,383,11,984,24,514,617,752,427,655,698,714,898,401,1294,422,567
1291,1019,1022,261,1014,439,283,1141,1118,400,1320,391,1312,87,279,526,829,715,1263,837,553,225,1336,1333,713,198,1335,1292,994,383,1212,620,1296,572,257,804,313,294,419,200,714,916,993,960,642,544,1258,415,401,94,152
334,691,779,470,425,430,261,703,655,468,1041,445,706,1019,412,406,1293,1052,1269,984,1061,693,1004,138,919,514,132,1020,1324,447,687,372,1017,440,389,614,1204,442,140,728,77,1311,467,1003,136,720,180,535,1049,507,454
744,818,803,316,1155,775,278,126,86,823,972,862,841,324,98,1239,491,1113,304,871,650,95,12,846,233,1246,827,571,825,429,870,624,762,1241,1254,1022,1341,47,166,1371,1248,1364,326,299,439,1297,317,1261,275,226,219
64,583,862,570,347,1156,493,1200,1120,1191,557,775,1206,761,866,457,623,14,750,201,581,1198,860,670,1068,558,1140,1123,795,572,1238,205,799,319,379,1100,154,522,1,268,524,1144,1187,203,844,197,922,1053,1236,1149,1197
20,687,403,143,590,968,447,982,996,1050,976,1320,1310,258,28,507,24,429,315,442,440,35,425,977,1324,1026,350,617,514,383,509,973,1018,389,1313,532,994,1321,417,785,1139,1292,270,430,25,616,93,1315,1300,2,468
1137,717,406,463,1092,1076,784,424,1321,1004,414,1295,459,1175,399,533,1095,568,728,268,703,906,464,117,746,1333,1118,1165,1005,686,350,683,1322,418,461,1049,140,90,1140,142,409,1072,77,1327,454,693,1338,430,10,36,706
221,149,1052,628,447,459,1026,28,430,406,1041,454,614,977,1038,779,412,703,380,442,143,77,1049,965,1320,445,426,688,117,706,687,800,140,680,387,350,1327,440,449,655,973,994,1067,145,1061,919,1328,1293,25,465,1175
519,460,1155,1291,198,929,327,1297,624,656,40,110,221,1226,724,1154,1008,289,650,90,698,453,219,1065,852,815,254,264,1089,9,132,158,970,197,1068,172,324,866,836,1218,1058,678,991,876,871,703,1136,1107,855,793,1208
707,473,148,487,704,747,44,1089,159,1090,1236,1014,1099,460,274,264,791,986,1136,1177,780,421,433,1325,570,453,1247,480,526,1094,584,1366,448,536,586,1352,441,706,1060,65,1235,522,423,1191,353,164,419,1045,923,1239,1304
1312,688,387,700,277,1004,406,682,1019,1095,252,336,1124,1224,734,363,897,616,720,1042,1345,691,428,1338,868,640,156,1250,28,896,695,652,188,10,759,872,459,1203,89,899,76,1322,1006,136,1195,836,222,1279,1106,1118,824
984,1328,1175,1246,1158,438,700,1211,400,274,516,1058,1236,611,292,918,1102,1266,1286,1152,1241,1191,1037,1177,824,1005,1270,703,1107,512,852,388,136,717,176,817,997,706,557,916,923,620,749,1071,984,507,61,1120,864,312,425
245,28,391,687,442,590,1315,649,4,1287,390,1026,25,1204,965,429,141,628,364,1045,1313,1311,655,478,472,613,703,417,1300,447,991,380,453,975,463,20,405,1063,11,145,389,110,614,1044,616,425,350,138,261,108,634
335,1049,1041,628,687,1293,149,261,387,1311,1038,459,30,616,427,997,1204,17,380,445,426,447,1322,470,425,982,119,253,1321,973,700,1042,140,142,449,720,533,1095,393,655,1004,1067,779,965,385,252,145,77,617,800,1046
1096,1209,486,966,888,205,304,1156,74,210,343,1115,871,820,51,204,887,868,368,862,787,591,59,1208,579,1180,869,75,317,856,1256,765,229,911,1353,1259,335,534,832,825,1369,58,892,842,890,1349,603,319,781,950,853
979,425,1194,41,691,260,426,1100,248,464,919,706,543,1075,509,977,1293,800,93,355,1342,616,1221,1135,179,741,253,683,551,252,1195,1091,1314,1067,279,38,1052,34,37,1175,1050,1295,1097,914,268,277,274,961,212,142,1286
168,465,172,427,152,1063,526,769,99,1342,730,1340,1314,491,864,1246,1359,305,620,514,1172,1022,604,66,1135,1205,1271,147,161,570,1094,732,585,543,492,998,1025,1310,662,675,706,15,1171,561,828,1056,239,701,544,1275,445
1150,1113,1107,641,1118,248,988,274,791,482,294,1022,165,827,233,1014,750,1227,1304,533,1246,1058,290,1152,429,876,507,1236,1249,391,741,784,701,998,1101,100,389,1211,1112,251,766,1175,315,1,164,1037,1344,239,939,852,1145
1064,225,475,274,766,245,219,1175,687,220,636,725,268,469,1092,1014,249,243,1078,93,260,536,254,228,669,242,1127,4,994,951,415,234,772,273,744,706,482,754,1251,688,134,498,1345,419,119,585,1313,1159,1091,800,703
1011,1246,1236,862,1136,581,1058,816,203,1241,1,775,1242,329,689,66,60,570,795,1271,1115,835,826,1266,583,790,650,356,400,853,1044,201,279,1171,214,1270,1247,65,714,202,233,1211,226,824,321,239,325,845,633,793,1146
242,1171,425,655,152,1321,1012,624,136,687,507,1007,996,509,662,151,1323,436,1294,98,683,9,991,703,1173,1095,469,1296,643,1037,818,704,611,1120,1312,1293,1340,516,752,972,1219,438,815,1316,93,174,666,435,732,693,0
233,1046,717,800,256,1292,161,1332,701,459,1105,498,1071,449,40,140,1095,703,1294,465,454,445,1008,136,258,1300,412,697,1091,286,422,447,687,896,1296,1194,385,1041,727,93,219,97,1152,149,48,25,1313,254,977,502,762
993,264,146,491,1140,487,50,978,503,495,170,314,1153,990,689,853,159,438,294,1141,46,1022,279,60,1047,825,862,1068,586,1258,453,1171,1056,172,473,910,201,1354,1341,203,1152,1352,1174,411,780,329,1135,1145,197,923,283
1135,399,700,17,149,255,533,1327,87,445,393,616,977,1328,140,225,1320,406,620,510,380,463,687,1041,261,657,395,507,1052,752,38,1018,628,119,454,253,1182,459,693,468,425,954,994,250,996,992,1322,1174,532,427,91
917,425,617,1321,429,463,350,703,532,427,689,136,472,785,447,258,403,24,315,1026,1310,390,973,752,706,509,394,9,406,440,700,424,976,442,454,977,438,28,378,149,261,590,25,417,1311,720,1324,1204,648,649,1041
437,595,16,62,1013,1012,252,1056,518,1238,770,648,430,1270,1215,590,667,329,1321,1058,398,753,826,799,835,653,1228,88,403,228,586,878,482,638,565,670,40,279,257,35,1020,496,1171,1231,452,654,266,827,960,170,489
637,641,470,433,25,1304,687,464,482,697,172,701,159,448,729,991,110,119,400,1176,1318,528,453,327,36,965,35,136,1173,1295,568,692,111,487,1007,611,1171,815,1187,239,1230,452,1097,974,38,294,1027,158,1014,4,92
474,617,752,487,438,1140,1242,176,687,136,514,510,472,996,1202,1310,139,1300,628,1311,669,1056,439,152,403,998,1364,1139,571,143,99,968,1315,422,661,327,166,172,533,435,965,1286,897,977,126,1173,766,649,951,1292,614
1039,438,1067,669,1340,1155,1204,1320,954,716,378,1318,143,1036,1177,1271,1127,862,758,509,274,219,1058,1265,61,620,411,389,592,447,1180,1217,1025,1031,655,1099,514,523,577,583,1239,1045,1202,148,1082,752,553,687,1211,691,698
675,752,32,230,4,277,706,336,273,387,449,1300,1338,762,49,250,1333,1290,1345,414,975,41,997,1293,614,1327,961,464,281,1301,168,1001,149,638,431,693,347,466,1324,255,965,1117,115,17,962,1078,43,1160,725,293,934
1309,425,25,426,687,440,994,442,385,141,405,472,1052,430,706,33,1320,613,1026,683,390,1293,315,378,800,716,614,403,245,965,545,805,35,986,1204,703,1067,1045,406,1037,648,351,1050,9,518,983,143,348,93,150,564
674,1342,488,570,46,50,465,242,1316,841,922,105,495,747,748,1212,550,319,329,1230,172,211,646,376,1329,594,314,607,1268,464,259,486,32,68,455,1153,1325,3,402,604,993,491,890,867,487,320,356,1234,722,770,891
839,687,445,518,9,258,442,996,412,1026,28,403,691,703,1287,636,463,385,1018,1052,649,447,1300,1311,977,1293,17,270,514,919,994,116,439,1310,141,378,613,1046,438,24,136,509,1324,315,405,968,785,688,980,261,0
823,387,1048,780,1092,100,1107,324,1264,168,172,611,1075,1113,827,1022,1047,716,464,1218,294,823,741,37,166,1111,489,198,791,1371,985,469,356,861,1304,571,1094,491,92,1194,1125,1106,1254,1120,329,1158,1118,1263,1135,873,233
173,585,581,835,1228,1271,320,292,592,504,871,570,1223,1371,1236,862,1238,205,1200,524,864,780,1354,577,584,1239,854,842,863,1146,769,853,1113,860,799,1177,1211,827,329,1180,824,60,522,1349,238,1058,603,319,494,852,66
671,4,307,1122,611,36,191,268,784,32,543,109,110,1313,790,567,329,535,1304,1293,1366,614,580,502,564,102,600,197,104,348,491,1044,1338,637,153,859,498,1006,638,497,775,356,489,804,918,382,296,320,328,139,457
591,570,1179,861,780,840,824,1258,845,775,292,1271,593,236,205,604,1119,592,201,862,871,864,1146,494,62,863,1180,1238,1354,609,329,1228,66,866,1259,1177,854,832,525,308,325,827,769,1211,841,584,204,1225,1206,1205,194
178,687,270,143,28,982,400,991,613,996,1310,1141,669,425,434,919,518,714,1018,438,973,1311,378,9,1096,403,977,389,514,590,327,657,176,1316,258,1173,1320,148,411,107,1287,507,1014,985,795,384,1201,1332,510,420,256
1101,425,1204,616,1327,1175,468,628,447,687,270,977,125,1045,350,1324,149,385,143,252,430,24,703,261,1041,725,1321,253,406,442,1320,997,393,17,28,1046,140,1067,800,449,219,327,691,533,315,464,655,470,613,380,463
124,28,1052,1204,425,149,1041,445,17,258,518,1292,703,93,35,442,426,509,430,447,1029,973,1327,118,387,613,691,143,141,628,261,687,459,0,140,454,590,976,148,385,472,16,614,24,136,32,999,412,30,438,991
127,1176,463,1174,971,586,167,1171,1304,1172,107,592,1248,1294,433,405,144,823,1173,38,621,712,986,329,416,752,324,165,1314,90,69,704,568,1013,411,991,775,646,1099,152,429,929,392,425,465,570,571,597,550,224,1135
1148,274,425,1048,387,252,445,1320,1052,1204,1107,463,143,406,469,28,426,253,427,684,706,994,464,691,141,447,533,1044,271,919,1047,350,1321,409,1202,424,1311,680,378,1322,351,720,655,353,403,996,616,1152,9,815,1295
819,387,1052,385,728,1188,833,1356,258,281,1339,78,1313,1253,820,363,1046,688,117,1311,1065,977,695,1080,735,537,1216,449,812,1189,217,894,519,1185,346,1103,1066,303,707,1042,40,963,1024,422,1350,872,412,627,546,1006,932
428,1340,1022,1352,273,677,152,988,266,1035,662,701,166,1056,1171,165,1113,1355,689,1100,498,742,274,766,161,780,620,450,663,497,264,127,787,1097,1141,44,1091,1014,1151,526,705,494,1200,146,408,1053,491,1120,465,1123,1127
1243,445,387,1052,28,509,1321,691,617,380,149,1202,77,1029,1314,449,403,442,1139,0,982,1293,1292,385,389,1327,700,464,613,459,148,1038,996,397,261,412,152,350,145,655,430,35,977,976,1003,703,426,1094,136,9,706
1080,586,912,916,1202,506,620,487,923,920,95,60,694,921,524,1120,175,821,592,1153,146,661,92,197,43,87,464,1168,1093,214,766,791,15,451,925,47,823,514,1226,1336,320,750,986,1140,1151,522,1225,790,437,490,1031
459,823,862,775,570,1238,60,1259,329,585,320,596,1149,304,879,861,780,1156,1152,504,1226,1141,1228,522,786,1372,863,774,1248,1236,827,1352,757,1277,1242,607,376,1131,787,1272,151,214,1354,110,211,319,1211,565,62,860,603
1139,268,800,784,470,1025,1345,149,1097,188,1327,994,1048,1199,459,1049,1300,253,1023,1195,454,273,1047,17,260,766,1310,1091,220,182,768,1062,234,230,1042,49,414,247,532,1135,590,664,37,1019,984,1286,449,1068,285,1038,973
276,613,1204,430,628,116,425,93,403,532,617,28,1310,16,445,1292,9,634,1300,982,590,965,700,378,977,442,125,417,1314,976,680,77,17,616,1324,463,683,258,1047,1004,1293,1008,454,1049,507,994,614,703,25,118,1005
438,585,1270,600,862,522,292,543,741,611,211,861,1372,536,775,43,859,194,583,326,66,863,867,473,870,570,452,453,524,502,331,593,368,1162,915,319,908,523,854,1082,1236,1248,989,1131,835,1246,758,1146,104,553,110
1213,425,687,691,406,784,149,28,1139,613,976,385,77,1322,628,514,680,912,1327,617,636,994,142,700,614,1321,1175,468,9,1018,997,140,538,459,655,1019,611,281,1041,1048,1025,1318,1029,1204,141,1311,683,507,427,703,438
546,1058,1155,1141,852,1131,836,803,1223,1113,940,553,279,524,1236,86,856,72,835,802,310,871,741,790,1247,1254,1272,1068,606,841,579,1270,176,1359,1249,57,877,1341,1044,1210,1246,777,601,151,1297,1222,549,644,600,534,45
472,310,93,795,16,551,1154,1239,969,688,1023,582,42,809,842,231,1041,1278,711,690,23,195,1079,325,1087,222,321,1280,721,1269,458,837,448,769,826,1155,940,228,192,1072,1124,102,199,377,900,313,1065,470,39,78,367
687,387,687,1052,28,406,141,449,445,459,93,509,617,412,253,447,1314,1320,982,636,252,628,1324,538,616,403,24,350,385,1293,454,1047,261,1122,1313,440,32,9,1201,720,1321,614,397,463,703,1061,977,706,518,700,448
328,1041,77,387,478,425,687,614,445,93,118,1061,628,1052,691,1293,440,0,768,34,1295,728,20,17,1328,406,11,686,385,560,613,30,1059,1321,378,381,1351,24,1311,1327,590,1313,252,1202,641,996,1013,1018,700,1292,919
740,1022,862,536,543,201,292,780,585,1238,289,524,1131,1236,324,741,320,834,766,319,581,473,825,775,593,853,604,1056,852,60,1208,871,491,321,1162,575,197,1206,329,1044,864,570,1141,341,159,891,178,832,1271,487,317
125,93,445,430,613,700,1048,509,442,628,1204,687,1041,28,1310,258,1324,447,1052,617,1194,406,975,1046,385,518,1311,636,138,143,688,1175,428,403,614,532,684,77,683,680,412,125,438,510,241,387,253,142,732,464,426
899,45,662,669,553,824,775,581,319,4,742,1149,584,321,554,1352,1345,1014,1190,22,569,1101,95,1179,226,219,998,805,637,835,310,396,1146,972,825,800,1251,1063,41,285,1127,551,87,179,464,555,248,823,38,60,988
864,380,468,1052,395,24,616,252,613,350,459,445,977,426,1321,117,1204,425,417,687,0,532,387,1004,385,1042,982,430,1038,973,140,1313,442,143,406,17,700,463,149,270,315,378,220,1324,976,518,997,447,1027,954,614
950,1052,406,28,977,425,445,687,442,440,1327,628,454,447,385,125,220,706,1286,142,141,1038,32,17,1313,393,459,119,381,1320,997,732,1204,426,655,1049,1314,613,380,140,590,427,118,387,703,617,800,1026,463,24,1322
481,1152,1068,856,328,335,780,314,1270,329,482,1144,86,570,1246,1092,172,575,524,550,864,853,233,1140,1239,862,876,756,1151,486,1141,1143,845,771,1187,585,229,774,47,1254,1131,1228,777,825,473,724,1240,201,841,176,238
114,975,380,256,1005,616,398,531,1014,636,4,662,626,974,453,1037,1152,1082,249,405,1172,1227,412,1308,510,429,1289,392,978,476,700,971,730,991,1012,443,243,430,1162,593,133,1107,399,1168,1372,764,85,1063,141,1118,815
736,986,700,251,559,954,380,1052,716,100,245,125,468,87,273,1227,1106,1322,393,383,141,150,620,1085,643,220,389,1004,350,232,1343,92,1039,558,234,43,1129,1146,274,140,975,510,900,616,632,451,613,53,1000,736,310
1280,697,1027,990,118,1300,454,1328,994,779,991,1327,1322,470,143,1314,350,977,675,16,1212,705,616,394,1175,274,390,253,136,464,687,41,1041,441,35,119,1310,279,1135,125,815,814,896,1294,982,1334,657,1044,132,234,677
1041,439,968,0,381,965,389,514,1297,1292,391,401,1291,447,390,982,698,400,1204,669,1173,403,531,435,256,327,1031,419,528,384,1050,1287,977,422,437,1316,433,1176,110,442,666,1139,624,1304,383,471,9,434,1022,544,649
600,849,1260,1349,1272,71,1200,603,766,553,821,837,201,861,154,852,1262,1249,853,304,920,197,1246,604,581,50,950,1247,750,910,832,1115,776,824,873,523,562,811,1114,569,204,339,554,844,18,63,320,584,1309,181,1133
632,592,1354,1246,853,862,328,1228,1177,302,570,66,855,154,860,854,524,312,557,292,319,1371,60,871,823,1271,803,1248,780,1120,1187,435,92,1259,214,95,63,1256,59,322,320,571,1141,923,748,583,567,65,211,920,1265
327,425,1324,532,634,636,616,514,703,350,463,687,412,975,655,617,77,138,140,255,590,657,732,136,815,470,614,533,1004,387,427,385,700,35,268,449,261,1007,1327,24,447,641,252,1171,442,977,315,1076,538,270,1139
439,862,823,1238,1248,319,583,320,581,329,748,1265,66,1354,596,175,853,551,211,844,780,1372,522,860,524,816,1200,864,1247,1263,824,852,841,1149,802,803,1225,1167,1131,1236,1246,1228,863,1235,832,1022,601,565,74,846,214
922,463,693,1304,557,327,25,1023,827,34,436,256,93,1249,1202,1332,570,1246,559,1053,908,1122,1340,99,1315,433,979,409,512,100,1299,18,1049,1200,61,149,1089,567,426,1136,703,1036,1031,923,387,1105,1217,973,302,1337,810
1277,920,912,197,9,925,505,793,620,948,1259,1270,922,66,1120,1200,1239,821,95,319,524,465,154,61,1022,514,487,1262,1143,60,506,1246,1083,742,1171,435,704,181,491,1177,1151,1158,1058,372,557,551,103,211,791,1153,67
366,93,1017,442,254,379,518,25,575,604,1324,2,624,774,662,1371,251,504,539,544,98,591,683,1340,1259,678,661,654,149,427,1273,28,1076,177,1025,1176,136,1191,965,1171,457,168,46,1018,1004,425,1050,522,499,433,10
202,258,518,1292,0,9,968,897,965,143,438,430,35,687,383,116,385,1018,532,613,1051,977,720,1161,327,445,1300,960,969,614,1047,472,252,30,653,424,11,417,1327,405,412,1041,1314,40,118,406,441,973,1313,1020,980
977,1327,261,1049,779,152,1091,730,246,99,1205,381,1141,994,993,505,691,704,1187,1371,1212,327,738,1294,68,341,522,322,63,984,471,1173,1162,1267,603,1258,16,9,504,675,166,543,41,456,586,149,509,661,439,1007,424
35,766,441,1318,261,402,795,1168,557,1342,149,264,487,383,495,980,1319,400,296,427,433,1286,1355,641,993,444,409,503,127,126,255,140,411,1352,12,997,1162,35,464,655,480,1344,30,703,496,898,1031,60,725,18,758
907,907,977,93,1023,1162,898,1026,472,1020,25,460,991,980,572,434,973,44,24,327,125,281,411,159,1297,403,444,272,1332,394,647,1070,398,1031,1090,416,913,1181,660,982,1287,134,433,1056,47,1014,11,245,1038,923,257
115,47,665,1024,1191,236,105,876,790,819,871,57,1136,841,917,275,552,898,423,347,1123,161,705,1271,1169,50,1242,1349,91,295,806,713,941,625,1154,1351,450,1236,1212,60,661,1223,366,1371,1196,1296,335,814,63,549,1230
1165,655,1226,402,470,553,1340,154,716,514,147,446,319,1136,400,620,524,410,148,691,435,732,411,445,861,1346,1134,1052,364,381,1296,1318,43,15,45,36,393,1108,3,996,1299,550,672,535,1258,1341,32,60,158,90,1
798,149,1102,948,916,274,1023,994,1026,779,1049,281,381,390,617,1125,472,1042,729,409,1017,429,507,11,1005,1327,597,389,41,164,705,190,694,454,1294,37,7,18,1000,465,516,165,394,585,268,1344,1299,768,455,706,543
1088,1258,62,1022,1371,750,1208,1068,1236,845,1154,1058,1217,571,876,1271,854,570,1249,741,536,1039,523,806,326,201,423,1263,1136,176,1332,214,841,758,408,522,1180,341,322,198,44,871,574,1256,826,577,581,749,22,1111,321
958,795,741,496,592,816,1295,554,823,562,1210,1060,863,626,133,314,61,1140,603,705,62,429,793,818,72,35,310,1155,648,877,581,158,570,574,862,522,1144,1168,853,1321,274,211,841,1263,202,264,1297,1228,1171,971,811
324,687,977,28,613,1038,24,1004,140,0,132,983,976,1313,996,532,1327,997,1052,1204,1328,1027,982,270,30,628,136,141,616,975,35,258,468,1041,350,434,1046,17,805,447,590,220,1286,509,1310,40,965,1008,649,25,1322
1109,1052,140,1049,1327,149,688,800,628,1338,397,695,142,454,53,230,463,693,346,614,910,1042,1322,904,622,712,822,1019,1203,426,690,459,17,707,709,963,363,734,548,249,1013,1317,784,28,977,1095,385,1117,232,393,546
800,117,558,557,687,108,294,110,391,410,1213,919,1127,1063,756,446,611,4,980,401,559,411,20,510,463,1197,704,1153,357,669,655,100,951,618,1008,1173,327,133,437,535,458,753,412,1311,111,563,276,974,1014,219,345
1089,1236,1152,862,1246,233,570,1162,524,756,321,1022,835,1266,585,780,1177,878,793,574,816,1155,1341,65,1067,795,378,1258,845,1144,864,825,828,1141,170,583,1058,110,584,1200,1371,320,1206,357,1008,1039,236,618,863,94,775
1119,445,425,261,28,968,518,1052,977,687,24,703,403,141,270,1067,439,1315,159,1311,426,447,472,532,1310,800,649,1318,385,732,616,435,351,140,438,691,143,149,1201,613,417,1287,138,389,1063,17,1324,25,1320,258,455
1176,1155,469,570,1352,923,862,65,487,827,327,1058,870,1131,1202,766,1012,159,818,1236,1008,1371,859,1152,524,1154,1068,289,506,320,319,656,793,534,826,198,603,172,845,44,329,219,750,170,436,233,1141,47,1242,264,1187
924,445,617,628,141,636,449,1318,145,687,720,34,1026,1096,538,155,691,387,784,430,509,785,1139,1041,1175,427,381,446,1327,980,383,996,411,706,973,514,350,700,403,385,292,143,429,261,253,378,119,351,1052,31,448
551,1191,329,1056,575,493,504,70,835,1221,834,1238,971,1156,604,201,1243,585,498,863,1210,167,746,319,849,823,543,859,197,586,574,870,487,714,676,1127,1068,799,1219,503,194,216,609,457,592,797,565,527,1242,175,133
1157,225,1014,261,991,397,996,1175,1005,1067,1082,982,245,273,416,463,136,403,93,37,152,1292,1162,35,253,531,389,687,999,141,99,1007,1091,1161,383,394,697,441,1173,429,1003,526,417,1027,427,1294,544,703,433,997,400
294,1052,1050,28,426,397,141,32,616,125,406,255,1327,430,0,590,35,510,1328,700,395,533,468,918,459,380,145,261,404,984,116,454,470,657,427,17,729,613,414,11,703,356,352,158,351,1041,710,241,401,393,1087
1142,464,784,38,145,281,159,274,452,1200,463,750,487,273,568,451,198,158,599,1226,37,429,694,1337,421,1049,1286,1287,1306,984,513,1299,26,1318,1003,425,394,271,356,766,720,1319,142,436,126,350,6,100,722,1096,1175
111,1140,592,862,1332,1247,803,780,522,372,823,586,870,863,585,835,1143,575,1236,853,72,329,85,786,320,577,775,741,1228,214,332,826,1371,584,861,121,52,1177,1171,1146,324,841,603,1254,357,593,1259,858,1111,487,1135
449,172,4,524,780,585,296,535,620,1344,43,732,795,227,528,469,1140,1236,1099,661,762,1134,1113,1037,1089,329,49,468,818,815,44,1051,429,159,592,163,289,1000,487,971,103,1306,181,1234,825,543,1168,372,986,1082,1045
686,1204,1175,1311,617,425,691,253,445,720,1047,784,398,1005,252,752,703,532,412,975,380,24,9,628,28,613,919,1324,1327,1300,509,403,700,543,258,1008,982,430,978,800,438,1287,138,1091,1046,997,516,669,274,1351,896
1162,1324,445,543,1008,1236,985,916,617,140,441,1140,116,532,1191,1342,1153,750,1134,970,25,1091,693,1067,438,960,176,1201,320,351,465,1047,1171,1094,687,1007,641,1204,921,1188,463,1217,429,910,706,378,975,1063,383,1023,99
570,581,861,766,583,329,584,319,603,834,194,862,859,863,60,585,547,592,1177,1225,1022,853,855,593,775,202,570,201,1208,571,841,575,835,1243,214,491,866,1141,871,133,1259,633,292,780,818,168,823,852,854,1226,70
232,30,141,381,116,1052,118,1292,445,435,919,17,687,327,426,1318,704,409,1313,24,433,613,449,412,248,18,385,535,560,446,270,703,417,1299,261,1041,429,1173,614,984,1061,996,442,9,26,1049,628,968,455,153,590
660,836,1249,1246,551,824,842,1137,210,541,860,201,584,1255,1180,104,853,1058,324,854,888,856,962,801,1260,319,373,1237,1142,858,834,849,304,525,926,609,883,1258,748,202,204,928,341,206,802,755,913,837,864,922,633
851,406,1204,613,977,518,1052,28,965,93,442,425,258,1070,628,25,1041,983,973,385,1026,24,430,417,141,426,976,634,982,454,616,32,118,706,1286,1004,509,459,1046,700,125,220,997,393,35,1294,403,378,996,140,1042
627,816,1258,1256,1272,1260,1268,1206,780,335,368,928,863,770,594,854,799,862,839,1225,682,585,877,1232,201,864,875,773,1240,865,51,1259,205,874,786,774,1373,887,375,1238,819,578,565,879,1276,596,193,940,1228,54,497
90,613,258,442,1052,687,406,403,409,425,426,378,0,430,532,1292,28,649,433,315,385,1019,628,463,9,411,1322,614,32,1320,143,410,438,700,590,390,351,412,20,140,427,18,381,447,617,24,429,405,435,1293,91
1282,1327,1322,687,1049,28,406,258,149,445,720,17,385,387,977,252,425,136,143,1038,1042,1321,1324,125,779,703,1052,1320,261,613,1041,1328,463,976,1019,533,616,1047,430,35,447,153,655,1293,77,253,1048,518,1311,973,1018
407,1286,489,148,1332,1057,1043,38,703,110,44,1226,1023,141,611,352,85,1173,643,1134,1097,230,801,557,1099,1071,655,1091,1090,509,470,929,984,698,464,140,427,147,468,221,1089,327,1101,1080,987,426,1326,251,1303,1259,337
1287,1270,1219,594,547,818,1209,836,1156,1274,205,208,601,631,176,612,826,54,914,201,1337,57,924,864,582,461,867,356,479,633,43,953,1341,841,946,874,1264,576,596,536,1259,310,696,1362,726,850,1084,1239,66,966,1266
222,136,141,717,1204,655,350,954,1292,703,412,383,1322,422,1175,252,980,686,697,470,445,1202,1041,510,240,535,380,403,406,1304,263,393,997,514,1296,1049,149,1333,1316,315,145,683,451,271,532,25,649,996,87,381,416
1158,292,60,780,1135,536,469,841,585,168,1276,1175,271,861,49,701,325,834,286,44,1254,273,825,562,816,734,1259,1022,1023,1177,1263,774,69,1211,1102,146,852,1092,490,491,1152,862,584,172,522,583,127,233,1246,791,750
413,260,583,487,543,453,1162,1226,585,1342,1022,614,536,581,522,741,584,274,435,971,1136,1236,292,320,1008,219,1175,470,671,680,742,1168,1177,669,85,1099,502,110,476,159,1068,775,1364,425,1127,438,662,1239,489,378,551
881,119,425,463,389,117,447,590,1174,145,419,1014,1300,532,974,975,1041,228,1052,1315,618,968,391,973,468,641,815,1026,381,657,528,628,149,315,29,1050,393,1292,427,0,996,703,476,1311,426,390,1057,327,270,226,725
1215,28,406,1322,1052,445,140,77,1320,1003,973,93,17,252,1049,1019,258,616,1313,1327,430,997,1296,24,385,468,1070,30,397,260,982,628,1286,395,1027,700,1204,965,896,1042,0,143,394,976,1041,977,125,145,134,533,518
17,110,986,437,704,453,1173,624,438,514,435,1226,440,991,15,1014,18,528,327,174,980,1304,1032,1051,429,381,296,643,1174,1336,268,33,1059,383,1168,378,256,196,133,226,146,972,1297,154,1063,592,1043,1022,662,669,1031
1197,538,397,935,1338,1089,426,142,185,363,117,831,1282,293,374,462,735,901,351,232,123,1257,1004,1325,800,252,1321,954,1313,1078,333,125,652,263,851,937,1052,1095,258,1322,695,1049,1327,627,1301,53,1334,287,114,39,164
131,687,425,445,700,77,395,1070,590,412,533,693,1175,427,274,35,1038,703,976,261,1067,980,1019,140,393,1204,991,689,409,253,984,628,438,973,315,977,143,381,255,1324,974,1320,433,514,954,636,717,442,716,784,447
1300,28,406,425,442,691,1313,1049,518,385,258,380,1204,1004,454,1327,977,35,445,24,706,1041,614,430,1029,1321,447,32,116,996,350,17,403,117,252,649,412,965,628,393,387,1026,16,973,468,1061,703,1310,459,1018,78
536,716,326,713,736,1110,717,97,711,328,619,744,325,1113,22,1142,656,1175,525,423,769,526,38,395,460,1092,1218,1333,256,488,1214,39,111,321,502,132,1068,1183,536,164,203,745,1335,286,269,291,276,1073,825,219,1147
497,585,60,1096,1014,314,923,356,775,1023,571,586,498,828,844,570,802,1053,1005,1290,862,1200,583,506,320,1120,1373,1242,487,576,460,907,126,65,496,998,329,95,758,1152,1221,769,1022,1251,826,551,633,1113,176,1198,302
563,1259,869,1177,1022,305,1237,853,836,1266,854,885,1249,96,841,1366,659,343,494,206,1271,748,867,558,67,177,761,749,1179,941,582,186,1354,571,1186,724,873,205,1364,438,317,519,1218,572,928,336,1217,57,1197,235,893
260,28,687,617,703,1052,996,93,1324,447,1204,403,145,445,1320,412,9,518,616,417,779,1041,380,982,350,430,613,1018,258,968,1050,1175,1026,1049,700,440,1019,472,143,1311,691,35,426,973,463,514,628,590,385,393,1287
326,445,1300,412,425,274,270,662,35,427,138,532,140,514,403,732,266,381,533,691,380,679,350,315,93,136,264,996,440,689,159,968,991,687,1305,1314,973,1082,132,1050,1345,429,1324,617,1041,393,38,44,24,145,1018
615,553,862,1039,864,66,1238,854,547,570,1217,1058,841,551,1236,1258,1371,1246,823,780,733,236,1067,845,329,1180,633,846,1022,1146,1259,758,592,1228,201,853,1340,571,1245,840,325,891,769,861,302,871,1219,1035,964,1223,189
1322,115,961,1339,42,1374,900,1282,217,1301,719,359,1350,931,123,537,1365,889,334,1283,546,1253,360,949,1040,1257,501,813,54,1199,690,881,1250,1279,101,508,1358,182,89,902,1078,736,1178,1028,605,884,1006,330,955,1142,499
372,1204,613,24,445,425,28,447,518,1313,982,1322,1026,1320,700,141,1052,977,30,258,430,1049,93,1327,385,509,417,973,142,442,976,426,406,1041,261,397,1321,17,390,125,252,1019,1286,996,429,965,77,1294,20,149,1038
730,189,373,211,1119,797,210,1274,594,549,551,1354,1262,1207,955,607,596,1261,1268,806,312,1367,181,1238,75,887,1225,553,1283,592,609,578,1272,69,924,53,74,987,586,571,839,1353,1359,1010,1240,803,589,375,1372,787,73
27,110,437,174,1171,1168,91,704,981,25,1288,978,666,514,1352,108,1176,302,381,643,661,364,669,996,954,1226,655,423,352,557,90,395,126,389,87,92,1316,951,400,158,270,127,815,491,1340,3,918,776,1173,440,256
964,136,1345,1172,954,752,261,1056,41,785,416,464,33,87,1075,38,393,395,1204,410,398,1171,613,294,621,654,276,689,1067,1291,717,401,509,315,153,274,1300,655,139,683,590,91,434,544,514,968,125,697,427,9,403
526,985,143,1076,1023,324,1056,1113,1155,835,592,1139,916,1008,785,1242,1149,314,825,518,576,320,984,585,1260,790,586,1211,973,198,1019,490,1141,1093,1119,1247,1202,698,1154,282,845,1034,477,58,596,694,1304,316,502,1152,1214
540,705,486,771,603,275,990,177,609,1200,836,506,1248,319,1354,972,1277,328,795,757,162,408,194,879,214,1230,539,1108,211,1118,281,1312,1240,607,570,787,659,175,837,1373,179,824,1,1273,626,712,873,1141,550,829,74
751,585,233,329,570,862,1022,1242,203,871,201,823,861,827,1259,582,571,1206,870,319,1265,1225,62,317,1271,1155,816,1223,565,826,860,1252,60,294,854,166,1187,236,1179,172,1238,774,1246,1236,211,320,102,1371,583,586,524
174,576,1273,860,845,208,62,1177,557,595,1271,1291,1128,846,1246,852,999,331,319,827,857,1266,1238,594,66,549,1197,86,825,1139,867,639,1344,979,547,874,764,341,1263,1141,780,743,1208,1249,528,604,159,667,177,87,745
538,589,217,955,182,914,932,73,1108,892,1259,931,942,1282,1150,605,868,218,1040,721,508,781,1261,1375,488,1357,945,334,123,68,913,48,1345,962,322,513,1367,101,612,882,89,1372,114,1193,1368,1079,474,1374,1184,883,179
148,425,815,1313,1293,691,514,687,258,951,1037,426,468,118,975,1314,655,679,430,1340,972,412,1089,459,1175,32,1041,509,387,140,752,25,445,93,518,260,261,438,1067,954,1292,1295,33,378,28,274,219,132,614,624,643
219,425,687,1324,703,532,387,502,1071,274,447,1292,452,145,439,38,429,380,996,568,454,1067,1092,614,896,1049,977,982,1173,9,143,720,973,385,1321,136,155,649,350,1204,1194,1026,636,253,258,463,897,140,742,161,1060
301,1204,17,442,1321,983,532,406,143,977,380,616,533,1322,28,613,614,149,815,973,1063,350,1342,378,1195,397,449,703,430,1091,32,270,454,1286,425,919,438,136,706,29,412,1067,468,1052,464,687,427,459,1325,997,383
582,60,583,823,522,1236,1259,852,1238,854,1246,585,825,592,329,1242,319,570,205,581,214,864,553,861,887,827,1141,525,834,104,593,1225,775,603,803,317,194,853,1211,863,1271,324,780,551,233,1247,633,1262,1039,1270,878
807,406,425,1321,445,28,1049,628,149,252,1204,141,977,463,1327,700,1042,613,426,616,447,518,430,385,590,1048,1175,17,614,397,1313,93,1311,468,691,77,350,140,24,380,459,1322,1004,1041,20,145,1095,1038,693,800,687
1141,37,805,327,387,429,230,425,1175,434,785,991,422,687,465,1324,1291,390,975,1014,1124,1032,971,528,514,720,784,417,234,1008,273,126,385,1176,804,974,999,158,1332,1068,1318,662,1251,1173,38,4,489,775,618,117,426
442,482,110,1012,429,974,704,693,1068,1286,1202,487,1171,139,1168,1008,732,1200,514,815,507,1140,1304,435,1172,38,524,214,561,36,145,975,1326,166,762,127,411,146,99,1105,674,826,464,564,691,402,448,567,457,1194,1332
700,977,1026,425,445,1052,616,1327,982,1320,1041,125,380,613,532,28,140,412,403,687,397,259,25,255,657,0,417,426,35,378,447,17,700,1175,1050,1286,77,24,258,800,1042,141,452,463,518,234,350,655,415,406,590
365,687,590,440,535,1320,383,139,507,119,1204,442,518,472,1318,805,463,1211,426,91,1004,617,968,974,533,1038,1173,35,1295,641,25,514,443,683,18,982,1019,1067,364,381,425,827,416,379,378,714,528,225,516,996,1168
249,28,425,30,1322,616,442,350,394,982,532,468,1041,613,655,1061,1324,93,77,700,451,973,617,1038,997,526,429,463,142,1342,1320,449,706,25,390,1293,1003,17,34,220,430,426,509,976,35,1161,399,412,6,225,261
734,669,234,1113,829,998,294,119,287,1127,620,1062,319,396,687,653,46,553,566,329,1014,1204,58,1044,18,921,978,756,257,826,824,1270,976,25,805,410,1161,1018,543,1066,391,916,266,383,570,242,416,980,32,452,572
829,1270,852,1246,862,857,827,861,329,802,846,570,104,780,1259,1238,1263,585,860,324,205,62,842,678,593,864,1265,1208,633,854,60,823,505,853,582,57,1219,58,1056,66,581,61,1352,233,294,206,211,1211,154,775,238
480,211,341,320,842,528,502,59,376,570,295,603,864,1036,874,1143,63,823,1264,933,338,1248,891,481,830,47,1272,1289,816,553,204,1373,995,1053,601,492,733,1116,321,789,312,791,65,66,1273,911,213,650,349,161,223
774,694,1066,1106,187,90,1290,550,478,734,362,92,1349,993,339,319,978,876,359,944,1108,343,1114,295,191,543,322,555,761,697,1127,1171,196,746,341,625,504,856,168,892,461,154,910,737,373,96,991,1144,95,1331,1061
893,438,1340,294,1063,1171,1297,581,662,1242,401,1008,570,633,991,862,491,1094,398,1162,703,859,307,41,409,1246,998,469,400,704,585,1058,780,669,1270,819,1014,15,574,593,498,405,25,292,972,824,197,1155,1113,597,929
825,66,176,292,1271,1177,1058,824,1266,553,836,1131,1211,547,86,1223,1141,864,877,236,585,314,1084,1341,1259,1208,1273,1371,825,766,854,319,1149,758,592,1115,1162,1249,1340,733,593,102,541,205,852,494,58,1186,1276,966,604
357,703,1168,166,149,159,543,480,1082,514,468,412,108,447,662,655,1136,674,136,487,429,780,148,276,453,464,951,1067,491,714,110,473,818,384,571,693,36,411,528,174,1022,350,270,823,678,1355,985,1187,1099,862,1008
99,980,973,393,429,118,425,996,153,16,412,1300,403,381,380,327,687,1161,11,93,258,445,40,679,458,141,364,1324,641,441,1320,518,706,442,315,140,28,390,350,977,448,419,1027,391,1046,427,649,417,136,433,21
1174,1014,498,570,290,1200,585,862,296,110,1153,864,859,166,219,584,419,774,165,1094,320,576,863,775,57,583,1241,1141,1067,1000,1022,1248,69,203,1105,1152,551,1187,698,766,482,312,1228,328,985,276,1236,577,50,1008,127
688,425,445,1041,24,1204,636,463,1046,691,994,655,141,617,385,919,116,93,977,447,149,28,1311,1324,732,613,426,17,509,518,438,784,1175,142,997,387,703,590,138,32,406,1310,9,1287,430,616,148,649,253,1293,412
815,1187,781,800,1122,985,9,480,921,677,1047,916,930,264,460,506,283,1108,260,977,1141,253,784,298,1200,1065,170,465,1135,71,1089,1059,1076,923,421,1373,850,259,96,49,1083,1366,556,586,910,503,664,1335,541,505,1352
292,570,585,480,775,1312,399,870,1089,110,453,862,1311,438,412,528,296,706,329,1067,141,470,1332,823,1071,583,1008,864,577,502,319,1060,487,867,108,136,592,66,133,689,861,1153,951,401,325,439,159,785,402,1286,815
1025,827,585,1152,864,775,795,1014,871,1140,780,1236,581,110,669,233,571,978,861,1191,60,714,1136,715,1242,264,1354,835,1228,403,583,535,840,205,65,1127,438,870,752,741,319,860,425,170,1265,590,1206,1248,824,290,314
771,720,1003,149,445,655,1175,469,28,464,351,1049,350,1321,1042,268,425,533,1342,1091,93,1038,141,538,1327,1052,77,1204,36,706,982,1124,1314,252,752,532,518,253,266,1076,991,1324,35,697,427,364,426,385,417,129,687
1317,205,1229,282,510,1009,124,1050,1204,1166,779,459,134,145,684,336,1004,280,642,1237,313,243,1346,228,754,265,226,641,1196,180,1025,884,304,728,1064,1102,176,1341,1278,472,1003,947,886,225,1271,385,561,250,1155,1231,1264
611,1256,201,862,1249,845,758,585,825,592,1208,233,1263,61,524,66,313,62,1131,741,853,329,1259,1180,823,1241,1128,60,1155,1371,1022,1223,581,1115,878,63,1177,766,1239,802,1242,769,551,1218,875,275,826,863,578,1143,320
1208,28,1052,406,445,1204,447,616,258,385,614,17,687,459,1320,430,1004,442,691,1327,1046,393,1041,427,145,628,252,35,509,617,143,77,1322,683,1313,380,1292,613,449,395,136,532,1049,140,1175,403,24,1314,1324,977,533
971,286,1152,1149,844,766,1027,477,1092,1251,1065,1324,498,219,510,434,753,2,1252,331,526,253,274,231,814,1194,1111,452,578,1120,669,134,243,419,1119,571,736,1091,661,487,294,1131,818,171,1205,683,327,623,1173,264,1177
809,425,687,1048,996,1204,274,1038,136,403,1026,141,447,315,1310,1004,1194,268,982,253,383,636,463,1091,225,590,965,427,1322,1318,87,385,24,416,977,378,18,616,149,628,389,255,533,532,433,1067,655,666,613,535,713
1326,585,1151,503,1344,66,524,1349,506,60,816,1270,775,65,1340,281,1153,793,601,69,923,487,916,505,864,1125,514,859,802,1248,1140,835,1131,750,1058,702,86,574,911,469,1373,1112,693,320,576,495,1352,819,836,871,512
1236,445,1052,1204,430,613,1292,683,258,687,617,28,0,143,628,977,385,1318,35,616,390,1139,426,24,438,976,447,472,700,1175,378,409,590,9,412,982,459,1313,1314,380,381,77,397,417,507,1320,509,315,1321,1029,1048
888,264,434,1176,405,256,1171,392,568,532,453,40,153,1300,511,420,662,993,15,296,852,1341,202,400,50,152,871,1330,416,683,170,473,1332,703,528,158,522,866,394,498,704,575,980,846,631,174,971,584,571,656,595
1180,1270,825,210,1239,835,793,1341,790,803,592,1141,66,103,780,1155,151,312,534,1151,86,870,197,604,871,1247,1236,777,1228,1156,836,841,491,670,1254,1208,574,194,319,1209,1127,852,536,606,846,329,553,163,1349,1238,966
288,518,514,544,270,403,526,815,1340,28,439,411,9,145,442,170,730,0,571,405,1007,662,33,617,590,378,401,1091,679,447,968,425,440,406,1051,1315,258,464,430,785,252,661,985,532,438,172,1094,465,683,380,993
1271,687,1019,143,1049,1175,1322,1311,976,425,703,464,141,1046,509,1286,1005,1327,683,149,617,613,258,1020,438,1300,1047,655,430,1095,919,1324,1139,93,800,691,628,634,136,1029,17,982,463,281,264,1342,385,424,1310,28,378
801,4,248,66,167,482,829,975,841,568,971,165,823,742,1051,1146,863,1336,144,803,775,1074,1190,1141,607,249,603,1267,320,319,45,292,1251,777,1310,392,1259,372,132,1236,757,110,1127,1314,752,816,522,1265,347,34,1247
358,703,378,4,119,655,532,440,270,455,1041,815,17,996,991,463,468,92,24,429,425,1315,136,628,613,1026,1294,411,514,412,1295,25,590,390,662,1063,118,617,36,438,145,15,364,994,919,1171,1050,389,1327,90,140
817,274,1113,1152,248,701,1142,1345,320,177,467,875,298,1211,422,307,443,844,1102,1155,314,292,994,1024,1022,306,1162,1123,362,1107,268,817,244,571,1053,253,46,1056,1196,1177,408,299,583,697,1263,400,1364,452,1191,1230,570
903,433,1094,411,381,704,509,159,1318,1304,514,1340,518,1202,427,38,438,996,430,378,1316,12,405,599,43,1292,18,152,447,315,256,429,1048,1172,919,145,703,1219,1344,655,1173,403,409,613,261,896,416,1032,706,136,532
1029,824,1137,307,854,827,1158,836,186,1115,205,215,176,879,1075,1246,1186,1119,852,1088,319,802,1167,555,760,872,1142,1277,794,208,66,806,1359,312,347,60,847,1058,213,1239,1219,748,1055,1123,829,1039,887,1237,58,151,593
446,1096,611,26,402,154,1129,448,411,15,452,268,1300,60,1227,196,687,421,784,38,1344,158,325,666,1360,529,1202,557,617,1153,1226,1324,975,1318,400,1295,1053,1236,1057,1316,660,147,996,274,860,198,532,1134,32,1328,641
1019,136,1246,464,1014,469,974,1270,274,1067,1175,327,531,720,689,314,159,35,261,717,1165,400,158,1068,532,991,662,533,270,795,1292,1291,864,568,825,435,1058,380,867,633,1140,1145,1297,268,61,177,1007,425,257,453,392
101,425,412,468,752,447,381,437,32,417,655,700,532,919,149,800,507,613,557,1295,29,590,732,445,145,706,4,429,977,117,997,1318,1304,385,975,24,28,1287,463,954,390,1057,17,106,138,1204,351,270,424,1315,470
512,585,1266,802,862,861,849,1246,1272,104,857,1141,823,816,60,572,206,867,319,1247,1239,601,112,1373,332,335,376,555,847,63,852,59,860,1263,1238,761,596,290,570,1180,74,1240,214,1259,326,846,875,504,874,505,928
849,329,864,1246,827,878,823,826,1238,1270,862,585,846,92,780,1058,802,570,775,319,57,504,842,825,524,312,803,583,592,854,248,328,989,633,744,376,551,1221,852,1044,177,90,311,860,951,302,242,66,1265,575,879
171,570,862,329,583,823,320,780,592,1241,1354,57,766,1094,861,775,860,319,1247,1022,1191,571,971,704,551,758,1316,584,69,524,827,203,841,1242,1177,1238,211,536,201,1236,1225,419,331,1152,59,312,1246,1312,863,646,504
1204,50,475,424,255,282,283,17,1334,634,11,182,263,52,47,763,1203,814,10,344,474,218,768,901,909,266,1357,889,1110,496,629,1216,731,366,1184,401,1350,42,53,899,123,851,900,358,27,128,355,1375,1185,548,116
29,704,687,32,438,261,703,1297,649,472,378,389,1328,400,425,250,453,996,1018,1031,655,929,514,1300,1094,1288,666,448,507,983,1314,1304,270,997,119,405,152,91,383,110,3,1032,18,1171,691,437,15,675,526,1312,898
153,669,438,472,1008,687,327,381,518,968,261,634,507,391,429,1171,653,1005,250,378,405,649,1310,152,983,814,1031,401,980,1318,93,364,698,1022,641,785,389,110,689,410,453,514,9,4,1067,714,1014,1174,948,585,276
1098,1018,35,397,613,430,425,140,449,252,1041,1005,1348,77,385,1048,1019,315,532,220,141,28,976,616,253,1038,350,390,1332,983,6,636,975,364,383,1283,1204,687,1324,700,725,261,590,20,897,235,919,378,441,1185,1042
941,468,779,125,411,533,28,153,393,261,657,1089,1327,400,470,87,732,954,350,25,174,17,459,425,1322,1175,145,35,997,136,426,1328,141,158,1311,402,1320,447,514,445,395,1017,590,442,1355,143,697,274,1043,1067,1139
836,687,691,784,1204,430,24,680,145,93,614,380,996,261,717,706,445,378,1324,403,518,975,1173,507,613,25,700,417,532,628,412,28,463,919,433,258,16,1311,1300,1063,538,1005,1025,454,249,253,991,968,669,250,286
36,581,4,391,626,545,790,852,775,570,504,437,390,742,196,1107,842,593,304,1127,969,33,606,488,320,551,805,28,823,1123,1293,662,832,364,1331,1063,90,81,453,558,844,1151,117,616,40,348,1200,596,23,824,133
1006,403,510,445,390,507,1151,1202,1096,784,381,281,260,1048,750,704,1041,518,405,35,535,141,691,435,65,468,1311,409,378,805,391,1310,357,1063,514,443,1067,529,1049,730,994,32,1322,1344,379,77,1027,393,693,134,1085
965,568,1173,1171,356,18,435,136,399,110,1326,836,60,1153,585,419,1162,698,273,1096,852,261,1012,487,722,1076,611,1053,1316,1067,420,159,1008,620,133,766,543,1031,1022,414,1014,570,214,50,61,401,825,255,854,1093,512
258,823,1354,592,60,761,606,64,754,574,536,775,562,1177,554,569,112,1247,502,319,481,211,1238,637,1248,586,853,329,861,57,196,858,841,862,811,607,555,181,1,1012,90,1154,74,852,485,498,1180,818,1353,338,1228
241,703,655,395,25,991,108,1027,538,412,419,381,1294,109,1174,424,590,1315,502,378,1286,1226,729,686,624,196,996,393,405,563,687,675,119,784,975,1007,137,296,380,732,1295,394,804,643,431,259,31,260,614,440,1168
208,425,703,28,149,274,445,426,470,159,469,406,533,412,1020,997,1324,252,261,253,143,480,706,679,766,514,441,561,616,463,36,1202,459,234,985,599,1139,1023,442,617,1068,125,391,119,383,1327,1318,153,1124,77,464
882,518,533,997,447,687,725,1345,590,1321,140,703,143,35,1018,253,430,16,1063,438,968,977,1049,464,800,412,126,393,1161,394,93,463,409,1342,641,403,381,784,315,378,28,1048,118,1311,32,815,427,406,998,657,261
684,617,509,430,636,445,141,28,691,440,784,1293,276,689,614,406,1318,693,590,1046,403,387,1344,1026,142,514,885,1354,996,538,459,1175,116,1061,6,9,454,1200,155,507,1202,442,167,1025,427,667,136,1018,985,1041,390
1163,590,687,1204,1320,510,447,1050,996,268,704,327,1316,18,616,261,1202,50,403,1075,1293,393,410,1304,1052,628,118,384,1287,968,445,544,518,32,385,379,994,263,649,4,143,1310,997,400,636,982,507,725,918,442,225
1218,518,1204,403,472,544,381,1287,412,24,438,28,687,417,965,439,649,416,35,364,390,405,393,119,628,261,401,1044,613,1315,532,118,440,20,389,425,514,973,11,1061,32,447,1067,706,1005,998,21,655,141,535,445
618,862,585,1259,861,522,319,846,834,863,1146,577,780,854,824,777,70,553,875,312,60,1247,581,867,504,1354,604,593,1228,583,211,609,62,870,570,847,104,826,66,1271,329,860,803,592,853,210,1039,775,1243,292,214
1323,1200,522,1120,1119,304,820,71,1228,596,776,861,1248,512,312,1272,1144,748,911,777,603,967,319,570,796,849,907,581,888,582,775,536,794,205,1163,1354,952,1309,795,1372,504,905,210,335,194,953,497,855,761,958,187
436,217,47,916,816,1140,71,172,281,335,49,1276,1053,521,1278,763,601,1207,948,795,278,781,354,880,821,50,1256,877,663,487,921,330,586,1371,1272,505,480,910,799,1011,1369,113,491,920,473,912,1160,825,889,264,181
426,853,324,583,272,319,522,780,292,1022,761,844,586,846,672,1131,592,1053,169,356,646,1208,567,201,823,856,367,58,1248,829,842,299,314,320,1100,582,329,570,972,604,92,748,741,585,504,852,571,376,202,1151,609
32,116,1204,442,406,1310,1091,984,425,973,256,1300,261,1320,532,717,1094,1041,43,982,687,447,465,93,24,140,445,327,1014,429,997,703,526,274,994,1052,25,9,118,258,398,1005,17,439,412,1344,455,975,617,1313,979
1103,260,1341,1135,712,770,106,110,535,653,90,132,1338,1216,1079,1332,4,498,1323,1188,822,1195,237,759,65,626,636,382,750,1220,108,975,919,420,109,570,80,1143,762,167,927,751,55,230,1290,1371,1194,1210,410,19,39
5,1292,518,405,403,425,472,442,438,406,544,378,649,973,968,383,687,258,430,445,437,447,9,514,393,1018,270,118,557,25,401,999,980,30,590,1050,613,364,327,666,412,141,703,1300,34,898,785,1059,125,416,256
737,1270,854,1241,194,329,66,824,1223,69,319,201,571,553,1179,862,1022,867,583,50,1238,841,775,576,864,577,861,593,176,1219,60,1259,210,1271,840,67,1152,852,778,307,604,834,582,827,524,1177,1209,1226,551,326,819
340,445,406,385,258,28,691,649,977,1052,1019,438,442,518,1026,1292,613,454,425,403,687,614,973,1313,1049,628,1018,447,459,994,141,430,976,1327,814,463,143,252,77,680,1322,965,17,1029,378,9,616,34,1070,118,997
374,425,687,261,613,1204,403,447,445,617,468,0,1139,507,1293,1202,1316,9,28,1049,24,1020,628,406,779,614,459,12,636,976,389,706,409,433,977,1304,655,258,116,667,1095,1004,683,1310,1313,982,1201,152,93,136,1327
890,1204,445,387,1324,143,628,687,973,219,145,447,20,1202,1342,680,1292,725,977,532,470,385,1046,1311,270,132,703,996,617,315,24,982,1091,472,1092,448,984,350,442,253,258,430,9,1175,994,417,427,28,159,164,706
1058,557,402,1175,1351,825,438,472,985,403,585,1012,18,176,968,1287,510,177,1068,1045,1270,998,172,1131,1173,401,583,514,571,1140,1048,1067,268,506,1204,1062,159,987,766,1127,1297,990,590,1136,292,154,447,233,391,9,469
865,350,380,982,415,619,1328,1049,965,420,1038,434,352,394,25,655,1050,24,996,599,21,657,729,807,1145,1027,1327,20,1294,991,1059,391,139,118,616,17,469,277,643,390,624,973,1296,119,167,107,270,1287,1128,459,628
1305,1321,274,387,1052,716,1320,1019,1018,273,1304,1322,28,279,687,136,1222,143,1124,294,533,261,1107,406,1303,100,1118,1246,1311,1095,1031,991,469,1102,700,445,463,38,150,979,1204,758,998,427,276,468,154,642,1125,99,425
122,1341,412,784,509,378,725,1097,455,1342,704,1089,680,172,636,655,38,464,425,1063,116,424,1076,409,691,1071,487,433,634,261,1060,253,1202,1049,1171,706,1013,99,1095,590,16,693,258,568,1041,24,441,614,1324,381,1332
539,18,1173,1316,453,1168,50,434,257,401,1341,154,15,65,402,1,197,557,1171,1053,532,836,1197,403,464,1084,468,410,672,1296,159,416,678,264,1153,1068,1198,378,438,472,95,172,1226,411,420,278,1318,1093,1022,356,1212
434,425,634,445,687,22,28,545,258,509,642,345,992,768,385,117,1046,260,1300,23,1292,1009,1057,691,20,1351,688,219,563,1019,1293,962,590,293,2,977,900,518,976,476,1182,1080,406,439,240,617,387,333,226,21,141
860,1052,11,997,693,459,516,430,99,77,1012,1041,426,436,1003,561,387,1061,397,986,991,380,1314,688,28,616,17,339,1067,1172,1118,132,1321,140,35,505,260,93,13,463,686,620,1029,535,394,717,25,720,634,252,1064
145,977,258,532,996,1204,687,24,1026,1052,628,616,149,463,28,378,613,590,968,261,411,442,412,380,143,507,954,655,1293,779,315,393,1311,1310,472,1327,445,994,1041,518,510,1048,997,389,403,136,1008,417,1295,145,617
429,274,616,261,1322,1049,1328,732,271,406,1300,729,99,507,445,149,655,706,1327,350,1286,1195,77,143,641,1056,49,1091,399,38,127,703,766,1321,1003,533,1148,568,1341,414,974,1025,916,43,779,516,1165,50,725,532,136
167,687,442,1052,1293,24,1019,514,406,691,140,996,973,1204,1041,258,449,628,430,614,261,440,77,616,34,977,655,1318,145,1320,30,617,142,518,119,35,447,350,141,390,417,700,683,706,20,965,982,9,93,459,590
717,836,766,1196,1212,205,875,1270,854,1053,283,275,888,1119,871,802,1261,356,1353,1364,489,553,877,1025,46,1155,1372,1186,1109,827,874,317,1290,837,841,987,852,924,1083,1274,50,1146,1024,337,1219,1349,816,210,595,659,705
973,836,43,524,1155,585,529,50,1136,551,402,987,1171,1316,1331,479,110,506,1,1364,401,507,194,400,1291,1140,1290,1292,714,1270,276,713,644,15,860,197,557,307,1096,553,583,1022,250,1113,167,189,891,282,153,793,751
610,921,925,586,821,197,68,742,487,1153,620,1265,826,1120,441,1123,653,221,1068,998,1217,1200,1154,1211,704,948,1371,181,1259,1063,1270,862,60,505,1177,1370,320,1155,780,1113,33,1158,1058,766,787,523,1173,66,57,154,555
1147,1351,1158,675,469,1364,279,172,487,32,1210,100,439,837,1022,780,1336,1094,1175,741,1165,506,50,1171,400,495,275,1136,322,1223,233,408,1342,1152,826,175,147,1145,464,623,274,242,402,1212,861,948,486,211,611,687,3
323,463,997,387,628,34,424,567,1041,1153,108,412,399,980,141,532,1293,379,435,1174,430,507,614,397,616,320,805,478,410,145,92,921,409,688,752,1013,41,910,510,691,445,689,1201,18,1195,1096,136,454,140,1070,378
739,861,329,66,859,1240,1242,775,1190,565,583,1340,576,841,650,633,828,203,522,1265,498,594,769,1352,585,194,570,1152,391,863,770,551,469,747,871,1051,58,1168,236,855,1323,166,50,1131,584,1205,862,286,604,1012,845
485,705,862,585,1258,194,827,852,66,748,1141,780,826,1259,1239,1113,326,1208,201,795,952,322,1246,626,68,1155,633,842,801,553,670,1228,1162,861,821,825,930,1022,871,1370,572,663,1180,698,71,1058,592,203,86,312,214
229,425,141,514,440,973,380,445,468,815,136,159,1287,381,327,442,1023,258,433,315,439,234,37,270,1014,805,426,1332,268,999,1031,393,470,968,1050,427,1051,93,532,1315,613,472,391,387,1082,1026,1204,417,390,617,657
588,864,1242,522,585,845,1205,1271,1240,1131,769,1273,1272,791,189,828,862,1266,583,214,819,319,601,60,571,1261,870,525,1022,877,1177,816,148,783,705,1110,576,1221,834,551,1239,841,604,553,359,771,486,887,63,578,54
1304,788,304,197,950,718,1142,556,1209,933,183,1163,882,930,858,1186,931,1074,55,1366,1241,936,1093,1274,527,848,917,1237,50,307,1170,1361,1333,625,913,366,904,935,888,955,854,1028,1115,801,644,608,724,736,781,64,297
743,319,633,329,1200,860,286,79,704,576,1058,775,604,1352,1226,402,506,498,1349,862,60,750,551,1135,302,196,1337,823,1158,964,570,281,201,469,314,597,400,1096,210,50,71,836,416,1247,824,452,780,835,522,294,918
1259,1204,977,518,149,1026,1324,28,1320,445,983,258,459,145,1038,1292,1315,687,427,1052,389,403,24,800,976,975,417,93,412,35,1318,613,996,140,617,532,119,703,438,447,1008,385,159,143,153,380,968,1046,378,1175,390
128,687,1204,1292,509,613,425,514,447,617,742,430,440,977,669,390,438,805,389,315,116,142,378,996,34,1019,1046,976,982,532,1300,1342,916,167,518,472,143,141,897,507,968,1319,919,752,441,403,24,1332,417,136,35
787,1291,785,472,624,996,177,779,1027,1324,270,544,2,1152,991,380,464,1089,166,390,264,1007,1311,1296,514,1050,384,1067,468,929,465,703,526,1328,491,1107,391,987,661,447,125,918,469,528,1333,28,429,268,643,657,1289
745,1236,329,750,856,1144,1058,583,574,1154,1205,551,1107,1222,737,741,1275,525,879,1131,650,834,795,214,169,835,1177,1115,1142,606,1022,482,718,320,876,1235,175,1234,314,998,798,305,543,853,1217,1271,72,522,748,57,733
525,441,675,532,742,468,32,1344,425,395,43,448,815,230,126,440,1314,117,392,1318,165,219,502,592,570,1345,447,669,276,506,389,1090,426,1000,1292,750,412,992,730,1340,226,677,968,119,435,390,568,1342,1002,800,1319
243,429,110,791,557,815,147,389,1008,4,1136,233,1105,487,380,390,1063,473,453,611,1043,732,1340,421,197,661,553,94,24,141,1226,1200,60,149,502,518,44,1204,871,90,106,1246,785,1287,1288,437,514,576,1111,1036,1046
650,60,320,524,862,570,324,65,852,1247,816,879,854,870,756,1023,551,61,811,780,864,1337,1137,1000,321,841,874,329,877,505,585,197,828,793,1217,584,1266,1141,326,553,1262,170,857,856,104,1275,633,569,1256,827,504
109,687,1052,1327,149,977,28,1204,1041,454,1286,385,425,459,518,1049,261,1321,141,25,616,118,997,1004,613,24,996,380,1046,393,982,426,442,976,119,412,395,140,30,1038,35,1320,532,152,445,628,258,785,1067,1322,1292
1057,441,1300,470,352,234,804,383,110,1162,1328,988,146,528,1174,502,452,228,1044,50,1286,974,315,136,532,1082,327,703,163,1099,984,126,154,268,1306,448,463,657,158,526,1148,31,453,147,951,679,159,970,38,754,487
1283,439,381,1328,996,38,93,705,1083,281,230,1037,219,245,620,673,1026,125,679,1045,166,261,1105,1296,533,662,164,16,1212,1162,417,1066,688,760,977,897,442,145,2,976,724,771,268,916,270,118,982,1092,37,1017,116
698,1257,1282,935,937,627,217,73,306,958,273,1163,1209,1350,936,899,1365,42,1358,537,51,354,115,1357,1373,182,933,334,1036,1253,781,213,881,961,212,602,831,1196,307,938,911,894,1272,1088,1369,1024,513,185,1347,962,1164
631,1272,875,1353,1218,335,871,1264,1271,864,291,353,1270,1278,337,59,1263,862,908,303,890,773,802,1214,1131,1256,591,339,886,236,341,63,603,601,845,306,336,633,1116,1011,74,917,298,486,772,1229,1273,321,867,930,1110
338,149,28,406,447,445,1041,24,141,509,1293,459,628,514,390,385,617,446,1052,1038,1320,412,700,1204,438,118,616,680,411,426,143,25,1286,655,378,442,996,977,440,991,1287,430,381,1321,403,704,145,510,613,976,433
103,24,425,417,613,518,403,628,996,116,532,16,378,1204,700,119,984,590,258,381,1018,649,636,28,442,385,383,380,463,445,430,706,136,32,1049,1313,509,1304,617,1041,973,141,125,34,1300,514,252,968,270,406,93
137,687,691,445,425,994,261,784,145,680,634,996,649,616,507,24,1327,1049,614,1194,449,700,1026,403,17,16,1316,1195,800,965,1313,684,532,1310,768,752,1008,1204,448,93,977,31,693,696,142,703,385,117,1041,32,1052
296,585,592,211,1151,525,367,70,1258,823,1262,600,65,852,583,275,619,574,862,1013,1128,86,1260,761,856,825,66,1270,569,887,1367,853,780,314,338,770,1131,357,335,863,798,272,861,744,1340,108,741,522,305,331,670
1262,687,478,975,510,1342,425,390,507,617,732,453,30,440,1041,20,142,411,514,315,385,350,1318,380,140,454,1204,24,38,389,974,543,980,1082,381,465,447,1315,446,628,18,100,1175,919,448,451,1310,270,435,34,378
235,510,472,524,1316,381,473,15,1143,666,1200,496,378,506,836,1140,511,416,85,503,1008,825,1290,459,197,1304,1131,432,791,775,50,713,585,4,18,203,535,176,507,845,170,357,1084,366,553,556,47,448,1364,1236,1144
466,1321,779,453,125,470,143,425,1052,136,411,1027,1118,1322,1102,507,152,1344,274,982,434,389,687,464,395,976,350,954,649,1018,315,703,198,378,563,87,655,1311,1204,1047,118,716,150,110,965,1327,1310,172,438,661,1099
399,67,514,491,292,669,0,15,871,704,898,597,996,437,438,1287,98,364,1311,435,524,465,621,403,671,1031,870,1316,378,105,436,503,329,455,1319,511,1136,1226,233,65,752,176,429,1171,18,4,988,3,965,194,401
507,779,279,41,553,836,506,1341,655,717,766,464,257,1335,402,478,152,1129,997,573,274,568,1296,1322,469,1165,684,319,473,705,619,202,260,825,526,468,741,991,1162,320,292,732,993,87,1084,769,1345,1022,1085,420,604
1183,836,197,322,79,210,1093,479,570,1270,524,576,211,329,1115,50,1249,1123,319,176,58,529,604,551,368,65,825,292,376,923,829,1290,66,928,365,486,556,827,644,1149,60,592,1100,966,856,401,154,594,356,194,497
521,1019,274,683,1204,994,1048,385,533,1175,977,143,1005,998,315,1027,230,684,119,228,976,688,250,814,1154,720,1345,1113,973,395,669,805,472,1046,1018,1310,258,1037,717,482,701,1324,220,83,281,636,772,1321,225,4,1123
762,628,1049,20,616,140,142,997,454,805,234,145,532,470,768,1322,445,1076,1286,687,4,655,16,260,268,1328,725,241,249,800,23,274,1038,720,1204,149,784,465,261,1300,26,399,414,1041,694,455,31,459,119,29,136
850,24,394,1058,532,1300,392,977,1326,1018,984,459,163,700,270,350,657,434,1041,153,122,915,77,40,390,590,256,432,1065,729,954,16,1331,751,683,1141,1197,1324,635,546,0,132,1287,28,1295,1004,973,523,420,150,458
535,320,862,570,795,585,46,758,775,1153,1131,835,1200,60,543,1127,780,633,844,1067,403,1162,841,761,177,988,522,1236,583,434,489,1251,321,714,1228,593,1062,524,1270,1226,159,571,766,823,1191,802,491,1044,1354,494,1179
557,860,1228,862,319,1248,1219,1247,846,575,863,852,1246,593,1155,1191,864,203,859,1270,1208,104,325,1223,873,1266,210,329,1039,1264,1136,233,201,1254,1055,522,1056,585,67,1206,875,753,1261,777,817,827,835,1119,1235,307,774
1198,425,687,28,1204,784,680,412,447,1046,445,449,9,387,1324,691,509,532,77,142,1041,403,1311,385,1318,253,1201,24,628,613,649,538,752,1096,424,814,684,430,116,155,258,700,634,1313,378,514,533,1007,1026,1052,977
749,425,614,687,252,977,1327,691,800,978,994,1201,1175,145,264,268,463,1052,1342,445,9,447,403,464,270,985,230,1140,1328,1165,732,1091,1050,35,1071,636,1096,452,533,628,385,427,768,143,509,617,142,657,438,17,649
781,1108,1332,55,27,366,54,765,1363,924,362,217,589,298,739,798,1260,935,881,932,721,224,1357,1184,767,1255,899,843,70,707,822,367,53,230,782,332,156,882,358,735,1257,75,945,1240,375,1339,374,949,1250,1088,335
908,4,412,775,463,1050,391,1304,1287,25,11,1032,590,24,1005,148,416,1012,1315,986,234,425,36,35,510,417,1316,429,1067,618,411,273,1318,624,159,470,649,34,919,687,261,145,1008,686,827,804,410,567,667,390,451
270,1041,1204,28,1327,445,447,1321,149,17,1313,387,965,687,1049,468,425,385,258,1293,459,1286,1038,655,426,430,1061,700,1095,1003,20,518,1139,442,142,1195,454,693,1085,1202,614,119,143,1042,1311,779,617,449,261,393,977
118,4,90,531,1219,1176,1330,528,319,741,835,21,147,861,871,585,842,670,238,158,1168,1247,1144,1262,1127,1288,758,14,777,305,1238,502,570,1318,1012,574,856,854,311,1060,725,1032,1252,423,836,1259,1228,663,586,816,769
1249,435,698,487,766,389,147,1022,491,528,118,159,1099,518,592,172,327,583,1173,680,804,577,110,1226,1094,544,257,646,526,732,604,405,1286,567,148,43,254,453,523,170,671,197,154,194,618,324,1115,562,675,1169,647
609,861,1373,757,1272,868,787,823,354,863,570,555,60,581,585,607,574,1266,375,325,819,1156,1262,1247,847,1259,1365,1232,859,376,872,747,596,505,839,189,361,1180,879,862,368,799,816,308,776,855,775,522,65,541,1256
236,380,149,779,997,1327,261,393,1049,1328,1294,965,454,1296,161,11,1321,1004,465,447,459,800,36,426,136,977,153,655,427,732,533,28,1052,1292,1041,415,119,1076,973,350,1286,502,918,1320,420,1313,712,463,1027,703,260
1321,176,197,283,556,553,853,705,1141,60,1309,1270,774,175,925,867,1104,1151,862,1259,777,846,579,747,1240,1246,1115,586,879,663,66,1299,477,816,335,339,1022,916,1260,1341,860,600,803,1261,211,787,311,376,981,1187,795
813,780,1022,985,320,400,1258,567,862,1217,581,1201,1236,784,221,491,146,1197,680,617,845,534,583,522,112,401,1177,424,557,1014,585,641,758,823,923,314,262,918,391,148,826,986,60,201,856,1304,698,412,1140,226,669
102,24,425,442,590,1004,445,518,1204,463,447,468,25,397,17,687,252,350,119,1041,965,380,93,125,982,1049,532,996,412,406,395,454,616,315,1321,1313,381,427,143,270,997,117,666,533,1320,142,1327,378,261,1050,1038
349,50,581,187,1236,1275,1290,484,841,1271,524,566,816,856,202,179,939,853,1278,60,51,1361,948,107,525,993,761,1104,1123,503,475,604,365,325,1008,1260,292,705,694,317,41,556,1222,808,313,1034,1115,534,58,552,1335
690,445,125,17,703,28,425,1321,616,1322,1327,1027,77,442,412,24,526,1038,397,132,1004,468,406,1071,982,429,1052,1089,1310,706,258,444,93,430,1300,533,470,732,394,1018,973,532,252,434,150,385,1049,700,149,270,43
808,463,274,380,706,417,41,533,994,248,804,219,93,1313,1014,266,507,975,268,1311,227,387,903,1175,468,991,1135,399,4,38,680,1032,424,987,353,315,37,482,225,1092,1003,416,1075,470,1023,257,412,476,760,636,800
719,1200,1236,862,775,506,60,603,604,570,487,1248,85,875,319,233,584,154,585,328,1151,823,557,1097,741,332,950,4,402,592,568,810,844,320,1352,1141,460,504,1022,1228,61,193,1247,1153,356,863,1246,1316,860,1149,312
1104,274,553,453,829,61,528,176,1183,383,1127,66,1211,852,438,287,400,1045,482,1162,1115,891,448,491,597,526,543,988,238,593,325,998,677,315,1023,1271,1082,1102,159,641,1022,320,108,455,675,817,58,251,1239,41,1304
534,592,329,775,581,862,292,551,871,836,1238,320,201,319,585,1246,60,1236,854,842,1162,1115,570,633,1354,571,203,312,803,473,891,1259,104,179,536,583,846,569,823,840,841,197,832,324,524,1022,1262,887,789,1248,1058
1016,1022,238,852,1128,1113,1056,324,1102,313,203,319,1270,1152,201,1067,1058,853,780,86,1141,856,816,940,55,837,862,541,553,998,939,1278,233,1127,906,179,127,279,603,774,878,626,1116,534,1114,1249,877,208,1131,756,535
799,731,1052,955,1199,1283,1040,260,943,546,229,892,1292,509,963,406,188,1282,123,1048,333,759,252,800,695,1054,1091,17,768,128,475,736,192,39,114,900,363,449,545,896,342,895,904,605,1042,336,230,1216,235,217,115
307,406,426,614,430,412,703,1041,24,691,518,599,447,17,261,350,32,1327,145,1313,442,445,252,655,977,684,459,538,427,77,149,141,1292,590,1202,385,1321,468,397,1293,93,258,779,1029,1320,628,449,393,34,380,1004
382,1050,433,403,427,25,136,412,0,518,897,463,24,16,590,425,1300,533,390,1173,1052,378,445,982,977,381,687,976,703,270,442,141,1286,973,1161,509,984,9,1291,464,1091,258,417,327,409,145,383,657,400,429,441
824,438,968,410,785,102,662,381,1211,1310,1067,219,287,553,1048,569,445,669,1008,518,1155,364,1036,827,327,1270,769,557,383,835,472,389,1242,18,1076,276,790,439,1025,919,225,1056,420,305,1045,94,653,257,689,862,775
725,371,325,872,799,841,362,827,844,550,375,319,853,820,1277,775,786,555,846,536,201,584,885,1232,570,1265,1237,376,443,504,489,839,1238,1119,565,205,372,243,766,1255,863,593,953,1107,823,829,582,1354,773,792,771
56,41,742,110,997,1135,468,987,516,225,230,1102,1341,17,533,167,267,272,677,437,1027,395,392,264,482,1296,1162,1151,620,257,154,244,642,380,653,94,683,703,93,1116,1003,132,729,138,1036,463,693,852,994,117,2
282,397,380,1313,258,387,1042,28,125,140,394,16,445,53,30,395,700,977,973,1322,518,117,34,1041,378,426,412,1052,406,1038,695,442,1283,628,488,393,82,351,936,115,217,252,725,1091,123,1292,234,409,346,350,1314
192,687,430,613,997,459,429,258,424,1049,977,143,1327,976,28,447,93,261,409,590,1046,984,896,281,684,691,897,252,683,916,241,634,145,274,1023,34,518,394,1042,77,250,253,996,9,1026,390,628,1175,800,1310,30
486,766,279,118,258,663,459,965,219,1320,533,315,1342,1341,172,470,701,464,468,1204,1136,473,422,1050,110,657,815,1019,294,349,1105,145,1305,274,352,250,132,1084,41,1018,239,1056,974,153,146,630,795,158,327,1321,1046
163,390,143,1315,453,518,991,1014,412,268,4,25,671,666,1168,1063,974,491,442,815,438,400,435,1094,383,403,535,364,405,445,287,968,15,274,389,126,785,1324,704,141,1060,487,391,35,1044,159,24,1012,409,544,714
1013,268,1194,255,1049,219,1048,1007,261,415,1173,482,994,1067,1125,768,425,463,1023,93,429,1014,703,241,274,126,1058,996,1175,452,706,784,225,985,399,1082,756,253,971,659,449,951,477,977,447,445,419,1092,1140,254,1270
1252,438,921,63,675,916,487,491,498,597,592,920,152,1031,923,978,96,441,1202,103,480,91,665,1099,127,416,986,435,1143,704,815,1294,1327,18,261,556,653,469,1043,99,620,845,164,971,9,1171,1271,477,766,429,821
896,425,1048,274,982,994,616,253,167,691,720,273,684,1344,35,1004,976,683,514,152,742,261,9,1056,1062,145,509,1320,459,464,151,1067,977,1058,1204,149,1038,1050,954,896,717,687,268,613,1308,279,422,1092,463,734,752
348,628,34,997,1294,92,535,24,465,118,20,704,617,469,666,406,409,1204,378,1287,381,463,28,433,557,95,170,4,661,364,149,387,590,403,558,391,429,410,648,411,1049,100,445,712,22,447,991,1089,613,164,1295
1012,1279,884,904,42,115,1339,1178,893,232,880,917,1356,707,1250,89,1203,831,185,851,199,546,1284,1317,1224,955,1040,796,709,892,537,735,695,53,872,303,1338,605,519,1253,1283,602,1117,894,377,217,899,1126,610,1280,1282
1047,977,261,1204,403,700,381,1320,1046,454,636,119,991,25,442,28,20,662,383,364,415,509,954,234,563,378,390,385,417,996,412,451,982,518,21,613,379,30,1226,386,453,258,1014,1174,117,805,391,410,1082,544,1018
1020,775,862,522,1238,853,842,583,585,570,871,841,551,536,504,603,1235,834,854,60,1262,1354,569,290,582,102,803,571,565,584,1252,202,104,319,816,1259,890,1236,292,593,819,861,1180,317,329,201,863,1256,869,832,324
783,878,962,913,823,1238,312,794,847,1119,792,594,1259,839,1260,866,879,1275,207,102,928,375,304,214,840,799,607,764,906,1156,1262,1223,56,311,578,797,835,1261,539,54,75,1039,1217,592,288,790,842,329,1274,969,931
641,1270,802,1014,585,756,861,294,823,565,1352,824,774,60,852,846,319,1217,329,748,214,854,583,524,233,1221,376,57,604,758,307,211,1238,553,592,1265,581,302,1120,1058,841,1236,795,845,104,1211,856,144,593,1187,775
465,320,570,1153,65,1236,793,780,1058,489,567,329,1008,1246,1206,991,853,324,835,816,201,233,596,581,826,522,823,434,356,862,120,1146,436,112,314,554,423,859,584,491,325,922,867,650,95,930,1314,1208,553,603,1114
441,561,661,620,1141,111,624,730,971,161,476,110,389,239,243,1171,544,468,514,663,133,1051,440,951,1136,853,395,422,1110,411,259,270,85,732,144,631,1340,1037,669,787,564,482,698,250,745,1007,1022,469,81,583,662
892,1204,687,1175,1067,1311,1019,1049,997,977,30,28,143,982,1004,385,994,973,472,380,447,1321,613,518,390,93,403,234,1327,20,1313,440,983,683,991,1046,1018,136,274,395,152,225,1324,1027,1056,974,406,1026,1008,1014,996
505,49,795,1149,283,66,585,268,275,1228,473,1341,264,506,980,420,274,496,287,1084,916,95,383,402,533,601,175,713,1226,525,41,1263,1131,918,260,993,960,568,205,1162,1364,57,1342,60,1335,1108,1236,294,1242,487,862
300,425,406,687,445,1052,252,459,1321,1322,93,141,351,1041,703,253,35,538,1320,1324,616,136,1019,509,403,394,140,997,1175,145,261,973,449,143,617,518,427,380,1122,982,281,1327,447,1046,613,385,17,1328,1018,1061,142
383,1327,125,616,720,532,281,1194,1050,258,470,252,28,1041,1027,136,149,533,997,800,234,270,1092,16,1026,1165,1338,982,380,1300,976,350,427,1175,1076,1049,119,385,445,425,1046,1020,984,452,634,1004,274,1006,700,1324,954
273,28,1204,977,1026,687,425,613,445,973,1052,385,140,463,20,387,442,30,1019,1041,447,417,125,1049,93,412,34,614,1175,1038,380,628,350,143,518,996,430,655,406,968,142,1046,472,1324,149,468,706,1293,700,590,459
606,1242,1241,547,1219,1271,836,864,871,1190,1022,553,930,1239,791,841,341,890,1180,1259,571,313,592,1223,316,1275,789,835,1228,581,198,203,650,197,69,70,825,866,887,577,855,305,852,1130,834,1205,580,846,1268,1206,80
12,403,996,315,1204,507,968,897,661,327,258,270,381,447,389,666,1292,225,974,425,384,434,409,1107,557,438,1320,729,364,472,1052,815,426,143,1014,491,662,416,804,261,144,532,410,683,590,126,118,476,663,442,445
469,1168,991,714,636,680,202,784,1140,741,453,614,826,292,567,968,599,295,1217,760,4,993,1162,484,823,120,751,618,1089,320,528,108,475,1013,178,90,412,28,410,691,687,1131,1061,527,544,448,1318,324,1068,350,1082
862,1177,425,1175,845,1292,864,565,1211,780,816,141,986,971,1263,219,570,1256,974,574,392,793,803,852,877,1122,1208,62,584,597,571,1234,1183,146,621,1305,60,769,1247,861,144,226,706,828,495,292,1113,661,227,1141,412
1110,1052,442,28,426,430,258,459,617,350,509,77,706,616,1293,614,32,1041,1314,140,449,691,1318,655,1321,35,385,143,1175,387,518,20,1292,1204,1342,397,252,538,149,628,93,1324,1202,118,440,687,1029,0,17,703,1320
704,691,614,1082,687,136,93,381,703,440,447,148,138,628,427,28,1041,617,662,468,700,1029,706,641,412,1052,0,403,693,274,141,419,389,815,415,514,405,438,429,1045,996,507,982,971,1067,393,392,241,77,445,538
516,1238,861,1259,319,581,823,864,211,827,582,866,854,878,326,952,1262,104,1239,777,802,875,312,803,1228,1266,210,66,1245,332,871,857,650,504,603,748,863,1354,787,304,1208,1241,888,839,1255,852,1180,591,1209,1273,593
1018,1027,403,817,435,510,145,419,1168,980,329,1059,968,390,783,1136,18,268,1014,391,364,590,965,383,974,437,15,1050,379,327,531,704,35,671,491,119,996,897,400,514,511,487,478,270,405,1315,1093,985,448,1200,439
587,614,824,484,1075,500,1296,406,341,827,504,862,91,1045,871,485,164,62,517,324,206,633,543,215,854,175,1036,30,582,647,1100,522,343,778,1187,1204,1011,1251,1123,339,586,880,248,866,169,988,144,1353,238,671,847
237,425,149,1311,406,430,1204,445,703,136,412,706,977,1326,518,590,463,403,148,1174,438,327,411,99,159,426,1321,117,982,1059,394,557,35,1095,628,1005,981,1044,409,614,1175,9,1067,1000,447,1032,1173,87,1049,611,980
331,1204,1027,968,1287,464,614,1300,292,427,470,1292,445,590,351,447,412,152,1161,1324,487,919,583,687,918,1047,401,438,472,270,518,383,60,570,544,393,1105,1225,703,1052,136,1344,327,24,403,617,1089,1046,159,1296,402
283,28,390,380,403,125,119,1320,532,442,616,1292,968,385,700,270,1204,143,136,364,1286,518,35,1004,1049,973,470,1300,145,1313,996,897,427,417,400,1018,412,391,991,1019,703,118,1096,93,1321,25,1067,982,429,453,590
651,862,1235,853,324,210,1039,875,104,319,1259,317,803,1246,541,1247,316,1208,1254,59,1372,1186,1266,555,1058,373,780,67,1223,178,1180,332,844,1262,591,748,1264,870,236,1141,205,1238,177,593,874,867,335,871,176,63,201
612,847,827,846,66,819,1058,1238,570,1239,1241,205,860,203,1249,865,1266,1242,376,799,824,1011,62,871,802,596,862,579,966,1272,823,964,312,211,928,839,1240,887,1158,780,576,603,582,1236,1367,1152,832,670,855,854,60
314,1052,1327,1041,459,977,77,442,1324,1204,136,145,687,35,93,509,385,613,412,141,617,447,140,706,1293,996,17,1038,1049,258,403,430,614,387,1175,997,380,116,143,518,1320,24,616,1286,1029,350,1046,118,1322,533,532
1168,784,1122,1023,930,292,260,1212,93,1353,112,1167,359,489,509,178,1200,1248,800,1234,274,1130,920,1194,768,1108,308,237,1140,13,321,792,574,77,922,990,1036,1125,1191,1338,985,761,1349,921,759,506,1226,478,230,638,1354
1261,395,687,628,655,449,31,518,815,1050,255,975,396,469,400,1107,389,93,994,119,919,230,918,378,1067,502,1005,136,657,1046,430,977,438,533,253,732,149,140,385,394,4,390,1042,717,428,617,463,1019,159,487,1057
776,415,1344,1316,453,729,1226,152,464,624,1340,991,327,1315,468,990,971,804,598,655,704,469,261,87,1014,411,1297,862,457,67,1323,136,514,568,918,528,400,661,395,592,92,390,233,870,1286,544,153,972,174,774,1176
191,704,1344,90,154,400,4,18,675,1352,480,1060,319,918,470,158,810,585,1171,87,1226,276,50,159,416,172,233,392,405,411,1014,1315,420,592,1173,1089,267,1168,676,457,1022,703,971,1053,649,1027,729,139,1097,170,302
1037,1038,442,385,403,350,977,628,140,449,35,315,397,427,149,532,142,616,1018,509,1041,258,141,1052,613,447,617,1318,649,438,253,1322,636,784,1175,687,143,380,1324,980,20,1292,153,426,1029,77,700,1311,255,30,1204
766,775,862,1131,1271,756,304,581,302,827,558,320,1265,780,864,842,319,1236,585,524,823,60,1152,316,50,312,1143,1248,583,1127,846,1,420,584,993,1289,803,795,559,1246,1200,551,201,844,618,845,41,606,1211,1144,569
415,230,1105,1300,279,526,147,543,278,805,152,470,140,421,1168,455,429,514,378,919,136,1010,398,116,784,516,532,1091,509,448,353,85,1341,491,568,722,142,145,1345,172,166,815,411,620,991,1286,502,641,1364,617,1292
716,1353,878,1130,606,802,837,947,953,316,596,581,1274,313,820,308,781,874,1183,1149,850,74,1229,475,777,574,875,1116,342,1167,1263,1119,911,886,337,205,915,244,1184,842,1373,1211,836,54,872,1369,1241,847,530,792,23
929,425,687,1204,620,445,514,447,268,768,1202,996,977,350,28,143,507,689,974,1026,134,518,1327,590,784,1322,1318,442,411,510,976,1032,992,440,315,669,742,41,532,1096,1091,390,264,410,509,136,613,978,9,636,994
935,1321,397,1286,118,25,1204,148,258,897,1175,426,409,1320,385,687,20,976,1067,518,392,616,954,393,1052,447,430,400,274,91,1202,1043,973,620,174,364,445,671,1005,0,380,138,1327,1092,411,425,345,977,655,815,1340
1053,1040,955,199,191,115,957,1279,1350,1293,1021,943,546,53,185,309,1061,21,1292,759,101,1375,1164,904,548,707,622,344,602,42,195,645,346,1374,1250,1117,123,404,1282,690,1203,833,1121,192,1216,1338,822,261,1081,1284,406
138,447,430,1041,145,387,616,1204,253,429,614,720,28,1327,509,977,700,274,258,459,973,1324,350,465,706,514,1052,241,1175,442,149,1286,406,1038,270,412,29,315,463,440,800,613,1049,1046,1311,982,590,1342,140,32,77
1090,585,864,329,819,1024,319,1270,203,832,1248,593,576,584,582,1263,1240,1241,827,966,1131,594,60,824,1247,852,1113,1196,66,871,868,847,1179,242,875,862,787,1269,860,1277,551,911,497,541,861,1254,303,633,211,571,67
169,1008,697,1153,1058,400,302,1197,714,1344,994,991,1173,452,987,46,835,1151,567,25,667,1294,429,1324,683,43,502,687,1014,561,1140,1296,1120,823,1304,1208,793,87,1044,1113,795,233,1333,416,1200,743,1187,758,1211,1332,564
63,1341,766,86,486,282,1131,172,795,233,756,1152,1075,1155,205,317,951,1309,168,287,328,1135,770,1270,775,110,744,203,1136,1242,1100,1364,535,225,650,50,45,1187,279,642,1022,238,862,1104,304,572,837,864,626,1265,878
284,118,261,641,717,1162,766,174,11,250,256,243,1037,1041,1136,784,116,1171,898,687,419,111,145,988,409,1304,15,980,825,543,985,634,984,423,1316,1152,1241,399,241,649,1202,628,776,1227,4,378,460,159,290,732,1328
393,329,203,319,1239,823,793,522,553,862,741,818,524,871,112,826,324,201,529,1259,887,870,1119,930,799,864,210,133,312,580,205,1238,1270,197,575,836,863,1093,416,846,927,194,103,834,400,859,70,849,1140,852,534
417,469,1341,751,172,1246,274,464,1058,1168,281,482,286,268,429,1007,110,1136,669,1158,478,322,862,750,998,1127,421,585,1113,1187,766,12,1023,168,99,1071,145,154,826,1068,65,43,993,1270,438,780,1352,1342,378,856,492
1100,613,1052,445,468,385,243,700,518,225,1046,1204,532,440,0,93,768,350,425,126,1045,143,900,687,251,1321,270,442,616,1048,729,976,381,701,977,1050,219,1026,76,252,1020,1042,1292,1299,1004,426,16,260,982,380,29
1072,398,784,1345,614,514,1047,271,687,1310,1175,294,4,424,152,590,357,390,543,422,378,994,1202,568,655,274,1311,532,1044,402,1046,1113,1145,805,509,487,991,538,391,712,506,1127,139,453,1063,1364,585,1059,1005,1168,636
645,1174,775,670,585,319,1238,62,827,1123,823,770,196,750,1157,978,777,1233,862,366,227,1113,1239,866,242,70,922,575,211,524,104,738,190,1074,1013,799,595,1277,1367,452,835,632,4,878,60,865,1014,574,855,925,780
130,687,28,1041,1052,445,1049,425,385,616,430,406,1327,442,614,518,117,590,1292,459,17,30,261,463,241,24,141,691,1322,1042,118,684,145,1018,449,447,440,1320,1204,468,387,397,977,393,380,680,1067,252,800,258,1038
83,991,119,805,9,514,1050,364,393,507,256,327,40,416,1174,621,92,1204,16,434,624,405,95,491,613,392,1300,683,429,458,1171,472,25,675,965,120,1304,981,528,302,348,929,1326,1288,999,296,433,595,440,1316,752
1223,687,800,425,982,149,977,688,1327,1038,447,253,406,125,1052,117,1049,394,994,30,532,1204,77,997,459,440,430,118,545,28,445,449,458,516,393,397,1286,518,1313,17,613,463,390,616,980,1322,617,143,693,261,507
877,445,442,412,380,425,270,28,973,518,417,706,1067,385,614,2,977,24,264,252,463,785,679,315,439,258,976,35,703,617,1038,403,125,447,1299,426,1052,1161,427,1324,968,234,140,532,136,32,20,387,657,1175,1204
728,487,1068,319,524,488,577,1140,503,714,1332,233,1127,585,575,4,480,506,795,618,1136,1200,139,825,1022,214,778,758,495,1067,1218,65,1141,1206,329,780,172,930,1236,1131,970,103,1341,562,570,1089,650,1071,457,1101,201
560,860,319,842,823,803,846,1259,862,1208,504,1246,780,861,827,826,570,329,864,1119,1354,1238,818,847,863,522,1247,1128,871,852,371,211,575,835,854,551,859,582,802,290,1262,331,1235,104,1191,1058,777,1266,302,592,856
293,459,1004,1038,28,149,509,425,1052,406,93,1049,252,1327,385,77,1322,125,387,613,261,687,1029,37,997,152,982,532,655,253,447,468,433,1003,1019,1095,164,800,1324,17,1085,973,590,984,1185,30,445,1295,729,38,514
1083,403,381,417,1204,613,968,93,119,28,378,383,141,258,315,965,463,973,0,426,385,393,532,20,416,412,977,976,687,590,1052,427,35,327,1315,1067,24,1320,243,405,410,220,438,1050,1019,386,364,11,389,1020,1318
1073,581,853,1246,290,205,304,787,1353,551,570,678,1162,846,862,852,827,319,553,854,761,1235,603,842,1123,504,911,684,1241,110,592,558,1115,840,435,860,604,930,585,569,844,60,14,577,1200,59,756,857,198,127,583
900,412,1204,427,425,445,1292,687,1310,752,464,141,390,1293,977,270,518,403,649,350,1029,159,472,463,393,258,533,532,1313,454,982,440,0,1018,968,136,996,785,634,143,1321,459,616,35,1046,434,77,386,514,28,1287
238,425,378,1173,459,409,1052,25,412,706,32,438,687,17,153,403,141,1026,1318,445,453,980,426,364,655,533,1043,1327,977,620,253,400,429,991,649,983,448,716,1008,1313,270,1059,401,507,118,381,442,800,30,327,1226
60,675,616,971,1099,984,383,35,766,1005,470,395,296,980,1089,20,986,1202,452,1176,981,261,1140,425,202,87,676,390,1226,442,405,392,1304,544,725,445,1020,1168,1090,480,1312,403,400,1060,327,487,92,11,1052,239,599
185,986,416,92,971,197,437,666,30,514,1173,1176,898,432,586,383,641,1294,503,15,1171,761,390,1226,823,411,910,980,648,510,423,264,821,409,109,392,3,153,491,554,1206,25,929,535,1202,1051,91,111,170,655,618
1251,852,60,824,827,1246,854,1239,1158,862,836,601,810,774,928,208,1228,176,1012,1352,1113,1247,215,780,885,751,524,1236,887,69,579,930,802,761,210,777,825,329,66,1232,170,864,86,766,1084,324,615,67,494,748,913
934,691,570,292,641,636,403,509,706,1314,704,1059,1304,433,514,435,159,445,687,1318,1067,637,383,780,378,438,522,146,21,315,621,448,1018,954,144,703,616,624,321,436,574,473,1208,543,758,91,680,1094,919,253,441
85,612,936,273,1253,237,961,709,1257,173,1023,187,346,935,374,1356,1189,933,812,336,889,966,1224,368,695,115,874,1087,955,958,1040,89,340,362,222,128,546,199,947,1103,917,602,628,930,297,1244,931,1374,185,1106,230
837,453,1014,25,383,9,405,528,1018,991,403,429,1032,364,986,261,862,438,1304,452,1162,451,804,463,381,325,544,662,1082,380,975,954,425,390,823,1226,87,399,1176,227,146,412,92,641,624,1161,1332,378,18,394,1067
378,403,425,445,1204,28,385,613,405,24,417,438,968,119,11,412,20,378,93,617,1318,590,649,383,463,315,390,1019,507,447,1026,976,977,544,532,441,430,409,1018,628,973,9,1287,16,1161,141,145,30,234,364,703
709,325,591,869,1244,517,958,300,375,374,368,722,56,148,1039,933,926,361,626,1021,1133,1077,311,1355,798,182,1262,853,489,598,45,839,727,699,818,781,871,931,22,1256,774,747,776,759,847,82,373,335,473,851,96
451,780,1022,1177,497,583,1242,1056,491,329,1113,570,528,766,469,327,494,585,1099,522,151,236,487,845,565,571,864,465,422,1190,400,1297,176,775,1014,826,1251,676,633,268,705,774,604,172,818,1314,1053,401,841,824,1120
647,890,520,300,866,1268,1207,51,199,317,1255,932,209,867,823,479,1358,581,887,1178,1360,211,862,848,858,527,873,75,178,852,847,377,375,602,332,371,304,854,1259,64,372,1233,1224,883,169,1244,840,928,874,366,205
346,425,28,406,613,258,691,442,430,1052,514,252,706,438,1292,1019,447,426,680,509,636,977,532,617,463,1046,30,32,683,378,24,1322,1313,703,752,143,1310,93,784,655,440,77,427,973,700,1311,145,270,141,385,35
506,775,1058,766,498,570,844,845,496,1242,57,864,63,264,631,420,650,993,319,542,604,1149,818,940,320,551,415,1263,575,502,1272,937,328,64,1352,583,177,855,792,838,852,770,871,585,1135,321,201,1077,278,1273,531
726,473,1149,607,50,581,844,584,551,202,1251,676,1248,1008,609,286,570,66,852,60,304,741,862,238,328,175,842,574,1236,836,762,827,953,1084,49,21,753,320,858,321,633,86,861,1162,52,1352,74,104,562,523,543
1069,165,1344,756,1136,429,971,1140,329,166,1235,172,468,448,4,1340,144,570,43,389,1141,1175,584,1012,795,1359,319,1125,992,214,1308,791,167,1022,85,233,954,524,490,544,110,203,761,464,3,1219,1259,290,1152,271,357
789,57,170,1341,741,585,168,193,713,836,1366,960,577,850,205,1251,1050,50,80,155,429,9,203,1252,750,556,158,615,1022,840,609,65,526,1096,356,669,1370,372,993,1344,69,862,773,506,568,431,812,1332,649,357,681
1185,1209,1181,952,339,1374,501,899,360,1369,1218,366,886,1367,843,1224,89,955,601,334,868,519,942,933,1163,887,73,781,521,1279,767,763,205,961,842,217,610,375,782,837,308,1121,208,1255,1257,934,199,51,1272,1112,578
593,1161,39,775,1135,787,1248,844,46,320,842,321,596,585,737,436,581,1265,300,97,500,166,744,1073,422,634,795,179,536,733,433,258,706,768,584,662,1292,1354,1293,1238,308,565,673,1353,636,211,7,907,1167,1132,730
418,862,1223,1211,846,1113,1155,290,60,787,1012,214,595,497,705,780,771,1266,823,1258,1206,849,146,555,1248,201,878,104,1265,1063,841,1242,791,236,923,1371,839,1149,802,1022,57,524,766,289,1238,329,324,819,852,795,774
955,1037,174,975,94,1026,815,139,228,862,991,974,412,443,986,4,878,784,752,687,424,106,1008,454,41,387,1211,180,87,1288,1118,720,662,954,621,1056,411,92,804,688,563,136,159,802,463,684,1125,1048,518,119,28
1143,1026,977,1300,1204,315,1076,145,514,425,119,996,447,697,1091,784,968,634,270,136,649,975,532,385,976,1007,800,785,1067,258,636,463,533,390,403,669,804,126,438,0,1292,1324,38,1327,419,37,752,245,991,617,274
1295,110,1294,1067,429,618,1314,698,543,687,487,4,233,87,1062,1194,1208,423,491,1315,31,624,127,1014,1022,296,139,804,1190,144,109,120,859,272,1044,276,567,392,570,1195,136,332,46,435,524,154,90,1050,1286,1266,1305
541,885,370,959,770,373,1261,1238,208,188,1239,1349,1206,1179,595,607,1365,1039,799,69,761,494,955,214,930,931,913,818,834,505,1220,792,1275,754,524,1156,953,612,335,1074,322,1280,873,186,1251,555,556,1215,1209,1237,888
363,1318,506,58,1230,292,775,750,432,484,985,249,202,944,675,120,554,319,1097,378,503,552,79,480,523,1208,402,320,1158,1366,584,609,92,489,296,760,1304,194,1127,972,196,33,1354,801,1115,159,930,15,50,305,668
267,687,28,968,518,628,125,417,442,613,380,1324,991,20,261,429,412,433,975,430,403,145,447,1061,1018,21,1026,532,965,655,425,32,729,274,390,470,703,381,649,136,804,463,1161,636,616,432,533,977,1294,1204,996
1209,425,1204,509,258,141,385,687,449,28,1318,403,30,412,442,1293,463,140,9,691,378,142,617,350,752,406,32,455,973,1026,514,426,518,35,706,34,628,1313,1299,538,1201,427,424,1311,703,1046,1052,1310,77,1292,994
959,425,1204,445,687,1026,636,93,977,1313,463,617,996,261,138,315,700,800,614,417,1052,1139,1049,447,518,613,509,141,706,1202,24,442,1076,1310,897,732,1082,435,143,403,1007,249,270,994,1046,1324,429,968,430,145,482
1286,1204,406,1293,691,976,425,1056,1029,1321,463,1322,152,1003,403,667,1292,459,279,268,687,977,464,620,617,77,442,509,703,1048,439,684,447,35,1004,430,994,253,385,987,628,1296,1327,997,982,978,590,1025,785,274,9
961,1221,293,885,633,623,343,1020,854,1152,983,215,544,676,1169,1204,1268,225,1017,866,1253,450,1081,1004,1181,172,1100,407,571,1201,175,1270,1023,520,143,1140,968,1002,660,401,970,978,539,703,887,342,243,926,1205,886,305
649,1141,236,201,290,581,1028,1152,787,1187,873,869,314,844,496,329,847,313,780,593,1039,878,1206,770,938,450,596,1155,832,842,1354,819,846,57,1235,497,744,865,872,343,656,371,1179,633,174,205,823,541,941,777,423
880,268,248,1248,1142,1058,665,1140,211,816,496,890,46,197,1107,1262,561,362,612,1173,1084,586,765,66,1370,876,912,928,121,281,1218,1075,160,794,910,489,65,758,1092,644,62,162,886,821,316,506,921,823,811,70,314
784,319,329,419,524,861,391,818,1,505,506,405,633,197,325,194,503,1219,4,522,147,871,1261,70,1304,552,210,1171,777,1336,1233,356,1238,1022,584,129,1259,99,211,201,673,826,507,836,795,1228,1312,971,551,671,775
852,968,435,429,364,110,1022,514,1161,1067,438,662,1288,1162,434,3,491,561,133,804,543,4,1008,453,1315,528,469,392,564,405,1051,785,391,389,1168,544,472,390,1330,1342,687,641,1171,272,1063,972,381,661,1050,919,383
640,1155,1266,1249,1131,862,1246,875,319,819,1141,1236,827,1102,780,823,816,1211,74,1254,791,860,1152,1180,60,1261,1258,878,861,758,769,1270,1276,497,1242,1177,826,1231,829,776,1149,1218,570,1312,1247,316,307,701,1256,1187,841
939,272,264,38,1151,861,585,273,1091,148,1175,41,172,826,704,219,138,852,762,1058,1113,738,85,353,1045,697,825,1247,526,1336,154,275,254,487,1056,1330,824,1261,1171,815,801,1226,722,324,648,1340,1211,45,1162,164,1351
553,853,1058,233,808,1143,1262,659,592,1128,525,667,177,862,1246,319,803,64,154,557,823,861,1175,952,1152,103,62,852,196,314,871,335,205,816,1268,878,127,1344,329,1236,791,583,854,498,60,860,356,304,966,296,770
1181,862,864,1236,1246,775,845,1271,871,1208,529,875,238,317,852,846,1242,832,856,1249,827,962,911,319,203,262,1266,603,1228,1039,876,1115,860,1131,60,576,1241,1259,1264,593,486,1206,853,835,1273,1239,574,1141,825,596,791
370,583,862,551,1271,553,292,1226,1113,522,835,841,57,1191,524,423,582,577,1210,1221,102,604,780,741,1242,836,233,678,1022,592,1259,1180,1258,1238,1354,864,609,1223,66,319,865,202,211,1217,826,636,823,105,797,581,203
976,852,274,170,1246,1022,1266,825,1359,940,780,877,864,1102,802,1196,795,1211,633,862,319,854,1177,1274,294,244,236,1039,856,1113,876,829,310,541,1263,853,579,1152,859,1187,1107,836,177,1264,1223,290,1115,827,1249,581,1218
572,907,1196,1231,1152,312,1141,1259,430,596,875,962,1186,946,1222,1010,58,354,1148,316,1208,1270,102,1360,477,306,1020,874,485,1155,1242,1211,591,940,925,752,1265,1005,945,252,331,57,1274,539,1156,1237,862,835,1036,1254,518
217,968,459,1052,258,118,32,965,430,28,426,616,687,412,270,703,140,0,590,397,385,394,732,378,364,897,1300,401,1041,613,447,1018,395,1050,729,35,614,675,25,918,117,649,1320,510,116,149,110,435,1173,1027,438
981,166,1141,214,818,1127,583,1200,816,730,620,1340,60,469,4,1352,631,742,65,524,571,1022,581,864,514,601,553,1308,604,793,506,585,273,1134,815,780,824,487,1140,1238,564,103,835,598,460,714,1373,1120,181,825,1267
968,766,1321,85,514,912,144,861,329,429,411,448,290,986,44,175,506,1115,646,487,819,921,60,648,61,1094,1314,586,802,679,1096,403,815,1084,523,592,296,211,1303,159,1129,528,1,319,671,433,570,1237,1012,1141,641
329,425,270,532,441,427,1067,35,561,1345,1094,986,1063,616,401,662,732,815,172,448,110,1105,383,1050,44,464,647,1089,166,381,679,1172,1226,503,1041,544,706,1099,453,1315,472,1038,412,136,528,87,426,445,999,1202,411
10,453,1063,378,996,1171,968,327,1340,1288,383,403,704,270,1067,991,1007,25,110,389,411,1226,526,689,1031,158,154,1316,1094,980,391,172,1197,166,174,1304,416,528,795,419,15,823,514,815,257,491,410,444,862,714,448
711,762,293,1152,39,1341,229,1151,177,102,1155,248,966,1003,825,738,49,1091,172,1075,568,506,1333,585,437,157,1191,1068,852,230,1221,1247,408,1158,818,862,314,45,1141,38,324,170,179,713,535,1270,1248,278,751,770,1188
1066,425,387,1052,1041,9,514,430,1292,21,509,986,693,456,1314,1295,1012,706,691,381,11,28,545,20,40,614,392,440,448,560,322,438,459,679,92,411,445,409,405,6,985,617,1094,1122,1000,905,93,1321,0,621,1030
244,378,996,409,18,425,118,590,258,1318,410,403,119,270,544,433,136,315,687,400,401,141,442,507,557,416,390,145,447,327,984,110,412,417,975,392,394,1315,1300,383,253,389,393,1344,706,468,655,405,38,250,0
432,274,468,440,616,464,476,724,315,294,167,700,206,395,258,1308,1270,590,516,403,706,230,1118,1151,1052,406,364,87,143,599,410,752,29,482,655,756,1235,697,1128,1036,725,974,982,134,1012,1067,778,860,426,683,1102
1151,1246,1270,1058,353,1211,1263,205,819,1152,1039,601,1155,875,356,1196,877,1113,780,826,876,302,836,198,846,1276,824,1249,939,1180,1223,1278,1112,764,1237,1271,827,66,1236,1242,852,816,1273,582,1158,59,860,203,208,911,879
790,1022,172,1341,929,585,166,1315,328,729,661,1089,1177,1008,643,1053,825,487,4,771,1135,168,100,1086,703,437,109,1297,453,1136,972,502,1105,1212,473,498,553,37,663,233,845,557,987,871,137,491,1226,421,604,429,327
943,1175,1049,38,464,463,274,99,1202,1140,1342,445,487,1316,1056,1321,766,628,1190,597,438,1204,510,1327,491,785,502,126,655,720,143,43,1048,498,37,586,514,1099,1003,617,305,1314,380,447,1168,259,286,435,230,267,419
1203,434,532,1171,1342,473,662,1351,1364,1099,487,987,153,40,1330,646,491,703,401,438,1297,81,1288,764,669,722,1132,118,226,742,95,624,464,993,461,410,1022,762,378,292,766,725,968,33,1173,455,1336,250,626,1092,1290
303,628,459,997,1052,1202,463,138,406,1322,387,687,143,1286,779,350,234,1311,977,252,447,145,425,768,270,1038,1204,1295,965,149,445,380,1321,93,454,142,616,468,1082,29,984,77,393,1067,35,533,125,273,1005,706,385
494,294,1158,1352,758,87,146,487,1102,780,498,233,274,607,60,491,570,350,127,1168,1202,923,1270,1128,826,1351,159,391,1011,314,861,1200,445,778,1342,1256,200,713,506,801,750,1348,276,1273,818,864,620,1306,829,987,706
450,852,299,985,324,60,1007,254,862,648,1294,319,1263,92,147,1162,437,1299,1113,1131,1187,553,570,844,104,203,1246,921,923,1315,276,1318,861,854,701,827,585,453,842,170,692,1044,9,771,25,658,1151,137,1023,581,807
1075,1047,628,441,253,687,684,252,28,720,138,463,977,568,919,688,470,1048,506,561,17,117,997,1042,1322,31,984,424,1076,800,921,448,784,387,994,982,985,1200,1012,77,510,350,141,1167,1025,590,742,35,532,1097,1005
1237,425,445,435,1327,426,142,32,30,149,687,1318,1153,614,1095,560,351,261,387,557,628,1287,611,427,920,732,617,1173,35,613,92,1059,1029,446,17,1299,403,785,912,1304,691,350,438,255,518,1049,159,200,703,1320,34
104,1204,425,395,385,28,447,442,897,380,445,77,406,143,976,364,613,141,1320,1052,590,20,403,393,518,982,0,996,1050,315,1018,1019,649,430,463,426,35,220,25,225,954,383,687,417,17,1027,253,616,509,350,1175
411,977,459,1175,687,28,1293,1038,385,1019,427,258,445,406,447,965,613,1026,994,700,1052,1042,720,30,1029,442,142,896,982,634,997,143,1124,1048,252,768,1311,145,17,1095,136,350,149,387,1165,683,509,1195,800,403,1320
34,616,425,403,141,700,628,1197,1327,954,136,716,35,687,427,234,379,1287,785,351,391,617,393,463,1132,1046,689,805,220,125,1320,440,1067,447,1175,510,378,383,1057,646,1004,364,994,28,253,1118,532,225,857,419,203
905,614,750,385,440,425,281,65,139,28,468,585,1025,11,973,535,1293,706,430,77,315,1002,686,1064,36,1050,110,1019,412,403,970,532,424,636,390,411,1023,1318,451,977,124,518,1127,1005,655,347,664,885,976,1029,227
522,543,274,41,1027,701,1023,136,35,1300,378,742,750,268,533,506,260,687,473,421,159,464,478,49,445,800,614,684,1046,180,470,463,271,1310,722,472,383,1004,441,1050,1204,116,320,1364,1311,532,647,487,713,1328,997
1120,28,616,634,459,688,406,430,997,454,976,1293,397,965,380,1003,1327,77,731,687,140,516,977,30,1041,720,1019,255,684,1286,1301,442,1313,532,1038,463,93,994,800,1185,1004,1049,394,1124,1204,1046,628,440,16,35,258
866,1004,459,149,425,1038,1327,687,153,1328,28,1049,918,261,253,655,350,984,1355,141,1041,1027,241,973,24,996,706,509,296,729,393,17,523,421,327,997,150,1089,136,599,470,590,1311,390,32,679,468,954,985,1286,270
1205,1282,889,1257,1339,1280,959,217,499,1283,831,115,880,955,89,1279,893,377,813,73,360,1184,288,1272,74,899,182,961,1203,1374,602,731,935,334,1250,1369,884,508,1121,185,622,212,346,605,63,1357,627,848,336,1356,218
678,581,1354,928,1245,823,312,338,594,551,862,1368,853,1265,1262,825,556,175,592,615,891,1228,1022,504,112,64,63,874,773,854,603,1259,1360,506,216,305,1238,57,1219,1180,197,214,866,215,1270,1271,887,522,1119,748,600
105,570,585,203,864,1228,583,329,1344,1270,551,565,524,574,835,819,66,233,581,862,65,596,859,878,372,1354,836,319,714,70,1333,840,1239,670,1251,1187,504,103,1238,1225,592,1219,1258,823,376,175,522,861,571,60,1236
913,425,463,385,1041,351,28,180,350,1287,447,688,1320,703,687,117,752,720,1204,977,464,470,159,442,973,426,136,617,982,445,393,613,532,430,454,706,616,1324,271,1311,429,397,1049,538,1046,649,1175,510,590,390,1292
140,381,119,563,378,20,1031,805,1141,1168,364,1014,145,453,1045,21,95,393,974,1063,714,1019,634,304,1059,5,417,1336,687,686,666,28,29,250,1312,458,1032,451,395,23,39,432,410,975,980,132,22,1174,468,437,310
764,261,138,28,406,77,616,655,258,140,380,703,445,997,1020,20,1005,815,1322,526,132,1321,463,399,16,532,433,153,1313,39,1335,1162,626,552,1306,990,249,634,415,136,1008,503,898,394,281,441,414,1097,420,429,705
375,445,9,676,1187,434,403,211,752,1341,1316,1107,500,378,329,503,509,871,985,766,153,473,424,425,617,775,146,824,596,853,650,1318,1140,1351,422,264,504,435,1022,706,636,571,662,151,314,1312,489,96,780,438,613
710,1072,1076,459,1003,174,412,25,56,1001,149,713,700,17,106,157,721,1301,1328,116,119,971,1194,136,1295,59,274,232,27,468,630,397,1132,1052,656,619,124,426,454,148,717,153,675,655,394,568,125,1021,108,440,712
872,1052,406,385,350,258,430,463,28,252,449,34,616,518,687,142,538,614,397,141,447,509,784,427,1041,140,77,617,613,1202,20,1314,93,315,468,1324,977,700,514,1318,403,442,691,1095,459,412,145,590,143,464,1061
21,613,403,509,518,1018,258,507,1292,1019,628,590,35,118,973,425,405,445,406,442,617,250,532,16,968,703,649,982,700,805,514,93,77,270,976,1052,1005,141,390,1327,691,472,412,143,1300,977,394,378,28,1316,261
633,871,866,775,585,1238,329,823,319,650,1177,855,1236,1242,852,790,376,197,575,312,524,310,593,633,596,1208,1022,551,405,653,90,1243,1,864,320,70,834,1156,1225,357,835,754,1211,581,862,202,1131,845,201,792,584
46,17,1204,447,1038,1321,445,261,459,149,143,616,1041,442,703,32,657,28,997,518,425,800,430,1311,1047,378,234,393,1286,383,438,448,350,140,403,30,977,994,258,628,145,1026,1046,918,18,119,1299,982,965,1310,385
1187,862,823,233,583,551,319,438,60,197,268,841,172,104,669,1032,803,581,860,1022,127,1246,324,524,469,1173,842,671,316,570,780,95,844,950,620,1036,504,698,972,646,852,1208,853,758,198,1180,4,592,1352,805,126
421,260,1011,1292,268,970,1149,1212,904,4,238,279,316,1230,36,945,353,1218,287,281,231,273,21,579,32,480,972,486,86,135,505,1280,837,917,962,1122,356,796,940,436,310,563,257,1108,1123,1078,23,569,546,1162,1116
72,687,28,445,1026,613,442,700,1324,141,425,968,634,636,429,25,381,1292,1313,143,385,996,919,977,463,1320,1046,994,389,590,1315,1018,20,703,1049,119,965,991,616,1008,390,1063,720,125,1311,691,252,249,327,116,472
195,1161,415,690,682,469,1300,451,805,1292,749,94,57,632,647,273,572,119,969,434,729,21,993,826,139,700,310,972,271,1196,679,294,947,1174,419,631,23,1132,562,1123,976,254,583,852,463,551,812,110,804,1287,517
1015,391,409,1287,698,34,996,704,129,223,663,136,30,1197,423,531,415,491,356,502,1022,159,197,1053,991,666,427,412,1337,1304,401,633,681,319,867,852,1318,921,854,487,332,922,416,661,910,92,381,624,36,436,478
416,274,1191,1247,717,1172,716,414,1111,974,1295,136,1211,990,290,1014,1266,1152,159,292,568,198,701,429,168,1076,837,745,897,774,1259,971,276,248,320,281,154,1348,464,61,1236,165,251,1254,1094,819,448,585,1086,1007,421
330,15,264,1140,496,292,1050,256,1318,138,136,159,402,1316,675,988,438,453,704,1153,984,270,108,1134,641,673,25,1139,491,531,1084,1341,1082,568,1304,703,697,423,153,1197,148,31,991,636,981,1173,1351,1008,1131,630,669
942,274,1082,1038,997,1327,136,459,1175,261,954,1005,689,1027,399,463,403,264,1321,253,315,470,1092,149,35,616,703,257,817,268,1322,138,276,350,974,380,419,800,620,687,717,742,752,125,617,655,977,219,447,145,1045
796,766,39,779,762,287,431,242,496,481,1078,205,255,279,336,884,1045,943,729,225,231,333,230,1339,731,182,281,1353,475,548,277,569,415,754,918,360,229,537,756,76,462,510,1360,1145,768,744,1003,1085,1028,128,49
552,875,1209,304,1208,852,335,273,874,839,780,1255,206,534,148,178,504,816,802,966,952,59,862,302,1246,189,55,311,210,328,1262,104,601,849,524,854,71,291,319,56,51,201,1152,856,326,237,257,853,1177,1213,337
520,1156,730,1207,1163,885,1237,1360,886,1178,1361,891,205,341,305,1244,601,952,1255,911,1039,1275,56,774,201,930,917,1256,880,753,899,851,1236,840,1176,1223,863,1074,792,1267,211,606,836,933,418,1142,551,782,303,834,121
1297,997,33,641,1171,697,1294,996,545,410,459,703,1331,463,1296,1349,125,784,3,95,1107,0,750,270,687,944,153,670,1333,1316,1313,434,1050,824,1327,1197,1320,169,154,1337,692,1300,991,679,688,319,541,916,359,255,250
106,139,168,4,534,210,1197,1158,86,469,1366,159,416,558,391,637,1332,998,410,557,438,585,322,862,835,472,775,14,524,780,319,23,1129,1349,170,460,852,986,92,869,1177,103,1316,198,1123,57,1213,1352,1300,1179,674
1002,680,1019,1135,856,992,473,445,556,747,370,1151,1351,883,732,1342,1354,472,928,524,493,1191,551,295,1009,98,617,378,1134,806,193,1331,1330,592,583,1136,1015,491,817,609,777,748,476,475,487,226,1104,576,882,1277,402
435,230,744,517,478,944,292,701,1342,1127,279,45,202,760,752,179,638,481,798,260,1100,758,812,551,903,1355,319,58,1143,485,733,149,1341,1148,784,1053,431,1373,970,1305,50,641,1217,1056,272,450,741,713,33,1208,1055
953,17,997,977,1286,984,1052,1041,28,447,628,655,1328,779,703,1322,253,459,445,1038,427,387,533,994,465,140,616,270,125,982,261,406,687,1124,732,1003,1046,800,768,470,164,454,380,449,1175,1091,463,136,1097,1005,153
921,1321,87,1327,954,261,400,785,427,1310,438,987,1320,528,1287,136,1003,18,468,687,1204,459,264,991,403,472,1026,1195,678,544,644,419,1004,465,1286,752,779,464,401,693,1328,458,147,176,148,405,435,1034,380,383,1219
833,1092,1102,1067,1049,1249,475,1155,482,1241,312,1114,751,502,965,785,1293,717,1116,817,628,1169,1206,727,1248,1204,1175,1359,878,886,1111,859,1056,238,843,1278,63,1119,970,1369,762,486,1000,876,850,1239,1230,1338,597,671,570
1067,628,387,997,28,1019,1328,447,1327,77,1292,1311,1322,977,655,973,1005,1124,693,1018,270,406,463,984,241,1316,153,1212,24,1287,720,982,1204,985,1165,1094,1293,380,99,459,1286,688,990,1076,1296,403,725,716,810,1092,465
706,264,1152,335,1261,1131,1266,570,853,65,498,286,585,1151,211,1143,1341,275,314,990,1146,1058,780,803,321,1113,1248,1272,165,170,771,164,320,328,874,862,477,770,828,47,308,1235,835,766,860,300,854,259,1097,601,1127
875,977,445,28,136,687,387,425,427,380,1327,1041,125,613,459,447,258,1324,149,412,36,350,976,997,996,17,617,464,257,1286,982,141,468,779,616,1026,509,590,140,403,381,16,255,385,1049,252,1052,1322,77,93,533
1273,28,406,687,1046,93,616,1313,425,997,445,430,140,1052,628,261,1311,691,252,1049,1327,706,977,459,32,17,509,447,965,385,24,800,1038,241,688,115,118,1296,77,1322,142,614,1324,31,994,220,700,919,1070,1301,30
206,613,1026,425,28,628,141,380,980,1204,387,1052,417,412,1313,977,442,1320,445,426,968,430,518,463,976,125,973,1041,700,1018,1004,800,509,93,25,649,703,1287,478,30,258,590,1046,350,614,616,140,20,688,385,1005
914,977,425,1286,1327,381,997,1052,459,752,1204,445,17,687,378,447,148,1195,387,1026,1008,116,1057,1038,703,32,1139,142,140,442,129,389,9,1063,464,655,896,590,784,119,136,994,427,779,1025,613,617,804,412,507,108
889,17,687,425,1041,996,261,393,381,1287,1324,779,1327,153,437,657,507,641,448,391,514,1294,429,459,997,1320,28,805,149,250,1173,991,516,439,1300,1050,1046,655,138,980,1007,1018,691,472,219,518,1019,1197,1292,136,994
82,273,626,1103,45,23,249,725,1039,248,482,784,654,1079,228,741,268,975,1192,1343,535,281,382,260,219,81,298,755,669,1339,347,1023,1003,1173,54,1145,475,1373,463,1022,612,564,971,104,1221,718,1146,239,390,320,1235
919,445,614,387,687,281,703,617,532,800,427,38,1327,449,463,977,142,180,9,140,628,378,1052,253,430,385,447,468,1025,438,412,691,298,1202,24,258,409,148,1300,454,77,706,155,1059,390,994,351,538,26,488,1038
969,141,1204,425,387,613,258,518,997,617,35,119,426,1026,1049,800,364,999,125,270,378,417,136,1005,687,703,403,533,590,447,440,234,996,1292,1052,1020,28,975,149,315,1023,614,1019,393,1041,655,464,445,919,472,979
816,780,827,1211,1246,650,1236,1263,1271,1014,583,1113,1177,823,1270,845,1136,62,1152,329,1258,802,1143,57,1056,1241,633,582,791,233,769,861,585,852,1259,870,66,522,553,570,302,1247,1254,201,60,860,205,871,1131,423,1191
1084,136,1292,427,228,464,1174,1351,532,153,785,393,757,805,35,386,1124,28,1014,36,428,419,158,1105,141,463,632,717,1158,1019,1027,437,1031,1300,472,616,470,552,1286,50,897,1176,1044,526,383,353,864,721,1118,257,611
69,613,509,977,24,17,459,1052,996,628,442,406,447,1204,1046,614,1041,9,982,691,518,617,445,1327,93,149,430,261,1300,1026,1320,380,1313,25,449,454,119,116,965,1324,143,514,1029,1328,703,470,390,800,412,440,700
510,570,585,50,1273,584,547,1366,419,1190,328,1014,583,1149,551,268,998,769,733,864,12,758,825,766,219,494,522,576,1259,1205,490,311,282,862,859,166,69,66,64,1128,1251,604,770,312,1022,210,302,846,1228,1248,774
278,687,1204,28,977,518,442,1052,380,445,1026,509,680,996,968,417,613,447,350,628,252,430,180,1292,143,614,1310,1313,385,93,463,116,429,1175,691,700,634,270,1324,409,468,145,426,412,973,532,142,381,976,34,440
194,24,1204,965,977,613,445,28,628,518,430,634,234,897,417,532,687,509,1052,454,1019,381,700,973,1070,1041,616,983,1135,252,1313,1045,405,247,655,140,315,406,254,1300,1174,1292,1020,800,1321,768,442,250,327,447,143
264,425,687,28,1311,445,447,1052,1049,1322,977,1175,1041,1310,449,427,142,17,996,994,385,1293,649,143,1313,617,258,459,119,628,518,442,982,1026,509,350,270,1300,965,614,973,426,613,1324,32,700,116,470,252,153,30
107,425,28,518,1204,442,445,655,118,405,507,509,532,390,994,991,514,683,378,381,634,463,1313,459,16,409,406,680,706,1041,996,472,30,17,1067,440,616,613,1294,391,91,4,1063,9,403,1316,1026,447,649,1008,468
157,238,287,415,650,1271,553,870,527,1267,65,469,216,194,1205,32,1221,581,756,265,1127,1297,305,1217,663,310,826,1315,1030,483,993,599,316,566,547,1084,46,1176,382,1063,1128,567,139,867,92,1169,1222,539,600,929,790
1059,1154,1249,791,683,998,1058,1189,852,208,939,321,534,545,753,1269,856,324,201,768,1365,923,1116,737,1158,1273,289,559,603,558,331,1151,1113,1369,799,1042,1070,195,436,1371,1247,1211,665,844,645,846,874,60,1206,59,221
656,1152,878,592,745,233,749,659,741,791,557,1107,1367,1228,158,1155,325,934,1259,569,332,1262,210,59,684,310,992,853,1260,57,570,852,276,603,1238,571,606,440,326,998,207,162,777,205,502,117,960,1059,1119,1141,264
906,514,985,864,592,329,818,58,1140,62,1296,1248,990,547,571,66,498,1228,1359,226,565,1171,1168,166,1152,1265,92,1007,1095,494,862,314,526,583,1089,646,447,1340,543,87,419,1245,133,238,891,1287,992,1205,264,871,1323
692,912,923,435,197,948,766,821,925,586,165,1017,505,1143,441,693,523,154,1217,60,429,742,172,732,9,567,1007,1120,1221,487,1158,438,324,146,491,661,1246,1249,181,506,61,224,1140,683,665,734,793,35,1202,738,1153
731,827,780,233,862,1270,1187,595,847,1113,802,689,136,1075,1266,852,1242,825,292,846,236,324,1102,294,593,583,1131,1152,422,864,1140,803,313,58,1236,170,1155,1118,878,198,1175,1223,317,1063,1022,853,1228,1239,67,861,795
1149,804,268,1052,17,979,419,1175,1124,1106,162,426,463,1339,690,336,1087,466,84,1224,307,935,937,417,1360,141,518,286,666,1316,42,1104,387,234,126,1282,901,279,712,232,627,963,1348,770,1068,679,380,734,97,225,657
266,1067,1204,1200,118,1127,1340,730,1308,469,1175,41,693,1138,167,698,406,1314,1194,1344,981,631,691,411,152,1058,1219,1008,257,645,261,972,166,487,1316,742,815,713,120,87,510,134,408,1135,438,1270,502,818,561,785,514
703,292,440,661,180,897,514,364,145,417,618,804,443,429,634,604,46,544,435,272,732,1168,1096,553,315,439,861,829,623,1026,1083,389,1061,1307,454,504,978,1192,1118,243,1246,1107,224,968,853,381,391,476,121,974,653
607,823,862,1238,841,1259,775,583,60,1261,329,1354,802,857,607,586,853,104,866,861,842,504,864,70,846,1146,741,878,203,834,493,1239,826,705,376,275,1208,790,1242,113,819,551,865,63,854,505,194,211,875,570,818
119,425,1315,381,429,93,390,1292,30,364,383,411,95,557,460,125,532,655,954,621,687,420,700,996,984,661,1287,968,103,405,416,986,1089,148,1093,119,613,453,1120,438,590,531,1090,514,1031,628,468,991,1330,392,981
1010,697,261,1092,275,1027,1187,817,1141,1328,270,290,154,800,1007,1140,1175,294,395,774,662,907,1173,991,1248,1194,1014,1152,795,705,819,703,1342,236,543,1183,264,954,1056,319,687,85,267,829,1132,677,985,1135,164,1102,1107
1118,406,468,1052,1314,697,425,976,143,400,1175,1041,514,447,381,252,1038,617,40,1031,17,276,687,438,985,1099,395,411,666,1311,1118,1351,0,506,136,532,452,161,28,1319,9,1344,383,675,389,279,118,518,1094,1090,647
433,761,201,1127,944,1068,736,740,1135,585,1235,862,321,494,1200,1236,1258,1143,575,784,478,570,329,817,1179,555,1146,1151,541,292,206,187,760,1158,845,1113,568,659,558,753,593,1152,777,523,853,1060,319,236,714,854,577
280,425,445,687,655,617,532,1204,1311,447,383,438,1318,433,141,613,977,136,994,1038,1286,390,468,1316,700,1173,1287,442,379,1300,649,385,968,1202,590,463,507,510,1019,996,119,1048,255,9,518,732,402,18,647,381,509
948,997,1327,1049,459,28,17,1041,1293,1038,655,1296,800,779,274,1175,445,1052,1204,1286,720,30,447,380,1019,687,965,1321,140,700,1046,533,1124,1320,77,1004,693,994,703,252,516,149,261,1301,143,385,1313,1070,1048,712,427
1154,1171,503,835,487,329,203,196,1344,570,416,18,1014,256,1172,202,92,823,233,862,159,276,491,402,543,411,1092,722,403,325,464,571,401,435,15,1008,1012,482,974,568,1304,43,1173,1076,704,255,1000,108,636,676,985
989,50,1222,766,611,198,386,1242,824,583,491,1351,45,1211,1096,550,319,1366,403,1336,1266,743,203,1270,38,1022,353,152,487,741,159,1316,1359,802,427,473,1099,147,921,978,233,1352,502,1340,1304,1292,1342,1019,595,845,264
161,201,553,305,469,648,972,562,457,816,1259,329,818,952,1056,1022,571,581,597,324,592,1271,1330,1140,313,1359,522,778,166,308,1258,577,891,623,1234,877,294,1202,152,609,871,698,930,172,1115,861,1102,870,1267,205,989
401,1175,274,965,976,543,258,1342,1076,968,148,292,1067,411,1195,1044,636,620,438,687,403,1310,669,533,825,1322,1008,383,585,977,315,1105,954,287,45,380,58,406,997,919,1292,700,762,697,1311,353,491,9,455,1315,93
1310,425,258,1204,387,720,463,270,125,628,274,1049,785,230,459,977,613,1004,1046,1327,440,378,616,1067,532,93,219,994,1175,253,1313,634,679,430,403,1324,261,117,703,454,1026,518,800,965,139,99,614,445,680,136,1292
1199,1204,687,680,441,406,387,412,487,1313,33,987,1311,785,1052,805,518,390,385,703,1027,24,427,454,149,438,977,910,95,148,661,425,648,1320,230,1057,976,916,1041,327,180,99,1059,1327,624,28,1097,991,1322,392,9
1087,1327,779,1320,139,613,1204,119,805,977,93,628,136,1026,994,28,800,1328,688,1049,1050,389,655,463,996,700,590,1202,691,425,965,1173,225,380,447,327,509,261,973,141,442,17,391,468,417,1019,1046,1175,149,1295,34
667,921,425,703,916,1059,252,403,409,441,274,460,1052,260,390,920,750,1067,150,35,427,136,253,990,221,706,1318,1337,435,4,996,509,44,912,28,1316,468,378,910,7,118,1023,1204,1175,198,33,438,1230,1058,1295,779
395,561,60,524,1226,457,4,25,214,166,862,110,1249,570,661,826,435,112,1246,1168,201,1265,547,271,631,780,1063,90,766,698,43,1068,1219,1023,864,197,827,423,669,87,598,109,1315,585,823,364,487,261,618,1258,133
268,445,1324,1049,1204,703,977,628,1052,996,590,509,149,463,142,417,680,617,442,406,1005,9,616,258,17,649,1019,427,459,143,1320,994,140,385,614,261,429,982,252,613,691,800,77,533,688,412,532,655,136,1328,636
874,687,425,784,429,1026,1044,132,255,1005,986,634,919,403,985,1094,1048,390,398,386,990,977,1125,1008,518,459,35,1204,389,590,24,438,25,387,380,973,717,394,616,385,9,507,976,991,145,417,16,1366,896,897,980
277,145,687,1052,535,426,725,918,533,24,447,387,220,1041,968,35,683,463,655,442,234,965,779,350,518,700,419,1050,1292,1038,532,470,17,642,417,148,680,427,266,804,253,1027,391,32,454,1032,996,445,452,468,258
1116,570,1263,1270,585,862,312,802,1151,319,864,329,1254,211,827,50,1236,1248,1058,66,860,1222,1141,1266,287,775,780,878,1146,877,1246,1231,525,774,294,524,1149,1271,1155,741,60,845,1113,1067,826,497,576,985,236,874,1167
980,252,125,1049,417,258,463,518,268,1175,37,464,1052,430,406,668,1324,590,897,1194,544,28,220,253,380,249,1338,24,977,350,1048,132,1321,734,1188,1345,1005,679,984,982,1333,274,277,717,1061,1305,134,116,804,141,1078
916,425,387,687,1049,145,142,253,274,447,533,1327,1026,628,1322,1204,463,720,465,994,350,143,281,445,982,426,429,1140,701,119,620,385,510,378,688,442,1124,1318,409,977,315,230,1096,1344,38,459,417,1195,617,1007,1046
26,853,585,1259,593,841,847,846,324,870,852,583,565,551,1206,522,867,211,570,775,325,70,1258,834,586,335,66,832,839,1219,236,596,203,584,849,317,757,1177,952,105,304,1246,194,865,341,1239,604,133,196,562,859
1316,406,720,568,459,1004,1321,1092,1076,106,17,1286,414,502,779,997,136,388,1172,1067,464,454,1328,399,1072,1005,706,1340,282,722,819,274,36,1023,896,261,538,611,712,1239,1190,971,954,10,1049,1344,865,461,11,1109,1296
6,1287,518,614,417,34,785,445,425,403,440,381,9,429,976,1204,613,412,18,7,509,973,617,1299,410,1052,455,1034,437,380,447,30,100,258,24,439,985,245,1318,1000,968,1311,444,680,987,435,544,1315,689,628,0
31,87,570,1153,400,203,506,741,1067,1316,233,1344,276,1108,378,775,320,714,1171,194,750,403,761,95,514,1136,1318,1197,637,655,585,65,650,1241,862,110,780,836,716,408,50,827,993,861,328,704,581,416,214,1008,201
14,28,687,1204,1052,442,412,270,430,17,616,590,380,996,425,613,118,463,258,1327,350,145,1041,454,427,385,261,403,617,141,35,628,406,255,700,897,25,997,706,982,465,30,1313,1324,703,447,1161,268,143,1287,973
155,430,687,24,1041,141,784,628,975,442,1313,145,426,532,616,447,429,804,1324,1019,590,1300,417,406,1204,403,655,996,1026,4,28,427,445,613,438,119,390,0,636,385,381,140,17,617,973,454,261,510,1052,674,378
1184,1152,1241,1177,864,1211,1266,1218,862,780,1263,1113,312,307,1249,827,1187,1058,329,871,1022,1056,1264,860,1067,1278,294,1131,236,778,1222,1242,764,303,741,876,1236,1206,1136,877,873,1156,1258,371,817,1014,1259,859,1039,67,988
1186,862,570,584,1248,795,312,329,198,853,827,864,290,1241,203,585,320,1354,60,319,1270,202,1131,57,314,825,1249,791,741,761,844,1200,211,1238,780,1058,581,205,852,1266,1141,863,592,1187,756,1258,50,775,842,522,324
818,949,961,1280,970,946,931,291,945,54,767,238,940,179,721,1236,885,73,1263,1256,889,914,205,879,1246,215,1338,864,939,1218,486,930,1271,816,579,1371,741,882,1283,549,1187,1152,642,838,57,588,321,792,880,1257,852
770,1204,425,1324,687,997,141,274,1287,1026,977,617,785,628,1041,149,459,406,655,469,447,1322,533,429,268,720,613,38,1089,516,991,385,703,24,706,440,667,412,445,270,1091,1295,1120,248,241,693,1320,464,1038,253,152
579,823,775,543,862,556,592,551,1119,993,312,1051,324,569,593,853,852,891,1031,697,803,196,292,554,329,570,825,1259,834,1191,581,969,1,1045,805,1354,985,986,571,294,633,454,383,1204,857,871,92,827,797,95,583
639,864,780,823,522,60,1238,1141,1058,769,583,66,1254,816,790,1152,211,586,633,845,841,852,860,314,1056,214,1259,777,826,312,1113,607,828,491,1239,783,1242,1151,862,1155,597,1135,47,1354,1191,1276,793,331,570,57,1120
1114,445,24,1292,350,28,1204,167,430,447,599,93,9,687,258,617,538,387,464,514,442,973,449,613,1052,1202,1139,1041,1311,1175,1314,1318,655,1324,77,985,648,403,141,680,779,21,35,1342,700,440,614,438,1061,518,1026
214,687,425,429,1327,412,732,614,20,141,703,1201,118,140,149,411,495,442,616,270,28,143,1032,1173,24,385,1286,426,649,1320,1175,444,815,447,455,617,438,441,327,126,34,427,1204,1052,1202,145,258,18,1046,997,446
487,970,1191,293,862,1247,200,1256,1235,869,835,1366,1236,210,962,792,331,290,580,1259,1228,966,69,286,766,198,826,659,1156,816,1200,1146,65,325,718,329,750,482,2,741,1130,201,778,357,1205,504,335,421,308,264,1349
1275,1026,977,119,991,478,700,1286,116,516,1328,1322,1300,261,983,125,1327,459,118,996,149,17,455,968,16,268,919,145,270,1351,509,976,784,1038,675,438,28,634,543,380,613,628,984,25,24,1044,412,532,980,703,1050
599,1058,802,816,553,329,1221,780,852,1258,66,854,826,570,860,1271,1266,1113,775,864,57,524,827,292,522,1223,1246,319,834,233,320,870,1131,877,1208,857,823,1211,803,1371,761,104,1136,325,1191,1217,324,790,1264,65,1180
351,425,1204,385,614,463,1026,258,977,403,1287,406,440,706,350,442,430,684,28,424,1324,315,252,533,1004,613,634,245,691,687,954,703,649,141,617,785,136,397,116,0,143,1052,973,447,518,1041,155,429,454,93,590
1159,59,1222,56,1369,1160,876,859,525,816,1358,1218,80,855,1261,741,831,806,602,763,882,650,375,1144,792,1156,1305,574,1183,212,1257,782,338,306,942,1215,96,791,931,330,793,877,1236,1039,1248,847,933,65,878,371,1058
252,1120,470,968,620,1306,93,500,971,975,133,445,1312,4,636,166,295,992,28,1060,662,144,22,824,704,439,345,381,451,1175,268,503,406,570,552,687,132,401,263,472,657,425,561,675,1171,742,1168,714,452,6,1014
68,1341,274,268,717,784,514,447,260,38,350,620,561,164,1140,533,1340,997,172,1327,994,1172,469,1134,264,87,616,266,136,657,463,395,37,174,159,1300,712,278,470,1173,1314,1007,15,617,152,270,426,166,476,143,677
67,819,23,771,967,712,705,911,1022,1261,746,133,782,598,913,309,741,930,1272,777,986,747,1074,219,870,4,272,504,650,121,1012,1371,55,1068,927,1189,1223,326,1370,382,1136,1082,855,580,859,420,1213,534,1336,718,776
1106,445,687,149,1052,1041,1175,28,427,93,691,449,459,1194,800,655,1327,35,628,700,426,77,430,258,442,385,683,387,1038,1293,447,532,1048,613,140,463,706,1321,1313,617,1049,16,136,1322,982,253,118,141,350,397,24
80,514,439,425,669,1204,1310,12,1311,687,435,0,507,91,636,576,1293,95,1287,585,391,968,639,1291,447,704,1296,490,152,1151,440,138,24,1019,492,176,991,390,419,1294,429,151,860,611,401,641,98,1063,965,1030,1303
581,852,1246,319,857,1263,58,579,864,238,1222,853,1116,1158,312,775,1247,329,60,596,248,1359,1248,846,826,939,816,175,582,1113,829,1249,1128,202,186,215,802,1152,780,1119,549,860,633,873,1236,367,1259,551,883,842,211
77,381,110,1315,1176,621,991,704,1304,1294,108,390,392,624,405,133,429,391,518,675,815,33,378,1089,1161,21,1297,393,1318,1153,972,507,986,453,491,30,618,364,395,1314,805,147,1031,438,1288,1172,411,655,410,302,433
1033,1327,800,900,1124,385,220,727,346,977,280,709,16,1292,1199,252,1042,1250,355,1049,904,1339,548,428,463,688,1374,230,731,1279,1338,363,84,1078,417,1234,377,77,1038,185,1019,258,281,969,13,470,426,387,117,628,959
1315,1204,1311,1067,1070,687,391,1310,28,614,447,919,968,994,1127,510,616,535,1063,805,691,1008,272,996,31,393,486,30,1195,507,1052,1341,649,1188,1026,715,1050,472,561,93,543,514,442,1085,752,815,134,225,197,24,762
1190,319,778,864,1058,862,845,1140,790,1152,827,60,65,592,861,571,201,1271,524,1270,1236,62,780,1190,832,324,1127,846,859,487,750,775,1359,1228,233,825,210,438,577,570,585,203,871,1238,1179,535,1039,15,964,1206,1113
957,628,800,1327,977,1300,17,703,253,532,975,613,1046,997,459,426,440,119,125,616,447,425,994,463,674,732,449,32,36,1286,454,1311,984,509,234,274,118,140,518,968,688,93,141,655,1026,378,641,996,261,675,138
452,329,861,863,864,1259,319,1354,211,201,834,104,1271,57,570,60,585,67,780,1246,66,1039,1211,206,194,799,604,871,853,1058,964,524,870,835,203,803,583,582,522,787,1248,867,202,859,1235,592,852,633,547,802,775
723,1111,986,290,713,1058,791,913,1014,1259,1113,639,304,559,803,780,493,460,1245,307,357,1238,1246,408,1241,852,756,1158,776,645,853,741,273,316,827,846,856,1022,1053,276,927,1039,487,849,818,1197,823,365,305,69,1270
213,110,643,429,427,1300,395,704,1032,393,514,929,148,687,1031,390,611,25,1326,468,804,392,435,815,1286,552,487,327,439,136,861,991,453,257,954,1295,698,425,980,910,364,256,564,621,92,805,261,455,447,1007,1190
1212,261,687,649,445,125,1320,0,1052,270,403,996,442,613,459,438,378,118,427,383,968,405,143,350,1300,472,255,447,385,136,116,1038,393,258,35,703,28,17,1049,1313,997,973,1287,1018,679,1324,16,1321,1045,965,628
22,1202,159,33,514,411,126,433,1304,567,95,1173,487,621,1031,1168,698,14,15,111,766,1316,535,599,991,378,381,435,1332,1008,862,327,1153,1297,618,429,315,391,624,292,400,558,127,1290,528,1340,390,256,1099,423,110
1195,329,585,570,863,581,203,592,1354,70,752,1251,1202,617,862,954,378,411,866,586,1287,18,669,584,1236,1238,823,860,165,194,197,835,827,704,858,210,405,583,389,1059,103,757,292,438,179,1259,211,577,319,557,653
156,400,980,18,991,687,438,1050,1014,968,411,657,453,518,401,383,35,405,403,15,256,24,981,364,141,704,148,412,9,590,398,613,1204,143,119,472,703,1174,1032,315,4,1194,159,426,1171,264,270,425,662,378,294
402,524,585,551,1354,584,1228,65,570,197,1200,522,853,329,553,603,775,1239,854,604,583,816,211,372,319,860,1256,555,178,312,1246,320,863,335,491,324,9,194,57,1217,698,891,827,609,806,1243,565,581,438,855,823
360,1161,1294,768,119,477,687,518,1300,620,52,751,653,240,395,1043,125,545,912,646,569,1046,1079,704,441,405,180,9,998,1017,440,261,410,696,230,1018,1041,63,844,1288,1328,1132,220,1051,920,1238,631,628,165,1345,1060
623,1372,522,585,803,1259,1354,592,862,1223,853,913,823,621,764,834,639,290,583,197,1247,989,210,502,392,214,1359,863,603,606,1219,1248,547,551,504,64,1226,854,801,57,59,1366,205,1022,871,600,211,1267,570,1349,127
952,1327,17,779,454,997,425,406,445,800,977,628,380,1195,655,1052,1049,464,620,533,1322,617,447,463,1175,468,387,732,1286,140,982,143,1041,720,1294,1320,253,1328,397,268,1017,697,350,1076,77,1085,427,1139,385,129,442
1129,1204,425,28,687,1046,680,447,385,1310,442,1292,975,449,532,463,253,1342,994,614,464,93,1287,350,636,996,518,1071,24,252,977,706,417,149,465,270,403,140,613,1327,1049,533,1041,997,628,732,1139,1018,32,1076,590
1164,843,486,473,750,669,95,522,281,1149,583,1119,1294,1154,876,785,1191,1182,869,659,1221,1024,798,1289,410,819,1036,1131,488,1123,636,231,127,262,1287,646,314,985,1014,320,1212,584,920,460,569,311,1179,1234,451,1147,923
830,823,862,835,585,57,864,329,741,780,1093,826,583,1225,863,592,320,66,1241,1248,196,586,1228,1245,593,175,827,777,1149,1131,1120,1238,861,1162,871,1259,46,1354,1242,1206,1141,575,1056,553,846,1153,58,774,211,988,290
0,1226,617,514,1318,445,996,403,491,364,429,390,141,666,315,1200,144,509,730,378,507,292,442,447,21,981,704,544,44,468,389,405,409,524,33,1096,9,1287,1292,15,863,159,34,1319,446,433,410,557,155,618,758
1207,502,1175,861,698,971,233,1344,148,498,1248,12,1056,862,43,1277,1012,819,522,1134,547,66,863,1308,568,662,776,1323,1373,1008,581,1082,1187,1354,691,697,1235,583,1226,704,1236,1316,111,702,152,1360,846,59,1366,1359,816
423,912,586,925,524,766,567,329,60,1058,522,620,487,592,491,506,154,319,922,862,18,555,320,1262,1141,57,1022,790,1236,3,1149,172,104,63,597,1242,1223,836,585,1143,416,1270,214,948,505,604,1217,511,316,551,738
963,1175,1038,1019,1067,1048,616,153,406,1320,136,393,954,403,1049,28,395,140,276,613,655,459,1327,430,703,125,1204,1046,1052,1107,1165,687,700,253,143,518,220,977,734,1,721,87,440,1111,425,533,897,294,249,315,1293
1234,732,1328,400,975,687,1241,620,628,717,388,944,634,994,87,800,1196,149,1162,203,749,1197,4,198,1008,378,512,711,406,459,1286,36,1249,1266,868,255,712,688,824,715,697,769,1042,1070,1171,282,705,1076,361,261,380
427,854,852,780,1236,791,1075,871,875,877,802,177,864,67,1136,1259,203,585,766,1246,1258,583,862,1111,1270,1271,1211,1208,1125,201,1254,1223,860,861,659,319,1155,541,1180,853,44,857,824,57,825,1219,62,595,1058,1187,1221
614,952,1238,1225,1372,826,1039,1181,505,497,890,887,343,888,1261,522,839,1256,525,799,802,1346,317,823,849,867,837,322,865,966,1367,594,924,354,329,1245,302,251,205,207,843,368,913,765,1137,1058,27,866,1222,1218,596
696,570,1324,1094,617,522,862,144,1318,509,1139,66,445,575,1136,320,148,292,583,835,817,403,491,411,864,586,550,714,176,704,465,1341,429,1226,766,159,971,9,604,1161,780,1140,592,1202,386,329,1340,974,661,434,449
297,167,464,1049,616,414,273,465,387,502,1293,419,910,997,487,1100,620,1172,1201,268,920,717,77,1175,1106,1061,427,261,152,1165,198,136,230,459,145,1027,1127,274,43,277,380,1310,815,1202,977,161,506,147,349,1019,1158
782,429,276,1204,43,1342,766,350,1202,1305,1172,1324,662,1176,465,487,99,1316,393,506,87,532,533,654,390,1091,1094,1344,568,1066,268,815,77,261,1012,1315,497,543,164,38,4,389,233,1067,1014,143,982,1076,451,514,384
584,1270,1218,60,1266,1180,553,860,1274,864,201,1186,197,67,862,1359,307,644,1259,852,1271,329,802,579,251,1058,854,801,611,356,1187,827,556,1211,325,1022,824,211,198,1341,1197,741,177,593,1143,238,206,1196,887,758,829
894,1160,823,1058,857,1277,827,879,775,1236,248,211,486,859,865,778,946,811,1125,1233,596,1152,283,853,791,582,366,949,867,57,819,1266,376,361,780,151,1360,233,209,839,328,70,214,524,66,549,175,1246,846,795,86
197,1041,445,403,628,394,1042,518,509,93,140,261,385,390,590,977,1046,617,1038,412,383,378,426,1019,1052,406,315,1320,258,982,252,973,1204,634,1322,1327,433,649,1313,24,784,28,636,395,1300,442,447,1026,655,380,429
785,585,154,784,862,1246,1096,780,835,329,319,504,1235,1236,824,60,870,570,67,210,857,861,802,203,761,1058,524,233,1349,1247,1258,1111,1140,853,555,201,194,577,875,836,944,921,863,372,534,834,990,741,852,826,1256
821,378,110,304,405,1136,795,618,364,21,302,1259,92,1348,567,478,87,411,94,999,434,1050,437,44,104,1174,1288,1131,327,648,18,1129,1007,292,862,409,643,421,1226,514,440,559,322,826,415,1319,1295,429,453,383,15
1227,425,385,463,141,752,700,148,430,77,390,1175,1202,1005,693,403,394,30,24,379,649,590,1194,445,1287,532,258,614,613,351,974,380,145,689,87,427,447,36,617,143,1045,28,350,417,978,634,395,159,252,982,1044
638,862,861,846,864,860,852,795,887,312,63,844,1238,329,841,60,854,319,214,201,1262,821,335,581,1258,175,1272,1354,1228,1261,202,836,823,1246,834,313,816,1058,867,583,1371,292,877,205,1240,1115,1223,1271,238,1217,799
159,570,329,585,827,320,504,862,60,1248,775,1258,319,312,503,1373,835,921,1277,505,574,290,1228,308,65,1236,1235,506,1177,1036,1344,210,551,780,1259,908,795,292,1225,799,302,601,802,1153,331,856,1230,592,787,596,607
302,425,687,1052,442,412,406,430,1004,385,1293,700,445,380,440,459,1327,1321,1320,616,141,1204,628,1038,703,1027,145,693,1026,93,1328,24,1313,25,691,1070,1139,350,261,516,0,617,978,77,968,649,468,403,614,965,716
586,256,468,4,687,118,136,43,514,716,437,518,425,327,138,732,1063,20,394,971,706,662,1320,464,999,717,611,655,119,100,624,703,1038,28,1294,617,1090,429,532,1171,1286,441,1046,661,174,974,1319,516,125,392,675
1269,329,592,862,570,585,320,522,504,823,761,503,774,584,1238,1008,1262,581,1144,575,863,775,583,292,524,574,60,571,1141,990,552,780,103,1258,1352,1248,766,855,859,494,202,296,1236,1131,577,1243,553,196,389,771,233
947,1327,1322,17,140,779,406,800,1004,445,1052,687,28,454,533,997,425,1286,655,1324,1038,136,447,143,703,430,253,1049,977,442,77,1320,1299,613,449,234,1003,1175,409,1046,385,428,916,1027,1204,258,1318,93,463,994,1095
1189,853,104,827,1246,593,319,4,329,320,205,416,1354,1125,60,197,852,795,581,1067,290,577,804,823,1270,110,201,775,603,989,341,1022,304,846,1058,1056,1173,1191,534,598,1141,1014,585,819,855,1366,202,154,292,718,1228
250,1204,1026,440,976,1287,590,93,977,30,1018,28,614,234,25,463,628,445,994,1327,1052,406,438,24,968,983,149,430,447,119,425,805,1019,1041,518,997,510,1320,118,426,417,32,1313,649,535,1029,4,700,965,613,1046
460,573,50,991,551,1129,995,473,762,484,1226,1091,944,1202,502,697,1051,419,980,1031,58,319,202,179,1167,576,1131,145,644,261,1353,1010,717,106,1346,1076,282,292,1294,636,524,1336,886,1190,1001,676,1229,694,284,95,90
1014,662,823,57,1265,864,1063,1270,419,583,401,1243,1259,1217,1245,576,780,752,1022,825,60,827,995,534,439,987,151,964,570,1287,633,136,61,581,335,302,867,854,669,862,852,1291,1067,66,998,620,400,116,1312,133,571
1314,125,1328,149,1322,459,1038,447,628,1004,779,994,655,387,1046,406,1003,997,427,1204,616,1042,977,687,253,350,1052,17,982,28,984,152,768,1320,164,241,1202,1041,465,261,1293,1201,1195,647,1286,270,1029,700,327,688,1175
1232,1204,636,28,628,454,430,1041,1052,532,403,447,1026,258,417,985,16,1324,445,142,253,387,613,459,1049,145,1019,93,617,116,994,24,255,509,800,980,1046,700,1313,143,442,1292,261,590,252,1327,616,720,1194,768,896
857,430,395,1041,0,387,118,393,954,518,87,1061,616,28,412,628,919,897,516,1320,613,975,1313,425,1052,30,76,417,385,25,700,687,390,141,532,117,16,403,978,538,24,1295,406,381,1026,634,125,433,706,1064,442
975,4,1014,532,1300,662,255,1145,669,1176,110,1091,768,219,463,526,268,929,378,1333,626,634,270,1132,805,815,637,641,1050,725,111,315,453,677,826,543,226,441,653,692,764,741,1023,92,220,1134,452,38,37,426,618
657,268,993,426,950,666,936,980,567,599,18,465,1068,1007,538,754,52,304,478,420,1318,243,625,751,415,1290,464,547,1226,1098,197,1291,1107,612,126,1109,254,934,154,34,397,327,409,435,1349,746,628,918,356,967,364
343,271,469,416,403,464,683,146,1096,144,87,766,1044,391,487,732,1022,463,383,379,725,167,618,780,535,590,1107,750,1127,315,510,616,1075,1153,1318,400,567,714,655,92,268,270,257,1050,1135,1140,1020,514,274,784,689
1005,425,274,864,426,677,1127,1043,1092,703,974,267,449,691,954,1039,1091,683,1219,1321,1014,624,841,742,435,270,741,829,616,704,268,1067,817,918,1270,1295,1239,762,389,671,464,789,743,253,785,1089,987,319,876,438,1286
143,437,327,391,25,383,453,689,153,649,405,472,119,1032,1162,532,378,1041,514,264,226,116,35,429,381,412,1292,528,1176,991,390,425,687,657,158,261,257,110,785,805,974,126,118,394,478,136,994,703,1304,983,1014
256,425,968,1287,514,429,143,815,1310,518,364,472,0,438,590,385,412,1300,140,532,390,1292,613,1019,1315,126,17,1050,25,706,649,983,1311,141,442,954,445,119,378,28,463,116,1063,509,805,132,142,403,975,896,507
193,1270,691,1258,279,585,1022,1351,525,233,65,329,496,201,211,965,753,653,641,878,962,1135,930,886,616,780,49,1314,553,112,179,1131,35,1246,569,209,826,398,890,595,606,1033,1047,1194,1260,1128,879,504,1165,1222,551
670,864,66,1246,592,553,197,823,1022,502,1128,836,504,825,862,585,1187,827,698,551,211,705,1259,1149,1277,1058,1270,151,60,1152,556,1190,1265,524,816,1056,1266,604,62,1275,65,603,852,730,166,775,1236,238,1341,58,780
537,858,557,985,498,329,567,1108,194,993,1292,379,552,196,305,775,1034,571,633,551,226,915,597,838,592,1242,1331,672,823,570,435,1143,1268,593,1290,325,319,311,1363,510,64,103,545,740,756,186,102,1236,885,797,183
644,1240,775,547,864,570,1248,1200,312,1354,581,551,1265,576,286,819,1239,972,827,565,1228,60,1261,1232,1238,835,1149,818,1113,596,787,585,1251,1270,766,553,1146,524,211,861,733,1275,799,795,594,846,969,739,1111,210,1245
576,1270,862,824,1058,854,853,860,1152,827,1266,1,864,857,1246,780,825,846,1259,1141,60,1211,866,570,766,302,170,104,238,202,887,197,210,198,1158,1359,319,819,331,1014,290,201,1258,1143,1238,321,423,1354,203,583,329
780,1369,1303,979,1086,651,1280,334,471,335,288,339,343,469,1011,256,844,1046,1349,1200,1176,611,337,535,512,601,185,99,195,1373,421,470,899,656,1372,540,605,1098,40,480,426,376,962,131,570,1147,981,924,1332,1105,546
659,319,214,1177,823,1259,524,871,60,194,862,202,105,603,646,1354,854,312,104,839,861,211,1366,329,592,550,371,504,841,584,522,576,1248,952,859,864,908,1115,834,201,597,1242,1262,593,845,826,575,586,292,1265,302
207,412,449,387,43,543,766,636,268,427,785,469,145,1318,532,1324,102,1172,1306,649,38,426,464,255,583,397,538,1175,617,389,93,666,1091,691,544,395,152,381,1007,1313,159,142,1210,445,315,438,784,378,1105,725,620
779,836,1321,132,125,1312,110,867,877,657,150,1141,526,1344,990,1296,107,1286,276,1058,1266,1014,264,705,1032,807,238,279,394,420,429,712,654,1063,137,257,852,275,158,1152,443,1003,152,259,66,1136,568,982,36,1212,1294
406,274,1091,662,429,1341,1342,464,463,568,1014,1135,43,41,164,172,1022,660,34,158,701,152,1172,1007,469,1082,656,170,161,380,273,286,567,166,145,929,1335,12,514,356,1097,126,243,168,219,116,1316,85,267,278,743
895,445,636,1293,1204,628,258,17,28,93,1041,509,994,406,532,1046,412,387,447,378,385,459,468,430,649,977,896,136,514,230,1052,703,688,24,426,140,1311,706,145,77,116,1327,634,997,613,142,1324,424,800,616,752
1284,628,1204,385,1026,93,800,613,1046,614,1311,1041,688,425,1327,965,977,636,24,1328,28,459,720,1004,142,125,1310,691,1019,1057,447,700,119,683,590,509,1322,426,1300,516,445,1018,1037,1049,997,518,1294,440,805,417,982
1060,392,469,502,1128,110,553,826,816,823,818,585,862,547,1190,420,991,877,971,296,624,564,146,1176,1022,929,109,133,214,92,522,1297,661,1371,801,780,1288,621,633,825,66,1217,310,460,859,324,1051,1275,1208,1271,87
682,687,1204,532,706,1292,9,136,518,784,261,378,689,383,445,141,703,752,35,617,427,509,447,159,636,514,1175,270,381,1063,390,613,680,968,996,405,614,785,429,973,1318,435,385,1173,416,401,433,1050,954,253,315
419,468,1312,675,174,17,815,563,380,1045,1052,655,1162,394,20,453,409,1322,378,1320,28,616,1020,430,1321,110,426,143,140,983,30,991,145,258,1027,406,118,997,717,1003,25,383,568,87,455,85,470,1313,15,108,1316
804,626,835,945,1252,1156,1346,888,887,578,88,361,331,855,721,493,57,1119,907,86,1012,71,59,1144,1351,210,304,818,615,1150,1272,642,22,541,280,799,302,290,840,981,1189,168,208,955,233,862,497,322,1262,824,312
605,862,864,841,1238,585,522,1236,577,194,1242,1228,775,1271,863,860,319,819,66,859,835,1259,565,823,571,846,1177,853,861,845,60,233,62,592,57,551,570,524,1241,803,1056,553,581,1240,865,202,854,205,780,1239,1190
1156,912,925,923,920,793,1023,743,704,1249,1113,826,1175,586,181,824,35,693,319,1211,738,876,198,817,271,572,1177,617,281,487,435,506,821,353,620,1102,1153,1191,1053,320,1158,1263,778,61,1143,1236,766,154,667,324,683
1035,585,286,603,1162,1082,522,569,281,1228,570,290,835,971,325,1247,74,274,800,761,844,1200,320,551,680,862,1125,817,930,1205,268,248,482,308,327,1092,911,1235,584,686,536,948,1113,1227,951,1191,165,321,1060,738,312
885,433,92,416,704,25,1304,621,1051,15,1176,197,1288,1171,110,698,302,1022,514,18,87,9,507,1316,256,1058,624,133,148,1012,111,1008,1194,435,675,438,1063,793,852,4,390,274,392,432,1297,1044,405,469,411,154,38
1030,319,862,823,863,846,583,859,1259,864,1228,604,1246,585,211,756,1273,66,1131,1058,570,1271,878,1217,870,1238,57,332,827,592,803,326,325,818,62,577,70,557,860,1266,780,1371,12,576,582,522,834,835,328,1177,61
350,445,409,545,118,1041,1052,20,410,691,459,910,391,403,91,381,532,18,916,390,1293,628,704,154,425,92,34,655,1204,261,25,32,0,1070,912,378,149,1320,996,687,1286,412,980,921,1031,99,1043,564,140,509,1059
1048,1204,687,143,973,403,1175,666,968,380,381,703,1050,518,25,442,532,378,463,270,401,1019,315,977,438,590,1063,919,1318,274,252,445,1008,976,1014,649,1286,673,261,409,364,1310,429,1067,965,398,897,683,533,412,430
1107,385,463,13,994,628,800,1109,117,141,1253,281,1135,412,538,449,452,1250,822,1339,1070,688,720,93,1112,387,1007,4,1194,723,900,394,686,358,37,1248,25,355,988,1052,125,664,230,42,1049,24,881,425,915,40,404
353,416,1162,119,974,292,379,403,381,435,18,491,415,438,1096,378,60,159,528,25,1022,991,1168,1297,1067,576,401,391,15,87,988,390,294,1242,327,1014,412,364,1288,1226,1330,226,1131,214,441,766,1173,453,1210,704,452
967,1204,143,28,425,422,1049,717,1324,703,136,470,533,1091,258,687,261,459,1046,350,636,412,463,1322,997,1092,1292,1296,706,1105,720,676,1313,980,613,270,125,746,174,17,294,252,138,716,24,647,449,1082,400,722,274
453,874,522,481,780,1023,790,1230,359,47,824,341,320,718,1221,1270,845,1152,879,862,1235,1196,870,54,1276,1151,1158,887,1030,1247,740,1143,72,1205,331,866,505,204,574,835,112,524,1140,988,917,201,1191,908,1181,601,211
113,925,214,912,862,567,168,823,197,522,423,1153,1371,672,1242,854,194,867,1262,189,105,873,852,1261,920,571,1213,1080,633,555,871,858,1177,1217,324,72,485,450,841,34,68,487,857,283,317,367,314,790,554,1198,550
484,110,522,1022,92,1297,133,1153,487,603,118,1208,570,852,991,473,15,704,618,411,392,85,810,815,1012,971,581,526,448,1136,574,780,319,585,1099,429,316,972,619,276,870,986,1245,1127,1014,557,197,604,524,332,302
86,775,1153,524,910,670,197,175,60,522,491,1304,1120,324,65,512,793,1225,1094,704,1265,441,1248,791,486,592,435,827,365,1270,912,1352,1022,203,757,671,497,18,646,998,211,314,663,862,66,1012,198,1318,861,1123,1242
1049,986,1113,864,827,1236,581,852,310,862,329,290,775,749,1131,1211,1242,907,753,1227,392,771,1241,618,391,574,762,633,202,780,112,198,1263,825,256,525,1246,584,645,1265,219,626,887,1177,74,1264,1067,57,181,878,1223
166,661,996,425,400,491,270,1171,403,390,159,991,1318,411,391,662,703,975,44,315,110,1316,433,655,1294,557,613,1007,785,929,1197,1176,1324,621,327,264,1211,1315,657,1161,139,46,472,617,0,429,401,389,435,111,1067
867,252,1313,350,1052,468,977,1042,33,688,1038,679,35,616,380,266,458,1020,674,518,1036,119,657,1145,315,1041,141,533,17,234,1289,982,117,393,107,999,228,463,642,1305,385,126,397,1321,24,1050,655,390,466,745,395
624,553,577,604,62,1228,863,522,864,818,1232,547,1259,565,1225,319,1128,585,551,210,592,50,854,570,1245,1180,322,603,581,66,1238,769,557,498,799,325,201,329,1243,1265,826,1271,1219,927,609,846,855,562,633,292,887
1054,66,85,1111,739,777,290,789,421,1235,784,1241,871,1239,1240,154,1266,1094,99,741,1191,839,849,1210,868,1043,1180,205,944,1209,864,198,1228,1361,581,694,46,699,1055,611,526,1217,1174,787,492,1012,802,90,3,1323,991
1126,438,968,469,1175,687,463,445,403,258,518,464,327,18,510,447,683,16,974,252,383,965,1092,997,425,387,35,378,159,1320,532,977,1014,1048,225,1327,1321,1049,804,533,315,785,270,143,649,379,487,1005,465,459,350
758,463,24,532,613,687,425,533,403,1038,975,350,977,25,140,270,378,590,706,1322,28,445,394,434,1041,447,805,442,393,1300,614,380,994,1324,390,417,1286,1049,315,136,703,1320,1026,397,149,468,1204,427,997,1327,454
775,276,827,1014,518,1304,570,294,429,791,1000,403,666,1344,805,248,986,716,219,1177,1031,290,557,1211,1191,954,1136,3,1022,256,1120,1149,1245,395,1,1340,432,987,203,860,1058,1155,1005,425,864,389,1322,571,1227,871,1242
720,274,1155,720,1023,1175,1154,1068,1048,817,1211,1005,1348,1114,1183,219,965,325,134,1007,268,533,1049,886,970,740,659,1166,736,1018,168,1295,1046,1223,1065,1141,1177,525,945,1059,1218,1119,287,141,1188,1221,200,157,717,1249,636
15,442,1052,1204,518,440,426,425,687,378,385,32,393,613,143,427,28,149,403,1327,977,706,1041,412,1322,258,34,532,35,463,438,973,1318,25,429,1314,140,616,0,703,1059,1292,1293,87,350,430,1046,397,805,509,380
988,890,1242,201,835,780,633,341,783,72,745,741,933,343,864,550,574,950,1191,952,818,202,1094,823,1180,289,1247,178,321,874,215,308,597,1164,852,873,317,1022,329,1183,930,817,911,1058,790,246,1225,324,1135,65,967
786,1263,233,802,328,827,1247,66,879,1246,1270,1266,816,299,543,1058,1336,835,491,1208,1039,492,1359,1217,741,291,834,524,782,1158,175,307,1264,582,120,1211,1190,764,60,864,987,601,875,58,1254,862,1146,87,946,167,1259
1311,683,703,248,385,1287,33,1173,25,286,463,691,0,241,805,800,898,706,639,988,1070,996,981,1372,118,409,715,447,1233,394,440,315,390,250,403,219,16,93,1120,129,270,449,126,1320,117,507,425,81,256,1246,674
320,406,425,1041,518,1321,1061,397,258,590,459,977,350,616,445,380,538,385,412,447,687,17,440,1327,77,1204,1042,141,720,614,142,24,454,351,29,140,613,1322,982,973,449,442,395,93,1095,1038,35,145,32,1029,1314
1082,993,766,583,1141,95,689,823,473,862,319,144,1107,522,1238,1022,104,790,103,151,705,434,1248,867,1297,133,259,572,771,389,869,197,599,453,853,420,194,214,290,332,491,1,626,586,775,487,662,1132,384,604,795
545,41,1342,230,484,583,1355,149,431,758,829,620,784,1055,1022,582,713,181,732,225,478,1258,567,1314,1153,826,465,1263,1305,752,1212,48,591,1129,707,646,754,869,1062,1336,798,1275,46,279,972,1271,1168,282,1371,1043,485
1024,864,861,818,1270,584,1246,203,1228,1236,329,1037,579,816,264,317,286,860,862,74,294,331,633,808,819,776,581,1158,766,271,866,594,1232,855,205,571,799,536,1276,238,319,1272,859,503,233,170,506,493,49,497,852
473,862,864,1068,503,770,791,741,870,1242,203,60,816,876,67,170,841,1155,1152,1141,845,1263,1106,1143,553,1222,1225,264,592,525,65,966,329,825,828,210,827,1371,275,1359,1131,799,1272,319,795,1254,1266,278,1223,778,49
322,425,406,518,1000,1292,1204,430,403,439,440,172,985,617,274,387,1344,679,570,459,445,703,118,442,1042,998,691,1102,514,1314,1005,438,35,32,1063,641,1310,1059,800,687,132,693,18,1318,315,296,979,1177,28,996,350
182,1204,628,447,445,509,1327,613,143,973,1175,145,1320,403,430,17,136,982,385,380,518,28,438,616,1322,617,252,1049,387,459,125,274,442,590,700,680,514,1292,406,350,997,994,141,261,427,253,270,532,463,1014,1038
884,1204,445,28,518,425,442,1321,687,430,459,977,380,1292,1327,252,613,387,700,426,614,1314,0,143,1042,1293,1038,616,1041,628,149,385,706,897,397,141,1046,447,800,140,691,17,1313,32,973,1322,1061,1049,1175,350,20
454,230,464,38,159,532,315,662,1140,43,702,158,1092,470,804,327,164,815,729,126,717,469,1094,1014,37,99,1305,971,1051,1076,738,1318,1171,526,987,267,487,161,172,1068,44,41,3,491,1333,1105,1060,722,1082,554,1099
164,687,977,143,617,258,385,28,403,1046,442,1324,1287,24,628,968,141,1202,614,1293,1321,1327,1322,996,973,509,1026,17,1038,464,350,518,994,1320,982,691,427,438,965,785,1052,779,613,380,510,1139,387,9,459,896,261
878,771,139,1092,1206,1239,974,861,1113,1141,810,1154,906,632,118,777,824,835,325,290,1236,577,146,1083,1231,818,729,972,878,522,661,557,1149,1089,1237,1152,459,163,1136,1261,774,1102,263,119,324,1056,523,780,203,482,1211
592,864,1120,1246,852,1249,785,364,1259,67,391,827,856,1211,624,210,1219,62,1235,60,975,66,583,860,597,557,1177,271,233,1196,842,846,1336,1022,1359,714,855,859,987,63,102,671,1228,1152,818,1083,793,592,1034,1271,795
1070,878,981,541,1262,1131,458,1058,545,1037,1172,15,823,934,852,1157,989,456,711,453,842,808,827,1189,843,1331,1208,202,525,810,148,1272,751,762,575,1246,557,117,670,1136,876,392,871,933,1261,529,23,40,1113,1039,534
1092,832,1157,816,464,487,1140,1264,789,535,1058,999,1156,1365,175,877,1194,1100,891,283,811,503,1369,208,295,1276,299,62,320,470,241,1107,1372,66,46,248,795,887,880,844,970,780,827,120,329,1243,289,1272,510,1263,561
225,274,406,977,509,427,691,514,261,706,38,447,703,143,1049,463,381,1171,507,28,119,459,1326,976,409,997,752,17,403,1286,118,720,411,954,1139,896,468,99,1324,717,258,617,253,395,465,93,532,350,1173,454,697
544,818,1246,319,852,823,846,780,861,194,825,1222,853,547,66,864,803,862,562,619,836,829,878,581,650,1208,305,86,802,233,553,827,582,837,225,775,824,626,304,1263,367,633,1022,1141,201,326,1113,670,631,870,1127
315,18,425,1049,438,1286,691,448,411,141,617,394,655,424,722,276,480,810,1173,435,118,1316,405,1012,433,1304,653,1295,506,261,102,403,487,1067,984,585,1153,119,1326,87,1195,507,445,994,203,402,148,1011,896,717,437
1052,700,518,982,426,0,25,1320,258,544,1107,16,468,1204,417,315,383,447,17,682,119,1173,1161,257,442,124,1045,687,1061,1048,425,18,666,1038,590,657,466,679,1050,613,996,616,125,1041,403,406,804,391,255,1018,628
1027,819,1141,203,1241,1248,1119,787,864,1131,1270,852,862,827,307,1155,1187,66,570,1228,290,1249,802,1263,824,836,275,853,1211,236,198,319,584,832,595,276,1246,1162,325,854,1236,1115,525,1146,1084,58,313,1113,749,1254,1156
257,258,406,385,977,28,687,143,1321,1046,442,973,1322,449,1327,976,1019,616,140,1052,1049,965,425,518,447,430,252,634,613,700,1292,1313,1026,145,454,628,30,509,725,35,532,983,77,1041,706,1311,1310,1175,438,1286,93
181,687,703,532,1324,28,463,261,975,24,616,628,274,459,1300,1313,381,996,706,507,977,641,994,417,514,315,433,1018,412,35,441,617,1314,440,468,145,982,136,9,253,997,270,470,17,1020,406,533,429,1171,784,725
986,784,821,409,322,159,1096,197,154,506,535,410,1197,96,1226,523,487,95,898,639,923,862,1024,49,585,529,283,1080,766,656,477,1125,993,57,1162,497,34,614,577,327,434,557,1236,44,558,960,40,1331,1122,1160,433
990,864,862,287,1136,570,1341,329,264,978,486,741,482,1221,876,780,1155,853,1344,1132,314,205,1187,321,860,939,286,859,827,1140,1068,778,319,201,817,575,585,1258,65,856,1135,626,911,1248,736,852,748,1242,583,307,257
1160,158,257,804,166,1162,641,453,126,1038,703,44,174,657,439,419,526,264,43,92,400,678,1014,234,4,132,50,327,239,693,1000,110,1037,1063,482,87,642,705,795,393,448,971,991,1085,296,1090,532,676,219,1336,427
701,145,465,445,800,910,77,1327,784,1328,614,1049,812,17,701,977,916,350,138,164,1342,230,1165,454,425,447,1322,140,1314,509,1091,406,137,28,1018,469,1027,16,1140,281,743,149,687,267,442,1097,978,143,620,438,409
594,522,551,1259,845,1238,1271,1237,289,304,823,847,1239,583,865,862,1261,1246,1266,861,637,1248,582,1209,803,780,802,317,846,57,571,59,952,326,329,371,1206,211,585,1236,864,1177,878,54,853,777,966,324,825,783,857
180,1175,403,1026,28,270,518,613,1052,614,617,9,752,442,1311,459,412,390,315,364,1320,691,0,463,785,378,1019,35,20,430,141,136,351,426,976,683,973,429,509,252,669,1046,142,1041,965,532,590,1310,919,954,149
1270,425,1204,687,1052,412,403,532,442,590,613,1048,378,617,258,430,438,28,24,315,35,385,143,1318,383,25,387,270,616,380,1314,426,441,683,968,255,1292,119,381,680,447,440,725,350,459,463,253,636,977,700,91
923,425,641,1258,703,261,149,93,274,271,1342,1018,655,766,706,616,240,43,1105,364,427,997,35,1246,984,1314,77,140,469,617,983,1372,444,25,1202,141,667,44,383,61,463,1226,276,1344,170,1136,1332,421,509,145,662
1007,1266,832,802,1223,1155,1241,1152,67,236,875,1236,877,541,1254,1271,869,1264,1270,741,1247,862,1039,1119,1258,1146,1179,1056,576,1112,201,1218,251,765,1249,1196,1242,198,878,1118,316,205,1245,853,1235,852,290,595,836,791,846
822,862,1208,846,324,1246,319,1249,853,1141,802,1259,104,825,1114,569,581,565,827,878,583,829,860,864,593,584,1151,1263,824,1238,292,1113,310,854,841,553,803,1228,304,201,847,954,603,861,332,316,238,570,575,823,845
298,592,1262,855,1239,295,1116,791,557,581,810,790,95,1099,844,570,793,842,1114,311,74,1141,1340,1325,650,1208,118,853,59,321,825,1155,324,197,1360,817,864,803,289,861,989,338,522,890,502,329,1236,85,1156,624,1242
619,823,854,211,853,1246,319,824,1239,846,104,1270,205,1238,885,887,66,860,802,592,60,803,1259,1115,847,1258,859,867,819,1277,840,376,210,1271,855,852,341,1219,1265,842,70,524,1373,839,1354,551,952,928,1372,966,841
84,1063,1340,110,1171,364,583,1226,1315,256,570,81,585,166,1371,514,472,327,662,704,1341,764,133,1022,864,219,1168,1014,526,127,111,653,1245,438,1032,818,663,405,624,611,1332,1265,1180,666,907,66,1031,25,951,661,1238
531,491,1152,1094,570,592,319,683,1173,827,705,644,670,716,1118,793,154,1266,65,67,1155,1053,741,557,329,248,92,400,836,524,435,534,1225,512,835,859,257,1228,871,201,1058,704,1197,1270,1226,1349,403,1153,325,852,3
1202,524,570,1200,864,585,852,795,1120,780,312,1341,1171,1242,827,775,1131,491,790,1248,793,1140,60,1211,575,1113,1155,1238,50,1094,203,329,264,319,1352,292,596,1236,1056,1246,845,275,1228,493,1187,826,776,506,832,802,785
405,149,628,1321,982,1052,1038,1322,687,141,1320,463,1067,1175,779,616,976,977,1003,427,28,785,454,447,703,406,700,984,252,1042,125,253,533,997,17,136,270,732,234,655,385,442,918,1050,258,647,1139,417,268,459,1046
982,986,276,557,1321,915,77,406,425,43,1289,1295,85,1036,61,518,459,1052,248,522,1194,1099,1326,509,482,411,1344,1153,448,1127,1094,480,1079,693,1360,940,1270,800,316,40,1305,1058,1090,127,365,619,1249,465,132,603,1324
371,113,933,1053,950,1163,413,781,365,237,178,868,283,51,1244,1209,850,763,967,356,1146,1314,930,702,874,793,505,579,1184,885,1170,1039,499,792,802,45,169,1112,1367,574,1236,958,321,500,816,1309,15,1334,65,1192,839
1144,543,294,1113,1236,1218,304,967,238,469,644,147,290,453,1168,826,1256,751,107,541,1217,1226,1162,1115,236,1002,778,100,475,615,58,567,1102,599,497,780,183,319,384,1176,741,1126,1275,827,1337,1152,177,251,559,1075,151
840,412,425,261,429,118,264,453,148,503,762,974,1300,732,455,110,17,990,444,438,350,1105,1187,439,1007,514,766,671,751,526,270,132,392,1324,907,552,532,1043,136,815,985,1020,289,1017,172,715,817,742,487,1012,256
57,442,406,93,1052,518,125,454,445,628,430,687,1204,1313,613,1327,1046,425,977,1324,220,16,118,996,1070,417,973,1049,141,252,412,380,140,976,381,17,116,32,393,387,350,35,459,1293,447,30,20,590,258,1311,261
70,952,913,566,65,59,781,1163,882,915,887,313,288,836,859,967,640,853,950,821,1369,579,1262,1366,371,1255,205,955,850,341,596,806,1144,1137,307,203,1233,1058,788,120,625,938,846,899,832,311,55,178,962,354,811
1091,1152,745,1258,1332,236,611,580,1132,1053,319,1039,577,1221,1235,201,626,205,853,843,582,1112,1371,990,1264,861,862,311,1119,784,1210,869,1058,233,826,331,1223,593,876,583,568,765,1187,791,482,1205,107,845,575,170,1146
732,862,852,60,551,1246,864,827,592,1242,319,581,1208,57,1022,1259,1271,819,176,1141,585,769,1211,1241,553,604,522,803,304,1191,854,1177,802,1238,824,524,1243,842,998,853,1359,846,1068,1149,571,1180,715,1058,1131,780,205
689,1175,683,617,1155,464,1127,315,35,684,1139,910,314,954,620,973,1012,350,165,583,9,976,897,569,1204,586,1295,1344,514,1340,429,146,240,477,571,700,1047,1068,561,1321,425,271,430,1318,518,585,248,570,345,923,276
272,442,425,28,700,628,655,1052,1038,403,427,590,613,385,687,468,409,411,412,25,261,1139,34,406,20,449,125,649,977,149,510,141,1204,258,30,996,93,35,680,706,429,1293,616,1318,426,32,350,1292,599,447,118
482,906,314,976,954,434,125,866,700,876,1218,1083,329,721,1152,1174,1327,414,852,1161,1068,427,327,785,489,724,248,869,150,645,112,1145,454,35,104,1057,1194,8,873,642,748,1014,240,751,867,304,770,860,1182,1162,477
9,442,613,687,1320,412,427,590,700,24,390,0,350,1292,417,393,649,389,426,141,617,378,1322,532,380,732,1311,430,252,973,985,429,93,138,628,1324,77,683,1050,1061,752,16,35,976,459,1049,1019,119,1287,491,897
1034,226,800,274,260,1022,148,705,1162,662,815,438,642,93,1037,172,1082,1014,762,1105,1067,241,1045,175,23,1155,425,1005,1063,974,741,533,703,257,145,1085,1017,319,1092,435,1032,419,971,1145,616,660,645,663,1099,255,544
1042,1014,403,585,18,544,435,571,1131,998,472,400,405,1067,383,329,780,401,415,1012,1128,11,644,1118,1174,364,965,565,606,176,1094,172,392,1258,294,62,378,714,110,1114,1238,1177,476,233,604,434,518,618,9,968,438
549,864,780,1241,862,846,842,312,1246,319,871,826,201,66,203,583,205,845,1022,863,1239,1247,585,827,860,1228,604,861,859,1266,1240,1242,1256,329,328,756,1237,776,524,601,570,331,841,870,194,1270,778,853,60,854,581
925,425,350,1204,140,143,700,258,20,449,1052,784,385,138,1175,617,620,977,274,800,687,636,315,978,438,459,351,1327,628,145,1041,383,29,141,732,1202,1091,1038,149,442,447,118,1013,441,270,412,24,975,1083,706,750
1289,11,381,4,442,1139,1204,968,28,1287,141,403,416,1063,24,6,590,976,410,1050,689,412,567,409,1068,518,438,25,411,159,507,510,999,405,420,1075,1318,0,379,427,401,1293,391,1067,1171,557,785,7,965,14,327
312,1204,1321,445,687,77,691,1041,616,1038,430,1049,1327,1175,350,447,387,977,613,1293,779,1311,628,1324,140,518,93,1029,1045,997,1328,1320,509,385,24,973,1067,468,17,1322,427,1061,1000,412,136,380,982,614,29,141,617
501,282,994,717,274,271,779,1286,464,281,149,1005,266,36,568,1328,498,420,294,399,1076,1004,791,465,1047,1062,1296,1335,278,694,1105,733,1049,86,769,11,502,712,766,172,713,561,353,1025,279,273,553,824,1322,533,1344
400,1176,1161,815,174,502,276,1194,87,1190,118,434,764,986,1094,1210,619,25,991,119,440,1008,643,1145,492,657,16,1014,416,1305,239,422,972,497,706,518,426,256,1344,1127,327,469,425,476,250,954,1044,81,951,528,1113
1023,1175,274,276,944,1152,1256,700,1191,568,774,1247,1246,1228,553,233,550,490,780,1266,1273,841,1236,43,620,826,494,617,1205,864,713,198,469,271,592,294,829,425,778,1211,157,61,329,1094,1217,1118,251,403,861,716,604
940,149,687,1286,1327,260,1049,93,1204,470,454,17,1175,1294,463,1062,800,1194,815,1300,655,1311,438,516,230,234,1038,976,136,1076,784,628,616,459,1047,533,1082,532,119,805,1322,139,455,693,991,1091,717,636,779,37,965
87,1093,202,1051,357,1174,593,609,289,214,473,399,296,320,460,522,1141,323,319,378,986,196,556,823,584,913,516,969,859,1074,592,858,527,575,626,102,304,1192,836,1248,382,1213,775,511,104,110,862,45,21,390,311
518,740,961,750,73,361,784,798,885,541,938,215,659,303,741,41,760,1178,1350,354,941,1210,869,591,917,873,893,1371,1221,1189,802,1217,931,1355,1273,1058,1184,826,1163,236,905,1039,759,312,88,920,872,763,107,1266,572
1254,1204,425,28,385,261,258,406,628,24,1310,518,442,1293,430,509,447,1328,1324,118,1327,1038,613,691,140,1046,636,996,1041,32,93,616,1019,507,459,1311,1320,703,1026,427,145,149,1313,438,141,426,1049,1287,417,17,975
1257,1041,628,459,1052,1026,614,688,445,447,463,977,1046,509,442,1204,1324,994,93,1293,385,24,440,149,17,430,613,1313,616,784,691,258,532,117,454,28,387,617,119,142,1300,426,1311,412,516,1327,268,253,805,706,680
991,1058,1113,1024,741,1111,1249,283,543,202,236,1187,1115,579,864,1271,774,1266,541,1179,827,1272,749,1218,1246,665,186,1242,312,49,1177,644,361,859,1186,1211,503,711,1112,238,1222,54,1238,279,1133,986,1137,1223,891,821,313
444,469,766,427,464,1105,38,166,1341,1099,1048,480,278,1063,152,987,1344,698,159,1345,1286,1226,1310,1047,398,751,1113,465,285,769,147,732,352,1140,487,98,561,524,1053,912,12,929,49,65,1200,1352,762,193,26,1050,102
983,565,553,705,585,60,571,400,305,823,570,522,824,860,294,1149,581,312,1113,179,516,211,689,290,62,1058,175,827,619,780,1259,845,415,993,544,1118,547,1296,87,214,1022,887,1154,1141,94,604,324,1248,857,853,1084
458,636,991,389,1304,1162,1226,292,1045,980,381,415,687,24,468,92,585,392,383,453,255,618,1318,678,1008,553,419,1173,15,507,532,804,1168,1336,669,90,611,364,110,965,126,624,451,704,564,245,315,261,472,1082,417
38,581,551,775,522,862,824,320,1162,1340,329,633,861,60,433,603,585,1354,1248,403,860,381,841,1236,1141,1144,202,795,57,1262,1177,771,571,325,853,214,844,583,378,322,1123,993,1352,1082,85,780,1014,733,497,552,473
74,535,110,618,561,90,437,674,104,1162,310,144,389,119,410,1289,420,1246,381,352,238,661,815,852,689,1131,167,570,487,453,1145,254,1295,15,692,558,92,972,469,1271,1315,1051,11,971,595,1310,686,392,133,861,147
440,1168,1246,469,389,698,1308,641,971,975,159,561,826,249,829,780,1068,230,528,269,233,732,482,1165,804,133,144,689,553,276,324,166,1258,604,544,1000,1289,239,532,657,964,823,1194,1270,1219,110,158,853,1310,1140,62
61,20,381,141,535,405,1041,24,425,687,6,634,518,243,674,118,1070,628,655,1313,590,784,30,327,986,429,148,254,532,975,409,406,144,472,241,700,626,430,805,261,28,449,390,16,618,981,394,1012,768,260,1074
203,403,518,28,258,590,24,509,141,425,390,385,973,1292,472,315,463,143,996,9,454,1070,703,447,430,614,35,1018,381,617,616,700,636,270,514,1026,442,136,383,378,417,380,965,649,662,1313,364,1041,438,683,145
