user_id,item_1,item_2,item_3,item_4,item_5,item_6,item_7,item_8,item_9,item_10,item_11,item_12,item_13,item_14,item_15,item_16,item_17,item_18,item_19,item_20,item_21,item_22,item_23,item_24,item_25,item_26,item_27,item_28,item_29,item_30,item_31,item_32,item_33,item_34,item_35,item_36,item_37,item_38,item_39,item_40,item_41,item_42,item_43,item_44,item_45,item_46,item_47,item_48,item_49,item_50
885,60,1175,583,704,1056,790,1297,109,1096,440,662,1022,119,263,487,567,473,136,502,1171,571,1299,453,259,971,919,992,214,1140,305,972,1300,1331,1335,1044,389,609,126,636,256,1038,514,16,604,1194,774,1041,644,529,620
334,406,425,35,1041,1052,93,470,779,454,138,1038,616,700,30,261,447,1321,149,411,977,132,220,1095,17,1026,510,140,478,153,720,991,514,1327,1313,703,41,1004,691,227,983,40,87,985,20,1165,642,697,426,752,628
1004,312,591,672,1234,953,1240,1223,868,799,1272,836,1257,1209,790,498,832,307,781,1239,820,841,1261,959,1235,105,151,1238,353,1110,1369,787,872,1365,880,1180,1273,1248,305,607,1350,334,1256,933,100,646,867,551,486,830,1371
154,394,1005,1327,1049,687,628,1313,430,1322,978,385,1328,634,997,459,1185,417,655,1310,982,132,468,1019,1041,1032,1052,636,397,1026,142,616,533,255,518,125,145,617,1295,768,100,16,1070,399,1038,1292,406,426,814,119,1300
19,412,732,447,984,1286,141,448,617,669,1067,405,20,118,403,1324,390,438,1171,975,145,99,427,383,980,805,616,464,138,148,470,166,985,1342,164,1089,385,1202,1139,87,459,532,380,973,1295,1313,1075,614,1315,657,381
685,687,258,509,141,24,1052,406,425,30,616,1204,385,350,977,1029,613,1139,397,143,430,1026,252,968,454,518,965,424,255,1327,261,447,253,35,378,25,274,1046,32,896,1293,1322,149,1038,1324,814,380,17,1019,117,449
930,1023,1060,45,661,38,327,93,172,259,1113,41,704,611,1312,1101,470,270,271,1235,44,198,1019,991,1344,717,273,919,749,568,294,1095,33,1306,1187,433,680,662,1266,1092,138,750,973,168,421,1099,1045,448,17,1328,430
295,405,1114,491,1197,1022,533,844,609,543,455,604,1248,202,1099,1270,606,1,197,524,1297,989,1354,257,611,60,592,559,1094,824,528,1238,878,487,553,254,1171,823,593,61,211,159,853,118,1259,916,423,1155,923,1141,154
540,795,292,296,689,305,281,910,783,1146,22,317,771,497,224,829,921,762,1092,722,423,923,503,775,1022,482,1236,357,274,570,912,705,1219,574,167,1010,1213,1056,785,551,749,1142,888,826,175,751,287,302,1171,181,197
1238,445,20,406,234,411,1204,613,417,976,87,617,442,4,1202,1027,1019,687,30,614,25,261,518,514,390,405,1052,397,440,24,443,700,35,1174,322,28,258,1031,381,684,394,688,1012,393,658,227,140,1252,273,264,444
1022,257,835,164,845,289,1177,1023,1332,801,558,823,1063,1127,585,202,1153,1180,1271,689,296,1239,1099,552,878,12,583,1228,319,44,524,1211,1238,1235,725,487,494,1136,1187,571,1258,503,595,468,172,749,1259,774,570,1120,1140
431,261,1321,687,800,1038,387,1313,693,125,977,1018,1176,438,1095,664,459,16,93,240,616,655,142,976,445,1328,1049,219,1052,779,752,454,1064,1042,978,117,613,17,657,255,537,430,1293,991,900,378,701,679,1070,436,901
632,1246,966,305,581,871,319,57,341,329,66,758,1248,577,233,70,248,1200,1259,853,583,863,553,582,823,819,765,60,316,816,302,592,846,1241,1113,1372,862,827,585,803,203,571,795,366,1256,877,570,423,864,304,1022
78,385,25,397,258,1026,1274,1001,356,1042,944,667,162,673,443,684,1370,245,205,16,1287,965,714,252,804,20,1153,687,1359,749,118,555,757,1313,531,249,1362,32,680,1013,968,605,590,626,717,530,777,975,813,1032,843
780,652,425,538,159,17,426,102,260,77,125,700,138,351,1296,985,445,1356,691,252,679,1123,136,514,466,732,641,298,844,1007,734,467,470,984,116,1061,719,1026,815,88,1144,648,662,271,261,995,1019,1086,568,434,832
999,784,274,896,287,438,403,258,279,1341,1047,298,446,379,177,254,860,918,9,507,590,1344,1130,350,1095,828,1155,445,1136,278,141,1167,267,597,1205,1048,762,716,1132,61,1113,870,34,936,310,509,1100,684,409,934,480
165,108,981,448,982,60,40,1063,1197,734,1171,429,1019,411,400,980,510,25,514,35,117,126,1316,487,991,349,951,491,91,256,44,576,264,296,93,993,1188,679,814,1161,732,1031,9,503,984,552,327,992,1140,1034,643
1098,1042,1026,385,977,397,443,613,1054,1322,350,387,9,1161,32,1005,904,1052,380,1061,1029,509,1174,1199,24,518,976,1019,434,709,897,444,614,0,426,417,932,1046,1293,29,241,142,315,687,6,476,425,115,336,1031,20
1085,25,87,821,320,789,1141,1373,1288,643,1166,541,90,161,535,1245,33,551,598,757,1118,869,0,66,983,458,331,440,448,581,488,416,570,1266,683,803,302,1305,585,1370,399,121,583,553,63,785,319,94,1330,1270,259
1259,378,687,381,532,30,700,35,784,1292,108,411,409,445,666,464,703,459,149,1161,164,255,37,350,1038,1041,138,996,472,628,383,77,87,981,896,616,448,145,92,1286,675,380,1099,1007,38,406,518,800,421,617,509
491,491,504,1056,551,1312,762,211,103,918,550,1238,861,214,1140,329,552,487,966,503,1355,257,738,465,59,1151,1066,746,1105,216,1017,52,1155,1219,176,839,319,151,233,553,345,3,583,601,823,105,1053,1127,1314,1153,570
1202,290,762,766,1341,491,319,1208,862,604,304,559,60,1127,50,565,609,852,85,586,761,1200,66,1094,1141,1241,775,570,536,790,585,410,535,861,584,733,503,325,504,15,172,233,948,795,553,110,1355,821,551,302,95
368,425,28,406,426,447,1052,464,1340,514,982,1007,1342,1321,99,533,91,35,271,157,18,470,268,294,136,973,25,1067,616,1049,1291,954,996,1327,405,469,1171,1319,41,1075,440,613,701,274,452,100,9,1292,0,1175,465
381,1287,292,766,522,570,1246,176,785,409,99,1316,1067,1153,829,552,1120,286,400,1197,317,551,383,1056,861,294,611,810,402,1236,567,1290,751,1263,91,913,1267,1242,1059,1359,646,1127,922,33,154,100,864,1312,583,1058,495
715,1259,1140,741,1371,1275,585,834,780,329,1245,648,1248,504,1131,966,60,203,823,1247,1265,854,827,1228,70,69,756,179,1271,981,879,846,1177,570,761,421,164,1180,376,1118,197,1348,583,871,65,839,264,862,861,600,1239
944,425,28,1052,1321,1292,378,1049,35,383,347,706,667,426,438,252,616,261,720,1327,464,430,132,977,142,141,409,266,1124,445,267,454,442,143,145,1324,1342,1059,693,779,984,447,1286,25,406,459,1018,1027,1048,533,294
913,258,616,445,385,425,1292,973,1026,270,447,1046,649,984,1204,125,996,514,982,397,613,16,1052,180,706,350,1321,25,140,34,433,429,406,1327,679,1313,1018,126,380,426,378,143,256,93,977,532,1063,624,991,590,0
1148,1023,518,1048,271,1047,1038,784,279,998,233,825,230,729,126,620,468,1113,167,141,1025,704,148,425,153,295,294,705,1173,742,139,749,274,713,1124,416,11,1321,272,1154,684,1372,266,779,469,449,303,905,263,506,1095
1046,1328,910,1050,1057,8,730,447,1336,1070,509,46,24,429,687,471,1234,378,315,1316,1292,975,152,143,923,99,997,531,400,987,714,33,1172,296,26,643,502,968,131,814,1067,994,791,1239,396,912,1201,9,685,1348,921
327,628,425,687,1321,616,725,406,701,447,449,258,1204,381,25,143,657,438,977,688,378,24,125,243,1042,532,383,1311,1052,1023,270,30,409,405,274,673,385,800,87,119,617,1026,514,16,454,260,1046,426,180,1129,253
752,387,687,983,274,800,255,425,141,1049,395,447,655,620,397,994,230,965,409,717,1295,25,149,378,628,720,136,24,261,448,518,393,4,34,468,1046,1052,430,1018,30,532,385,445,982,1050,1286,394,1321,243,1204,119
712,861,325,1341,1151,586,503,211,281,829,518,49,730,410,1066,491,859,438,304,402,798,314,1352,872,162,194,223,368,52,50,319,827,411,489,498,825,852,1200,857,1174,1318,172,233,456,744,923,772,761,1142,543,531
580,429,1168,1242,1140,1175,401,268,704,864,145,1330,862,986,1190,841,1359,1227,617,581,528,440,1304,71,58,44,1058,239,564,991,1063,551,329,683,729,1211,1332,1221,989,1155,228,87,1320,416,826,250,1014,1297,25,296,1161
1057,142,378,1300,271,44,1050,769,1191,1095,230,108,1068,975,571,729,1247,1099,1056,327,648,1175,425,149,1005,408,1328,864,738,998,198,448,757,1014,95,720,4,657,421,611,498,1058,126,1143,1235,674,1086,224,164,1048,36
547,1263,233,1312,1246,1247,292,862,780,329,1239,423,724,856,1146,1262,1154,1245,819,1083,1359,577,852,1259,585,1266,633,273,570,279,319,67,170,66,705,1242,525,829,1105,774,1270,863,987,871,506,802,845,1255,791,203,1158
259,21,4,20,319,570,551,329,341,585,296,63,505,791,1290,522,801,603,1213,234,448,487,583,913,871,1063,552,671,682,1177,32,535,511,302,692,146,265,631,604,364,14,198,1010,289,1332,581,178,698,597,1175,324
1130,687,1042,385,406,32,1061,973,17,261,350,613,965,1041,442,1026,616,1324,1052,977,447,28,509,397,628,1204,142,896,1322,1046,140,380,77,0,30,975,426,138,143,20,1029,984,125,1293,35,703,252,518,24,1320,1018
360,438,465,1173,648,1135,281,1341,470,1342,1110,917,480,18,424,91,47,394,1287,655,393,99,1047,292,1212,361,454,673,705,401,697,1171,389,272,412,464,11,223,669,722,1374,154,652,17,888,1010,1352,1128,435,172,387
822,205,1247,864,862,878,1239,1258,1235,641,611,1249,802,775,66,780,1131,1254,536,61,60,1113,1263,1236,569,835,522,774,1191,310,841,1238,584,570,593,325,1270,1266,827,819,1241,238,1190,557,1158,1245,826,923,324,1177,210
1018,784,383,1140,968,292,274,510,698,1099,378,1139,1247,159,447,256,675,533,1249,44,491,864,526,441,819,741,1291,1342,774,243,1292,421,141,1176,1303,1171,20,1092,1058,1067,1197,844,1316,143,434,1090,544,1239,1187,715,1295
289,996,260,380,412,1026,1052,687,397,463,406,141,1038,691,440,997,614,655,1292,93,684,1202,274,679,1204,270,706,459,982,1107,149,680,985,425,117,20,994,983,1324,514,1076,152,138,649,140,616,1310,116,703,507,442
83,1012,968,990,416,9,92,438,91,929,557,225,20,11,397,84,379,790,410,464,518,655,1093,976,425,1081,389,14,621,441,419,129,479,392,981,532,1316,364,1202,426,321,117,472,534,381,637,567,15,442,1019,87
910,258,0,28,385,687,616,1324,445,996,1292,25,1204,34,381,472,93,425,417,378,968,965,1012,590,440,442,617,973,1089,509,614,532,544,984,1202,1295,1313,507,260,403,397,390,125,4,463,252,1003,805,274,20,1005
98,996,440,141,433,401,437,411,1286,514,381,25,703,403,276,706,383,687,472,1171,470,409,968,118,518,1204,463,704,119,427,766,315,1082,136,447,159,557,624,1342,417,146,1316,143,468,99,683,148,268,400,153,158
737,1247,1249,852,581,555,201,582,818,1232,803,574,853,823,834,841,867,866,1251,842,60,1151,328,1208,565,522,863,808,835,524,320,604,775,1269,1258,802,1238,1235,799,325,930,1272,575,583,670,569,571,316,59,606,650
510,1143,290,758,1256,1114,551,281,766,1241,503,1213,50,1059,995,1155,923,165,189,1210,408,1238,59,1191,308,1207,641,791,665,61,312,650,1200,1053,1150,493,497,1273,771,990,741,554,420,774,496,314,1331,1258,860,1260,358
441,92,1091,433,532,429,159,116,98,349,1022,326,704,1168,804,87,110,148,425,524,380,626,514,983,1007,1060,584,991,111,803,666,352,564,992,423,618,669,758,1000,109,378,1315,877,276,411,741,1210,1063,177,1200,225
1199,1202,514,28,815,992,286,437,9,1314,1026,406,32,391,433,1213,1171,683,1294,30,643,268,440,1051,20,429,1059,270,364,556,390,624,147,687,411,425,999,119,1331,392,34,1052,1303,448,495,649,669,1327,470,1074,559
412,522,1342,1312,742,126,1067,167,557,211,1335,861,233,46,378,599,585,405,391,738,172,1047,692,954,1082,325,829,552,1140,491,292,100,329,553,274,704,504,844,524,729,655,1177,825,826,464,774,1352,476,147,146,569
163,433,532,996,1168,412,518,1311,403,464,1292,687,389,276,447,1173,126,401,390,1342,617,968,435,424,544,381,411,666,785,425,145,118,507,704,378,1289,1026,159,973,1162,982,9,384,1032,1014,417,391,99,400,994,315
104,445,425,1026,1321,385,687,390,1019,984,514,614,440,1029,142,20,628,617,1202,30,437,1046,613,34,32,25,982,649,996,975,447,9,1293,518,248,417,24,1204,387,180,403,1052,532,701,394,83,688,4,443,476,136
1003,363,281,1152,759,1374,306,900,904,404,1040,622,1117,115,963,182,735,537,42,723,909,961,889,333,1078,1350,1182,75,185,1282,288,602,1203,362,956,881,53,222,941,1229,548,640,888,520,1357,546,78,1196,936,89,955
638,1022,862,823,1131,317,1259,524,775,60,233,598,67,592,669,282,1246,1236,305,491,1155,202,47,203,1053,1263,835,749,61,826,1239,837,780,335,522,52,802,194,861,852,1248,111,810,570,741,319,584,1207,1110,1242,70
986,824,287,286,66,829,846,294,1372,151,923,795,1068,826,197,1131,821,1213,1067,1092,724,784,45,61,1332,757,776,1153,705,47,275,302,570,729,159,766,654,1136,1297,567,1099,1155,861,1262,292,753,1238,141,1241,420,741
909,0,1050,315,968,805,1173,997,24,385,616,447,406,258,535,389,32,415,390,996,634,35,380,1052,613,1315,1018,417,1204,381,666,383,1036,245,1351,28,425,11,409,510,219,468,16,994,141,445,975,110,395,1019,1324
613,329,862,1238,966,214,604,864,854,66,827,63,320,575,775,194,592,553,581,67,1270,1208,570,1262,1228,1277,60,1239,292,650,871,834,304,930,504,534,59,566,860,1056,761,1146,233,846,1276,525,799,328,867,857,203
374,425,445,1292,687,617,406,143,412,1202,1052,258,403,1026,442,385,234,805,440,1318,138,91,649,968,1204,982,1061,628,30,975,447,159,1007,653,270,141,613,261,390,35,666,616,32,9,532,544,518,20,0,136,514
1240,28,425,613,445,700,385,387,687,426,965,977,252,397,258,125,1204,1321,138,35,30,430,442,997,1026,77,1313,141,350,628,1286,93,1202,454,409,1038,380,261,509,1327,34,701,220,17,1322,16,1061,720,143,395,1018
339,425,687,977,406,258,1026,976,1327,143,447,1321,34,28,1042,982,614,394,9,1045,1311,141,1046,628,1019,138,16,984,448,433,613,35,409,253,385,1038,397,1052,1029,140,680,1292,1041,20,442,142,440,315,1320,261,455
908,126,620,448,219,954,405,1049,315,618,1312,675,468,435,1048,469,1292,1168,703,974,824,951,1012,12,383,706,801,544,319,785,742,507,389,18,400,1336,470,1316,1083,430,119,273,1005,33,567,1004,1287,667,983,657,1370
1144,1135,1143,1149,1154,1263,1131,543,1113,1118,286,468,826,308,739,574,1249,351,62,690,768,1360,798,1244,1058,1127,570,1191,1205,310,27,1087,311,1245,792,636,1241,953,914,408,100,1152,89,766,1213,221,587,749,1125,778,1130
655,1251,1282,1346,288,1257,1269,63,924,1365,27,587,193,337,607,933,74,1164,195,101,711,904,1253,51,913,334,178,789,932,1166,545,208,1004,735,794,1232,1203,1182,941,1170,781,59,1110,1350,312,926,707,837,360,605,726
1031,683,613,611,198,453,716,410,701,983,805,1322,448,1354,948,1154,487,87,1332,258,329,523,141,289,616,126,18,1341,694,815,945,802,1265,3,274,994,221,524,1063,1366,1290,1351,513,555,1096,824,490,470,225,557,1043
1174,1153,1035,498,1058,168,480,771,166,99,1099,795,908,1111,923,990,275,189,290,238,1152,1213,861,1328,1132,383,586,1238,860,472,751,1212,1150,565,165,1143,566,769,1128,1258,766,862,47,774,745,1009,842,733,907,1144,1230
705,800,1052,1090,138,426,616,28,1027,613,281,701,258,951,9,488,977,439,83,446,268,1057,1026,1046,146,975,141,645,385,514,918,688,687,720,20,298,1325,784,463,657,1013,95,400,667,119,976,143,34,679,230,974
400,495,50,468,383,437,90,91,1038,535,1294,15,487,25,545,28,32,1050,140,427,807,1335,1287,119,590,364,415,1161,480,432,922,655,391,1052,411,1116,918,125,1316,440,279,445,528,1043,393,801,609,1195,774,24,447
209,429,1304,551,329,553,584,1234,487,289,1141,197,432,319,1336,159,1022,653,391,1332,535,60,528,4,491,714,448,1050,757,1171,112,1131,522,592,922,1238,390,15,165,785,1287,1060,392,20,320,434,440,109,576,852,618
405,387,1292,720,149,139,965,628,616,350,1300,274,533,1322,1313,1287,468,403,1342,463,454,153,253,516,412,116,385,973,447,1041,464,1026,24,32,125,141,518,636,1165,655,1061,430,143,703,470,1018,997,425,684,996,680
1318,780,725,233,70,704,1140,741,329,1177,543,768,819,1152,307,662,1348,1270,435,1131,1175,536,570,825,202,790,1211,1236,1231,1223,1187,864,636,148,524,482,65,1024,794,66,738,862,553,1127,1010,181,1169,595,778,1206,600
380,140,125,412,440,118,138,616,17,411,464,459,617,532,136,1295,1286,463,919,514,1292,1091,427,657,429,978,141,1007,271,1052,455,268,430,544,38,153,445,1171,132,149,470,25,1041,495,679,1092,28,260,12,1324,1345
956,1176,532,1014,274,590,425,92,655,1019,1168,544,1017,416,1202,118,1022,411,261,455,516,325,1043,464,276,441,1012,585,87,981,951,1067,405,394,1032,398,391,491,239,704,1295,1162,403,766,390,1351,701,687,533,671,691
1201,319,585,912,864,487,817,1101,60,1341,66,1177,1239,304,586,1190,757,85,689,576,861,1058,852,177,923,823,1345,1102,732,1134,1236,267,862,1153,1270,1246,987,747,816,295,482,427,1094,535,810,1275,754,795,320,1333,1230
39,993,925,923,1171,922,551,504,214,609,292,585,491,61,158,524,487,295,456,1247,197,639,921,1270,60,489,176,793,1352,1205,550,498,766,916,528,615,411,864,829,1168,321,676,1067,505,775,861,1139,473,9,1242,383
435,1127,138,391,324,1248,427,1149,268,1342,464,706,1102,1096,257,201,35,1249,930,267,950,911,510,1140,732,1171,274,45,1082,1066,1270,259,746,1017,511,1227,729,81,135,469,1360,713,1097,132,756,760,703,279,560,842,194
526,683,296,1340,429,611,410,550,1014,985,1259,1114,1025,1197,1057,785,1174,161,1031,1349,1327,356,492,469,490,1190,1265,795,1139,1175,419,509,1046,644,743,181,1176,778,400,1081,268,948,83,261,1295,557,294,1260,1012,982,1217
748,1052,141,1321,613,1327,425,1292,977,1204,28,463,261,616,35,397,426,447,1049,982,9,394,252,720,1287,985,383,1018,402,700,514,1286,258,1293,380,706,452,270,403,628,142,445,93,409,509,16,430,800,440,919,687
262,445,1019,613,403,616,438,417,138,429,1202,1041,977,628,532,1292,35,258,253,406,1174,350,968,981,687,34,9,442,1295,617,427,1052,412,1318,544,1018,390,447,28,17,464,385,136,463,387,590,227,703,411,973,254
482,1241,768,543,1152,1058,770,1096,1351,542,66,408,274,1023,751,778,724,660,1076,1205,268,1137,248,95,1242,725,1014,1159,275,170,1217,485,992,1102,281,1221,762,423,392,1187,689,784,1000,864,1124,701,756,1234,1175,1127,571
1008,1236,953,519,62,1248,312,96,863,575,962,1274,1237,530,1103,1244,1280,853,328,338,484,612,781,1279,1371,313,1182,238,1369,799,871,205,308,368,1144,80,702,777,812,84,591,940,1195,600,1240,969,322,1257,529,371,66
484,391,528,3,1336,514,524,274,148,1056,146,639,119,437,149,1341,491,487,158,704,383,1022,805,50,1059,364,478,758,752,389,25,815,1139,489,751,620,1316,1010,954,276,662,689,257,44,41,621,585,172,175,1050,826
683,700,142,426,0,975,657,136,984,999,20,729,385,125,348,1295,1018,1321,440,805,965,153,32,1333,138,717,158,159,1026,929,327,996,133,616,351,1287,973,514,2,1075,866,641,614,30,437,427,201,472,1355,470,403
171,1247,823,324,1022,775,581,319,986,852,845,584,862,841,570,864,1056,524,803,1236,780,487,1235,320,175,197,1239,824,604,494,1242,618,304,133,1238,633,1146,741,871,583,372,565,1219,1067,61,92,257,325,44,201,854
1222,258,1049,472,153,140,380,447,683,1204,32,1300,76,445,1000,449,734,1052,1085,518,997,1173,412,965,616,1327,996,134,507,985,614,145,0,1036,141,1320,1107,510,919,245,271,1324,675,684,533,1047,1041,1313,17,720,1026
1294,543,41,85,701,733,827,1241,753,561,77,469,290,953,286,1200,1273,148,308,427,771,817,920,487,319,1060,717,761,233,133,760,810,910,1296,159,568,325,911,856,1097,1151,464,264,569,775,564,746,164,722,609,550
1285,1198,753,320,130,920,583,714,1332,620,111,95,458,1341,928,776,1059,648,369,993,1093,922,522,161,1134,570,154,392,338,557,402,65,1135,684,264,40,871,711,527,644,295,600,1316,1340,1127,400,524,219,1157,110,561
1326,335,867,862,203,687,1241,1067,1262,863,425,1246,805,571,769,1304,1022,861,133,317,1190,971,864,1205,273,1068,1259,248,1351,148,509,104,92,874,1249,320,224,4,834,633,194,853,1014,514,553,518,109,201,491,975,87
91,584,524,92,553,491,1014,986,523,233,1022,585,438,487,592,559,544,550,604,609,1330,60,1168,583,1141,774,319,325,823,420,392,381,981,993,423,818,15,47,110,416,1174,536,211,551,775,389,1162,871,312,522,1259
189,435,433,416,1315,1176,87,1316,518,971,544,21,4,915,390,381,1190,644,349,1318,405,1299,411,1051,91,110,986,143,666,1341,409,553,34,32,983,704,445,383,617,141,7,804,805,14,419,1297,1304,628,621,315,1173
861,406,454,977,140,445,1041,17,32,1052,125,1018,427,20,412,442,447,1204,0,983,691,261,385,132,116,1049,634,997,984,397,996,516,1322,11,616,1139,1026,387,980,1038,99,628,390,686,680,118,717,965,1292,139,138
378,613,968,1204,385,380,445,996,403,30,397,143,412,406,91,425,666,378,411,616,1161,532,617,390,24,0,141,409,32,1311,383,28,16,87,447,1293,9,11,510,93,394,454,544,614,117,417,1310,389,1026,1052,628
268,445,1204,258,996,1049,616,261,613,378,30,380,1052,532,270,429,509,35,1295,99,703,143,385,628,25,514,464,17,411,255,1322,977,0,34,426,700,982,649,119,383,417,655,463,381,675,1038,896,1018,390,1324,274
603,846,581,790,777,832,575,799,853,1371,854,1242,66,1228,869,1238,324,861,619,70,842,863,1221,1208,871,847,1180,650,583,63,215,1156,205,536,609,866,860,1277,1243,207,59,1269,104,210,1248,1241,596,570,1223,62,171
657,304,865,950,1066,967,1198,1270,197,61,1100,1213,623,435,256,18,871,936,911,903,575,402,577,497,536,1093,993,1053,1208,790,1128,654,287,1297,80,925,453,524,15,529,859,338,434,205,1358,972,1188,1197,823,504,107
1179,1058,1270,864,1190,329,585,571,1044,1238,570,1056,852,319,1177,1217,1263,780,741,61,197,1075,1146,584,525,305,233,878,1158,57,578,825,865,536,592,1023,912,275,823,302,1259,1113,67,1211,491,1359,1223,861,1208,175,551
916,1038,687,425,136,180,616,1204,28,417,395,406,273,35,628,1023,729,495,704,274,688,454,463,145,143,965,138,991,1070,976,720,261,1294,230,666,1327,125,270,996,977,1007,784,24,689,532,279,468,1295,1311,405,153
157,1294,1120,419,1022,557,1316,1161,391,713,553,524,479,1014,47,570,620,749,1076,1271,1312,251,539,611,1141,1259,1051,494,1270,1152,118,1173,558,1037,1306,990,655,1114,729,594,998,257,18,1123,164,510,233,661,250,103,263
1134,394,977,628,125,426,759,445,1070,1185,884,537,1006,501,1013,397,1328,463,635,515,687,459,157,1027,982,1032,84,13,895,648,1003,1199,1038,900,706,735,454,695,1216,636,1301,1182,1339,261,1350,37,904,24,404,346,1018
302,406,687,16,800,25,118,628,136,425,617,394,445,1287,657,387,1321,145,590,463,9,438,1328,982,977,1332,412,24,426,649,1052,1032,1342,984,141,991,440,700,430,403,447,965,38,691,1320,257,996,1204,1038,261,138
170,1327,1048,253,1175,628,800,1348,1292,703,768,149,684,994,480,1286,435,706,1359,742,644,1287,1092,675,720,454,1010,919,717,1089,387,647,400,32,492,680,1082,1003,805,255,507,167,1295,125,85,630,134,785,1018,533,784
519,268,1342,473,159,267,510,294,1123,1,611,698,472,273,126,968,732,180,1082,1032,1008,1022,532,1113,225,441,1295,18,380,673,1063,464,993,1270,730,314,429,675,676,401,491,119,405,533,256,1089,1140,1297,482,544,310
1323,324,823,1022,862,853,522,102,989,586,72,214,1171,176,596,211,238,575,329,1228,1240,320,1035,1248,357,312,316,846,923,178,567,584,1176,803,1056,817,714,341,154,61,328,1239,775,871,273,769,391,1129,282,790,201
110,1202,148,1296,425,164,391,732,1067,919,1153,1289,465,1341,1312,1007,480,400,1342,775,146,403,662,617,980,448,1022,655,267,244,986,429,1139,1041,1136,1340,742,1291,167,1003,1082,557,224,170,1050,460,1191,1131,717,268,1287
560,862,60,854,596,846,1238,329,570,867,1271,1228,863,870,203,1259,375,593,565,825,70,860,834,875,841,553,338,328,839,197,823,1256,890,524,775,1246,581,103,332,871,292,827,104,816,594,878,835,202,877,214,592
928,1049,1327,141,1204,139,425,703,387,1041,447,1048,454,1023,261,1292,683,385,977,1107,687,1018,628,459,1321,1328,965,145,32,230,35,430,438,1025,1052,1286,445,294,994,1322,655,997,274,919,28,616,1139,1070,156,412,255
92,25,1161,514,683,411,447,440,258,455,976,1139,617,350,1204,427,448,438,315,4,17,657,12,348,87,32,429,1029,270,261,662,416,649,442,405,401,487,669,390,118,725,611,378,613,1289,431,1071,126,0,437,1197
558,735,546,182,955,222,640,288,42,185,1339,191,1282,1257,404,1253,334,809,1040,53,1301,695,831,318,235,1224,1374,128,889,346,1250,881,622,1350,1375,1079,957,519,1283,1338,218,902,894,772,1279,833,759,115,731,361,935
785,853,862,210,854,846,67,1152,1238,1270,1228,214,966,593,803,592,825,852,312,877,1262,847,66,1246,238,780,202,331,504,1371,205,823,887,376,211,1180,827,1112,1261,317,1237,849,584,954,866,1266,1022,871,821,842,305
520,820,1137,869,57,206,911,827,1244,354,1142,485,326,45,529,582,857,1186,289,66,802,803,873,650,62,1039,1282,75,935,1246,1259,1183,1241,187,275,180,612,1208,846,596,1263,1359,56,812,877,1130,245,229,523,86,925
375,389,412,730,824,429,401,514,403,1312,1303,116,424,732,126,1286,380,1099,558,1171,929,968,172,999,996,649,44,1328,391,390,159,163,986,1011,611,669,164,99,257,524,1037,327,729,460,1292,1289,951,1090,532,1259,349
1141,1168,1173,766,225,118,416,951,617,429,1094,389,1022,245,1204,34,35,270,1067,921,341,533,1202,704,655,912,203,1000,653,276,544,464,419,394,1190,531,274,978,304,417,576,994,1012,197,1014,266,405,7,916,673,465
495,823,771,523,550,1238,522,639,1260,320,214,845,1259,1131,585,1200,1270,604,489,170,14,1056,803,766,1349,233,312,922,308,391,61,95,623,524,777,1144,189,780,1290,1360,469,490,565,748,570,211,611,801,1152,491,1160
865,149,426,687,4,1052,0,655,1328,261,28,1176,1049,17,1327,1321,616,1195,425,252,350,518,1050,119,976,590,1070,99,443,220,1027,24,274,141,965,87,93,1324,703,387,454,1090,260,159,389,980,35,140,624,1139,996
325,968,395,1310,390,975,614,425,415,383,634,87,532,1300,996,815,1026,380,447,409,116,417,119,1070,977,507,389,440,1293,458,315,445,805,403,438,613,32,9,965,994,976,410,1318,468,666,411,1320,703,1294,514,91
837,1014,994,683,491,452,680,1012,410,18,87,968,1161,0,1204,429,141,516,531,110,644,532,437,386,1175,544,411,439,441,107,1019,1008,1162,15,276,1304,1063,412,704,1020,479,2,1025,1292,553,518,116,148,453,34,576
1122,1300,164,411,514,1316,20,390,405,1292,805,381,463,472,91,34,315,617,425,152,383,389,438,434,507,666,147,9,378,968,448,1304,429,1324,1029,464,25,435,32,0,159,1318,544,380,516,119,491,351,1315,1061,919
564,455,15,491,1008,411,87,1063,18,556,319,435,1316,1176,429,1168,1093,567,557,110,510,364,524,1303,968,292,25,576,1019,604,1297,1094,416,1014,528,544,118,559,479,405,1173,564,437,1032,9,92,1053,1,985,439,40
166,141,1292,383,984,34,378,1007,425,429,951,590,1316,445,158,617,472,557,87,1056,405,391,119,667,897,433,1032,1173,432,1202,448,261,1168,1288,1099,1324,1311,401,599,390,126,271,136,437,9,1067,918,117,389,528,257
758,454,1038,425,1321,459,17,533,983,1286,1018,406,35,1296,270,447,430,1320,448,1095,77,1007,965,706,0,230,138,440,815,143,1050,464,729,687,1063,918,693,1287,409,140,261,41,28,30,43,136,1012,1052,1043,984,449
1139,687,1293,478,1342,990,1321,1204,1127,684,393,452,675,28,1027,613,616,403,701,441,438,1047,447,1341,99,410,100,968,532,9,274,1300,445,472,742,965,518,641,91,41,1175,976,919,397,1201,688,649,997,982,446,1107
994,570,551,922,524,1152,21,826,290,505,704,916,201,319,197,81,392,411,1331,514,584,305,623,63,950,133,1200,110,930,1219,554,582,999,564,364,175,59,1173,1237,586,1213,706,559,219,733,933,402,1155,535,214,774
901,535,350,172,20,487,21,807,126,1151,440,983,624,411,1014,706,395,981,459,393,447,25,1029,405,552,590,614,348,1161,647,919,448,257,558,1290,657,984,451,973,585,6,406,412,766,1074,717,15,148,315,125,774
777,585,780,319,558,289,825,570,559,14,1271,1154,60,524,304,604,757,1141,766,99,95,1175,609,329,1246,586,715,754,790,584,583,606,535,853,862,758,600,553,823,557,950,523,581,662,197,1200,489,1259,801,420,887
836,403,968,1286,510,435,9,459,424,411,996,507,429,687,1204,544,1052,1082,18,412,614,706,1311,380,468,447,445,383,385,381,1026,470,649,472,465,427,149,409,415,1168,454,532,32,800,442,1020,276,704,1322,1091,390
736,768,1029,1199,1137,800,759,125,1283,1125,88,1205,893,466,1162,351,288,499,620,1215,1061,348,1113,124,1373,377,1344,199,715,395,640,221,1143,220,1077,1202,191,1040,996,546,354,943,712,770,1194,697,115,792,725,5,1102
571,570,1270,864,60,852,205,1249,302,1239,861,329,1211,1254,862,741,1187,1359,317,577,1242,1208,1146,1152,604,176,202,523,310,1262,491,1245,585,854,535,826,423,1256,586,522,504,1177,473,292,1094,210,1014,304,1022,801,1219
217,142,1041,687,1314,459,1004,32,26,140,461,1195,430,425,1148,963,116,447,474,1324,1306,167,385,973,1020,455,1026,1355,445,733,499,1326,700,722,1301,48,1083,149,729,1076,965,270,436,1057,258,296,1342,350,43,1300,1124
544,570,1022,592,522,1226,620,860,619,1219,714,233,863,1113,329,577,312,661,825,653,803,536,950,823,864,524,829,349,862,551,775,236,553,1236,749,1068,878,328,1238,593,211,970,66,1332,1259,60,841,852,423,1235,824
160,108,680,994,698,381,398,636,464,453,419,315,1067,968,1005,510,634,270,1014,1063,106,409,753,412,394,9,421,654,1012,43,775,139,507,143,403,1190,482,997,518,650,145,964,417,670,717,1019,852,835,998,103,531
1071,35,1204,1041,532,350,447,28,518,261,1311,973,465,1174,143,1322,666,1321,703,560,1175,1047,896,17,381,1161,1091,0,271,429,378,464,701,784,138,509,258,442,406,985,134,38,411,267,687,1345,438,250,145,1019,253
839,687,1327,143,141,412,270,149,394,968,447,261,140,445,784,430,442,516,440,459,380,684,1005,93,919,636,424,977,800,617,996,973,649,378,1293,1046,518,271,706,616,16,703,509,463,976,403,628,532,443,1286,448
476,703,1286,701,28,149,268,35,464,463,693,406,997,590,99,261,271,273,985,1202,1342,779,387,411,669,533,973,1321,1292,442,1007,1127,1195,427,138,378,400,145,617,468,732,36,1089,391,1018,295,125,470,159,980,394
181,406,628,687,28,459,634,977,412,703,430,261,440,1321,1052,385,1202,532,136,1038,394,270,613,1026,417,454,438,1204,706,426,142,982,514,143,1292,1046,449,35,701,1018,614,442,1019,132,996,984,24,470,954,617,649
1231,458,457,1062,442,395,994,558,1014,1031,165,769,393,1058,392,793,18,968,319,756,166,667,95,1310,1236,977,987,556,106,923,910,804,495,1084,1230,4,397,1340,970,140,1274,779,1174,1008,736,1167,715,972,1211,1027,496
846,378,514,700,613,1161,815,0,28,617,412,438,544,996,532,429,258,1204,725,406,35,975,143,1162,261,666,448,411,381,405,25,1202,17,34,417,985,464,93,87,653,390,701,422,992,1292,442,518,389,136,1059,268
371,521,66,481,814,1182,1170,97,1209,608,1183,374,305,73,45,297,1234,547,334,1366,838,338,912,855,787,1358,382,870,685,926,1073,794,237,848,862,337,65,336,1237,875,515,72,935,967,786,702,1180,627,109,931,877
672,571,319,823,1270,1247,585,845,329,862,193,214,780,778,61,806,570,63,839,536,565,1128,775,581,292,320,62,1236,923,1058,1191,841,860,302,583,497,1211,861,331,584,852,60,324,1190,1155,842,551,1235,1248,835,1258
877,445,380,385,1052,616,258,442,613,149,125,117,24,261,1139,427,687,425,1324,680,387,412,706,25,973,703,1327,245,37,143,35,140,509,271,447,667,252,378,614,1342,454,675,406,968,1300,919,30,590,1050,996,389
392,1175,1236,852,314,1211,741,233,877,1136,574,1263,864,1127,57,802,1067,611,876,1141,1022,1259,1107,1056,705,1270,784,423,1177,262,828,292,325,583,834,780,168,275,469,267,1235,62,592,826,61,1247,1275,1158,775,438,1222
135,1161,968,1019,1292,220,613,1319,691,429,403,225,398,15,452,1168,108,617,394,1300,1051,910,463,544,35,616,1295,383,687,518,993,978,590,1174,411,532,139,381,405,9,1032,270,427,576,1230,997,1018,395,4,152,487
413,435,38,676,1099,429,167,844,274,24,1092,438,36,126,1342,611,172,1341,1050,1090,1366,1041,901,1187,448,159,599,784,281,1173,1194,464,145,151,1045,164,1022,449,675,729,211,465,82,434,1037,1326,1248,468,1056,628,1226
849,775,85,1239,319,827,912,66,1141,168,294,1022,1236,469,757,1053,878,992,692,1014,1128,1187,819,196,464,810,1171,741,329,151,861,620,1067,862,460,853,317,313,725,1063,421,473,923,214,43,1211,1097,448,44,919,1270
320,406,616,425,613,1321,125,700,1322,77,720,693,93,35,16,463,997,706,1041,1292,985,31,1018,1286,447,701,657,445,17,459,628,655,807,1005,261,1327,141,1049,977,138,974,800,703,394,1059,30,1003,509,533,1095,1295
1082,1114,720,287,498,551,61,1056,100,244,783,1373,281,752,1175,99,683,715,36,1104,1297,915,1291,219,998,1118,450,1219,261,1254,698,402,1328,934,742,663,472,405,234,389,366,907,469,1247,79,829,3,826,828,1263,1329
386,274,689,1022,294,50,282,1099,1094,732,510,704,391,18,1175,1058,703,287,267,795,1129,1202,170,270,666,533,296,649,724,478,233,1067,423,1090,918,1131,91,460,429,819,164,469,1105,482,403,487,1014,779,749,738,1010
592,9,617,985,1321,954,669,400,839,791,410,425,841,465,1346,294,411,1238,1190,1139,302,862,18,597,742,585,1242,887,1316,1256,448,488,491,583,176,14,1226,1013,364,473,814,854,604,982,1318,653,38,790,35,351,514
481,248,1141,543,359,1144,1129,170,233,362,910,859,1153,1152,1333,86,314,469,66,1130,85,1131,1156,1215,1132,1111,1066,286,262,316,992,98,70,499,722,1058,1142,542,168,912,586,823,609,1085,856,166,370,701,1233,282,775
649,780,60,787,858,203,1373,88,776,204,811,376,1028,608,450,324,970,1254,170,103,1262,849,718,375,66,867,1371,1255,875,572,926,1269,670,847,874,312,1224,823,481,1237,1225,962,1265,832,593,121,213,816,1349,837,335
757,28,258,1052,1321,976,447,688,142,509,616,982,1026,628,613,430,270,425,387,1292,973,385,1322,614,141,394,459,261,463,380,406,1328,1038,143,117,397,720,1019,1293,518,253,125,617,784,768,800,468,1041,1311,149,649
626,860,551,1056,871,1270,1022,1271,581,862,1238,592,823,320,504,583,1226,292,603,1141,570,585,775,863,584,824,194,329,802,1039,841,211,854,1247,650,609,60,565,65,197,827,877,541,319,803,972,1155,859,878,203,1058
1137,464,459,655,616,1286,703,353,35,412,149,249,667,99,973,1322,145,43,1327,1342,1004,1049,1292,1174,1089,41,1335,469,253,425,28,350,994,274,706,1175,1076,245,252,427,447,742,142,17,482,294,1025,617,10,429,641
267,438,968,442,412,706,425,16,1017,435,752,389,465,378,253,447,1194,41,454,518,703,429,406,532,742,430,350,1342,28,464,138,617,391,732,445,1321,380,675,996,1041,1310,689,1022,268,729,271,535,35,153,655,1202
82,1153,743,795,33,799,657,296,522,119,757,164,254,803,1176,777,405,703,251,151,951,421,1247,1341,1031,692,219,327,102,983,1291,12,197,224,626,918,200,1316,365,201,535,818,1050,153,426,23,1141,1068,81,93,948
272,968,9,435,141,687,628,590,447,405,438,1292,253,518,425,32,429,143,1139,25,1328,274,675,977,439,378,1029,243,706,448,383,649,350,442,1018,403,1293,1204,315,220,28,319,0,1094,35,951,800,390,472,918,417
782,815,489,37,425,164,400,1007,669,1022,1063,391,271,1071,1136,159,1168,491,514,327,1068,100,950,1342,381,9,246,1135,790,426,258,422,701,1091,268,174,524,153,180,532,1319,666,38,795,826,439,480,738,704,1337,256
361,445,687,385,28,141,996,30,381,1204,406,261,613,590,350,472,447,397,1026,1202,20,1029,968,649,628,1292,24,509,0,518,1041,394,973,9,380,1061,35,544,138,424,616,417,1310,985,442,1315,1046,1139,143,514,411
319,406,1052,447,258,687,138,977,470,17,77,430,1026,261,1321,703,459,30,385,706,613,1061,1314,628,1204,700,442,35,449,140,1322,965,142,24,1345,143,252,1029,125,274,514,616,1019,1046,16,1327,350,145,1320,0,1082
589,1152,824,862,45,966,331,866,859,650,620,1200,1022,211,860,867,1009,846,593,1270,803,571,67,368,561,875,825,1060,586,133,376,891,1168,105,854,1251,1252,954,1177,304,504,1230,863,991,578,1194,581,764,329,738,57
1032,856,69,1265,1275,201,1368,1217,179,1366,210,522,1154,764,492,1166,1360,302,926,606,57,1332,371,879,836,892,1232,952,964,730,88,1067,737,885,242,840,134,1260,1255,341,1246,845,1352,569,1147,339,555,392,1108,647,273
652,846,1217,823,592,862,860,1228,581,858,67,210,66,863,852,317,203,1371,1262,816,202,194,582,304,305,375,170,1249,1271,827,583,803,328,1275,834,847,1239,1260,818,1248,1210,329,233,1240,871,572,869,325,842,1208,1241
995,862,826,583,864,571,775,853,553,1243,823,494,1131,1238,570,878,842,66,1219,1228,329,536,317,1022,312,197,854,201,324,522,1270,863,827,70,1225,61,60,593,1241,554,565,302,791,1211,1245,391,841,1127,780,1200,568
1226,687,613,1176,442,397,385,1292,406,616,425,691,514,426,35,996,138,424,83,655,628,472,544,270,688,446,1202,700,968,19,0,975,405,1294,532,434,454,350,445,1319,16,814,108,9,977,440,30,411,256,20,24
609,1272,862,201,459,324,336,171,193,581,823,703,1238,199,659,555,1365,926,159,811,887,1154,607,1045,1023,1262,816,991,67,350,77,1251,841,1112,1361,63,692,468,717,1095,214,1277,839,60,71,836,732,721,487,1329,580
841,687,518,977,9,996,447,1005,440,412,270,1019,968,973,514,1311,649,425,141,383,472,439,688,1321,613,648,1292,509,1026,976,684,1318,378,429,532,402,398,437,409,1029,315,261,381,1046,669,1291,1287,1139,99,445,463
67,529,1008,168,683,21,780,547,907,554,410,1352,686,670,40,866,775,1189,348,11,1213,818,702,743,545,551,22,568,1110,1251,498,104,4,567,290,63,1135,1228,1152,1012,106,1337,736,1172,536,476,606,969,1200,880,967
1042,133,853,524,775,1051,1259,233,317,438,87,862,823,790,714,561,753,1168,1135,1014,491,666,1171,411,92,669,47,758,148,655,972,502,107,1241,416,1162,663,553,620,405,104,250,165,273,705,592,66,715,43,111,1141
1040,20,614,510,1026,140,440,429,425,983,649,1038,1004,129,412,1297,116,392,1315,226,1204,424,1014,1025,1320,991,234,142,1188,433,1089,270,6,117,994,285,315,19,1043,18,448,348,1294,929,526,2,1063,996,381,703,971
895,445,93,385,142,141,17,116,258,1026,28,16,628,270,143,977,996,703,634,1004,1052,1292,1041,140,973,706,381,684,447,1204,616,688,430,261,701,1293,518,125,997,1042,380,509,1322,77,985,965,1046,975,138,1324,38
422,1219,816,1259,551,741,964,1187,547,193,294,715,1152,1141,66,601,571,70,1096,190,823,60,595,596,960,497,329,1238,825,826,598,864,1270,1262,221,553,565,1242,1359,1360,1206,766,891,1366,57,1234,554,1097,1158,1330,1245
658,775,1344,1060,1304,1341,701,1027,1097,325,522,1135,1360,1332,197,331,1348,704,469,421,1136,264,482,550,859,311,179,412,922,1346,633,357,267,751,1172,429,159,647,991,1127,233,112,314,166,730,164,747,722,657,460,211
1119,1161,649,425,429,996,454,968,381,424,1292,982,440,636,977,1310,1027,516,544,532,444,24,20,143,459,447,256,18,378,1046,1089,687,126,406,445,1129,40,617,1174,1020,590,981,116,390,1008,140,234,634,1318,149,983
106,423,826,67,1068,780,1044,1177,1266,802,986,823,1246,405,292,1332,741,1351,329,198,164,581,621,1236,804,885,637,704,1247,583,862,551,1022,803,126,236,1217,1249,1259,524,584,571,146,313,305,593,757,1063,1056,554,562
282,445,1018,9,77,449,687,159,496,35,28,616,418,653,1366,397,13,142,406,1252,138,1037,730,974,65,977,696,1293,89,918,1163,395,1070,1027,518,744,1334,399,700,426,1047,1005,688,116,573,1322,973,1060,199,1088,1330
563,810,1115,472,905,324,853,1353,561,1308,527,715,910,1237,178,739,621,469,783,4,254,913,741,646,256,61,567,920,1236,248,907,151,1249,1079,1277,63,675,1200,637,933,789,570,849,930,1131,586,1241,391,1341,597,201
1153,258,687,1026,977,406,701,985,1321,532,138,514,700,385,24,688,896,261,449,973,447,442,35,266,38,1204,28,1293,1041,1052,1047,438,1202,616,422,403,397,691,1324,1201,1018,1061,378,509,143,350,77,411,1311,1046,648
358,994,980,403,968,996,1026,425,965,1292,1287,385,148,518,649,271,141,433,476,261,480,38,378,1050,666,532,409,628,447,315,424,472,352,415,252,145,439,614,703,634,680,1328,164,401,448,1296,1007,158,412,380,488
889,1041,219,403,261,425,136,620,426,510,815,224,149,1018,975,706,158,1344,954,470,965,1139,438,1172,535,421,152,1292,628,532,701,1067,657,38,675,1286,448,146,1004,99,274,973,729,468,531,636,1005,166,100,507,732
1175,50,1219,775,570,290,179,771,733,550,795,639,1114,286,778,806,575,529,565,1120,1238,302,1131,312,554,595,1132,593,1149,493,1248,790,1213,1143,305,1261,70,689,469,39,551,1137,724,193,547,396,1215,503,95,990,842
1111,445,385,258,125,430,141,449,1052,425,1046,17,628,617,1026,982,270,516,1292,397,616,28,406,688,447,442,973,1324,996,984,30,1321,108,1313,691,509,1041,1286,518,679,143,426,1322,409,476,1311,26,1005,1148,1341,1070
349,274,279,32,364,751,372,468,810,268,146,1127,233,419,797,252,701,478,1154,585,1299,1191,1187,427,1364,87,1295,768,1038,1049,219,484,714,1091,599,795,273,473,506,1067,47,276,234,319,67,1149,315,257,620,789,437
1089,164,233,705,1366,159,1128,310,823,1236,296,1022,1154,44,1141,1067,411,749,1023,835,236,383,669,491,826,524,328,47,829,1344,433,1248,570,423,775,60,126,522,661,1316,196,317,460,853,740,172,1177,175,803,819,313
1173,780,1366,21,319,201,329,536,1131,852,845,581,1242,775,611,571,558,878,535,1177,1222,817,504,72,1217,1206,1152,676,170,565,510,62,1271,577,595,304,585,986,233,289,1151,473,221,126,1259,491,1249,1083,341,480,758
765,551,1044,570,621,582,661,1146,835,826,803,1304,637,923,329,815,21,650,238,989,392,584,922,641,860,921,1095,87,437,175,495,862,761,133,15,1241,1116,971,547,581,1371,166,644,4,1210,315,819,411,381,653,203
817,715,724,1107,1263,1162,1045,587,694,61,749,1050,1239,1175,675,829,750,1211,1067,1186,663,243,705,656,275,852,1227,252,912,1171,400,1056,937,54,1208,1180,572,877,66,832,1079,673,438,934,1196,305,460,1246,987,525,620
256,425,518,1292,385,628,649,390,982,445,968,381,143,9,448,514,403,516,1052,805,1318,509,411,32,383,417,397,617,1005,433,1019,1300,409,684,653,997,442,1287,393,25,1202,380,1161,395,1045,378,394,443,980,976,463
753,445,425,1005,688,977,614,385,258,518,965,613,649,403,982,1321,16,261,616,636,142,1300,983,973,1048,768,447,509,1020,263,1299,1038,270,1293,429,1046,268,351,141,30,996,628,1026,1161,662,348,1052,1032,991,684,476
1220,445,613,1052,687,616,976,425,688,982,1026,397,258,28,1321,1327,997,614,684,16,412,142,442,261,387,965,1042,1293,973,509,143,1046,1018,394,1019,380,1049,93,138,447,1041,430,1202,9,1185,628,1322,35,518,985,1313
1123,1048,1175,253,784,141,430,729,1049,149,509,1003,409,1042,459,620,616,628,261,18,1027,1161,779,1292,1327,1299,1095,712,164,93,126,353,613,510,7,636,1019,983,687,454,1295,680,919,1047,327,152,649,991,1127,965,129
1321,1259,836,374,588,1368,858,236,803,1103,556,1147,644,1362,575,1169,1119,842,1142,945,530,1209,1246,522,799,1275,892,1157,1137,231,726,1117,717,850,786,492,867,1371,1186,368,199,57,796,816,592,596,932,305,825,582,964
880,824,741,791,1247,1248,1074,911,879,1288,162,933,313,1266,146,204,1001,777,838,1360,1348,181,522,595,488,782,497,773,637,1235,842,1083,1372,408,163,63,1158,1206,481,1245,371,1237,1118,176,859,1056,121,934,799,273,1263
415,655,703,145,93,28,784,409,268,1286,167,136,1171,9,1102,270,430,973,468,1050,438,164,391,425,779,24,1101,230,469,706,616,144,447,77,1295,1094,1082,267,649,679,1043,657,125,154,984,543,25,281,992,437,1041
1229,616,445,965,687,258,28,430,261,1052,425,1204,141,406,30,1322,1327,387,447,426,16,977,34,394,509,1321,378,1005,700,253,255,784,252,149,468,984,1324,1320,768,463,225,145,398,1026,9,980,655,518,1046,1292,125
835,28,425,411,35,445,93,141,984,435,687,381,649,11,965,472,258,1029,1018,32,389,17,1023,590,4,383,1351,108,784,448,406,1286,478,220,219,975,996,1139,1041,691,977,535,991,125,252,617,514,533,77,706,616
215,425,687,459,440,28,509,463,688,180,447,1204,616,387,270,412,1322,87,378,514,1292,628,153,984,261,470,919,315,2,468,445,417,655,613,1049,973,720,464,752,381,118,518,1019,1031,138,1342,1005,1293,271,996,1041
1078,570,871,62,862,1240,103,67,1354,210,846,59,206,887,535,1273,1271,841,576,392,1237,581,203,1186,556,154,777,692,607,1252,61,1373,251,1239,847,312,214,595,1371,329,869,95,875,1,56,92,1190,715,1084,842,1093
224,1052,1316,1202,1327,383,997,703,518,25,125,1311,141,616,1313,390,409,397,403,980,720,274,442,1322,11,364,393,996,261,93,430,440,514,252,136,447,1341,0,32,378,148,516,1018,1027,1204,509,1287,463,395,24,1007
747,425,1204,973,35,1311,91,447,429,985,518,1050,532,1019,417,1292,390,1049,617,463,1304,327,1173,805,996,667,25,276,1168,383,982,544,725,533,1318,991,469,251,416,1310,438,981,28,24,391,704,136,0,381,491,465
972,383,472,1342,671,176,91,403,1127,35,701,47,464,649,441,248,705,43,390,425,294,751,1092,1153,1134,677,427,391,753,1099,568,1287,1295,975,77,653,172,491,996,1321,1341,32,1330,1296,1070,732,1129,445,999,1202,460
190,1120,1270,497,319,391,329,197,585,1051,60,214,852,302,1219,524,1093,584,491,986,304,1238,564,416,1242,441,292,511,536,1239,1190,912,785,1131,268,662,175,604,1168,1096,202,593,780,1115,775,423,595,1014,50,62,1236
906,824,1235,620,67,294,1057,1102,1023,224,45,829,951,703,841,825,1060,1335,103,1125,646,758,611,827,230,62,1022,236,535,714,1158,857,1247,198,864,38,1009,243,60,1107,319,1239,750,860,590,473,164,1039,689,861,801
855,327,433,1332,233,524,329,557,254,1050,389,357,1304,803,556,214,986,1286,970,120,972,583,1228,826,1058,570,863,1013,1316,364,825,121,310,774,818,547,1200,623,100,871,852,971,954,846,523,469,1120,95,1043,158,325
81,261,1328,258,976,1023,996,24,440,93,703,32,1351,975,447,768,1293,454,965,1041,805,977,1202,616,1139,590,1019,1204,141,164,17,1050,991,1070,274,1029,136,1175,145,983,1194,973,393,219,138,1049,438,1327,1026,657,30
218,425,445,412,701,687,617,1204,616,996,703,691,991,447,138,532,697,1202,35,261,426,385,17,978,1292,514,136,700,613,1018,378,977,742,1327,383,16,143,430,145,417,0,93,270,800,1342,1049,1046,464,472,141,463
1221,1026,1202,687,261,32,406,975,1313,258,985,700,1300,445,616,1018,996,679,417,1324,0,427,965,1041,1052,1019,649,613,138,380,35,403,701,412,1161,20,17,1293,991,1204,1061,514,442,143,691,437,1295,1287,628,997,387
927,261,464,468,119,516,425,532,968,393,1300,646,617,250,383,655,440,729,1070,1324,447,1019,518,25,378,662,28,1056,152,1071,315,1041,703,244,613,180,510,1316,139,1310,990,1319,17,1022,390,805,41,997,219,984,327
612,823,66,1058,827,834,846,609,862,536,761,930,60,857,1240,1228,104,1222,802,852,875,1259,826,1276,777,795,854,799,317,332,1208,879,819,553,1247,775,1200,911,70,604,803,816,314,600,338,1271,202,325,874,939,1249
301,1026,425,1029,1038,350,1202,397,385,32,613,687,1204,616,977,996,1018,975,35,220,125,983,1052,30,518,459,973,1061,270,614,1042,405,440,691,412,532,136,1320,394,590,443,653,17,1019,448,1321,406,315,20,1070,976
103,261,1026,996,649,380,445,973,532,516,616,425,350,1286,1041,1300,429,1046,1295,412,409,968,703,1204,617,32,24,149,417,1293,390,666,1029,119,442,141,510,1052,441,381,440,143,30,980,424,509,145,1327,680,108,691
525,507,110,399,439,381,250,997,390,1318,663,1204,392,528,174,532,52,202,143,1012,861,674,378,139,1122,1174,1014,380,666,973,617,678,762,1116,804,531,457,516,315,33,447,416,1022,233,273,646,669,1161,320,968,1173
1218,544,425,996,445,389,518,438,416,472,24,274,439,143,32,752,390,435,1316,687,1342,491,805,1029,378,1202,25,294,669,381,742,464,1168,18,383,1022,411,118,1056,666,261,804,1318,675,1176,1139,1030,465,617,1051,424
636,1058,852,354,67,1246,862,823,1266,878,864,1263,859,1258,1113,1278,1241,877,886,834,1075,861,1211,793,1158,601,59,536,972,876,1100,869,860,368,827,331,1152,1331,1276,846,780,1254,1196,829,86,338,1125,1233,1264,1235,1112
1187,319,583,535,491,3,921,586,435,916,1173,922,576,245,1022,276,329,292,791,852,364,1271,1242,558,825,925,1,864,675,923,653,860,1177,1067,302,854,581,1351,1208,420,824,528,1050,482,511,72,61,505,274,1230,1270
1030,862,570,823,1246,1259,1241,317,522,66,60,816,423,577,829,775,790,329,1140,1270,1222,193,1238,583,328,551,1263,233,1156,860,70,774,878,210,1068,927,104,803,799,811,1207,604,575,908,863,102,44,841,524,1131,871
1287,761,1058,58,865,581,54,423,274,770,197,304,780,204,1141,766,191,504,450,860,497,313,1155,572,1218,582,1153,874,791,718,168,1223,1248,1127,1238,737,1152,714,1035,284,275,461,1158,1126,748,1144,1208,302,795,498,1219
787,1202,666,1226,139,389,1022,1168,1292,1176,590,491,443,435,518,1316,24,465,445,611,15,557,391,624,251,544,279,416,147,341,897,3,276,245,398,613,1241,50,980,223,118,390,268,395,473,1319,509,972,507,687,994
693,823,522,1248,585,60,871,861,179,600,835,1144,849,868,867,1209,802,555,553,775,541,795,151,133,803,596,594,581,112,824,950,1200,1238,841,321,837,196,319,577,1244,570,104,304,197,840,312,1188,1247,859,1361,879
36,205,852,793,1208,1151,857,870,420,325,332,304,641,875,863,860,878,842,529,866,586,3,503,177,341,864,250,121,764,525,456,1256,482,626,925,392,557,52,1270,1023,559,329,861,61,1246,823,319,958,583,1176,1241
172,320,312,849,197,862,324,1364,1156,214,840,1228,832,581,966,522,1233,326,1248,524,803,1280,497,1366,962,60,775,799,811,867,854,1243,853,1238,493,593,329,1265,585,1039,289,586,74,913,847,855,794,1022,839,827,565
486,1292,916,910,559,1312,1171,944,649,680,487,769,391,274,912,148,558,421,617,675,41,440,921,1239,1341,564,704,757,364,687,698,412,700,1053,655,1105,437,401,425,506,646,99,516,1340,576,532,1249,810,925,26,319
175,780,585,871,1236,302,823,952,61,785,816,835,928,329,950,325,562,67,945,210,60,876,70,198,1235,326,767,181,1246,305,803,1058,1271,850,423,777,581,592,818,335,1263,842,778,571,802,886,986,291,187,197,1136
40,669,276,473,441,214,429,390,1187,742,585,400,567,172,535,391,504,704,1036,590,562,411,110,1162,611,455,197,972,1190,1314,317,87,861,584,203,1308,810,233,63,381,154,825,639,564,118,606,577,557,1303,476,65
77,411,383,1176,1197,1351,585,1304,390,60,110,429,1161,391,528,1019,392,687,448,405,416,180,378,804,805,296,617,991,6,584,576,553,40,14,30,992,815,614,9,1303,1093,327,364,986,980,270,21,567,1315,0,862
756,1310,141,687,613,1328,982,1322,447,1204,1026,430,380,614,28,1327,142,1070,440,628,385,445,706,260,1293,152,412,1005,805,973,720,270,459,1038,680,463,230,439,997,406,768,514,35,684,143,425,703,976,261,234,140
646,311,799,1245,1055,210,324,1222,335,591,1257,331,1246,802,1371,846,1259,1263,861,184,375,332,823,862,794,939,581,761,1275,877,580,1272,1262,870,1256,1103,1143,837,373,857,354,207,206,1244,62,1255,86,874,112,1235,1141
1184,862,571,823,193,57,764,802,525,307,275,581,67,1238,1058,869,650,113,205,577,197,806,857,530,371,1056,767,575,883,203,595,1222,1177,912,61,1217,864,207,1100,303,907,812,94,866,1272,1270,931,1211,839,582,1262
1010,824,1056,464,268,701,1328,1344,1058,244,447,1075,261,391,1191,472,281,469,783,1025,1336,1114,144,724,646,1012,1068,998,742,438,750,1048,669,1092,997,985,126,865,1099,224,507,532,1342,620,1029,419,741,544,414,1372,692
1299,425,394,1120,447,1045,445,1320,440,982,1038,468,424,276,1102,261,315,258,463,662,270,93,403,391,412,987,1310,1067,1017,180,752,1046,689,459,1162,617,429,28,95,1286,2,125,400,268,687,918,616,1201,1004,1175,997
1140,274,1327,463,1195,387,153,766,1019,1124,1324,1049,779,149,720,630,1202,1338,142,464,655,689,395,239,465,533,1333,470,1313,1004,713,36,385,1037,976,1172,425,683,784,1328,1335,1293,973,263,590,1164,1052,145,1129,1026,136
875,459,425,426,616,613,687,954,125,30,977,16,430,675,406,983,445,1019,1351,35,1012,442,87,1026,985,118,219,655,703,378,1175,1204,253,784,93,657,140,409,1041,348,17,28,91,77,225,815,264,1161,220,25,1052
1052,616,613,406,28,1026,533,258,220,274,980,403,720,1286,37,385,315,252,409,452,700,1018,30,35,138,141,425,470,430,1063,116,779,149,994,691,394,136,463,636,445,975,387,1023,590,968,1313,1067,1038,125,38,31
364,305,748,583,1173,1287,553,15,611,1271,824,780,684,476,826,389,577,653,1217,678,87,1168,649,175,238,67,1242,211,871,993,801,1116,1205,310,592,998,60,110,1022,416,203,482,507,590,852,319,438,1219,4,331,1063
1247,1050,825,243,966,381,712,189,614,335,516,294,348,1228,107,116,38,1038,687,750,533,1328,1256,260,983,141,1044,1194,383,860,425,1000,37,626,1313,1286,274,170,636,514,1187,472,535,35,779,106,278,570,320,669,774
1068,66,775,176,583,1243,1312,1228,1177,571,494,1270,1246,1136,1276,1092,1171,136,1236,741,863,469,1263,818,866,859,1140,817,769,1249,764,828,1067,557,698,1011,365,595,568,725,1063,662,1131,214,341,861,111,553,159,1258,1180
1076,923,429,916,1171,921,319,491,197,556,1051,1340,570,1239,1304,586,296,649,922,550,47,1190,60,1219,812,925,795,758,1022,1242,505,971,618,585,325,465,1129,766,165,785,762,1135,503,144,584,775,257,112,193,522,1058
1275,149,261,445,1300,459,425,442,968,1161,976,9,703,977,516,253,426,1176,1027,1139,628,1295,1041,1324,108,655,35,1321,90,1293,510,446,141,1070,4,119,24,1342,255,409,1026,18,1341,473,143,117,688,29,1292,1314,679
426,827,859,1058,761,357,1226,795,741,329,950,1141,325,1039,762,1084,211,1270,737,1102,420,52,1171,857,611,168,912,1152,170,1259,214,50,1129,930,233,1341,167,910,842,1360,1238,65,911,371,1097,482,504,593,701,771,169
187,400,1171,435,585,795,1140,146,871,775,714,1249,391,1128,852,248,1082,1056,292,583,825,1058,268,470,1316,1239,1134,448,1287,38,1304,1177,319,698,44,823,766,522,480,1238,826,211,312,648,590,1314,570,1344,738,853,487
1109,613,93,616,406,426,1040,1327,28,1049,220,904,977,142,1052,380,247,132,1185,277,800,679,1003,706,961,0,546,1374,10,249,180,1004,641,16,545,720,947,260,100,404,31,627,463,1295,1279,125,474,1253,445,222,1356
1272,425,976,684,445,973,613,1321,142,982,403,616,1005,28,688,1049,687,270,9,447,463,1038,1295,965,518,35,628,261,452,138,1174,412,258,649,390,984,1045,514,438,1026,30,315,411,394,1327,706,697,417,398,636,410
905,804,274,824,1313,641,509,287,441,918,221,271,1044,381,1176,3,294,389,614,1057,472,279,281,405,805,1153,766,687,758,968,680,170,1292,1291,273,1175,117,299,698,779,1187,1217,491,32,1050,639,1048,785,1295,826,45
90,425,687,258,381,613,406,976,996,1052,977,442,28,143,616,968,409,24,9,447,965,700,0,315,385,397,390,32,394,532,350,380,35,1012,403,614,449,378,514,411,983,1161,628,684,424,1042,416,1310,383,395,438
840,1005,532,1328,620,1091,768,1342,1310,412,25,429,261,149,687,234,991,815,779,526,152,99,119,464,1173,729,460,141,680,732,712,17,57,487,1326,389,1295,425,1113,1175,1019,1000,1292,1102,1172,1095,1171,696,1204,1211,126
545,287,45,1168,211,683,194,1289,289,329,177,583,577,826,678,1354,818,341,279,748,276,11,676,606,1287,357,197,1060,593,248,829,840,1140,1311,671,553,1093,824,854,847,641,420,866,653,257,57,993,677,105,531,592
509,570,319,585,859,1241,487,70,320,233,1127,1238,1155,604,61,863,586,583,305,525,950,581,329,197,922,920,609,568,1200,292,864,871,304,1208,774,870,1247,201,551,925,1236,582,826,1273,535,930,1261,615,677,502,578
1214,518,510,1311,994,381,531,472,476,666,507,1315,532,271,433,403,389,385,636,804,442,32,276,671,968,996,136,1191,703,1204,412,424,1286,134,386,1175,145,447,1168,516,91,434,676,349,394,732,1342,675,399,449,1008
228,28,1041,30,514,977,138,975,34,729,613,258,426,430,991,159,815,270,954,422,470,35,25,378,266,1204,445,440,1071,1320,648,271,381,118,732,405,393,620,560,1340,464,436,448,429,616,111,725,468,1061,116,669
465,522,570,1238,524,324,1332,1140,871,423,61,312,1068,803,559,332,819,702,1213,292,823,326,1210,1171,826,319,1056,133,214,1146,233,551,861,1093,210,1084,310,598,283,930,776,564,790,584,567,1236,401,68,775,989,970
0,514,440,617,383,518,390,92,351,1351,87,996,28,378,35,91,1315,403,20,32,815,136,447,427,991,159,30,1311,386,445,455,437,1007,704,138,973,669,666,406,585,590,1176,701,1204,649,391,438,248,985,687,379
769,389,1328,766,391,703,590,390,644,535,416,1187,779,646,158,383,1014,1176,424,1247,1303,1310,438,152,620,126,624,988,1204,655,968,996,1056,440,976,429,268,67,250,1306,618,567,790,972,393,119,25,1168,1291,805,1048
220,459,700,1052,261,406,1041,616,28,445,125,35,977,1004,470,468,464,703,1321,706,387,1313,532,430,657,385,701,258,1320,252,142,136,449,30,691,427,1071,140,655,975,1038,159,447,896,533,687,613,1018,1286,628,93
61,628,389,32,20,119,276,991,108,24,804,16,405,289,518,1003,254,425,1161,1321,653,698,729,561,417,613,1008,1202,986,996,1330,1304,96,661,393,617,269,6,394,560,621,1177,1328,1027,619,251,146,1292,1031,1234,757
690,17,412,1313,125,1300,454,1041,258,1175,1293,449,1322,1061,616,1310,1050,1071,261,1320,385,679,36,983,118,919,1327,477,996,427,149,425,153,433,406,434,704,1076,822,815,142,1326,19,116,1194,24,119,442,424,0,1047
567,319,1242,801,832,775,823,824,862,60,671,1022,583,487,304,1187,1092,790,864,1058,211,193,391,701,1372,329,159,810,66,1262,473,1056,714,783,1265,1208,491,1345,233,592,853,852,812,1131,1235,1238,1226,1141,738,1219,725
1112,1042,406,1026,977,1324,973,28,93,397,25,1327,385,222,514,983,445,1314,1049,387,34,380,965,140,348,701,716,127,957,1175,30,351,53,1250,102,6,1313,822,1052,739,1061,985,1046,508,955,642,134,1322,10,889,0
847,703,704,447,412,28,425,1310,138,675,427,620,752,465,99,429,17,393,1342,35,270,470,1171,729,1326,487,43,742,1299,468,1311,1027,817,133,1101,1292,954,1315,730,984,460,514,180,815,1022,561,1296,1089,532,1320,267
1232,445,28,688,385,1293,447,613,973,1052,968,514,16,380,1321,1327,397,1026,617,996,691,1292,1019,440,532,403,976,438,417,1005,142,143,394,1018,387,411,32,1012,965,628,449,590,1324,9,426,470,509,614,1300,315,472
430,411,383,425,35,655,703,464,390,687,433,968,1176,429,1310,274,389,518,136,261,99,544,1286,405,378,815,531,491,438,616,159,996,435,666,567,219,92,28,91,164,18,381,126,991,557,1292,402,148,166,1341,403
542,57,1036,777,856,845,615,945,767,940,866,869,1280,288,827,190,837,331,1249,305,582,244,719,794,755,337,764,175,933,1360,371,307,205,569,555,1055,587,1155,179,847,1235,1370,860,803,802,1009,1372,1262,857,960,880
387,585,351,413,533,842,310,1135,464,569,766,92,423,329,689,655,383,491,802,626,565,320,314,823,852,721,326,952,1340,1247,543,292,324,395,1352,201,758,1342,245,1208,496,912,268,593,47,951,1037,98,1341,1319,839
804,329,853,1246,63,875,754,208,761,872,1228,765,1243,858,823,1233,1022,326,862,596,780,811,554,317,671,583,859,1187,739,1259,670,797,846,1225,1110,1270,832,316,789,335,524,70,810,964,22,581,214,362,178,1191,1159
362,687,1321,968,1287,425,118,385,403,1311,447,984,1061,977,9,1293,1314,973,1029,996,649,405,441,1173,1026,1292,435,1310,706,28,258,703,472,383,20,25,742,590,470,634,143,433,613,1018,1082,167,24,1300,675,464,274
1045,445,1042,975,514,1005,999,425,1052,385,430,141,248,405,240,1173,463,260,449,1092,378,1296,125,649,1046,32,239,480,965,136,1047,1168,1201,427,974,691,620,701,616,1023,1292,315,1326,784,406,896,327,448,805,1018,685
617,1022,862,852,60,1270,860,780,1246,1056,864,823,305,581,583,1058,877,1254,211,1113,536,775,1259,551,584,1211,210,1263,1223,329,319,1262,835,1187,861,569,863,824,1241,1235,1236,1271,214,1371,1158,233,853,871,103,1266,203
169,1171,1000,17,741,1096,447,464,1310,1316,970,116,667,1173,1084,166,503,431,1140,400,444,807,200,1056,494,1075,1312,502,1177,919,1116,570,1041,257,429,1031,923,1058,164,1368,198,650,1236,992,1037,1348,165,455,1242,108,1341
974,343,1093,846,522,927,1233,316,837,335,765,827,534,570,739,215,849,913,860,1209,104,879,861,1077,799,588,969,842,794,871,950,859,1244,1073,105,661,205,329,872,1229,869,699,75,310,1232,575,301,173,338,873,72
198,425,614,406,1026,445,687,255,417,442,616,32,381,385,628,666,380,93,0,20,1323,433,1168,116,965,435,140,996,24,657,1204,544,977,704,532,30,440,660,141,994,348,518,411,258,1008,980,21,973,138,424,1304
775,274,1041,67,1102,1058,725,1252,1335,768,749,1022,1060,1005,800,1149,1211,862,1105,494,585,203,1114,1223,320,419,133,864,234,689,1205,677,60,1238,861,565,1135,1143,66,844,841,826,714,210,722,1265,1122,331,1262,482,1152
862,270,614,514,141,617,87,996,126,390,25,411,559,1292,487,981,234,151,824,585,92,951,1019,669,448,44,775,108,383,437,1071,432,455,491,264,444,60,982,20,1171,429,292,159,148,649,1312,405,315,973,1032,1295
115,120,864,780,264,1222,571,645,392,226,87,862,1371,853,1209,769,290,62,694,1143,1014,488,205,565,458,852,1246,741,203,1141,1100,1244,1211,221,623,1057,316,774,1074,1154,725,536,329,842,327,1263,970,750,1259,834,251
507,279,491,1342,47,985,1309,167,1127,583,473,570,1287,1152,552,154,1102,954,487,829,1169,1314,281,230,1175,1345,1171,455,172,339,1045,100,701,1056,993,1029,671,1082,482,41,998,706,1226,420,1131,345,511,742,860,1153,1067
816,823,577,571,769,60,819,1241,66,861,193,1058,1187,780,1262,724,1246,319,790,1113,1239,302,1211,581,1247,1248,841,839,62,802,203,1177,766,565,1270,1258,1143,1228,741,1236,275,570,774,57,778,583,329,845,835,87,582
121,687,1000,459,1202,703,1324,1107,919,411,30,470,779,350,383,455,1314,983,465,1085,624,1176,464,1043,25,1076,1175,666,1305,1308,1127,996,1355,1287,15,41,1129,430,35,491,118,1316,50,510,1313,148,1091,1310,992,706,395
42,1321,93,387,426,28,0,459,616,253,252,985,1052,125,247,430,1046,1018,700,149,141,779,1175,657,954,230,16,425,142,1159,1204,157,1129,447,145,454,720,1322,220,725,969,1004,997,686,406,31,743,703,100,628,148
458,411,666,383,687,403,464,567,1342,351,973,510,381,1316,649,968,1204,91,751,518,409,176,678,898,435,468,564,704,147,455,268,1289,145,445,18,1148,1082,441,1305,617,401,294,425,1029,1308,385,1008,1026,544,703,472
634,1249,577,581,67,553,1014,394,1118,87,1190,1063,631,604,437,714,1247,415,395,861,61,878,1044,1204,210,852,302,315,595,468,570,419,448,292,1068,386,678,391,842,1315,614,1304,871,531,203,829,62,578,433,791,1102
546,570,66,863,948,1262,803,308,592,846,1236,1153,972,70,751,329,273,1103,1187,650,335,826,870,423,804,784,1246,852,292,21,22,1186,168,536,1297,554,1359,927,233,1177,524,1235,1263,543,859,661,704,950,1141,774,317
307,406,700,258,616,17,445,35,613,430,985,350,1041,703,77,93,426,1321,977,138,252,385,459,0,652,266,442,380,470,125,16,1202,1324,249,701,1327,1322,142,412,982,1006,514,706,679,140,30,132,1095,1161,417,1019
244,687,996,425,544,472,390,415,383,87,439,440,968,973,417,433,380,378,1174,1161,617,804,1014,1204,1310,403,315,1286,398,1012,389,438,507,994,393,445,223,91,491,442,447,669,649,394,1019,35,429,614,516,412,143
608,738,592,582,585,1113,242,44,453,793,1332,750,863,583,1044,862,826,852,305,420,331,322,22,338,477,970,256,698,211,1191,1290,543,65,1158,876,917,1270,860,329,1,1259,812,302,790,1140,1260,874,66,939,400,1197
1155,465,795,1056,838,1058,282,992,910,762,181,357,825,669,1341,1239,639,287,102,170,783,197,557,492,95,748,1132,278,341,784,791,448,794,790,279,491,1152,391,305,824,1344,1067,769,292,810,1153,797,1345,61,542,1159
31,698,197,793,826,130,524,870,825,401,650,211,1270,577,295,302,14,504,854,803,950,806,1093,154,551,1256,857,1140,1115,1200,863,993,326,615,583,292,294,1190,783,379,606,214,774,389,559,366,604,1240,867,539,400
668,581,846,62,215,205,483,836,834,862,853,608,821,596,214,1237,312,583,781,603,849,589,206,816,867,1100,1236,776,373,823,547,839,847,375,591,284,1246,777,332,88,888,309,866,1272,504,1267,595,924,523,1261,854
1233,258,445,518,616,617,9,440,1204,1026,1052,1202,28,613,385,977,973,383,1324,996,982,975,381,406,679,403,143,411,87,614,447,390,1322,270,25,378,0,438,409,532,380,965,136,691,437,968,1314,1313,393,77,1318
66,274,951,824,1050,378,1176,620,1022,1056,243,1023,389,1312,779,758,1067,1217,276,279,557,25,174,1175,468,1204,4,998,1173,392,158,590,390,341,1351,425,535,110,1037,1003,864,518,725,1139,568,1187,829,287,750,646,533
644,1241,1262,862,60,799,193,59,911,290,849,536,930,71,863,846,816,769,1111,861,408,777,1245,733,775,582,1209,226,650,529,1153,927,1127,1259,203,787,312,302,1205,1228,714,739,368,832,70,504,1242,530,570,948,583
1234,16,49,623,230,139,1304,641,590,997,1038,1202,1292,440,1328,1017,755,661,1157,584,1050,1291,1112,227,784,391,804,1333,274,729,611,1286,1008,296,787,825,11,1351,259,686,1235,571,38,948,1125,424,705,430,125,918,261
411,977,983,459,380,616,406,447,1175,1041,28,412,35,387,253,687,445,997,395,1052,1318,442,1287,1293,24,982,93,0,1038,697,720,518,1003,1018,628,994,261,703,30,140,443,1199,315,430,149,974,1070,1310,385,655,429
275,383,261,87,445,973,514,616,532,641,440,459,919,411,655,378,996,464,119,1202,982,1161,1026,997,613,518,1014,91,1311,815,28,980,429,1005,472,1292,399,1204,32,385,510,152,438,145,700,386,977,448,1019,25,805
887,616,977,24,138,1052,425,634,1204,143,385,1027,613,9,438,1026,454,649,982,440,16,688,447,253,968,509,1327,258,679,397,996,691,1292,514,255,270,516,1321,1319,1310,409,1042,442,430,20,918,32,614,28,180,976
742,611,329,292,524,824,536,584,878,211,1312,1259,775,504,325,60,551,1270,233,1211,1056,570,391,214,276,420,1022,1271,585,871,1238,3,857,863,172,487,1247,1226,202,1235,67,104,852,327,1289,1120,823,522,844,364,1187
96,464,649,378,116,271,729,41,996,687,1295,617,968,510,984,636,28,1204,691,38,919,1047,400,1320,1296,973,18,468,1007,32,1101,411,248,974,991,684,669,1300,1310,1025,261,824,145,401,1004,1168,514,142,975,1026,9
991,233,62,583,314,1222,803,859,692,852,1219,1248,329,1140,827,570,835,292,715,289,308,1246,876,1231,1371,1271,878,972,1186,871,581,819,1211,1258,332,523,238,1128,970,986,290,797,1146,236,541,70,1177,313,1209,1366,328
585,1265,823,522,862,1373,827,60,775,583,846,603,866,1371,63,536,1246,1277,66,551,1210,777,210,203,780,504,70,569,1228,1158,757,205,849,854,1058,596,803,835,872,1238,1240,1039,1258,1093,867,600,847,842,211,887,998
357,1099,294,491,480,785,1342,528,1022,1162,713,1191,705,1036,1310,429,544,138,730,571,590,60,401,239,722,968,533,1286,766,1101,1096,1091,1325,412,74,118,510,531,61,1345,159,139,435,43,703,403,845,741,465,1238,676
584,1239,751,864,1209,201,912,1242,1180,328,887,817,835,522,823,841,166,769,1238,849,805,194,1177,915,1080,852,878,332,1240,1247,319,842,66,581,776,910,859,1186,1211,317,238,1256,1272,1228,862,871,105,847,4,572,867
401,439,1022,714,425,412,544,233,416,391,268,145,403,491,438,704,423,749,167,1342,445,1058,829,751,1102,435,1239,243,543,1311,294,1141,267,1242,47,1127,1162,282,390,1201,1176,824,351,992,447,148,649,274,1161,684,542
448,398,176,383,700,391,4,426,390,1153,655,110,28,425,720,971,1241,100,752,457,714,661,271,785,386,464,392,996,447,1319,1033,826,109,766,219,1128,437,9,751,1352,197,702,994,1052,94,41,302,102,742,91,1305
1093,317,1360,888,305,1110,292,945,46,861,782,719,47,930,1372,86,960,551,181,283,178,189,1212,481,1259,122,927,1336,738,748,879,111,1134,341,834,1010,694,1280,988,933,912,1207,257,611,245,296,342,935,1359,777,962
602,862,1211,1247,319,1022,835,66,841,861,1236,819,585,774,1208,1177,912,1270,604,802,1058,1242,582,1238,863,583,205,196,435,1235,1180,536,1263,854,584,1254,1248,44,1067,1258,853,555,67,1245,203,522,1158,1259,233,329,775
819,1204,1019,717,695,360,1300,634,1009,333,1306,222,1338,353,546,30,258,1327,587,889,957,140,654,142,442,1374,1185,759,385,433,831,1250,1301,1020,627,680,426,990,932,232,1317,1170,1078,39,636,1006,1320,935,160,956,0
514,1092,730,180,526,679,1296,1340,325,729,230,706,278,703,1107,734,1050,249,1177,1180,274,1001,1172,1046,1288,611,464,335,141,1324,471,662,1235,975,270,732,901,691,1234,306,1099,461,159,1105,200,310,555,422,1106,1217,268
508,325,823,1022,1171,584,87,1226,1162,391,853,1014,165,559,251,862,871,118,276,1247,844,95,802,553,61,327,389,704,1236,136,326,4,60,67,392,585,420,38,146,180,243,166,870,1176,119,1304,1312,531,457,698,662
1080,197,912,586,916,923,102,524,1022,292,795,789,50,785,921,317,1141,469,1135,224,1127,1337,165,324,305,856,571,59,1340,1230,675,950,21,14,717,319,954,620,63,505,22,502,1241,585,1190,1080,527,859,1238,972,821
975,1175,620,1113,1014,712,715,266,729,1047,1328,557,951,725,153,400,305,705,1044,378,829,287,1050,33,149,1057,67,1063,698,983,126,1236,158,612,992,239,753,473,535,1312,986,1332,1085,1075,871,174,592,233,3,641,1059
957,1292,980,261,997,32,430,1300,1327,968,440,1052,234,148,1286,703,315,425,919,442,468,509,752,680,996,143,139,409,674,1202,17,1324,141,1046,108,655,447,1315,390,987,437,965,383,252,616,35,918,720,152,459,142
1217,141,1313,1026,258,684,996,997,518,1162,687,516,649,973,252,734,1050,425,814,678,975,447,381,270,1204,614,1046,38,448,136,982,1148,401,1052,403,1321,276,480,145,1008,1324,663,968,1036,1287,260,472,9,983,1005,143
313,687,464,514,440,1202,426,406,258,136,28,463,138,268,1007,468,617,447,973,385,35,1047,985,17,378,996,1071,975,1059,1293,1050,679,93,30,977,701,20,383,470,438,270,261,1204,533,1311,1291,149,700,417,929,449
43,140,703,1313,261,93,260,387,1052,153,430,616,1095,425,700,136,815,1018,0,12,532,706,954,1007,149,464,590,1295,166,655,514,133,1287,624,1320,1063,1291,1044,40,77,445,440,585,141,252,383,641,1041,996,975,1194
207,261,93,406,703,125,985,560,17,616,38,260,706,167,693,152,716,77,35,1172,1085,438,815,28,561,445,1059,1324,1045,266,136,700,509,1286,704,1018,730,729,461,896,1326,1027,146,1296,1092,112,427,1139,701,6,349
1063,675,687,438,752,1328,703,91,281,1152,425,1316,1318,149,441,641,383,1153,304,860,29,1230,253,1058,1167,729,542,203,464,1187,502,415,646,766,1067,1319,824,331,1161,1141,164,1330,454,1099,472,187,1131,50,620,1050,923
427,1270,972,837,1058,197,1236,522,853,583,592,803,329,1158,825,817,986,852,1211,167,749,823,45,826,1241,66,313,1248,1155,1056,869,1259,1127,574,596,202,1239,551,1191,238,1187,819,1141,864,689,1154,1242,1246,302,738,536
876,675,1175,716,697,704,127,752,261,871,1249,682,694,636,504,750,742,755,662,29,590,739,30,581,1014,468,50,426,570,1149,136,272,393,970,1177,801,1351,205,1191,146,1294,542,419,841,3,1120,1056,832,844,869,579
686,968,1204,419,9,416,429,255,518,996,1292,381,516,108,141,447,380,415,666,470,510,433,784,403,435,409,32,532,1008,393,507,732,472,1082,445,649,1026,411,1286,440,87,1294,425,389,965,271,465,276,412,453,703
63,832,482,819,317,1248,834,503,1261,307,581,486,694,1181,689,871,329,837,451,806,757,1187,861,547,1270,224,86,1372,1151,58,1271,836,799,1036,846,168,498,70,368,314,225,820,823,1100,1239,133,868,801,787,205,598
750,1239,423,1242,597,802,45,1247,698,1158,775,864,1136,871,302,526,570,522,205,819,60,523,1104,278,69,741,715,827,1248,1259,236,326,513,1180,544,842,582,852,923,12,1208,650,1191,105,1207,1266,916,912,421,113,1238
926,1311,968,383,1310,634,472,390,510,441,1316,351,1341,1318,464,468,996,255,425,766,393,617,389,1129,32,433,1300,391,438,143,544,9,1168,1328,1032,535,1020,415,403,445,518,476,119,1204,725,1176,286,20,405,712,646
960,526,571,164,810,864,44,1140,1060,1141,174,725,795,12,167,601,756,918,785,126,1177,817,992,494,1239,1063,1236,1099,741,706,132,1007,823,25,6,329,196,865,1353,1270,778,425,4,325,730,835,256,180,198,1017,331
17,383,33,87,641,544,378,440,327,518,460,1304,21,458,1316,1351,996,687,592,453,25,433,146,393,1242,457,1012,434,429,1330,1336,141,257,715,514,510,563,553,1332,968,1312,411,972,522,991,1191,159,1044,158,999,535
354,261,464,687,509,703,1052,1202,77,996,1089,2,1161,255,684,636,616,427,1176,1017,1090,532,700,1313,978,1324,459,990,1316,1051,17,436,657,655,1123,35,1071,164,1061,693,1286,954,1003,1295,1025,170,391,442,468,268,415
538,1282,731,893,508,1280,123,1358,360,1279,931,1374,131,879,1253,605,39,1369,182,937,957,1257,894,1365,885,185,759,363,188,798,467,1244,42,736,69,777,695,622,1193,218,114,1142,75,833,1339,737,955,548,1040,217,782
1086,268,590,981,279,1176,725,1344,825,585,41,1014,951,543,1175,1023,1312,689,824,1067,1187,655,620,804,533,749,398,1154,1032,1113,1048,1058,1335,701,167,468,729,1091,628,233,844,1315,1247,366,146,448,405,1328,1295,1027,852
150,687,666,1012,390,532,617,425,411,381,1340,438,544,219,472,616,440,981,315,1051,1168,409,678,395,1063,445,389,996,16,1014,805,613,620,817,1204,261,251,432,531,655,405,145,929,119,152,684,243,649,378,394,1316
261,445,250,1067,1018,918,100,712,405,1175,394,590,403,266,281,253,28,725,141,641,378,965,276,613,824,951,447,438,1044,706,968,1176,1038,1139,99,261,826,617,675,1056,495,1050,623,655,997,1075,701,1012,985,516,1014
1116,570,852,780,862,233,329,1241,50,775,1056,795,1143,766,860,1238,1127,47,1258,328,302,238,1141,738,543,203,1270,1266,312,923,1058,498,1155,1022,1177,551,170,110,305,778,70,1053,1187,331,1169,1120,714,724,1213,1128,1219
396,860,846,853,823,863,329,319,304,1259,1246,859,103,1238,871,317,834,862,1248,332,847,839,1271,375,852,214,1256,870,66,67,202,205,875,841,1022,1249,1208,609,570,827,591,583,104,842,803,1239,524,575,757,211,551
1273,687,628,445,454,385,425,138,35,1300,1321,380,28,1345,261,1292,447,442,17,350,973,406,459,1026,688,142,703,706,614,800,260,977,463,1052,1204,140,1310,1327,24,896,697,1314,613,424,1324,99,430,108,253,965,634
786,245,170,408,1113,1063,201,736,1076,1023,761,633,287,862,165,795,1144,326,718,764,770,246,469,190,81,423,1200,321,641,1313,582,1008,826,574,226,459,775,66,1020,1175,21,510,626,69,595,571,793,705,1132,1135,835
1219,95,393,458,518,864,785,390,563,1318,1241,571,804,1014,92,697,112,87,976,567,968,1146,4,491,987,1174,250,1204,419,119,670,1190,203,532,590,438,1351,835,582,315,323,557,725,432,1235,1304,389,325,437,715,972
432,700,655,997,616,784,294,805,636,139,274,141,465,1202,464,613,703,509,1292,438,38,279,717,1102,985,620,1012,692,152,416,675,590,167,470,230,1047,1171,35,1000,1067,430,406,544,1296,419,1204,1018,1286,1027,1359,750
696,1067,383,1099,441,532,429,464,675,741,433,1171,1050,472,438,1204,815,292,378,649,704,44,570,1063,440,514,403,465,694,448,99,364,447,9,1286,985,954,1140,1175,1007,491,785,389,1056,434,1297,1340,669,435,1107,25
10,996,704,411,1063,164,315,378,391,165,389,1316,991,141,390,491,92,518,87,510,986,268,524,472,1094,383,416,507,425,294,476,1067,403,25,592,557,424,429,968,1091,287,1204,1051,567,916,804,564,1019,975,1114,1105
645,290,823,1266,1371,555,621,863,871,777,22,1222,862,819,1241,70,366,335,1156,1236,312,570,840,859,1262,816,596,761,575,835,799,193,581,62,506,780,846,359,371,308,839,551,59,583,120,1251,1144,650,849,317,939
324,687,385,1038,445,1320,996,447,628,1041,145,350,965,17,616,116,0,1322,261,406,426,32,141,1313,800,1061,412,429,140,1287,1324,425,258,449,24,1310,700,1204,255,973,1342,442,149,1327,143,516,1286,381,518,119,1161
144,440,429,532,470,975,617,390,1204,392,614,613,389,261,20,448,91,464,270,703,164,411,119,1022,1295,590,701,1318,455,1051,159,25,395,991,514,509,234,92,437,1351,976,616,24,136,445,1304,274,391,1315,977,691
1309,1004,33,426,1014,260,1291,111,400,929,1321,266,149,459,991,230,815,126,1324,28,140,684,405,1089,983,734,616,514,270,1162,778,98,1195,412,951,1063,1171,50,1000,1175,1288,706,1072,158,997,133,642,1159,422,1071,758
807,616,613,28,425,1327,445,1049,1321,965,447,406,1046,700,0,385,1042,1322,397,77,252,430,249,1019,380,977,720,350,628,1324,93,253,142,17,509,708,1026,149,973,1195,463,141,125,472,1292,687,1041,701,35,426,459
981,518,965,532,425,1067,43,248,666,445,818,1312,465,984,1286,762,1153,1018,403,148,469,613,1168,641,383,150,416,560,655,896,700,390,1241,1135,250,315,997,451,252,441,687,87,273,678,1105,398,225,968,1318,433,1014
888,954,620,327,234,636,1097,1252,715,196,264,698,1067,248,1019,784,429,706,1297,662,810,806,453,703,1102,704,532,1127,66,775,1155,753,25,144,1172,991,448,1366,45,230,570,438,1114,983,680,729,137,77,835,421,365
1283,430,628,442,463,454,138,1052,108,532,35,406,1005,814,252,387,445,426,1041,1038,11,380,703,679,1168,1019,142,16,1194,249,649,37,126,701,459,655,1063,512,412,0,270,141,378,425,405,1345,417,732,258,897,164
134,996,429,636,403,445,1026,1292,116,381,380,518,9,1168,1204,435,315,784,649,1032,448,1008,433,516,507,532,544,510,416,1328,419,785,1287,452,389,1315,255,394,393,704,1173,119,390,1300,108,815,385,409,965,472,703
1000,735,1253,53,588,334,1184,781,622,889,182,363,607,1250,222,707,1224,602,62,1282,763,1257,809,881,541,1078,519,1279,483,1375,56,899,75,89,589,893,340,73,1374,882,959,765,885,343,935,914,235,360,337,961,128
988,581,582,910,1246,1209,764,335,66,585,577,205,1371,1217,586,1245,1237,1275,859,4,823,1200,827,940,57,331,875,1144,718,761,1146,769,853,834,63,319,1240,755,1228,60,777,221,549,792,600,847,799,1177,837,846,1247
436,1222,995,622,1215,992,1024,1352,938,917,1011,91,358,614,287,493,669,645,889,96,758,381,1059,785,1061,1200,915,672,1279,1115,1076,94,1114,1035,1048,1293,497,562,271,666,770,1182,778,30,665,590,951,1028,53,1171,279
290,703,425,1052,17,616,426,807,118,459,706,252,1107,393,454,430,700,1324,779,421,220,249,1041,125,655,253,93,25,445,260,1341,442,693,140,1286,350,409,438,1072,1172,411,99,447,1134,153,743,141,397,667,159,1017
219,164,380,1342,465,464,469,274,1000,425,532,687,1107,470,704,729,1327,153,703,996,655,1008,1313,1063,1202,1003,463,732,1071,385,992,180,271,1099,544,1324,429,118,1194,99,145,533,140,720,742,616,680,225,267,38,1026
87,555,858,1361,765,836,803,202,88,562,347,702,109,74,856,577,794,535,201,837,1119,57,845,818,581,210,848,22,295,1177,887,984,776,371,522,1248,823,755,1074,661,905,457,392,946,289,782,930,178,21,608,578
1135,387,463,1052,1313,385,261,687,1026,426,141,533,394,1322,709,425,720,977,590,1328,220,445,1018,684,406,1041,125,688,982,273,1003,417,258,274,29,255,636,900,1295,117,1185,538,478,454,1338,996,442,452,468,430,1049
770,447,468,1327,689,720,675,1204,1173,1102,1342,1335,742,1292,703,271,706,985,1328,400,430,464,1124,405,533,261,1293,452,655,274,28,1195,412,1041,472,1003,139,402,419,510,253,136,465,535,1340,567,389,1048,429,383,987
574,67,233,966,1258,875,819,862,871,877,66,650,583,1263,1236,1247,864,816,863,329,1146,210,1266,861,835,577,595,571,304,874,585,319,61,275,214,551,834,541,105,62,1259,761,1371,876,799,335,60,1228,328,70,1372
93,445,968,20,440,805,1012,973,32,141,405,383,35,378,996,684,628,261,617,411,28,138,87,1292,429,417,1293,270,1321,1287,666,616,403,447,385,258,700,1161,1018,1202,975,315,1176,649,93,406,143,448,393,688,532
286,405,620,715,268,1007,805,425,714,729,766,1171,158,273,327,1063,257,514,1332,260,448,971,1059,1102,126,999,951,1312,992,1291,1168,1297,988,1173,653,378,1012,624,1202,34,430,749,149,453,1014,1162,621,656,1067,136,270
242,425,1052,426,30,34,686,430,1139,440,411,815,136,0,700,252,442,669,429,1007,1288,16,351,445,149,25,679,1168,49,9,433,20,138,148,110,390,980,643,102,40,1292,270,991,459,616,166,35,1341,410,159,453
178,425,1316,435,268,403,378,9,434,1173,1174,25,383,649,256,390,518,18,411,118,973,1310,250,389,510,327,438,267,507,126,465,1311,141,384,386,1099,1082,1312,159,261,448,391,427,99,1025,996,469,296,544,239,149
463,585,391,292,823,1248,918,356,1340,1312,1051,522,1177,276,146,201,558,504,801,1352,1212,999,1243,557,1171,581,320,730,1039,1242,268,1168,550,437,319,1221,578,502,312,849,419,599,92,1223,1336,295,401,50,1341,692,166
25,268,544,432,383,491,472,649,1168,1139,1051,391,465,1190,439,341,276,304,400,410,438,1211,15,401,1050,1171,319,1012,1242,250,968,1311,296,261,673,4,1022,993,920,441,669,576,1336,402,742,1177,1319,617,1297,698,1287
420,75,873,794,946,1106,961,588,1280,1282,182,1160,1150,1283,461,723,763,935,508,612,917,363,179,869,842,309,945,587,493,209,283,904,123,1131,626,1231,947,1040,53,189,78,181,101,1117,285,1152,521,949,781,782,1112
1260,695,904,1327,640,1042,222,965,1350,900,387,1185,687,142,1070,628,449,688,447,1018,385,1321,1293,1199,707,548,185,1078,1041,474,344,1195,822,380,360,1301,258,963,1001,622,627,537,1322,1026,977,128,616,976,956,932,720
881,390,25,617,425,968,389,24,405,273,315,1204,378,976,1351,429,614,996,532,973,1295,411,437,516,119,472,1161,438,381,270,416,4,649,16,544,628,432,445,725,680,442,1202,1014,250,590,251,93,412,1315,1292,455
565,1050,557,662,1022,1128,502,584,1063,864,524,705,972,294,66,1359,435,1238,801,164,136,1312,1162,774,197,551,576,196,749,593,423,592,536,823,776,704,21,383,87,1136,290,60,1153,233,166,571,400,1340,790,1247,1127
246,1351,4,653,440,389,392,32,986,6,780,1161,1029,74,804,390,862,487,146,120,1318,552,544,1316,405,30,698,87,381,621,1304,439,811,289,805,975,687,613,384,319,33,1022,535,95,1020,628,96,1051,700,1031,448
987,248,1058,66,1127,1270,1246,662,757,819,1022,856,1113,1266,1261,167,753,482,832,827,49,543,736,756,1131,275,286,166,423,85,1014,725,705,133,766,317,1111,906,860,1118,464,810,775,469,852,1099,733,864,978,1345,729
867,252,1052,406,28,387,688,17,459,1321,1095,261,800,979,77,1072,1004,385,985,93,1287,1038,436,102,428,1006,16,244,1313,1089,537,422,474,700,1059,40,613,1031,984,136,1026,900,657,512,734,501,752,693,220,533,217
304,406,1049,616,261,380,426,140,1322,1204,385,1038,28,252,1327,449,1052,445,454,700,997,447,977,1293,1313,142,985,425,93,1042,1287,1070,720,779,0,983,1292,1018,980,430,996,17,136,141,532,350,77,258,145,613,1095
216,425,687,35,459,125,430,703,447,1052,449,616,700,445,93,138,984,261,532,973,1018,385,136,470,398,991,350,965,706,1026,143,140,427,32,142,99,1070,464,438,26,472,1202,1326,657,613,779,100,1286,729,1046,149
911,617,28,984,403,691,688,445,1293,977,472,425,684,99,1204,390,261,1082,973,1341,1311,116,409,1070,417,274,378,687,514,742,779,1041,125,1018,108,143,415,142,1312,35,136,998,628,402,968,411,1052,437,438,398,997
429,17,412,99,1127,703,100,720,463,274,261,447,729,1292,380,706,1324,1049,267,1071,468,655,510,533,1027,1286,387,28,1092,35,687,1097,430,1076,1099,425,1327,1310,153,649,1025,1173,43,641,1075,700,675,745,1322,1082,662
146,445,447,406,996,442,0,997,1041,252,1321,1292,20,1018,16,700,30,411,143,258,1026,472,28,1139,430,274,516,691,378,649,315,1300,403,381,136,108,145,138,390,440,991,976,149,125,973,974,255,1311,1324,616,703
873,17,425,261,25,1292,1003,965,406,616,703,149,706,24,136,258,1052,984,613,385,978,800,449,1029,1139,28,35,393,691,1321,118,687,32,729,252,1041,1019,442,140,266,172,152,752,383,220,139,1311,273,717,29,141
1213,687,1046,425,167,32,613,616,266,1042,141,385,977,38,406,447,785,1322,152,77,28,1026,1059,258,965,703,1292,143,260,973,919,1139,25,1050,1092,1052,1083,784,611,261,982,1204,1300,1327,253,1314,590,976,617,87,1321
347,524,257,766,148,1067,553,491,694,383,506,1143,1228,411,319,670,661,248,478,364,50,391,1153,826,585,1352,864,1341,15,1316,1304,567,480,158,317,714,655,136,196,1340,1058,1355,250,1022,1114,1050,775,725,1053,172,159
266,445,977,687,518,954,4,251,976,675,87,1287,1318,32,1168,315,514,983,613,425,1204,1316,140,742,25,1304,1340,1175,390,119,1031,393,470,567,985,1312,1315,234,634,261,435,1300,416,1070,293,653,410,1145,1176,440,617
369,1068,861,1288,853,257,930,1213,95,584,674,126,1140,325,1332,392,290,550,202,643,1210,111,780,440,1247,201,121,815,911,750,551,1056,283,842,174,514,1290,641,761,823,46,1062,623,826,66,238,1260,422,685,358,952
460,1131,482,689,167,829,766,47,100,1120,1265,714,1129,230,876,476,1114,510,1366,60,749,780,1175,152,993,1143,852,455,282,198,311,147,281,1263,1371,175,405,497,50,491,738,522,245,423,705,310,439,775,1275,233,196
383,1041,30,976,138,1194,800,442,261,350,406,779,1351,445,700,1049,1029,142,28,628,1052,119,1204,1322,1026,1047,93,687,831,149,234,1023,1027,258,16,446,24,981,425,140,424,954,533,90,1293,1321,36,117,272,219,1019
1073,329,389,566,305,592,585,1187,175,276,583,507,543,279,712,1083,319,819,1247,785,67,1022,581,609,1102,852,524,864,58,292,320,1248,1249,964,287,1235,998,1175,1048,1113,1271,103,1128,577,533,751,1359,391,1056,54,1084
993,494,1154,565,1131,487,780,498,170,825,21,1341,296,391,1176,826,770,491,411,511,1074,795,1228,1206,15,30,49,576,571,1056,1152,951,189,50,724,514,999,20,553,112,568,201,99,648,585,460,264,1213,47,1223,775
365,687,261,700,440,390,383,516,1287,616,447,514,315,968,518,1300,1318,617,437,119,385,1320,563,425,1031,1063,1321,9,445,389,590,678,395,509,528,996,576,438,364,1038,1046,219,378,243,641,1161,997,20,415,649,1286
1,1321,28,25,1026,687,514,406,93,426,9,119,425,996,270,30,1204,1050,613,364,136,980,417,1300,385,395,1314,628,381,143,383,447,616,32,400,518,463,984,683,410,149,91,614,982,380,1327,700,390,965,1161,18
1301,487,570,1252,1014,620,1154,766,133,203,887,1248,998,571,790,15,752,99,729,259,319,1120,327,1213,506,950,534,25,862,510,552,107,250,419,558,504,60,1152,1333,1124,1337,511,784,312,214,559,1200,57,644,348,1102
1043,336,1103,359,605,42,343,716,955,160,483,154,497,88,456,288,943,596,523,939,1040,962,339,545,621,846,96,760,182,484,781,426,881,993,474,911,262,1290,1369,238,694,967,495,1079,1033,969,333,1119,721,901,232
716,1372,482,1136,1152,888,762,1142,343,1212,852,1131,1067,287,1196,1116,54,737,934,890,1277,990,1155,501,61,1112,507,1254,829,917,1360,841,891,958,503,801,282,874,1348,741,931,750,299,480,131,941,828,570,718,1231,122
229,425,138,1096,433,1168,1058,1202,448,614,766,148,268,980,270,1101,996,441,706,1007,649,37,1286,24,470,1291,392,1177,704,390,158,1063,729,971,465,271,919,146,1105,973,453,617,395,1129,1318,992,25,145,257,141,196
811,257,869,1056,741,827,972,1112,1366,571,832,803,802,214,486,692,1039,619,392,1263,1131,1222,1266,769,68,1245,857,236,1058,522,448,1247,552,603,637,1155,871,12,715,951,36,46,581,541,749,650,821,323,852,569,842
201,425,406,28,230,1052,532,430,440,276,991,424,412,706,693,561,445,613,1204,259,34,381,1000,691,270,405,1311,261,11,92,1304,982,634,118,784,628,516,411,429,1321,716,435,260,447,1202,24,141,560,687,518,686
694,1368,1162,400,391,1177,1120,1251,423,705,558,738,633,14,526,816,689,294,665,154,815,916,992,433,202,912,45,1147,524,704,1060,1366,639,490,1036,1259,1009,741,1022,57,274,996,780,409,749,295,1037,181,523,287,964
570,553,823,329,1238,826,609,60,592,803,861,852,583,842,175,555,211,864,827,201,233,317,862,1270,930,319,871,863,1249,818,328,524,1248,581,741,570,292,585,836,854,1371,584,302,61,834,603,571,423,1258,1259,304
745,859,857,1144,1228,650,775,1233,795,329,368,862,70,962,282,846,1160,760,179,930,211,170,372,357,482,366,745,596,1230,733,586,863,1058,371,966,583,777,751,104,757,799,872,375,1246,331,1146,803,207,787,875,496
389,1204,703,255,1322,779,994,752,533,720,965,1175,675,459,997,1027,152,99,1048,687,219,1041,387,141,1038,430,145,1005,468,447,139,1046,1070,1286,394,516,137,712,220,613,419,616,274,1114,31,403,1018,454,1025,620,824
270,28,445,20,1327,30,425,1204,387,93,1029,258,1292,613,385,261,687,977,252,973,965,1049,426,614,143,380,1139,1293,0,125,454,1041,34,141,1061,1161,996,17,142,427,350,701,35,24,720,1042,417,442,509,381,980
1088,303,940,57,1264,905,96,1246,213,873,1371,1266,1223,1368,236,450,862,885,802,162,1211,181,1254,816,1102,1278,865,596,949,1166,198,1152,1270,273,67,1048,877,1154,157,582,876,1179,1158,572,644,738,1370,325,874,291,1280
22,514,687,148,9,110,1051,815,1059,528,1022,801,389,364,439,381,824,617,438,411,516,383,451,319,1168,1288,1286,437,624,146,1355,1316,1336,557,429,378,1351,992,553,507,1071,405,38,1067,315,15,996,576,1014,669,271
539,433,126,775,1131,567,487,1316,197,329,780,1304,1044,472,1008,534,4,535,420,491,753,248,14,18,391,583,557,862,411,916,319,327,1197,60,714,921,15,986,47,852,435,604,826,980,1022,1140,650,757,923,1238,22
442,766,1341,1099,233,141,1342,421,984,722,469,464,85,116,1063,38,1127,172,473,1140,196,1311,438,973,597,768,356,159,164,1082,717,620,1312,152,543,234,662,1236,1067,1097,585,271,1131,775,99,1287,810,267,561,198,139
1060,583,214,661,871,226,392,584,522,112,60,551,389,103,569,205,852,1152,1022,238,203,592,327,420,853,863,846,119,862,1245,1173,328,1236,1235,823,311,790,698,774,890,653,570,826,834,951,927,1269,799,1371,312,536
1012,961,1117,336,217,1040,622,334,363,640,1229,1250,1339,222,1257,546,537,360,1199,822,1137,936,707,1203,588,904,947,932,759,1178,1077,1184,935,474,1224,1283,51,833,78,501,924,53,1369,229,1350,735,330,1282,288,404,955
455,823,845,565,840,312,769,861,862,1262,60,1113,1260,1058,1247,536,761,871,1241,1243,66,1177,321,1240,819,864,1263,575,1119,1235,1191,738,826,553,61,569,1246,62,529,859,853,292,952,1205,554,733,966,1256,506,1265,197
566,391,62,460,766,331,816,553,971,835,1245,577,819,1242,1249,590,790,803,1096,337,1262,494,1236,970,1191,1266,862,71,1241,423,986,329,863,228,1235,823,939,325,871,972,875,689,618,561,312,1228,477,861,60,869,591
176,785,480,887,1014,1063,819,1246,1248,864,1187,765,553,1262,305,312,801,302,1180,823,319,1190,826,1011,57,317,58,202,862,705,1022,401,423,528,1242,885,524,712,741,1159,1359,1114,1303,790,1152,829,279,1158,174,992,789
997,817,954,1171,1155,774,1113,197,593,1238,307,1152,1183,118,595,438,931,312,550,264,292,775,584,738,1100,314,133,862,1180,937,1208,493,536,47,1264,912,1236,789,1140,749,810,1261,911,1209,1096,802,526,778,576,596,1159
243,389,433,815,136,429,416,411,669,567,440,1287,403,824,380,152,999,518,1316,415,704,327,703,611,292,383,1191,1022,166,1168,472,532,453,649,557,614,973,116,1312,274,159,1340,785,1202,641,1306,1173,524,487,148,558
408,425,590,1202,268,700,445,784,138,438,385,136,141,509,158,844,1026,24,1070,1313,417,143,429,1176,411,585,381,742,1287,350,518,599,514,266,977,271,1295,1168,800,395,152,405,274,245,729,1063,2,805,1019,170,965
1128,425,977,1052,613,1042,28,1046,397,616,442,1026,687,1321,385,30,965,1029,1322,1320,447,138,459,976,1327,9,387,24,0,440,394,16,532,973,985,509,628,261,142,143,145,996,1041,34,725,412,997,424,1018,1019,403
532,823,853,858,846,862,1270,1210,847,887,203,966,534,825,776,1261,581,205,1246,827,854,575,307,201,215,1223,329,714,583,1144,834,859,371,214,60,522,920,95,856,836,1243,1248,595,72,811,1228,593,971,844,111,874
779,1152,93,429,37,734,81,1310,381,449,180,514,245,260,1313,82,531,396,24,1000,153,614,918,1292,517,456,767,903,412,350,1352,78,666,35,1021,155,638,727,444,310,941,1091,6,52,1090,708,1147,1168,454,75,1132
234,1140,164,1360,845,1083,817,1091,1060,1270,1141,737,1194,1366,1097,1230,810,1128,490,1177,795,480,421,730,1266,1131,671,585,1152,526,60,1308,1265,331,717,320,746,1084,923,228,954,741,703,198,775,1179,841,211,946,1353,824
904,1313,406,459,1041,1052,28,687,141,703,454,142,261,258,17,385,975,125,691,983,680,470,1327,430,442,32,1322,1038,93,449,1018,270,35,1320,977,965,77,1204,448,700,516,25,16,252,1139,701,706,426,649,1029,138
38,551,592,775,972,504,290,329,103,1259,950,292,366,104,559,1344,571,704,61,198,1039,1093,558,1022,1191,1014,780,564,197,1266,835,864,305,391,583,1241,585,44,930,1140,803,498,165,1213,826,319,1190,487,14,323,325
554,470,116,20,172,141,1153,1291,411,585,628,973,30,992,159,1129,706,648,480,514,535,1168,429,487,140,840,1026,919,526,1312,918,1296,1139,1082,1316,435,784,677,503,153,984,24,198,425,85,1342,4,441,348,599,21
1203,166,1344,669,1153,648,852,1058,1287,954,526,133,1134,400,464,351,152,66,1304,1105,480,248,383,490,487,998,585,43,864,465,158,620,1012,991,427,1047,898,419,1067,568,136,1296,85,20,741,498,715,176,751,784,1205
946,152,1328,148,689,125,687,1327,1188,1127,779,766,1046,1057,468,1107,385,1144,1001,679,1091,736,70,624,1148,674,249,1049,164,1295,666,889,649,77,50,130,1117,701,616,975,129,1338,1185,167,550,1030,710,642,907,731,996
1176,741,1136,99,1022,524,705,766,1010,732,826,620,1094,401,583,61,1173,553,310,498,1011,166,609,795,611,819,1187,405,1116,176,502,1191,715,1248,823,491,801,172,758,577,423,1270,749,487,391,495,1175,1256,564,400,689
641,1236,67,61,1271,1058,1259,1258,863,852,577,950,861,581,57,846,541,877,233,842,583,1177,802,793,878,292,1270,62,1354,823,203,1211,571,1297,1205,741,290,1266,524,551,871,329,870,859,1180,1056,592,302,70,236,574
1156,912,923,920,197,110,586,294,925,248,1022,154,224,469,620,165,295,791,661,341,61,486,749,498,1187,391,1277,296,319,795,465,143,1230,742,317,568,922,482,506,144,487,572,47,1056,304,992,783,365,1141,1158,491
1228,406,1052,613,385,445,1038,687,258,28,380,616,125,977,426,430,1327,688,1293,397,720,1070,395,1018,1061,454,394,459,1313,1320,16,1041,1005,1049,1322,463,701,1300,975,982,425,700,447,143,996,709,417,1204,537,1185,994
1142,425,136,138,585,28,1038,590,687,274,703,1351,617,411,729,1003,35,704,180,38,1022,164,509,270,273,655,784,1095,1315,118,991,468,561,271,261,395,167,405,1294,689,30,1176,1007,421,93,440,732,464,91,700,779
582,60,846,1228,864,1262,1247,66,1246,583,854,887,577,203,860,205,816,780,1238,863,210,823,312,71,1256,861,852,1270,592,67,1272,835,853,845,1235,1208,1225,834,581,777,319,1239,871,827,571,328,1258,74,870,757,104
68,274,126,1127,1099,1092,1175,689,469,703,1172,1102,729,491,447,1340,1135,704,1022,1107,233,1129,99,470,1014,268,353,620,412,118,429,510,1090,421,1067,1300,378,234,36,1058,722,271,657,478,742,47,100,1004,391,1071,1312
1312,977,35,472,252,510,28,1204,613,1052,1293,438,9,616,445,270,141,425,449,706,378,687,976,18,38,143,514,447,440,93,1287,984,41,405,552,688,648,703,1202,985,617,403,1018,364,279,385,509,742,452,383,87
89,440,1204,687,996,425,649,679,1026,442,445,617,459,270,403,138,973,977,616,350,532,1041,463,1342,28,381,516,1320,613,390,1161,25,9,1007,815,327,180,991,1029,1046,91,378,143,667,1311,93,424,447,24,126,118
896,0,815,1173,683,427,1050,153,991,1023,158,704,1326,954,127,470,801,983,425,245,779,1038,119,380,271,230,251,11,116,725,999,327,180,140,1047,1314,980,1070,25,258,1049,703,1288,134,387,971,4,1340,453,1007,784
120,448,971,219,1351,1318,389,653,92,83,804,1031,1312,714,992,1340,364,447,1304,1242,315,864,90,954,1315,378,646,975,557,968,571,553,641,1056,661,815,565,20,1014,1341,996,1171,687,974,1288,584,1202,1241,551,1330,741
421,71,193,1141,84,702,1154,799,217,1326,773,717,816,1190,1222,940,112,80,790,575,273,280,226,1157,869,945,1182,353,723,324,484,655,1306,1057,336,1272,1280,960,730,839,22,645,560,408,490,555,1172,374,769,1335,1218
814,392,506,1247,825,95,112,1144,1014,1235,559,857,408,1238,846,1060,835,203,803,827,795,756,1270,1258,1127,1261,440,1210,823,769,804,570,1044,233,774,423,869,1068,292,319,332,636,551,861,866,981,714,550,437,1213,583
1161,1306,152,1316,655,274,1308,136,1127,703,1058,1025,1060,779,712,1328,1096,1005,1173,569,1067,225,998,510,1344,165,991,41,1075,1312,12,1056,145,1341,1211,1036,148,164,860,1091,620,954,1294,470,502,634,103,1107,641,713,824
258,823,569,319,871,292,803,524,1039,242,842,1084,504,178,1056,606,887,619,1238,536,861,1360,1269,1361,104,329,1371,341,60,67,197,198,789,1332,592,852,112,879,1366,866,62,972,1231,575,328,878,1141,860,262,821,1110
397,1143,803,335,324,1260,1141,307,1200,1155,1156,67,565,775,86,408,1259,554,818,939,1238,208,104,1233,197,305,1151,825,571,1084,568,536,1144,586,1058,1360,795,325,862,21,314,859,308,726,827,950,730,798,494,737,761
941,680,158,470,1000,729,468,779,620,430,263,28,1327,1107,487,1175,270,268,1095,464,274,1089,152,125,1022,225,1306,1335,139,732,271,1014,919,657,1286,951,706,1172,624,398,17,1105,1312,136,1003,980,1202,807,491,1091,1019
1038,1259,577,1149,774,1211,553,329,251,585,1111,1113,581,852,631,571,1366,861,864,1247,1239,87,494,66,1222,210,1266,60,389,819,1262,756,1083,1258,233,1205,583,975,810,331,875,335,1014,1236,1304,582,604,835,1206,1177,566
1192,856,286,207,209,1151,1320,736,220,881,173,1111,179,215,765,169,1013,946,1113,900,52,1125,140,707,275,788,737,307,1135,525,1150,1172,475,280,288,931,638,1350,694,168,299,941,445,1001,1262,506,1020,54,1314,587,277
1242,445,1204,1322,385,425,687,1327,28,258,688,977,93,996,16,1046,1321,616,440,1320,380,1052,973,430,442,509,145,613,628,447,1313,30,141,1026,34,1311,17,683,20,1041,815,270,1070,965,991,997,514,387,459,634,234
700,800,409,1041,1286,994,406,675,35,447,616,30,139,1027,138,647,143,350,516,424,426,655,691,1320,512,1014,378,1052,18,448,533,141,445,468,1050,1327,965,24,1197,693,1091,31,700,93,252,752,34,132,250,398,463
1149,688,240,220,635,501,889,1070,800,1042,265,709,537,174,1218,977,884,1350,222,13,84,241,78,258,1015,363,1181,1023,1207,622,1154,1199,333,627,1040,232,280,1078,1038,443,710,126,336,707,506,735,303,899,422,796,266
254,570,795,1239,320,1152,823,329,524,1238,1344,66,861,852,766,1141,551,197,319,1140,60,498,771,1262,304,862,586,1270,168,986,1219,423,1190,714,170,1213,826,1053,609,565,860,604,1200,878,148,460,575,1245,930,972,1290
795,1175,954,1173,146,491,1315,698,148,276,472,1314,391,468,583,1316,389,524,487,567,264,551,775,435,706,1297,522,510,810,1120,1140,1063,1168,1022,584,742,825,738,1287,1304,133,544,611,999,1008,292,383,662,996,118,272
924,261,703,459,1041,406,977,445,1204,1019,687,17,417,138,691,35,28,136,973,613,1023,350,616,706,617,700,897,697,1052,258,38,463,442,34,538,77,470,30,385,1324,149,636,427,1295,1345,411,1018,1045,919,397,688
935,445,1204,616,425,687,28,628,268,30,1045,387,145,997,965,1070,590,1026,270,35,1321,1313,688,381,518,1046,412,701,488,252,447,1013,380,138,397,1322,442,532,440,1063,1202,1067,25,655,700,385,1286,509,1052,1108,468
859,687,1038,1026,220,980,255,106,459,261,700,1351,18,1029,125,406,628,983,1161,1037,315,1314,138,636,1286,411,674,634,1052,996,140,994,110,350,1287,442,225,108,272,9,164,1041,415,660,91,664,1318,37,148,19,170
473,1022,1239,828,305,583,292,1211,279,1023,784,1246,1115,818,61,491,1263,1222,825,1254,741,1084,272,585,1247,480,525,826,44,704,60,287,273,592,829,609,852,1238,863,620,67,295,1136,599,584,257,574,577,331,861,86
287,425,440,445,617,984,532,729,725,1324,327,145,1007,1099,1092,616,514,464,1050,261,378,87,1340,468,1320,982,1019,270,141,657,613,991,1046,973,687,1204,1342,385,397,126,268,1026,447,448,805,649,1321,509,387,1332,438
773,502,1153,920,910,795,923,506,1058,766,248,1312,4,95,1238,166,1241,916,922,551,460,1191,1236,665,749,948,1230,305,1234,1341,694,790,1155,921,22,835,558,410,785,1316,1131,197,714,1260,1127,791,503,571,912,21,329
958,775,1153,436,581,757,356,313,66,607,512,1108,498,787,853,777,496,802,603,1067,535,984,290,823,197,849,1341,780,320,205,998,825,1151,61,561,832,1312,549,1277,718,801,342,1248,837,264,506,818,502,863,1028,930
2,425,383,20,514,445,25,996,1052,28,32,397,617,385,1324,35,700,261,516,666,143,1311,364,1029,1161,440,1139,442,87,683,315,145,381,390,252,991,472,258,616,532,276,1287,649,1148,395,6,1314,510,394,691,405
897,445,385,397,687,613,425,965,28,616,406,1046,30,996,1042,141,975,700,977,394,614,649,77,628,395,1029,380,691,459,442,0,1313,20,1019,125,16,32,417,138,117,509,1322,1204,1061,518,688,1148,387,701,1202,315
978,197,1099,211,159,553,1366,236,198,931,1332,1354,22,1091,1226,433,1209,729,1089,1230,1097,585,703,174,556,504,1248,1172,435,803,857,1180,116,294,1,46,105,1191,179,103,929,827,1086,456,1036,986,326,1259,45,1046,758
820,583,1094,592,1022,522,609,704,305,60,1191,1248,1056,844,585,1265,292,391,233,202,825,823,705,524,487,429,553,1219,257,296,891,61,1084,824,1271,491,826,473,295,1270,423,1243,741,533,791,841,1259,46,419,752,268
1279,17,1313,1026,1041,261,234,140,142,768,1014,1038,20,2,831,1324,1125,687,510,255,455,720,385,516,1043,779,119,1188,1076,440,1071,1159,1044,129,285,994,919,1326,447,454,1294,1092,1089,1323,729,995,996,1085,980,1174,983
620,860,862,581,871,846,66,780,592,504,593,863,854,1271,875,823,1238,65,1056,853,584,70,104,1180,802,839,827,595,1022,1236,210,874,603,852,776,1209,857,570,1226,650,194,1237,284,583,103,1246,92,966,575,1208,1120
105,584,853,852,570,1155,583,197,551,569,862,1,504,604,95,841,606,859,861,104,328,92,1259,698,842,1290,648,871,66,14,105,846,857,1238,854,203,603,1044,1258,304,420,319,585,1095,878,1226,402,44,1297,1267,524
938,805,1014,621,33,954,766,126,951,433,1177,117,700,1059,21,715,1140,270,1056,984,729,119,1067,203,391,576,234,419,437,441,502,427,409,463,551,364,1351,795,196,448,2,919,1318,226,706,1242,261,44,14,469,1038
548,555,1134,751,74,836,286,808,818,620,23,278,351,1153,1263,887,1104,21,506,792,1249,66,772,503,927,8,201,1103,799,1119,1079,619,186,934,547,884,640,71,328,366,205,638,217,193,176,1282,1355,688,347,1367,915
576,803,583,1258,536,862,308,577,818,584,581,823,846,864,551,304,1246,842,570,775,827,329,834,826,328,986,780,841,574,238,522,799,292,62,60,861,524,586,698,1270,1238,1236,871,596,197,853,857,569,325,553,1247
1145,233,751,1022,553,531,912,1014,669,1340,319,469,543,617,852,1239,1115,705,1162,1270,649,194,791,47,671,753,415,292,544,748,1259,317,766,620,824,1131,438,423,1051,239,400,274,1187,248,523,491,1128,1005,1242,464,1258
763,459,1041,230,28,1175,167,1327,628,1004,454,1345,17,140,1194,253,720,430,439,270,142,1292,141,153,1159,32,1089,447,119,41,918,1048,274,389,1321,1085,261,1132,24,417,675,449,220,16,664,550,1062,1322,1323,1311,444
1239,0,425,261,30,409,445,28,93,779,35,442,691,136,693,459,628,252,454,141,364,225,613,17,410,220,954,616,1314,752,125,387,1041,34,1038,1320,1139,996,25,77,102,815,1161,1287,617,143,1316,590,1319,1012,9
343,411,47,425,438,268,454,172,118,24,981,176,28,524,655,666,1022,514,616,1340,599,1312,818,426,568,167,233,429,506,704,705,138,468,1341,693,775,553,261,560,1176,590,383,125,87,381,975,317,585,817,296,1296
1115,454,220,258,35,425,141,125,1047,675,666,32,590,1041,800,442,261,252,706,385,1023,438,24,118,616,87,259,478,225,532,30,29,779,1174,138,1351,250,241,732,219,977,994,700,140,393,703,1042,687,480,127,518
1056,1000,274,99,1289,143,28,98,1047,465,706,1327,472,683,983,262,1124,1321,864,1191,1049,1158,762,145,1076,985,380,1318,500,675,90,294,271,140,3,1310,424,470,518,276,153,1129,291,976,666,1091,1305,715,1308,1042,134
555,862,853,1246,304,60,1256,803,854,104,874,847,335,875,1262,1249,583,869,1277,966,823,70,214,575,836,202,816,1210,1180,724,329,1177,861,1022,1371,1228,769,806,586,206,105,1261,1235,834,211,1266,319,835,1271,1186,857
844,1096,551,583,1173,211,646,1191,1114,151,50,553,447,296,1248,274,980,99,386,617,509,15,437,403,998,400,305,775,1316,1105,434,1050,683,671,1289,824,1212,1056,424,419,1008,257,529,1187,146,3,1153,1219,271,154,147
543,596,312,789,329,891,70,966,324,840,522,1169,853,178,862,88,328,366,1280,337,586,823,375,867,336,799,176,357,714,726,1228,1369,248,55,1353,246,371,811,335,368,63,300,1170,818,1103,847,1068,72,1268,795,22
952,424,1023,425,1052,779,616,1004,655,1095,17,1322,1313,1202,532,1027,1107,261,274,1175,140,430,1328,395,1321,260,1089,703,426,253,1085,454,1026,1041,991,138,1351,250,1327,442,125,35,28,230,255,142,1204,1049,447,687,153
984,729,164,141,1341,1316,805,1023,41,841,4,1312,423,649,861,510,389,119,1340,954,1139,576,60,929,561,440,1152,844,425,143,655,824,180,667,1041,1315,975,44,470,1242,1321,555,777,1101,1303,1177,477,1197,444,918,134
767,862,827,238,551,21,60,776,541,600,593,790,1219,823,930,1371,619,62,120,826,846,68,423,621,226,22,1022,1246,1177,572,582,581,596,203,497,842,577,741,775,1226,1247,857,753,562,811,332,1056,392,214,766,715
601,498,592,21,1177,785,487,1153,506,1022,502,1259,1168,166,584,319,758,197,390,103,1312,202,790,460,1292,564,489,825,1200,571,305,50,1340,1217,823,1063,491,389,678,553,771,1246,503,233,391,1248,99,971,1096,824,793
826,780,862,67,210,860,1238,59,1261,290,103,834,1255,966,1247,319,1219,63,204,56,203,312,572,856,105,57,799,846,551,60,952,193,331,1237,933,1146,1217,1262,211,1223,1258,852,839,1271,1251,885,841,1277,845,609,847
186,258,687,1052,406,449,17,138,1026,385,800,28,140,459,703,35,1322,350,1202,426,1029,1286,412,616,141,1038,447,590,815,454,470,700,1004,261,125,628,996,403,380,252,77,38,1042,636,118,381,20,405,516,1046,1070
1306,425,613,261,406,817,532,1175,459,17,350,509,143,438,1340,447,1052,1202,965,141,1318,266,469,561,667,1027,655,180,271,28,387,975,421,398,464,24,243,149,412,139,1286,729,440,805,427,378,430,1127,225,273,954
1044,389,507,1082,1175,518,689,391,1173,845,544,276,1311,279,531,415,1168,1344,164,742,712,1000,403,557,243,824,1102,464,233,1194,126,648,1140,259,666,294,1014,1048,766,1204,785,705,1022,636,1316,1247,611,1131,1292,996,825
1236,445,1204,261,35,447,532,687,1292,1052,617,464,427,385,996,0,997,472,28,383,1018,700,973,24,381,968,411,412,30,378,394,252,1286,380,965,387,666,1041,397,616,99,590,544,1139,703,1174,1026,1019,649,977,1324
845,997,270,538,510,141,1313,1321,919,108,680,1161,1292,425,378,1290,509,635,439,463,252,1135,965,84,977,1148,143,717,364,687,397,455,548,1327,1165,1007,909,1071,1072,258,557,1300,690,831,993,1020,1122,1293,648,1145,614
306,447,87,315,472,416,617,687,386,385,403,136,997,410,394,395,1012,390,683,9,351,95,616,1045,1174,440,411,996,973,916,510,1175,982,613,425,976,276,30,1026,99,968,381,443,406,143,243,965,383,998,987,1161
155,687,411,996,381,1328,141,409,1003,666,0,1052,613,634,35,254,378,417,16,380,261,1310,1019,510,24,1049,1292,1293,968,447,385,153,1204,403,430,250,965,442,149,34,1175,28,980,532,424,276,544,449,4,394,426
518,596,1106,1117,899,820,1274,13,1152,84,404,77,73,700,483,816,613,960,1371,474,1215,548,874,622,963,796,477,1244,953,640,924,719,942,952,1280,42,336,213,955,760,1119,1184,905,191,1157,1350,334,226,170,142,900
276,613,1204,1322,447,1293,616,968,143,1026,965,9,417,28,385,973,1300,425,1046,1327,403,390,996,977,628,1292,0,315,532,409,258,445,720,381,1286,617,468,785,1342,397,116,395,34,1041,507,261,394,429,1161,1050,982
1267,845,60,583,1238,296,611,1247,689,871,1236,553,319,329,856,823,491,325,175,1235,841,1056,550,964,1318,234,828,1219,824,951,438,14,592,1259,4,648,1115,766,233,1226,62,825,1239,778,581,864,597,801,1217,571,1228
675,688,747,1078,1009,889,1306,884,394,1301,722,283,612,277,1350,1,736,802,115,806,1057,1072,1270,630,69,1196,647,244,622,123,280,1085,1191,354,1030,917,1353,228,559,508,1365,208,977,1265,152,161,43,306,1121,503,690
955,16,459,687,1037,20,1304,447,406,1067,1351,437,641,1026,980,1068,1333,442,1020,433,1029,996,662,1139,315,987,982,25,617,507,259,1073,1310,669,514,1320,391,1287,518,1311,11,110,780,165,585,412,752,1323,385,32,261
726,1131,561,491,1134,498,196,1366,757,133,497,69,60,1105,1153,197,168,496,159,689,522,1277,1172,878,795,1140,1132,166,1219,526,1341,1125,741,568,43,1344,611,986,47,827,423,289,1238,761,275,429,819,596,633,49,285
1118,805,440,261,1204,1049,769,149,700,648,991,142,703,18,1175,715,412,649,1328,657,641,139,532,458,87,1041,1063,116,140,642,954,784,1005,752,430,448,1023,655,616,994,1053,419,125,1300,378,67,567,1165,126,429,742
280,425,383,616,1286,518,447,996,687,965,35,1292,274,703,532,617,381,429,315,468,1082,116,415,141,666,145,390,148,1052,1342,994,1091,649,968,478,544,350,448,261,975,442,1300,1099,9,701,30,28,136,389,465,510
1094,182,520,1150,588,1163,212,926,962,334,943,377,42,759,1361,1357,1121,1339,904,88,1203,605,1257,1282,733,961,936,413,1375,589,955,1006,1156,449,1374,362,781,1117,754,1224,333,1369,1216,1106,960,73,262,707,935,519,1350
395,583,1259,1271,487,1312,522,15,524,294,1332,585,1208,319,233,1238,296,1162,655,557,818,986,1256,172,317,568,329,400,1014,749,1120,871,194,1219,878,604,577,305,405,503,243,1131,854,852,863,1236,332,1228,624,420,1180
1015,409,704,429,391,465,649,18,510,1297,390,1204,1162,996,145,1168,1310,9,1311,424,268,118,91,460,389,532,411,968,1129,1173,991,592,401,274,687,1316,403,136,99,491,412,1029,691,148,675,416,1022,478,441,1342,703
480,524,551,1084,933,1270,305,522,609,63,1141,1363,1348,214,302,826,834,1166,176,1219,27,331,777,738,55,823,928,819,513,1359,803,1207,547,570,1068,891,1245,1372,790,172,597,1267,329,536,1259,1088,737,1233,366,922,1058
479,1044,1023,503,771,1344,795,1140,922,175,981,804,1155,261,584,445,1176,90,1056,977,20,1141,819,95,12,1058,4,81,219,32,230,220,289,917,61,21,828,310,498,1038,743,590,112,571,971,621,1116,694,67,582,1154
1072,465,491,1114,543,267,701,447,550,85,1141,1014,1056,1135,482,570,810,1127,410,419,248,973,1159,50,170,438,1097,1204,1058,316,41,1277,1094,1071,429,211,65,15,919,771,1175,398,276,439,110,738,669,1372,1010,795,315
551,1270,1360,1247,551,205,823,583,834,694,211,1068,1290,601,307,818,1232,86,571,536,836,1191,1259,806,331,503,565,803,1235,824,569,1110,1265,1211,584,547,574,970,1119,321,61,33,175,1223,837,238,1269,310,879,1248,821
250,649,965,1046,996,1026,32,25,1300,919,17,440,1052,1313,616,445,679,991,425,1295,662,270,143,805,634,614,381,30,613,977,1286,426,459,447,1324,77,973,138,258,785,628,1050,1292,383,1020,674,984,442,454,472,1092
963,1041,459,1134,954,140,526,1327,345,470,988,742,815,1172,1175,533,430,507,406,166,642,1335,1287,1320,1313,1048,36,703,93,1049,1328,267,1079,419,28,17,260,706,1005,387,152,1195,983,721,1165,463,1329,50,982,145,1000
990,571,1056,170,164,725,775,181,1025,1092,954,1102,862,203,1200,502,1312,715,866,1097,1132,1000,761,1228,919,494,871,359,275,1114,648,126,583,819,816,1239,106,543,810,1346,1131,233,1241,832,796,419,792,799,234,325,738
1104,585,1332,576,583,742,1259,592,844,852,506,341,67,571,453,551,861,824,61,729,57,871,317,764,400,1177,1175,1238,274,319,201,54,825,224,805,856,1312,1217,1315,1340,785,1063,522,553,823,44,578,1263,559,570,569
1170,1239,506,433,1046,864,856,1345,148,1248,95,274,1070,824,491,567,784,485,1190,1067,585,1327,701,1260,823,392,268,203,320,771,550,473,987,896,1058,1022,398,136,1012,159,460,270,1204,751,1141,1366,852,509,973,471,396
1107,385,701,252,1148,707,177,316,1007,425,1004,258,975,168,1324,131,352,965,731,1092,1338,13,897,173,640,783,509,1070,686,343,1374,616,722,449,737,748,1030,10,762,1341,1286,6,882,102,421,1001,1185,635,456,140,1372
379,274,425,703,30,514,28,779,1168,683,148,383,463,387,470,649,35,996,667,768,1286,636,1026,271,409,405,973,1292,977,714,1344,1327,472,25,258,1341,1139,430,385,406,533,700,701,419,415,138,252,742,417,1049,364
1127,445,996,1204,518,1046,1026,385,613,616,628,1327,1052,965,425,93,417,1293,614,768,28,1324,1322,1005,1042,973,145,1061,977,1300,680,119,509,0,975,510,142,430,1292,463,17,409,141,32,1041,1038,968,24,397,255,1019
132,385,28,430,406,459,1313,1052,136,387,258,613,260,440,703,1202,687,412,77,35,509,1286,426,0,25,442,655,1204,514,350,1026,17,1321,996,397,252,447,706,975,454,249,649,270,720,261,41,378,411,449,140,142
454,703,543,620,1022,1312,1141,279,713,1060,159,1153,164,391,491,1340,704,460,817,470,197,469,775,157,43,826,561,532,823,825,1154,1053,553,1090,698,506,233,1056,749,567,1202,438,201,398,435,118,429,1158,411,61,522
1211,1056,425,472,506,698,389,1176,383,411,405,1318,398,243,92,514,87,666,1171,1014,669,403,518,1204,491,1067,415,714,429,1292,315,391,701,617,984,1351,261,1162,1063,725,447,1050,544,531,143,532,126,742,1202,274,250
1114,617,1324,1292,641,687,684,703,445,518,965,430,32,616,261,447,1148,449,143,1202,919,613,427,1059,266,141,476,438,378,514,829,538,805,693,403,1061,1293,814,411,149,700,1080,118,1036,1296,167,224,471,399,921,219
760,390,518,268,391,126,389,1341,532,472,464,1342,1091,732,438,666,279,468,649,378,478,24,425,164,469,1090,705,276,1022,426,704,409,729,136,366,403,35,1175,159,1171,255,1204,43,564,412,669,620,701,544,1328,560
202,976,425,687,445,381,117,412,697,636,406,613,977,688,93,9,270,142,693,684,141,1052,982,666,991,28,1026,465,997,394,1327,454,532,686,628,635,614,395,634,409,1046,691,417,518,34,1049,648,447,143,680,1349
1278,613,688,28,445,1321,24,16,142,687,976,9,406,1026,78,443,614,417,984,1293,514,1029,616,1052,700,981,509,1351,240,800,13,350,425,684,965,982,635,258,697,679,399,1161,454,405,518,108,1019,1054,634,387,628
1186,862,304,1270,1211,860,1127,60,853,1271,66,1022,571,1058,841,887,1177,846,834,1243,1115,67,328,583,847,576,202,1056,854,715,816,845,761,415,570,1259,920,203,1190,795,650,582,70,1276,572,1131,827,832,1223,1242,620
447,274,145,469,141,1340,1048,620,655,1063,1204,100,784,463,779,1092,422,611,766,729,464,1091,725,1327,713,148,266,531,279,139,749,241,468,714,465,742,1105,1342,263,41,703,1165,429,398,258,526,1067,136,270,543,451
843,1175,274,1204,141,703,976,425,509,447,720,1311,768,32,492,469,230,791,1345,1303,987,1292,1173,948,1125,250,498,1174,234,419,296,403,152,1102,1153,646,18,918,636,1058,824,279,701,438,1247,1359,766,315,255,1318,445
346,1026,1019,973,977,258,996,32,968,261,425,385,447,397,532,1038,976,142,1161,381,1310,30,143,1292,380,1070,1320,443,20,442,688,1202,390,406,0,666,315,1300,965,509,919,1029,649,91,628,412,440,25,1061,449,613
1227,380,613,532,258,403,425,447,518,997,1052,617,649,687,459,472,1313,1175,394,126,385,968,1161,406,720,996,378,1019,1295,977,1322,1292,684,1286,1026,965,1321,35,463,700,364,1327,143,225,976,994,315,180,445,417,507
1091,1141,1200,1075,524,1337,312,738,287,633,44,715,795,400,164,630,480,810,826,43,784,448,1097,819,469,1291,818,172,790,744,102,808,817,828,257,823,1171,111,308,157,491,771,853,816,756,146,85,596,1111,1344,538
1280,425,426,628,261,991,406,1063,87,1306,264,140,693,119,1027,688,1168,219,532,679,989,815,1332,427,1344,1038,143,1013,1060,1134,455,985,125,613,349,1007,616,93,744,2,1095,146,312,234,697,621,657,17,324,364,703
315,425,463,28,445,125,617,276,406,6,701,138,146,252,800,1292,1311,136,703,514,93,996,412,417,470,1293,616,805,1061,1007,435,273,1052,440,34,272,1321,1315,268,468,1038,1226,1323,784,688,100,700,657,110,30,954
553,1265,569,482,245,867,329,205,62,104,846,970,1140,543,689,844,1205,861,854,61,203,60,264,677,835,885,857,194,1235,292,1101,437,842,1332,429,341,197,420,423,1050,584,769,332,827,1,310,852,1239,1058,1275,1187
263,30,445,442,449,425,616,429,406,667,17,34,159,350,25,28,253,981,1017,118,411,245,454,0,438,472,261,20,1324,1037,1139,378,910,230,4,1292,153,1107,138,1319,898,460,430,1052,700,37,413,687,779,220,1316
1317,385,149,270,784,642,243,447,991,1026,20,25,984,1355,476,425,28,0,430,164,750,1313,383,1324,703,98,1095,116,439,258,351,279,464,437,975,734,1050,438,514,77,659,663,495,1020,17,1007,1000,1076,1023,422,426
506,287,281,934,507,1152,801,705,758,325,52,420,177,279,1217,576,1352,829,61,482,310,550,1173,750,826,12,766,107,497,220,175,491,593,1132,423,1050,283,496,1335,741,174,1155,883,1213,81,3,1114,1328,734,1256,43
708,487,473,465,1094,491,167,677,448,447,1011,267,1342,747,722,1135,671,1153,281,140,1136,738,44,172,423,1099,319,585,464,1325,480,552,676,170,470,630,1341,429,861,1345,1292,701,421,1059,817,276,784,1187,320,43,292
279,425,480,454,141,680,687,965,143,447,1049,35,1286,1296,703,435,448,30,427,1175,445,159,409,255,429,1292,350,1018,1328,253,116,38,403,975,628,674,968,411,919,1050,704,468,438,378,509,1047,918,1082,32,125,616
886,147,1175,624,704,1324,429,141,389,25,448,1287,844,1043,118,1171,276,1314,533,233,570,557,152,768,524,611,738,134,172,178,1135,1031,464,292,599,20,85,1092,439,164,281,583,119,1099,1293,1315,748,427,1371,214,257
528,569,1312,319,601,1240,576,4,832,836,60,1249,842,682,975,871,325,862,578,1115,764,1265,911,773,151,559,1241,887,819,823,861,795,304,1359,864,799,777,1296,1141,827,1303,562,1262,859,570,585,824,1053,816,555,1247
64,823,190,846,66,1210,1248,795,1144,497,205,1155,58,1264,1209,862,335,1239,1265,1259,864,202,1245,1270,1137,70,867,586,859,316,282,598,1235,302,194,54,770,874,1233,570,262,775,1141,799,767,925,311,1260,921,1236,816
534,203,1246,1236,835,1258,585,860,1056,862,319,553,861,60,1022,854,846,317,592,841,67,1211,572,725,875,1247,95,836,1152,1371,887,175,1112,1271,1171,581,802,1254,571,867,1239,1263,1141,233,1235,66,869,1248,583,663,1146
654,1247,196,1254,845,585,321,832,1270,60,1238,852,1239,200,775,1261,1221,61,819,205,1206,862,825,1056,305,864,1036,949,609,866,1084,1249,86,1219,522,211,847,867,1263,835,1146,596,1277,874,1110,633,802,964,799,1243,1223
487,1095,236,67,292,113,1241,626,1146,1258,876,314,1113,761,582,585,1155,827,574,1177,57,238,62,852,45,581,1154,856,628,981,1274,793,1244,179,44,264,1371,719,1249,198,1106,1136,1236,47,756,1131,308,774,1266,1361,1231
590,203,60,1000,1058,1259,853,581,862,67,547,846,1240,504,644,867,1022,1262,1219,376,834,66,328,585,964,887,214,583,105,103,1228,551,761,866,69,863,576,210,479,1055,1246,3,1265,836,1263,803,597,571,1217,858,718
239,1342,1340,91,438,99,687,164,470,1175,1091,419,464,1202,441,732,968,1007,274,415,750,655,118,294,383,1099,779,992,429,730,532,824,261,576,1092,41,815,412,1090,502,491,25,1043,391,1171,149,9,509,514,1022,393
1216,687,425,440,1315,518,1204,532,1286,0,655,996,628,703,145,417,403,617,468,143,459,1322,965,315,516,1026,149,411,28,510,997,454,1327,447,464,1292,1342,385,378,381,1300,261,982,17,383,41,1313,390,1161,1202,164
478,329,962,522,1119,789,1143,583,1354,317,1228,1240,803,915,1360,63,596,545,328,1207,176,872,594,1115,570,694,1232,891,1111,242,357,1079,860,157,238,577,905,553,1316,368,826,1069,846,928,556,1262,754,866,575,661,1270
237,426,252,616,28,0,411,1292,406,463,435,544,35,613,1295,472,706,684,996,1286,400,700,430,425,703,405,409,705,1197,125,617,649,1176,412,628,985,274,1005,294,510,1313,378,9,1014,416,655,1316,1340,1168,410,30
857,425,973,87,1026,1202,395,516,393,447,315,387,518,437,136,32,1045,617,20,472,460,263,997,383,975,25,406,403,1161,390,399,514,445,398,981,99,538,258,276,455,968,687,1050,28,1037,1287,965,1321,157,643,1306
692,505,912,923,469,925,197,1022,586,583,1127,1312,791,922,304,110,487,248,176,391,18,148,535,1097,714,775,1158,867,274,1114,61,557,133,1340,524,250,757,793,795,661,908,1246,294,503,276,165,703,859,400,154,544
252,425,270,159,35,766,463,30,472,424,268,1291,440,1007,514,427,732,132,996,649,21,1202,590,429,614,24,470,434,44,406,628,999,386,180,1017,1047,1029,1161,411,971,679,40,260,1063,273,1045,37,47,34,433,526
457,795,362,1152,1141,853,770,371,1233,962,733,56,316,497,1228,520,872,856,857,215,1135,798,952,658,846,1127,70,930,1156,370,375,308,328,803,760,179,874,834,883,262,588,335,367,858,357,1143,947,75,214,737,483
1159,366,792,368,1138,306,925,830,740,583,841,1128,828,807,12,673,1112,281,1159,1140,1183,866,127,196,167,947,586,839,504,205,920,89,1083,910,1142,801,1177,365,825,1230,764,654,1235,1212,108,503,1097,844,1048,857,240
390,465,655,703,510,1342,459,138,411,569,617,1296,425,429,1202,491,145,99,585,267,1091,568,421,487,732,1165,26,1101,1041,140,722,263,1096,271,438,166,257,980,1061,1019,412,526,152,405,1089,1310,1000,1324,1090,378,1099
58,706,391,1292,1204,463,411,516,35,617,1351,459,514,510,968,954,429,472,435,38,1202,465,1311,442,390,433,440,1316,703,28,985,996,1168,590,585,110,268,583,447,146,616,982,274,416,383,704,166,1318,271,470,67
260,445,687,616,617,613,700,447,1052,406,35,28,9,1202,1018,378,1204,628,518,261,1292,403,1321,649,1046,143,438,1139,258,37,117,1322,1293,390,514,397,253,387,20,982,383,394,440,968,454,417,30,1019,472,270,1176
1252,923,522,852,916,1246,972,197,793,547,524,921,920,365,1236,523,584,1008,233,925,1058,834,289,769,1239,819,776,505,1022,795,61,570,1340,65,1190,865,566,205,823,749,859,1270,1219,165,292,871,325,557,1115,774,47
273,445,385,687,425,442,1324,406,397,800,380,997,258,1026,412,261,996,28,509,459,616,1070,1310,447,1029,253,429,383,390,667,255,1293,350,720,1327,1292,32,1049,435,617,454,38,507,143,25,1082,145,1287,125,378,468
1047,1204,30,28,87,406,1318,440,518,996,315,390,410,393,385,1051,395,532,445,666,968,779,459,412,617,16,9,409,1313,614,516,433,381,470,1052,997,34,815,616,25,442,975,0,510,261,394,258,977,992,1174,110
489,320,878,841,604,166,584,582,553,1228,769,328,861,522,825,581,1236,21,1177,571,852,775,1271,842,835,570,1304,866,60,175,95,196,319,1180,211,203,325,583,1134,853,576,516,834,799,670,862,487,780,189,569,536
197,406,445,1052,28,426,1321,509,440,977,261,1292,141,387,1026,25,385,442,1046,17,412,258,30,24,378,679,965,142,454,991,617,982,9,996,1322,140,1202,1019,87,514,815,997,1320,1070,1295,1204,1027,136,125,117,1041
418,853,862,214,823,581,66,586,583,320,324,650,867,846,887,860,60,1056,619,571,104,780,1223,839,95,757,852,1272,775,487,869,1371,536,319,816,1264,1112,849,1266,584,1243,1246,1022,1058,63,861,811,1239,844,1262,819
1029,843,523,1211,1106,1142,852,1263,86,214,876,67,1209,924,1222,846,1278,1186,205,213,1266,1158,1264,594,1100,1112,947,1246,292,1369,860,793,1196,827,1055,536,867,869,1166,859,942,184,209,595,1084,338,309,1249,303,964,589
29,25,1050,983,1194,425,429,815,93,140,426,1007,411,116,433,1004,230,350,136,427,421,704,164,327,406,440,1043,464,159,657,454,1071,703,624,706,1324,352,1000,725,510,655,149,991,1320,1044,1063,41,1355,412,20,1310
1270,687,447,425,968,977,1293,28,1052,442,1029,35,32,406,1204,383,397,472,403,220,315,394,393,976,381,590,24,1351,1045,684,1017,532,706,390,143,1320,1311,219,1310,965,613,2,395,87,973,996,616,385,1139,1176,20
529,1206,1104,1269,551,368,214,823,789,665,70,810,522,839,1119,849,1262,582,226,838,320,1373,1160,1238,569,913,570,210,213,504,493,312,586,536,112,305,1272,816,870,764,950,924,88,911,603,580,1156,1259,583,94,1141
210,871,585,1228,835,823,1371,845,1258,60,650,777,1242,61,583,329,578,175,95,966,331,864,780,866,87,769,853,950,826,324,203,852,574,877,66,836,1263,571,321,799,1248,817,202,1262,70,1270,775,314,1276,868,335
23,35,17,99,138,142,442,1061,380,1300,1345,271,703,108,919,459,447,655,234,532,425,463,140,32,378,261,470,973,118,1326,1052,628,1194,427,38,454,116,274,406,143,445,1286,41,30,613,149,700,1026,464,224,412
723,576,458,912,326,1059,329,398,1161,565,225,1055,1197,1252,868,409,372,561,194,923,760,556,1101,616,913,908,757,203,154,846,532,1094,911,1134,747,120,862,304,1362,95,159,613,1051,990,28,105,557,92,286,861,678
947,142,703,17,442,261,655,25,425,616,411,1139,132,752,447,1041,1004,430,220,478,720,454,981,140,153,136,30,1026,77,617,125,253,234,1165,919,510,464,1328,1038,1095,468,455,1049,977,729,1018,686,1027,700,1324,1025
798,425,274,125,141,252,381,445,703,784,543,680,994,1052,1027,628,1295,411,706,1313,1139,1202,394,1095,472,463,732,973,439,441,590,1328,1007,38,636,426,35,260,248,447,1292,698,149,405,385,378,117,270,687,435,32
310,1175,1049,1041,1052,274,1321,406,253,16,706,985,387,514,281,430,768,445,425,1171,982,720,742,1322,977,700,495,701,255,688,954,263,1095,249,1089,454,438,1327,1043,447,1194,703,449,91,459,118,440,687,1061,145,616
1146,445,258,28,687,1026,447,514,252,613,616,93,691,684,385,1046,1052,425,973,449,688,117,253,30,142,20,9,143,138,1327,230,17,1018,1204,614,1019,406,976,509,141,1201,1041,440,982,430,1027,422,1029,397,1292,468
1154,810,480,441,1230,1236,1187,58,1030,817,105,862,203,597,435,304,1099,331,1311,116,609,671,990,60,841,751,1246,1067,1115,1359,1127,502,583,176,604,196,539,1316,194,12,319,824,757,1348,617,863,1270,438,594,248,746
233,1301,387,1072,1041,28,125,430,1327,385,1338,191,360,426,537,1293,1052,1350,1006,463,731,464,1071,1326,153,350,727,1250,459,963,168,919,1000,759,355,932,1042,1003,461,252,687,128,217,25,900,710,1300,1004,200,406,466
917,1204,442,406,0,1311,16,425,985,616,1026,614,1310,447,1293,28,973,1321,687,613,91,415,532,438,518,982,440,996,417,1049,968,1342,590,1052,25,700,1161,125,383,389,143,703,145,35,416,454,472,1300,261,684,544
191,319,551,411,570,1341,264,1014,133,320,775,922,315,1032,1019,197,1312,491,494,148,468,276,753,1200,524,1168,1177,971,295,766,296,250,581,257,973,248,565,455,505,410,576,219,478,1241,836,553,1173,1022,1025,559,1063
1033,720,28,1202,220,406,617,274,1003,687,655,1292,138,442,35,1029,1004,616,425,273,700,417,245,1176,93,24,518,397,814,509,996,978,430,691,17,544,398,395,141,31,411,1012,437,387,981,982,1295,463,560,1005,21
531,325,791,1056,391,585,852,864,1058,482,558,988,268,233,559,557,1141,498,66,494,1372,1219,1265,61,36,592,912,916,147,751,420,553,987,1259,1096,583,844,835,980,704,522,158,750,175,1245,165,829,1118,775,819,50
1169,233,367,308,874,1077,1136,272,700,131,762,557,120,903,522,1144,672,1167,746,718,357,585,1004,84,451,332,1134,1114,774,95,912,1352,1121,509,1277,640,604,410,550,292,795,1261,1151,737,1344,693,1349,705,477,28,574
213,429,158,390,411,159,972,453,3,514,543,1304,1176,327,1336,393,1022,1171,611,136,980,440,725,1335,804,464,392,617,714,1051,1259,166,92,968,50,590,491,4,805,1037,1316,426,553,620,641,1014,438,364,211,172,815
24,1295,616,445,514,688,429,1293,617,679,1204,1300,258,1161,108,138,440,1168,395,701,1202,141,975,270,784,509,143,973,1052,510,1318,381,984,1018,16,119,518,315,390,971,437,1046,1019,447,389,28,327,965,720,470,805
185,661,90,410,392,219,364,1351,1056,980,2,641,637,557,226,551,458,623,972,584,1012,4,393,1161,92,390,14,1014,21,488,238,974,409,381,240,1241,432,349,650,1336,954,1105,656,110,815,853,94,84,290,678,261
196,425,1292,996,518,532,616,381,380,1026,390,516,389,1202,445,93,28,1304,406,977,119,617,1293,1320,649,679,982,1041,261,805,180,666,412,1052,143,429,118,20,9,393,544,350,634,395,1161,397,385,514,433,34,255
883,514,973,425,270,649,439,447,1226,617,1312,815,256,771,985,1204,100,93,391,599,274,440,784,279,127,1171,779,729,400,429,119,977,480,1139,1291,261,141,1063,438,489,641,390,167,703,648,378,1043,1296,437,766,1017
973,1153,751,1127,585,775,1131,1058,1312,66,502,1141,570,566,733,795,835,852,620,274,565,1245,1111,85,1331,391,320,1140,196,1044,1105,1205,769,1308,1236,94,325,1135,248,920,771,494,480,582,1246,176,308,1304,1136,498,761
445,423,287,1266,311,1177,1241,61,570,944,302,803,1245,4,828,389,1312,542,1116,826,1263,633,714,810,233,196,798,843,170,1141,236,1153,551,698,1371,527,530,1259,314,1127,597,846,620,1370,1368,1354,1147,146,764,928,598
1106,687,28,445,700,613,1052,1204,261,387,1321,1327,442,459,426,1026,385,454,703,77,965,1322,397,430,617,701,35,258,143,93,982,30,9,997,532,138,17,800,24,1202,628,141,1046,268,1018,142,447,1161,1286,684,409
333,454,425,261,387,406,720,636,616,459,688,1041,412,1321,1049,1038,1327,1052,687,700,145,532,463,417,93,143,125,253,1018,445,994,430,149,613,1295,442,1292,697,516,997,395,138,31,394,28,1286,24,784,403,1202,1070
830,1238,823,583,854,296,197,871,292,827,585,60,665,553,536,1270,842,808,1364,840,834,328,181,689,493,1248,862,1262,1265,57,71,1219,1156,794,816,1169,592,329,375,841,954,806,887,993,193,1268,1223,335,551,571,102
492,447,445,649,687,403,412,968,675,401,378,422,1099,397,532,996,383,666,518,18,294,985,118,449,507,1046,1008,1049,409,705,438,444,9,643,766,1107,87,385,1204,1342,1047,1070,390,667,315,267,174,145,478,429,435
1167,233,543,583,429,1171,704,268,1094,1058,599,1022,267,172,1056,465,1364,357,648,751,689,473,292,1175,1067,852,1187,1248,1153,514,585,1140,1335,649,118,211,742,341,469,992,1010,775,1131,411,741,829,550,861,1204,491,986
388,538,703,980,126,611,145,116,470,1286,468,743,271,674,1327,683,680,1095,1175,1023,409,166,779,99,1173,352,471,255,18,424,378,430,400,421,1313,252,158,163,1139,785,11,1025,274,919,864,425,170,815,427,1091,136
1048,463,965,768,1204,1061,430,447,141,1019,28,975,1321,616,315,980,470,445,982,1052,0,1046,700,1014,1042,386,327,378,270,729,425,687,9,1162,126,266,1063,1324,100,134,738,514,617,448,996,985,384,897,142,684,259
311,258,445,1049,616,1048,1038,249,252,266,273,1052,425,93,805,149,1195,378,1124,463,655,1327,667,230,800,255,126,387,768,270,220,1322,406,142,649,983,35,706,442,468,28,977,1005,279,1313,533,700,1204,514,784,1047
624,852,1270,203,864,819,60,875,1111,570,769,834,777,1211,569,1249,1254,1258,1246,871,317,1247,66,1271,331,1113,862,1263,799,335,846,1235,1371,311,1222,1239,860,1242,581,585,1262,59,802,1245,650,866,842,210,582,67,868
1083,532,378,996,383,425,687,968,381,445,617,35,274,417,416,143,24,403,1310,804,411,1176,1202,509,439,440,91,590,0,1204,448,25,1029,390,516,447,1052,981,464,1139,1014,126,261,315,438,1019,427,628,415,435,405
803,1208,496,615,503,585,570,845,1200,1237,1238,487,284,857,1189,923,319,1152,740,559,565,321,847,733,211,1273,133,197,59,1039,930,558,1247,345,604,175,1144,201,775,1212,637,361,326,933,1344,281,46,762,104,801,584
854,95,196,827,451,44,1239,21,392,38,524,316,729,372,92,698,966,425,853,317,62,582,34,1331,694,87,535,581,197,429,1236,803,1248,1258,863,1008,243,877,823,146,871,1187,596,259,1332,172,460,1252,329,1266,574
161,689,1153,1113,312,286,581,70,774,497,749,1151,778,193,290,1205,233,790,484,324,930,469,328,761,568,554,551,1341,94,295,271,296,157,331,353,771,96,826,221,522,585,1044,806,571,506,43,1149,189,1190,203,733
1007,1113,852,864,1270,331,86,1223,1118,810,741,749,262,1263,770,66,1246,238,57,1143,60,1278,1360,795,780,233,1166,1154,1245,1112,354,1141,778,862,826,1254,924,210,1146,181,1084,337,213,1259,571,485,1235,1056,275,1083,816
452,1262,1248,1261,570,853,329,871,522,845,835,193,583,524,60,536,757,523,790,825,1180,861,202,864,1236,870,1247,869,1371,103,584,841,775,1271,1239,776,577,878,601,867,332,203,803,494,1177,328,826,842,1235,834,1039
30,445,425,1052,440,1327,687,385,258,518,383,459,1324,1311,25,315,613,378,616,472,30,406,628,1314,700,140,390,136,380,20,973,35,965,1322,1310,1287,1320,514,1204,261,448,143,93,119,1029,389,411,220,617,118,427
1165,167,141,389,170,276,829,268,1120,778,1102,233,423,826,364,768,273,524,577,749,164,824,3,1022,435,599,553,1271,1211,689,597,810,175,391,704,507,18,752,1173,748,714,1266,43,1187,67,126,742,478,758,41,1371
340,445,425,977,687,406,9,1321,700,442,409,976,28,261,628,973,93,381,1026,996,509,518,613,616,454,684,385,34,617,1052,403,0,390,258,20,447,1018,138,141,968,143,350,1311,666,1045,417,24,108,91,614,1202
299,425,616,613,687,1052,1204,35,406,442,430,977,385,1026,996,261,459,438,1320,350,30,93,975,138,1321,412,628,24,514,472,532,409,405,1046,435,700,509,253,389,666,143,1038,415,429,91,518,1342,417,25,617,1310
704,35,700,438,1018,1056,1139,230,1351,1041,445,703,17,1202,691,1292,142,687,411,426,585,617,390,391,406,516,1019,981,459,405,1304,1316,978,24,675,36,464,977,99,975,93,590,259,389,219,34,403,250,1204,28,378
1274,1247,325,60,504,292,582,871,1238,823,878,758,824,61,1177,856,1067,66,555,861,295,803,319,576,201,553,489,236,842,581,583,569,1352,570,324,559,1228,827,863,320,1236,1237,1022,603,104,565,604,775,44,1113,852
174,1190,741,852,780,1177,1312,611,1246,43,178,181,1096,597,1107,810,843,57,738,829,1112,236,1333,221,1005,1101,66,1179,1263,1275,572,319,764,522,916,692,1127,1247,551,644,1249,757,139,1022,1217,1105,429,583,819,778,1345
116,30,1292,435,617,406,1204,1202,136,445,973,996,1291,9,424,442,687,403,1067,514,1286,258,271,518,429,411,464,691,391,261,25,628,649,390,378,416,0,980,1316,1320,99,91,1139,1293,108,417,447,145,116,165,274
159,329,1140,503,176,826,1270,302,1259,862,44,867,923,496,197,1022,164,1099,111,738,841,586,609,1136,328,1344,1341,1226,736,1011,415,824,1238,834,166,819,1230,1143,1205,400,1128,523,1115,1210,577,401,1246,828,908,810,228
557,862,1266,869,924,500,565,798,875,302,1273,1256,337,790,860,1270,1211,816,821,650,1238,1262,504,497,1118,839,847,1133,67,1371,1237,842,338,1205,103,207,591,1255,1245,324,853,1077,536,682,922,63,113,596,834,1160,191
443,853,872,205,361,842,1152,1246,837,325,883,482,952,888,376,775,818,554,70,1143,867,866,104,846,861,317,1243,229,1144,1156,359,869,211,777,966,367,875,52,72,754,496,1219,1131,81,75,847,1276,396,1224,1181,179
610,921,197,922,469,586,1127,505,908,1247,823,857,1277,178,1238,785,842,324,925,536,522,1141,570,554,793,154,631,760,846,1190,867,776,803,1158,1270,290,795,289,859,1246,166,950,292,572,304,133,60,775,571,633,1208
377,425,411,581,1304,975,553,30,87,570,1051,700,92,524,871,319,429,21,514,431,555,584,1022,148,416,60,980,1366,614,986,1168,201,491,558,1063,487,1252,1297,1259,624,325,840,494,20,357,981,1318,662,559,25,1319
575,823,862,62,585,725,60,571,603,1238,74,845,95,565,1239,1228,1243,999,1262,555,1141,1187,1154,201,146,453,1247,878,447,425,494,1056,774,487,1248,864,841,1265,112,861,1225,391,618,67,595,558,570,337,61,863,839
1182,553,522,816,74,818,1238,823,324,1236,1141,337,862,205,799,878,1265,329,583,891,565,70,845,1131,1228,1271,60,175,257,201,211,775,863,811,1262,1243,604,571,1156,689,1259,193,803,575,870,314,493,1191,834,1232,596
353,1316,378,87,411,447,15,1171,415,996,219,315,1197,514,448,136,1139,641,252,403,296,149,1332,379,1050,1173,516,111,1052,1291,28,971,20,1341,274,391,35,92,774,1304,270,617,91,793,409,468,1286,287,432,401,1287
1069,1175,1152,775,827,1058,1056,469,570,66,203,1022,60,1236,1102,862,325,1211,1153,423,61,1270,1238,1241,1155,543,757,704,233,551,1107,198,1271,1099,761,583,1094,41,1246,314,1341,795,860,1140,1219,576,197,725,151,841,1263
363,649,510,1161,994,22,1093,1008,1029,551,429,390,1063,364,14,1051,1026,824,1300,91,509,528,391,158,1295,785,511,21,576,1168,681,1336,968,971,653,479,126,766,305,416,1292,411,1007,704,1351,6,534,1332,241,428,211
399,383,411,416,35,576,292,401,400,1012,514,968,379,1171,378,276,701,15,20,9,402,544,1051,286,469,585,1351,1316,1286,617,381,491,143,18,87,159,503,197,684,447,274,1067,805,1140,1330,669,14,1341,996,653,319
1079,951,1063,689,463,268,158,1014,1292,99,785,270,994,715,1177,260,274,166,1096,779,510,1168,119,409,391,1017,720,34,429,590,1227,21,1056,165,401,433,996,1234,1124,645,47,138,752,1007,655,694,296,567,381,117,498
1198,1204,440,1315,973,270,20,1019,348,390,981,1202,228,403,1310,472,996,427,32,138,140,977,258,425,634,142,133,680,271,628,662,649,437,784,411,381,417,688,433,514,1045,117,626,687,345,470,415,1299,1020,975,968
659,818,863,66,202,1217,1022,827,316,966,1228,585,1236,571,887,1259,866,858,862,233,67,1180,1258,751,1113,341,305,823,803,196,57,871,525,205,844,102,70,328,592,853,583,58,203,774,877,1000,197,828,1152,423,606
28,1204,666,1315,507,996,315,411,687,403,994,1310,1012,378,383,143,390,419,805,1161,32,1176,975,636,386,438,1318,678,684,1316,614,532,553,87,628,424,1293,409,973,433,4,447,510,440,393,649,824,785,784,1175,1300
60,451,1045,1063,557,286,460,452,1008,468,258,1036,965,276,1328,558,1183,997,1050,552,1286,433,243,518,1236,1340,99,1230,445,440,1312,295,399,528,661,1014,968,620,145,87,613,771,390,274,1332,1082,1201,725,1197,785,498
75,779,1328,1295,119,510,996,390,389,141,268,616,149,918,655,1202,125,703,968,613,617,514,378,425,544,440,383,270,28,274,978,260,387,92,219,153,472,25,438,93,87,518,261,463,294,403,1316,679,1292,412,533
1194,759,935,360,1170,297,710,709,509,1020,101,1040,1339,397,602,881,1283,894,809,185,889,199,1006,208,936,123,1257,1284,34,442,1253,382,1375,334,115,932,222,518,696,515,1350,546,1054,235,1203,1317,1250,1013,955,956,1369
1077,558,557,1177,522,583,60,401,292,993,329,1036,1099,825,175,536,604,1175,1238,584,1249,1236,296,18,189,1247,503,287,389,559,649,841,1168,1063,766,1297,1211,531,524,553,197,1180,383,1008,920,1332,1128,972,211,864,510
594,823,775,329,803,571,1248,795,534,966,761,313,72,304,837,586,1259,862,840,302,770,320,1144,1154,314,1262,849,596,102,859,69,592,197,952,70,777,1156,104,284,780,1131,930,582,324,335,1364,1200,201,554,799,204
1097,426,1161,700,459,687,613,406,516,1202,975,445,258,32,17,703,403,628,509,364,464,219,616,16,980,1005,768,1318,1286,997,617,973,1083,430,1095,411,1018,1306,1304,614,386,35,315,1052,412,1026,20,2,1041,1287,434
1261,409,425,34,1050,136,141,815,387,779,261,364,1161,954,464,125,24,1052,693,700,9,429,613,438,657,1316,403,1043,454,1082,410,544,2,380,694,1321,1319,38,149,1287,1202,628,996,655,412,395,557,77,532,1089,37
298,543,863,827,194,566,858,67,650,633,372,866,870,775,69,214,606,104,375,482,314,1312,320,262,366,61,329,846,1225,325,534,592,834,1140,239,855,1271,434,624,88,1044,867,583,1268,840,1246,196,860,327,808,211
336,138,991,1018,996,687,406,984,679,125,628,440,815,470,270,411,1052,9,1041,28,271,394,149,449,1286,532,378,261,973,99,977,180,649,1029,662,478,35,390,422,260,427,982,613,248,166,405,38,433,616,352,274
630,179,600,879,69,603,857,753,952,1277,775,566,744,104,1015,880,321,892,837,265,1252,339,1123,290,780,834,1275,214,888,871,1366,338,1135,297,930,120,718,322,721,570,927,1156,827,609,960,568,787,596,849,1141,853
1204,222,1001,1350,1117,182,1253,627,1301,474,1078,217,1374,1121,759,334,605,1006,1339,1282,53,42,1257,1250,481,1028,185,333,1203,546,1072,101,353,707,831,904,537,735,640,695,1285,1199,894,363,115,1365,889,932,461,1283,1224
393,205,1247,1259,583,60,775,585,494,818,569,66,148,1271,864,1265,558,846,834,320,559,482,581,582,852,565,553,998,1179,1340,823,803,166,1180,853,1236,592,244,211,1248,819,4,757,576,328,650,1303,1058,551,554,522
493,931,1223,525,878,1252,1241,1131,291,816,1141,304,1278,503,1260,307,1244,375,329,862,1177,70,1207,571,95,493,1276,765,335,823,207,582,236,303,1275,581,504,740,767,837,1273,586,371,947,860,339,839,67,47,802,299
1257,445,385,977,1026,454,397,628,261,1041,258,965,142,16,1204,426,976,1327,143,636,975,703,417,1313,616,28,1322,141,1161,1052,1070,973,270,518,406,684,138,1320,701,613,449,1324,447,442,93,679,516,468,30,1046,1018
1147,439,1047,449,674,1007,1045,378,405,252,52,732,270,37,1313,538,667,1022,749,710,1062,422,1107,142,705,475,400,143,633,401,669,397,423,97,982,979,1162,271,1,1071,1099,491,1173,1110,610,476,352,38,528,208,478
761,28,976,406,447,1327,261,459,425,253,445,628,1321,141,1052,613,1046,687,143,616,977,1018,982,24,1004,412,1328,1175,35,1293,983,142,997,684,387,389,1322,255,779,688,518,385,426,0,996,153,381,9,230,1311,973
142,514,472,252,390,996,649,1173,1168,152,1050,476,669,624,691,158,445,973,1067,438,1311,34,1286,1300,411,412,965,159,384,422,1292,400,991,617,1321,1341,1029,518,1291,1070,681,434,1340,975,1026,662,254,32,91,441,437
45,159,166,698,438,1342,532,102,533,469,1007,43,1068,703,172,133,1316,657,1027,37,526,817,465,1287,1050,815,1089,327,1004,1341,429,1097,1127,44,1075,36,38,470,153,99,1005,425,1165,197,954,400,487,118,669,267,163
5,518,687,425,411,315,406,544,30,994,976,628,616,395,1168,87,442,445,613,390,255,93,617,1316,666,472,9,20,417,614,968,980,141,34,1012,439,416,426,386,1019,405,429,364,92,383,991,567,1315,447,1318,110
1190,775,757,1003,1101,864,859,823,1190,1135,1259,1265,1112,533,1187,923,761,1131,70,575,66,317,1058,4,194,251,1252,1125,168,862,863,95,202,793,1011,1022,826,244,1328,842,698,912,420,825,137,1246,62,504,289,1270,65
598,383,1249,87,205,292,643,286,379,91,413,1115,416,911,798,1171,378,1197,475,1107,143,438,1242,314,514,841,401,1177,937,154,238,402,440,415,805,646,1316,15,423,1053,92,243,326,1145,180,1039,315,183,1205,61,562
331,166,617,480,91,1270,276,1289,429,1304,319,1287,425,32,250,435,445,254,703,918,411,440,239,1005,389,518,487,447,785,1056,706,1050,1326,0,535,783,609,704,118,1029,1187,14,725,1351,923,172,507,514,261,1330,1308
637,1316,464,1058,1056,145,1099,1067,1234,99,1328,1342,824,136,1191,473,729,378,261,954,268,749,294,1341,751,694,389,750,1092,472,409,1023,1107,1175,1075,1312,391,1082,742,149,438,620,502,468,341,244,518,151,400,1318,998
893,438,852,488,126,233,669,662,620,203,66,644,1058,148,502,1318,491,294,25,1171,1168,871,1239,824,1248,671,1141,419,401,576,724,319,714,827,423,860,416,1014,145,675,592,544,861,1271,1000,223,422,551,1204,1053,482
199,425,687,406,613,385,258,447,397,1052,1204,1026,1322,977,394,518,1321,393,252,261,387,516,1286,982,24,315,509,1018,93,220,700,412,270,1318,1070,994,1041,390,440,403,1324,442,468,975,968,458,125,976,30,426,532
241,406,149,425,750,67,779,1351,628,220,693,381,545,32,1052,34,219,1162,687,1095,378,675,1290,1355,524,1318,666,243,1038,992,253,768,616,1013,638,716,433,252,165,489,92,426,446,315,1120,655,91,146,411,860,1175
834,996,518,424,965,108,614,784,628,688,16,1300,991,0,419,148,968,994,409,1062,21,9,141,1026,1009,1005,380,433,814,164,1082,448,1310,532,1328,1161,691,149,674,983,449,800,815,636,137,145,1294,435,1046,544,1032
145,628,28,616,1204,784,261,1018,252,438,463,725,35,687,732,1320,666,41,403,703,448,975,143,409,470,394,17,400,426,1023,274,649,729,253,145,30,279,701,405,657,136,1313,146,1175,315,1342,87,38,440,689,509
864,445,687,1052,385,1042,1026,1313,965,616,1046,1321,800,141,443,28,613,996,1327,149,252,1038,387,394,406,425,142,614,350,1322,1204,117,977,1324,997,982,667,1195,32,270,688,628,16,463,145,222,680,380,700,77,17
321,28,655,616,425,459,700,613,17,426,1327,1322,149,16,125,1041,274,1095,1005,1049,703,997,965,93,132,1292,463,1018,385,11,974,1003,141,220,364,261,628,686,378,266,442,1061,249,277,464,684,693,752,468,31,1313
631,298,867,362,1066,211,122,1277,1274,1226,782,131,420,820,282,368,859,877,287,718,292,776,748,194,935,862,1030,1257,870,186,591,357,334,580,1167,361,88,1210,1159,366,1240,309,543,1374,936,540,1216,879,959,990,53
44,425,406,700,613,93,1052,1049,1327,35,655,149,445,77,720,138,261,24,220,706,1018,142,378,1019,25,1027,440,1041,426,447,258,965,703,463,1324,1046,468,252,454,679,729,30,779,1165,982,1322,688,1065,984,442,1204
755,1038,28,426,141,454,261,616,125,1004,459,463,1052,406,703,1313,430,35,445,613,230,706,1321,628,253,1049,655,449,220,270,149,387,679,693,425,0,138,136,252,691,77,1295,994,1026,680,1292,16,687,1041,1089,142
581,1231,1275,842,1360,802,780,847,931,1265,1223,885,74,761,209,522,1258,1248,596,839,781,1252,875,376,582,1130,331,193,1246,312,375,210,1238,777,930,1278,1259,869,837,575,816,309,942,606,1160,812,861,806,857,581,939
691,480,140,1341,172,704,1010,1308,609,535,1041,1061,532,58,586,1173,1047,1345,17,1355,675,287,1202,118,1305,32,746,738,697,1310,671,1348,1311,455,267,282,445,687,1060,1293,1324,43,1287,1321,807,673,28,448,152,638,533
130,687,977,445,472,996,20,385,417,1026,973,9,1204,143,684,403,24,518,447,1052,968,616,258,425,142,965,1287,397,1029,1005,1049,390,440,617,1018,613,1342,701,394,976,1045,406,1300,380,1311,636,1046,119,378,141,35
517,1239,1056,853,852,238,741,846,95,864,319,869,1246,650,912,804,1141,1242,1058,1318,1248,989,1235,1236,197,1241,714,66,133,724,805,329,60,423,620,646,774,1067,621,1190,863,1258,1022,1297,972,572,1096,1146,923,780,61
619,827,853,66,776,1270,338,60,211,1210,202,867,787,846,780,1246,874,312,1262,71,863,852,80,1248,237,302,872,1223,572,203,1249,593,530,859,1209,238,534,581,603,1371,226,607,1187,376,847,841,214,1240,332,206,1373
611,66,1259,823,57,852,1270,802,862,1228,329,95,592,1263,210,203,1223,581,878,827,583,582,860,1265,335,856,1372,1154,861,1113,67,494,328,834,233,1141,1056,201,764,1155,876,1262,371,1158,854,317,875,777,86,799,1211
727,433,380,532,236,697,522,454,669,324,412,836,39,321,20,201,46,803,741,614,818,808,443,108,392,1177,1140,1060,44,1300,116,196,440,398,395,855,424,571,1210,349,429,989,991,1039,1332,564,1161,897,479,726,1310
303,468,1076,703,1322,463,145,687,447,430,729,1335,425,99,17,1025,387,464,1204,234,119,1342,270,683,459,982,1038,616,1324,1000,997,985,1092,1294,398,1321,143,380,100,149,779,261,1286,1292,1003,1202,41,509,1105,977,1048
1286,980,419,1327,720,976,1048,148,149,704,1173,1328,11,152,1124,1174,1287,1023,1070,1047,255,1003,1031,1326,296,1036,644,142,785,1194,18,495,778,985,429,99,129,703,987,1204,850,919,979,164,1025,4,1191,815,983,994,444
162,1238,585,862,852,504,581,878,1083,1259,1270,175,565,1371,823,62,583,284,1235,571,864,67,582,577,328,1366,764,1241,863,1056,104,859,650,1039,775,207,61,860,858,555,803,1205,204,1158,1131,801,1247,211,1140,692,847
140,20,1038,1019,220,392,977,445,1052,1026,440,1318,687,628,4,425,614,110,315,141,981,35,348,138,725,459,395,34,980,616,965,241,385,142,976,1029,973,613,510,0,390,657,1057,77,779,430,514,1041,32,174,1204
119,257,30,986,327,585,698,292,289,1304,15,1141,1332,571,1177,411,146,487,14,557,907,329,1050,120,477,1292,429,780,1171,1044,823,1366,432,981,95,25,196,1029,1131,524,818,1351,440,4,1154,653,23,1074,1306,790,391
1051,1141,203,705,325,47,835,238,1246,819,296,60,864,862,1228,1113,829,1205,85,846,670,795,1171,1014,861,749,852,826,912,491,571,586,319,565,1247,1114,1239,1346,1048,506,205,304,555,1262,1115,675,126,669,1153,1259,438
892,687,518,393,445,395,1321,613,977,1204,982,390,1300,1031,447,315,152,1046,385,1042,1049,1026,383,628,617,24,815,975,1287,28,1005,1012,380,429,440,984,378,141,99,509,996,140,470,968,1134,1318,0,919,412,974,1038
1313,445,518,425,1351,509,675,968,219,1311,805,28,35,447,617,977,1044,32,1029,1202,516,1026,315,1095,143,390,510,270,1295,1005,118,261,1012,991,144,768,919,706,1316,108,167,974,430,701,985,1031,327,684,119,688,544
802,852,325,817,1247,585,841,1236,861,584,522,1249,60,66,1056,775,818,823,292,1208,416,1235,827,604,1177,793,842,593,835,536,836,1264,211,1246,581,864,662,490,853,1243,583,557,611,824,667,825,1239,1340,44,1179,989
751,785,1259,305,12,1177,766,60,1217,862,469,1265,66,1366,198,1308,1368,302,70,1058,783,611,233,1263,1270,757,69,816,236,758,67,1252,175,1044,167,57,854,322,802,1154,582,50,522,845,597,1056,164,201,794,1238,1370
499,837,834,504,849,321,482,930,1270,862,570,197,308,1237,69,927,857,846,835,1228,1156,329,823,289,65,879,859,1265,1290,1155,920,753,888,586,1131,861,503,847,1208,1235,233,1144,524,1036,367,751,375,104,841,207,211
62,411,405,532,518,416,440,1173,118,87,1330,666,1287,996,257,986,805,464,1171,447,980,276,968,0,439,438,1067,390,487,409,1351,389,1032,804,815,1168,829,852,1056,667,1316,9,1050,567,442,990,784,528,752,251,669
1005,1049,510,1092,1194,1025,167,153,1014,919,706,1000,93,734,447,1085,684,704,41,164,1323,1089,3,683,126,1059,1038,750,170,749,703,1056,468,1047,1195,139,715,140,708,675,1113,685,1010,473,1173,472,444,815,1307,171,12
863,28,459,445,387,700,30,616,261,17,982,258,16,613,93,628,252,125,509,1004,1313,145,140,532,440,617,0,397,985,430,142,426,701,1202,385,703,77,1041,136,997,1204,954,35,449,977,996,364,687,25,1327,383
728,1259,799,824,67,1235,863,1107,823,861,864,970,862,839,1239,583,1238,854,844,44,292,1260,550,317,1249,878,827,1225,1039,816,1177,1171,66,524,332,1245,857,1140,793,305,845,210,1228,569,1100,504,1262,1266,875,1179,1263
677,823,1217,305,803,197,890,1246,329,54,748,233,562,930,867,566,104,64,853,761,1259,886,292,876,194,423,325,787,1275,777,1228,314,522,582,877,825,70,871,102,1234,857,1260,854,1236,859,912,86,786,61,827,801
633,818,522,524,775,257,1247,986,834,317,863,1226,853,1143,1225,205,172,871,698,44,989,870,105,328,749,603,120,1259,1238,1140,827,1023,792,826,844,702,836,1236,825,823,198,326,583,784,1207,214,741,1141,433,704,841
255,30,766,286,262,999,626,392,182,406,1178,21,614,222,168,268,944,788,545,1213,781,27,1117,588,189,649,281,938,1078,390,1361,1017,795,955,705,388,1029,1360,23,1020,645,346,490,554,228,935,397,751,418,1366,289
1023,180,1247,662,561,1236,391,1211,1090,633,41,60,704,585,1171,1099,66,1239,576,356,790,470,1022,349,841,274,559,1325,1107,817,1092,44,1177,81,400,256,667,1179,491,159,1076,775,12,271,1024,444,749,1153,136,1195,1113
1177,1127,570,523,729,1152,785,1175,1025,1107,662,1067,825,157,1256,50,1092,41,1239,412,1286,202,511,164,441,168,794,1241,308,827,694,1099,987,998,54,312,181,335,739,778,732,1340,864,1228,854,594,1342,1036,57,491,1007
828,1004,182,960,726,342,1229,1279,1253,735,1339,1374,1166,731,303,277,884,279,1278,1121,185,955,1218,1338,893,1301,1185,293,548,232,947,706,101,53,162,886,1280,899,374,218,942,914,610,905,1184,1204,515,961,340,474,1322
1322,336,1040,363,78,949,1203,961,1350,759,1006,288,53,501,1199,735,182,1339,195,548,894,123,1283,344,101,546,1178,222,115,1282,960,1302,1280,902,884,404,212,1182,881,1121,199,895,42,900,931,73,1117,800,695,963,537
167,687,1052,617,261,406,1292,700,703,1041,447,616,1204,1311,1202,258,409,464,38,977,24,143,973,1342,93,1321,442,1046,1322,514,387,35,701,138,30,1324,25,32,1327,253,430,1314,394,9,41,532,350,274,34,145,99
1311,1287,918,260,405,590,125,440,734,982,1328,1165,350,464,766,119,1112,158,1311,1321,1173,389,779,139,983,141,12,703,507,1310,692,36,230,655,270,978,532,429,261,510,274,975,1291,250,994,1108,1322,1089,1090,390,138
403,292,320,583,570,329,1228,1259,825,522,66,1246,305,840,1177,769,1236,803,571,795,816,581,317,777,862,952,799,826,878,585,328,864,774,1217,524,555,1171,205,70,1238,842,714,584,758,504,1131,757,494,57,1332,210
1180,570,823,859,861,1312,583,795,1236,1127,1140,1270,329,233,486,1238,803,825,1266,966,308,1177,1262,522,596,810,584,863,819,317,775,585,1058,1146,566,774,47,536,818,835,289,864,592,46,558,1110,1246,1022,826,650,862
871,687,261,703,1286,141,425,1139,691,616,28,1328,996,77,406,1041,390,918,454,17,1310,1049,145,412,442,617,385,516,447,142,136,655,1321,472,159,1202,1324,779,1050,667,445,383,1043,1204,1089,1327,93,350,1027,720,253
1150,768,1113,1175,1058,225,725,329,253,680,620,749,139,1097,1118,998,266,543,100,260,1041,274,1172,250,1204,779,234,1005,1187,1127,825,315,714,419,792,630,1162,1270,981,35,1038,1348,1114,445,1060,251,167,1174,152,1101,430
1276,785,1049,1204,683,617,671,1292,419,353,1089,276,919,143,982,470,1286,1058,810,1325,270,31,1081,994,385,865,814,720,485,91,295,545,1305,1219,274,85,464,401,410,148,132,447,1348,964,1308,473,400,1042,1005,987,701
698,1283,949,1040,115,932,881,707,946,640,42,334,548,926,1250,1374,546,73,892,1357,735,1178,1117,737,879,1184,213,1182,588,956,53,179,88,333,1350,792,961,893,1224,1150,781,1119,123,733,212,508,1363,760,128,1257,1368
293,426,30,616,38,397,35,409,77,983,431,158,980,406,613,445,815,9,996,93,385,387,1202,261,0,449,25,125,532,1293,703,36,691,142,1082,1038,149,28,152,590,1063,1287,1026,1319,350,573,973,260,390,514,116
950,380,442,703,687,459,965,997,430,28,447,425,1327,1310,412,468,510,409,1322,1204,720,1025,99,1324,394,145,1052,454,1292,350,403,472,996,538,0,1328,258,616,274,1286,516,1175,1070,968,378,683,680,261,675,397,1345
734,524,1161,273,1354,1141,1022,1063,1019,287,441,1271,654,405,357,167,824,1259,611,1091,1067,268,862,398,1099,203,1265,259,1153,434,43,401,1051,1113,58,263,62,312,266,282,666,968,147,1061,452,553,164,714,1127,479,844
498,823,923,1219,536,497,839,585,312,179,861,66,775,863,506,547,1208,133,912,60,1239,1256,1248,773,319,211,565,504,911,930,564,1190,553,832,826,1171,584,849,570,61,819,332,290,320,842,581,554,1111,1241,1156,214
1084,779,825,655,1041,43,1328,99,703,1005,951,1292,552,648,119,487,274,1048,490,1300,757,1037,973,1287,465,1202,1342,1099,260,271,1175,1049,954,437,982,1171,742,391,720,149,1293,1177,1056,1344,400,50,292,139,273,918,683
437,1175,514,1113,599,425,1068,1171,327,1095,583,1058,6,1291,256,704,701,165,592,543,734,643,356,310,1108,649,1061,295,274,815,818,1191,1059,553,433,1202,422,871,349,1007,738,429,1168,434,472,308,1324,1084,971,1213,1119
943,274,464,273,1342,425,463,509,434,1003,43,37,526,1101,703,561,1202,543,1091,1340,159,470,271,1092,170,1312,429,1139,421,1335,427,267,1324,1154,817,766,276,141,1097,118,896,233,279,560,671,1172,445,126,38,197,971
902,459,425,445,616,1327,447,442,1038,350,1175,687,261,1026,380,700,1161,977,1322,449,1292,385,440,387,35,1321,143,253,614,93,518,982,976,703,613,424,628,954,1300,430,1018,465,996,28,0,315,16,1061,145,435,18
370,570,1259,553,320,329,609,65,292,604,491,175,592,852,1344,319,1226,1354,775,233,854,211,863,152,522,60,67,1051,1265,504,416,201,583,1332,411,569,564,855,859,617,66,104,341,1225,328,419,147,576,871,379,1297
1200,1342,691,41,464,1292,99,1287,1127,261,274,752,984,703,154,143,616,157,139,485,9,490,1092,543,270,319,455,1327,132,440,403,729,91,1107,675,167,1097,1300,1305,459,198,552,427,655,197,441,1359,617,1345,304,997
214,425,687,1041,143,258,1202,20,628,406,514,649,385,996,234,1355,35,1061,448,973,470,1052,411,700,1038,459,447,28,1029,977,1007,34,1321,1012,669,0,1095,1314,350,417,38,919,430,984,440,6,1204,140,636,145,974
1067,1327,1311,768,253,628,385,684,720,1293,1204,1287,1175,1173,387,1322,997,24,533,435,1310,91,255,220,1321,994,447,141,18,11,252,389,32,465,31,613,518,394,1010,1328,1005,442,597,634,430,976,752,985,675,472,1198
14,687,406,28,613,425,1052,258,447,380,1293,628,616,1321,1204,636,700,973,996,442,472,1019,25,9,1046,427,35,381,1026,17,30,118,1322,385,1161,688,430,976,393,143,449,394,532,411,440,1041,141,145,968,454,1327
977,141,1023,704,423,389,1022,415,1136,219,666,662,804,779,92,1316,725,1092,287,279,592,35,1162,736,18,1014,975,409,611,4,1099,1038,1113,390,286,1202,258,1063,1010,119,716,1176,233,411,1000,817,819,996,749,687,425
203,614,518,440,385,1161,1026,510,9,425,261,982,617,636,509,417,1310,447,403,28,142,390,258,1311,397,684,438,996,1293,697,140,897,1052,1321,381,225,406,691,1202,393,616,680,315,1012,688,1041,1031,1292,973,429,1029
48,28,93,1052,445,261,442,1041,30,459,17,1139,1204,560,1311,985,252,91,454,0,385,1324,616,350,703,449,706,426,387,430,1029,77,98,381,652,691,628,687,700,20,411,149,679,1202,383,136,1018,142,464,728,138
740,1236,1187,584,1056,583,1228,841,1248,1235,824,585,571,175,292,1146,1238,823,1243,878,825,325,835,689,1271,1247,862,780,725,200,592,61,847,565,1270,785,593,1022,861,1265,595,827,570,970,581,233,1246,828,854,329,887
530,824,1008,1058,570,313,536,1060,569,671,164,172,1336,366,683,1259,465,775,1091,1231,1039,324,636,45,682,1068,522,553,170,1266,204,198,292,1278,267,1219,1169,1175,585,197,1107,504,314,1343,618,469,1000,615,104,1373,1119
271,518,1327,532,994,977,392,393,387,364,968,1322,442,87,447,350,119,1292,1310,613,687,1204,412,448,1315,1286,976,459,271,1052,1027,409,472,390,975,720,983,95,769,997,996,276,149,385,1038,617,1202,637,1037,386,394
971,279,1114,287,225,784,712,219,995,492,1038,341,542,191,507,1241,451,766,516,495,1217,245,273,533,1067,410,50,1050,1351,276,231,934,409,988,807,1116,95,1102,654,736,1063,750,758,302,756,1137,696,31,674,1020,394
1041,383,381,518,666,544,411,1292,378,507,403,141,401,968,389,687,380,1168,1310,785,742,390,804,32,286,649,405,18,271,294,315,439,531,409,391,0,15,438,116,590,87,1315,435,1171,1340,714,440,447,416,502,393
1324,864,274,472,1139,141,391,741,158,464,383,136,1058,703,998,1171,319,1092,91,585,356,25,1012,793,448,268,669,510,795,302,1292,667,1107,724,304,99,514,1239,766,987,1153,624,852,1289,310,828,1096,441,490,662,1177
980,628,141,252,294,616,509,984,258,1293,438,41,142,380,385,729,143,445,1194,24,145,1321,43,1099,417,1124,1286,1342,1322,700,1049,717,463,449,271,261,919,784,224,720,29,245,675,397,274,1175,1046,1105,35,442,1295
806,274,331,429,1090,590,391,465,1141,464,469,1223,585,273,425,706,276,292,67,279,239,599,795,1067,325,533,502,824,441,233,1345,275,1037,261,864,725,1118,494,316,1047,742,314,1258,771,335,1187,1035,650,145,1114,758
409,274,268,1195,442,180,532,655,649,38,25,465,145,270,1286,425,43,429,669,1129,1091,1292,91,469,116,267,144,1082,439,256,1026,391,294,454,421,996,687,143,785,159,1052,397,41,430,412,141,1322,700,814,1007,470
568,1112,931,310,836,875,200,805,78,581,54,1246,853,1224,309,1310,852,855,651,962,1036,802,475,982,924,1108,1037,860,989,767,1039,1330,1238,1208,1272,325,961,679,1107,354,515,842,109,1269,1251,823,375,202,818,206,1249
801,473,657,327,825,38,571,159,116,1297,1288,648,200,12,233,795,50,211,1153,1090,973,453,522,1228,1366,784,260,41,704,1099,167,971,677,844,592,803,239,1187,730,158,641,1056,649,564,1111,1303,1261,172,1265,553,785
1026,769,1056,219,1205,724,541,829,826,126,69,67,1095,827,273,951,1176,993,862,514,201,1014,488,1032,1108,1210,1297,853,279,684,861,211,1115,1025,1262,396,437,392,650,1331,60,1122,714,283,1354,802,551,458,1267,438,507
962,1049,1327,140,1313,385,1253,1185,449,1038,125,680,889,1322,260,153,731,76,1301,93,1250,735,77,1317,1339,546,784,463,1321,470,1000,1021,616,1199,720,474,707,1279,461,1335,387,252,900,1045,1025,149,218,957,893,822,355
768,687,445,143,973,1052,691,440,447,406,688,261,518,141,977,982,412,258,270,442,800,509,1204,385,649,378,616,516,1327,1139,1018,28,1286,996,1026,613,965,24,403,1321,417,145,17,427,397,32,701,1041,464,1161,1202
1320,910,1241,1211,302,1221,1239,923,1248,248,862,1219,790,864,1205,810,1217,274,284,748,1058,1223,787,490,819,1262,295,304,1277,181,59,1208,912,1245,193,319,582,780,305,1190,1141,1309,211,492,1246,824,854,197,176,764,806
173,570,852,1127,1152,59,1238,775,66,504,774,842,585,861,1247,870,780,1236,604,1262,1200,950,1259,583,60,329,769,211,584,233,302,423,1143,1219,846,522,1131,841,863,314,319,862,860,1213,1270,238,854,536,1273,803,292
1209,1052,977,258,1204,687,425,406,385,636,16,93,138,1292,1293,1026,1019,616,34,261,532,968,634,1310,28,397,412,442,430,1321,965,387,426,440,976,424,700,1161,509,140,142,590,20,470,271,141,1041,1042,24,380,628
16,93,518,687,1292,1052,973,345,1004,984,403,1321,417,1287,677,411,470,691,402,452,965,636,15,1005,1029,110,960,545,613,1161,319,463,551,968,814,258,261,248,274,697,440,220,6,428,381,514,720,1169,576,103,980
33,478,965,1038,225,661,100,390,1018,279,1014,800,1116,623,768,1102,1114,655,994,1019,1176,779,110,451,1173,398,127,703,273,468,535,445,1025,1312,752,505,1063,983,364,654,970,133,310,749,1154,815,266,393,1139,251,287
684,35,427,703,258,159,442,411,445,426,1052,514,32,1313,20,706,266,406,509,141,464,472,784,1286,260,149,985,28,148,38,136,614,1324,1047,1226,1139,616,973,30,617,700,1202,1099,92,590,448,438,385,669,1018,381
951,464,1099,703,159,1041,1286,470,465,427,271,35,445,975,442,411,1195,985,261,1345,166,732,36,1324,148,815,136,386,616,641,138,700,421,260,532,449,561,266,1123,77,1292,258,1092,544,327,448,378,472,701,17,1300
1006,518,99,286,425,491,383,617,403,1171,1340,402,1342,378,1175,675,271,176,1153,916,996,364,381,9,698,254,35,415,465,687,447,409,567,464,1316,568,1292,15,292,319,971,460,405,1341,419,159,411,1122,389,469,1030
284,687,149,25,1050,729,378,1173,965,250,516,164,1175,1053,712,145,1047,1014,1095,980,1025,126,259,1046,148,1328,1062,982,18,655,1098,273,47,409,161,454,768,991,20,253,1057,447,296,294,1114,532,401,1330,805,779,643
232,445,30,590,385,996,426,350,406,431,1287,425,614,1026,687,143,1204,24,258,125,968,507,1202,613,516,389,683,9,1038,141,509,417,403,528,116,514,980,973,1327,390,666,1299,136,1315,518,1300,38,20,429,1286,1082
6,30,409,1052,616,18,385,252,613,391,16,34,380,258,614,270,364,149,459,433,454,779,472,996,1325,426,430,381,25,445,425,397,406,693,146,1019,126,814,510,350,439,703,1327,108,424,980,378,1286,1139,649,516
714,986,1247,775,325,1236,205,1228,823,196,257,803,853,878,583,1180,836,44,777,593,1143,1263,837,289,596,834,524,808,311,574,840,1141,66,592,806,866,166,70,862,522,670,827,832,981,825,858,236,1246,332,565,86
1138,464,703,118,465,17,43,274,1342,1341,1097,491,36,41,487,230,459,725,412,172,469,429,421,1091,1153,1025,234,425,1165,568,282,149,268,729,992,657,543,535,918,1335,264,391,981,706,99,722,810,253,1090,1058,1101
1195,329,1174,703,704,585,1058,973,910,197,586,701,427,835,683,1056,60,1135,320,583,1248,411,1295,1364,570,325,1191,482,657,196,543,1082,1113,859,916,327,1289,44,780,65,1129,844,1228,276,636,201,566,1051,981,1239,592
1188,1246,310,819,208,1245,827,332,238,803,1244,1068,301,1140,524,924,1209,1270,47,577,864,1210,553,317,46,1037,868,859,1033,760,1116,221,846,861,1136,311,206,581,209,205,1263,1266,178,554,1114,1271,1143,777,1213,257,598
919,616,703,687,1204,1023,617,261,143,445,1286,919,167,729,1050,1139,684,116,965,447,438,142,442,805,464,409,25,975,253,415,164,378,717,614,249,680,817,1292,1202,268,1092,430,266,454,126,108,1312,1324,649,17,9
556,1247,823,60,1239,1238,862,565,585,1235,854,604,841,1248,104,878,302,1270,595,802,1241,1246,1259,803,1242,312,197,860,523,863,201,1141,584,846,864,870,586,1056,1271,504,1039,780,839,861,827,849,570,592,1236,61,583
34,1175,4,1023,1090,1099,1032,1094,256,996,1089,675,92,1063,405,1295,1007,268,734,472,1200,87,415,401,452,576,617,434,274,1019,544,533,657,1171,503,225,276,402,1022,380,438,590,705,422,487,502,119,729,950,752,704
776,567,391,409,703,491,661,1312,1056,795,90,714,272,1120,268,749,4,620,804,364,15,478,219,860,815,1059,577,3,469,28,1027,1351,510,590,274,425,704,645,18,378,416,1043,1342,437,100,357,557,1022,1114,1176,775
1297,1313,224,174,642,33,988,714,997,1050,126,260,909,541,1188,929,674,1057,634,460,32,243,378,165,1013,579,388,166,778,149,1150,627,430,286,829,1008,1116,531,1072,1003,1324,537,223,475,1287,710,906,1046,153,1042,481
1243,387,616,77,28,442,35,261,24,1018,1292,447,1202,445,509,703,985,538,459,997,1052,965,617,700,17,1322,385,1041,613,381,1204,1161,560,378,701,518,380,350,266,977,1286,20,412,464,0,1139,706,430,1327,1007,411
706,233,1151,1210,214,803,606,891,321,522,1058,524,574,280,69,1260,1144,534,823,178,104,550,600,283,196,536,357,741,733,1131,558,491,859,179,775,479,559,362,857,529,1248,320,172,1259,325,1130,1093,262,765,1277,711
406,784,439,421,1195,1342,435,425,464,706,1124,1091,475,1202,429,267,36,1322,470,279,509,445,118,172,704,532,491,274,1101,245,1082,983,698,233,1292,1051,1366,649,1094,1176,405,473,657,170,713,1296,448,1017,423,141,1105
1181,826,302,869,861,849,575,570,1262,565,799,816,1238,585,321,60,827,59,555,823,1205,1219,841,46,1270,1245,308,193,733,864,790,1113,769,571,497,1141,311,911,301,845,179,536,331,930,1266,821,940,927,423,1233,329
800,611,860,998,775,1314,583,866,596,47,551,1079,803,197,15,410,522,1290,482,857,329,557,238,283,1307,534,420,194,313,852,558,1128,653,263,846,504,952,402,1341,279,341,1372,295,214,1226,1305,733,496,211,1093,272
1117,261,17,613,430,1052,28,35,965,616,77,628,445,977,385,997,684,93,258,691,509,1018,1202,617,442,975,34,143,32,405,266,20,30,1139,514,141,459,687,387,364,350,561,1286,1029,985,0,560,805,24,142,1161
710,1159,1194,1041,1025,959,500,838,545,1314,1119,1374,74,871,807,512,16,1038,650,408,312,1253,638,742,652,787,264,706,763,1177,138,755,286,94,7,799,372,1274,806,671,581,173,345,1369,1182,1223,1019,359,228,1149,817
1196,1052,425,700,616,454,1327,261,140,380,442,385,1313,125,142,149,28,258,426,17,220,30,1324,1041,628,613,1061,445,977,16,983,1322,397,412,1321,679,35,145,720,93,0,1139,447,427,1029,822,516,997,1292,77,25
462,1312,522,1177,233,314,861,61,1238,312,864,795,826,189,823,774,329,741,536,764,828,555,1206,665,871,583,1190,47,571,57,577,633,502,322,596,423,585,44,54,1332,1200,769,827,311,1140,1171,460,1191,1014,722,1105
667,852,292,860,1167,287,1152,724,1155,570,294,357,705,62,1058,659,847,1238,1372,47,206,714,423,1274,308,197,593,1211,676,275,954,596,890,524,233,286,1270,278,238,749,246,854,267,298,1056,1022,829,841,558,1226,1037
164,518,403,510,385,1047,261,35,429,383,32,997,687,968,276,459,406,9,1139,464,996,274,438,532,143,1029,380,1041,1342,1322,442,449,616,649,706,1293,378,666,1321,427,99,435,118,675,507,91,394,271,389,973,390
792,1344,1099,166,570,502,292,145,44,196,1023,158,198,551,403,472,864,448,126,641,1005,47,835,919,459,1312,1153,429,526,1155,60,648,805,741,584,657,683,1071,1105,1140,159,569,769,315,1175,617,491,148,1259,296,510
247,17,261,350,406,1052,919,1202,1026,1041,445,138,28,141,125,426,687,1004,440,258,1321,973,977,447,616,985,1322,35,77,700,25,996,1020,983,449,706,32,1061,1300,442,1148,703,252,1019,1327,463,93,1047,982,0,533
222,274,93,655,100,260,1342,245,464,1041,249,1313,1324,1195,430,17,1101,1085,468,387,469,766,1038,405,470,138,1175,389,267,994,43,1102,98,425,1049,253,380,1091,752,273,1335,1075,254,590,526,459,225,167,234,353,703
76,1351,25,87,514,429,315,766,553,968,544,518,348,34,110,804,971,649,996,319,1316,669,0,491,381,599,1029,1171,1032,983,92,389,219,144,1304,524,1315,567,643,9,1153,440,18,445,653,818,420,1067,391,581,379
1237,425,406,28,385,445,138,687,706,35,617,417,463,260,691,996,613,1321,1026,977,136,38,544,1012,439,426,397,1204,1313,599,701,449,258,897,679,509,1295,978,700,648,470,1286,514,351,77,266,649,1292,1311,271,590
874,1038,234,655,459,411,425,1174,768,784,510,697,164,253,470,1168,725,442,138,30,703,108,983,149,1005,444,38,636,18,118,378,219,0,954,981,437,1171,447,220,1041,230,133,398,1355,977,994,1032,455,704,660,106
88,425,445,687,142,258,442,385,1327,261,138,1052,1026,1322,406,145,463,449,976,35,1019,447,997,628,614,613,977,380,424,394,478,1300,1293,980,24,697,270,28,20,38,1038,412,459,973,32,465,1061,409,468,350,430
625,867,67,1246,846,104,861,1240,375,823,583,853,1241,799,1270,210,1210,59,872,834,863,1269,864,1262,1256,206,847,368,211,841,329,1271,839,650,1239,780,1238,857,802,371,592,1235,966,859,328,871,854,581,777,1237,64
524,1022,469,862,400,302,294,1239,775,923,1050,211,1068,1,268,1141,698,111,916,312,1200,1051,305,487,1211,986,1190,823,817,1242,669,1099,1171,178,133,753,159,1270,109,1177,853,1053,423,592,1101,391,1011,402,327,317,524
223,616,406,613,1052,385,1161,0,1026,32,261,447,700,1327,1038,459,996,381,270,977,380,514,509,982,975,417,9,145,973,1019,378,138,430,454,1324,442,1292,409,24,968,805,516,390,1202,411,87,433,136,315,412,1314
12,445,411,1204,380,666,472,416,276,968,18,532,1310,381,996,1316,1012,1174,983,409,1315,704,510,415,1292,1161,405,390,383,258,675,1311,425,1194,442,1162,223,673,616,389,136,439,1014,35,341,91,315,118,403,507,973
872,406,616,261,700,613,1052,16,93,28,258,125,977,447,1204,385,701,532,30,454,397,459,1026,1018,687,34,1293,35,442,800,0,77,449,378,985,1019,24,628,409,253,9,1038,973,1292,140,997,1161,706,252,350,703
100,425,258,383,977,28,442,429,1046,385,25,91,1026,968,1311,261,996,616,472,20,1310,975,613,448,397,141,1292,378,514,9,1322,973,438,32,984,700,393,1324,315,1029,427,390,1019,649,406,440,403,1204,119,518,532
1025,60,841,67,714,864,780,583,66,861,1262,62,577,852,553,535,1239,87,1152,854,1238,829,581,1259,292,840,1258,1149,775,1014,312,319,1190,825,302,1113,835,1155,44,725,1204,823,592,335,1263,57,1265,70,1242,491,1058
1168,287,874,325,233,357,61,855,211,585,824,1241,1344,1167,808,194,795,582,1132,1127,870,491,762,1226,292,1125,314,308,1141,1136,328,867,792,338,1261,282,85,1369,593,866,1238,170,748,1151,1354,733,769,737,65,59,254
1163,1175,447,1328,149,997,684,1287,0,620,533,628,720,266,315,387,984,1327,364,1046,141,385,1052,252,220,1321,219,729,403,468,954,463,687,1204,1005,976,1139,982,1041,1050,801,973,400,980,616,649,28,100,224,742,785
561,1140,287,233,482,826,835,712,741,861,816,61,328,1136,819,329,852,279,325,570,1238,1235,583,314,841,1222,803,1084,1131,970,1271,577,1236,543,840,81,205,774,389,1312,829,799,876,1206,1102,818,1173,1171,878,775,251
583,878,823,592,1228,44,641,67,1235,325,74,109,1190,816,802,1238,1272,844,557,1208,211,595,1225,1132,662,202,559,828,1239,371,146,835,62,329,741,842,1248,799,704,312,852,791,855,861,603,1140,1265,854,170,331,670
783,522,554,570,289,777,794,782,823,1110,1237,197,302,1353,818,575,57,547,555,332,939,840,1360,213,1210,178,835,1238,930,836,799,1093,879,825,312,1366,826,1213,598,109,69,1039,1068,1265,927,811,214,933,1119,950,326
1310,1046,445,141,385,1321,261,1327,258,1005,17,509,919,425,628,1324,976,1204,1070,252,616,143,125,984,142,973,468,982,918,447,1322,617,977,768,896,438,1299,996,1049,1041,805,1023,649,965,145,459,1018,137,1026,397,270
600,823,777,603,1272,862,1269,816,214,571,849,522,1228,1180,312,827,324,879,329,320,1252,803,569,581,757,846,794,861,1141,1371,596,210,570,607,864,1248,372,1247,1238,659,1365,558,878,536,4,1366,845,1206,59,835,63
133,30,425,430,141,427,0,984,350,24,20,973,449,442,138,518,514,17,980,1019,405,1168,463,252,1292,35,706,6,666,655,255,445,720,996,986,136,981,429,417,614,143,118,1324,15,613,93,1052,1304,448,1174,16
1171,281,491,705,233,714,543,1022,438,67,329,429,275,1056,998,1169,279,871,294,1138,1129,1136,243,1152,775,1187,795,1239,465,923,214,253,403,482,47,749,732,916,1099,829,860,583,1372,671,592,1173,110,1238,1094,908,791
982,1092,1127,196,919,435,676,675,805,609,751,18,1120,1297,1010,1080,1083,176,1355,415,292,357,1239,990,704,1123,479,1270,662,341,1348,1105,745,1167,791,1259,583,729,454,509,522,1140,524,1316,1141,644,1371,597,233,741,410
1256,252,430,720,387,1018,628,125,1003,31,394,149,1291,1292,40,1321,406,688,1014,1000,693,15,1195,49,426,157,142,1129,1327,353,378,439,1067,270,980,41,455,752,1086,409,1005,1204,143,253,779,459,982,679,437,402,411
595,862,823,357,1277,1270,737,1223,376,879,175,609,60,689,233,1056,791,307,103,522,867,178,102,824,738,806,775,733,803,606,946,575,1151,197,844,179,1259,757,1155,1084,1226,593,1275,623,96,834,827,172,238,962,777
407,425,703,141,1286,38,1176,779,616,784,36,158,253,350,918,274,143,470,1292,454,817,159,145,464,426,164,532,1023,1139,1296,243,487,411,270,655,268,180,438,617,491,1312,465,445,533,352,722,30,980,687,1355,620
998,683,522,506,273,606,680,617,1108,611,150,1012,1143,678,997,148,379,826,730,518,803,928,266,44,934,403,1093,599,524,824,412,1332,196,295,569,1,562,279,531,102,305,1148,317,808,1068,984,50,325,842,772,1042
440,1067,1312,741,1265,1211,25,225,756,1127,1333,1050,757,1171,559,835,593,12,827,846,662,391,854,497,1248,133,376,1157,1242,1141,842,714,569,558,823,1055,214,1266,1091,325,126,581,923,557,1252,785,639,196,1037,869,224
107,28,261,425,617,440,514,383,143,393,445,406,984,91,9,417,679,437,1161,1321,662,426,973,1324,409,977,389,136,390,815,381,1311,1287,518,976,996,16,472,1139,117,270,1342,447,90,666,991,614,1202,697,415,1292
80,687,617,141,544,411,383,401,390,518,649,516,9,435,403,402,136,409,108,982,381,1168,91,400,669,805,968,385,991,1292,453,433,440,424,1029,1052,514,628,448,143,815,634,144,1311,92,704,18,0,276,425,785
138,270,447,973,1204,996,616,984,977,258,252,509,32,403,649,691,1311,1026,9,17,1019,1052,464,1292,684,394,1029,440,982,383,30,20,261,472,1046,406,1018,25,706,28,514,140,814,136,35,518,145,784,442,1005,1324
497,50,478,1341,274,498,771,1213,248,390,472,567,1200,715,99,391,1143,383,1152,491,47,278,1136,451,460,487,758,287,1316,1135,666,1099,62,1312,1128,304,403,168,1059,423,1340,411,1176,1082,790,774,497,1241,714,427,176
251,687,1161,258,261,996,1292,30,977,1052,590,1311,1202,1026,350,143,9,91,968,649,1324,28,435,390,973,268,438,1139,1204,440,35,138,0,532,613,544,140,1019,981,141,1287,634,617,417,405,383,1320,700,472,1310,509
983,611,1092,620,778,261,705,50,1059,1113,294,274,1023,322,675,224,829,230,66,1314,141,1101,1292,717,491,18,557,1056,176,296,1105,139,1022,984,1345,41,468,662,694,1263,438,1236,919,233,248,864,1010,1239,802,1335,125
940,315,613,1204,1026,968,399,687,516,720,684,108,507,380,476,1013,1300,509,412,616,385,390,424,636,417,1027,1318,543,982,1174,381,1036,1005,1295,270,394,439,634,1020,386,398,649,225,1313,234,117,447,442,976,1031,1168
925,1204,425,977,1321,800,258,1029,35,143,1019,973,447,261,270,230,688,397,1139,703,1148,124,140,701,1311,253,438,141,684,455,149,406,725,616,20,687,968,394,706,1018,1061,442,403,443,348,628,1004,1313,1201,1174,28
1055,1327,1076,1328,1049,1004,404,277,1185,42,1203,1078,1040,731,1250,735,1350,1339,640,932,1301,720,474,17,185,1052,904,963,537,1195,128,222,397,717,1374,1322,353,501,1199,1324,385,414,426,622,612,1298,1338,900,902,355,895
112,916,1246,66,505,304,329,922,859,757,819,908,776,846,823,1236,864,197,337,319,1141,233,205,1270,852,1127,867,1241,769,856,485,862,795,290,878,753,469,61,761,1230,1249,793,70,857,1259,714,581,341,816,577,295
129,20,1204,472,406,977,442,411,996,425,982,35,514,649,1026,516,270,138,30,510,687,28,454,409,18,117,447,378,0,679,424,141,383,440,616,93,1310,617,381,380,435,433,1046,991,400,688,25,980,628,17,116
640,1246,1258,1155,1270,86,1278,1158,1211,291,325,1102,62,826,780,1067,825,57,835,581,302,1044,764,67,482,1236,1127,886,1111,233,827,329,1209,762,1266,582,1271,61,1130,823,1238,1275,1223,54,767,292,1217,829,310,1274,1239
136,214,1137,849,1218,873,933,524,823,1100,504,1371,486,70,175,317,776,1223,837,877,215,623,816,596,530,888,1209,54,824,493,853,1210,883,801,870,750,1248,1266,952,178,891,689,1264,811,160,924,869,423,1270,871,450
7,514,1067,20,25,136,472,951,1316,864,972,1007,1315,383,109,448,1068,1022,320,815,214,991,425,1056,1219,158,653,979,583,581,1304,60,790,327,250,996,624,1324,310,411,384,119,852,842,669,133,982,201,268,643,821
488,1056,60,584,292,780,1067,1270,841,1239,1058,570,864,604,802,1247,67,302,1304,553,1238,320,62,1271,1258,987,551,581,861,1022,14,829,1146,175,325,284,304,504,558,559,565,276,1158,854,576,487,878,771,860,1236,824
27,518,383,18,319,9,472,410,553,1316,1161,416,403,544,980,666,219,315,1014,437,438,296,854,455,514,507,968,381,87,1314,1168,1176,389,1292,398,92,841,1012,535,35,401,91,1315,981,1287,364,304,1051,386,576,116
1223,800,454,965,445,425,28,1038,1052,138,406,687,468,30,1026,1322,17,440,258,145,143,732,1327,412,1299,614,1070,636,381,703,380,982,1004,680,973,449,447,1018,975,470,1286,1300,409,394,234,814,1345,700,220,430,315
332,425,426,469,159,1291,161,815,327,158,585,991,421,494,1171,823,571,984,25,320,274,790,648,1007,1172,1153,1337,400,189,757,1228,17,669,352,1140,590,20,149,514,561,703,565,260,828,296,470,693,1052,314,261,453
942,1175,689,419,1286,274,329,43,11,1049,864,224,655,826,1187,1168,234,498,245,296,276,646,273,1005,394,349,423,166,468,463,356,158,1335,420,784,997,146,1191,785,1327,714,1172,865,986,1217,21,430,825,649,778,152
1293,1341,1124,43,1065,12,542,274,30,1058,694,1130,717,948,98,749,673,1154,278,431,491,369,445,158,1340,141,282,1219,198,920,325,1092,480,838,1029,139,85,1247,239,547,1246,268,451,1112,1201,1135,487,912,1063,1352,683
193,410,954,1318,750,688,1052,976,691,141,425,648,518,1135,1107,724,977,666,1349,225,1355,687,1008,636,406,339,697,148,121,769,663,1002,634,426,1204,446,1004,409,1067,874,127,1068,673,335,67,1194,1176,985,286,248,815
305,50,1314,1300,406,387,954,616,752,1029,65,2,688,681,1343,682,345,1173,556,1052,504,1352,1341,0,984,648,1189,1295,403,1018,417,41,969,9,125,426,1316,389,35,544,552,410,543,1093,557,350,478,183,472,679,503
248,425,445,687,385,261,973,406,1300,35,1321,17,1313,1324,252,258,985,125,9,32,613,996,24,1311,447,1320,472,538,138,459,136,397,30,77,140,0,1019,440,463,381,93,350,732,255,454,34,28,380,1041,800,387
59,1162,1068,433,477,158,1176,620,972,392,531,1011,251,766,753,1051,790,1316,969,986,1063,96,1312,451,655,238,243,714,562,410,1245,1050,988,389,702,557,815,1002,153,273,852,349,329,1020,1190,325,234,119,1360,826,453
1001,270,440,141,87,657,447,140,429,25,614,419,975,996,1201,532,824,1032,526,138,9,445,470,92,617,984,1043,412,315,433,815,1063,725,437,708,1082,425,992,1320,118,453,1031,700,805,159,35,17,44,405,514,1090
1034,33,438,1176,426,1018,1247,383,1056,459,703,522,675,251,1139,1297,815,805,752,954,254,405,119,393,1291,364,1059,126,121,111,1099,1114,136,259,1038,694,1014,1328,991,975,92,662,929,656,725,146,918,87,1145,613,390
143,1292,680,424,669,1291,448,44,614,684,463,416,1014,1005,805,18,225,196,784,409,1304,148,538,991,1168,430,21,1173,557,1068,1032,585,381,110,1012,472,648,919,1300,687,644,691,558,435,998,271,634,116,270,1140,425
423,912,586,1238,505,907,775,522,289,166,596,165,290,1239,524,925,922,806,319,584,296,1141,823,558,583,570,834,1190,1247,460,1219,1008,793,757,1213,1022,866,1036,1236,304,536,1146,774,14,857,1277,22,993,825,1153,1191
915,426,93,1052,680,1313,800,140,1320,526,1026,220,779,454,700,614,628,706,590,430,153,468,975,258,348,125,459,1049,30,253,117,996,703,657,149,684,241,35,533,1072,1295,1195,90,1145,17,463,28,252,260,34,446
596,329,214,70,72,1371,877,930,580,870,596,793,855,862,242,846,366,206,1237,950,1369,63,816,194,66,583,603,935,375,782,504,863,600,493,328,62,368,1120,943,292,1142,1238,1274,300,1093,178,370,575,264,860,823
322,28,274,703,260,427,35,968,425,406,985,1292,252,472,445,514,149,383,1295,1286,1341,1089,977,138,590,41,141,439,973,742,50,465,1027,1139,1313,411,616,435,438,684,1310,266,442,91,691,125,381,533,1148,1043,93
52,1052,616,28,977,459,387,687,700,261,385,430,30,454,426,442,985,17,220,9,688,628,691,142,613,138,1026,1293,93,1029,20,0,997,449,686,260,800,1322,1041,143,397,1204,701,24,973,1139,140,684,266,252,509
912,1003,425,426,252,1322,1328,149,17,385,461,655,1018,25,24,720,687,145,125,1124,468,985,406,965,1025,1286,442,136,616,253,38,509,260,729,1342,430,703,1042,294,1076,1292,245,1306,1050,224,20,978,1067,153,1085,353
824,425,985,613,445,599,394,469,1161,427,268,447,975,276,401,701,678,700,636,170,384,273,514,403,725,1202,266,452,1019,1094,412,871,698,100,422,954,553,681,708,1119,1136,400,438,714,448,1340,470,429,327,415,356
71,119,518,1351,440,425,445,389,261,918,1161,975,28,804,87,92,977,641,976,393,437,220,32,1293,514,405,983,0,30,516,25,666,34,16,180,1038,1318,815,617,24,1139,1026,561,613,1294,616,655,409,390,495,981
1197,258,380,24,220,35,1052,397,616,904,973,406,445,1293,1327,426,30,1041,1040,142,779,253,1292,443,1037,0,336,454,9,442,909,1078,613,977,963,1194,1203,31,398,428,20,994,759,17,1049,1320,32,822,334,395,1042
211,1327,1175,430,389,152,119,1046,93,463,1003,1076,1005,1173,24,743,99,1050,419,784,149,1335,230,141,378,380,117,1000,991,1287,116,137,1004,1307,982,4,815,1322,720,535,224,1292,518,687,951,1018,996,459,1194,447,918
1210,472,383,805,405,1056,487,617,544,126,390,425,250,518,259,641,1304,692,1171,553,675,261,440,429,110,416,815,676,1037,411,1310,791,653,1318,785,491,87,143,274,824,448,916,989,91,752,392,1012,165,389,219,99
309,409,425,383,32,973,703,518,364,687,980,1287,406,996,514,1139,1286,0,148,617,1316,447,1311,919,403,1148,1341,1204,143,478,35,410,470,968,25,974,468,683,1292,381,91,1324,351,491,516,545,437,385,415,1041,558
793,859,795,920,1144,921,1233,754,650,803,104,846,69,581,208,337,95,197,1246,827,1160,179,329,856,871,408,314,577,916,863,799,586,1141,879,456,910,357,923,780,930,214,70,866,756,875,775,861,1270,228,549,496
1235,103,1119,287,567,366,1152,575,365,635,240,72,493,265,254,1044,278,94,435,272,1033,336,501,535,217,328,955,483,1329,1302,723,1118,681,990,377,1139,971,1103,273,492,1167,922,0,67,310,19,78,904,502,1214,209
264,687,425,1049,616,380,977,509,406,447,1041,149,412,445,1292,258,28,617,976,463,1161,268,982,996,427,261,613,143,628,132,614,688,1029,1328,1286,1052,636,138,417,1045,142,768,965,440,390,968,270,397,973,145,1003
1172,1093,945,1055,293,456,644,962,527,711,1198,1280,967,522,1081,942,1170,782,483,39,105,529,109,805,1098,497,946,928,194,479,536,1164,374,1051,913,1190,1101,214,790,702,949,1362,554,242,723,1363,930,551,1197,958,1010
522,274,50,507,919,724,918,675,771,1099,1132,551,649,864,287,557,470,1336,116,1238,896,448,1092,275,167,1312,1056,498,742,1047,1023,570,795,533,824,1344,1287,1328,1221,1082,1190,58,465,1187,844,1113,1223,648,1146,1341,480
738,1100,969,930,121,972,310,915,493,575,1126,694,209,81,374,1103,283,601,226,122,547,891,504,551,917,702,853,55,1294,584,870,794,1074,1036,129,837,539,524,927,823,1116,313,301,740,1290,782,522,1228,1237,175,967
117,954,723,888,278,431,1081,284,752,849,230,486,1334,766,1313,279,121,294,938,887,837,76,73,796,1128,1045,418,716,504,880,216,699,32,791,783,305,1110,1346,485,407,1366,16,1292,1249,47,23,83,869,539,1183,1142
537,50,743,551,1134,623,1140,331,283,175,197,495,272,1304,338,437,1341,1205,586,777,738,522,970,1139,570,110,733,364,762,923,927,487,1213,1277,497,107,1360,550,211,621,498,119,292,775,554,774,1241,410,561,127,641
109,425,459,385,1324,996,1202,28,93,140,380,616,440,0,77,426,463,261,706,703,1052,991,965,153,449,1004,687,470,387,1311,691,1322,1286,1041,982,138,447,35,1300,116,350,1003,166,1070,1310,701,617,1007,271,1321,351
1102,1049,720,616,380,1322,1173,412,139,533,734,1327,447,985,1321,706,994,459,983,153,997,140,1107,245,1047,558,76,507,676,532,694,632,1089,954,35,742,1036,430,452,145,276,161,674,1076,350,495,1082,503,426,41,243
1255,465,1049,785,447,274,468,1076,1204,1292,491,353,143,463,473,99,482,470,1094,1101,167,268,987,223,38,550,844,276,1090,1091,752,294,1328,100,705,270,85,666,429,438,1342,1335,60,509,1129,464,1025,585,528,147,1022
1050,762,299,1113,1014,1245,325,733,582,1259,179,1222,1247,1144,497,981,1051,1255,824,1246,790,764,1125,1209,416,1067,281,1179,339,1263,798,1211,206,834,1146,1167,190,323,786,1044,1244,56,595,767,760,1130,1325,607,423,581,593
894,1223,329,864,819,312,71,823,1235,942,1371,1270,570,1210,1259,1266,799,1152,310,210,1217,1190,313,66,777,1265,1275,1246,1106,1276,1262,1191,778,757,1368,1261,600,869,575,593,62,213,530,236,1219,1264,1115,1187,1271,206,802
1224,1052,28,613,426,616,445,997,442,700,261,252,977,1327,35,258,385,430,397,17,1322,1204,965,1324,1018,93,136,720,463,1286,1321,973,16,0,509,394,617,1313,266,350,31,459,142,628,1041,447,1161,985,686,532,701
249,425,258,440,383,1204,1161,25,385,977,687,1052,405,30,390,1026,968,616,434,613,32,996,381,1007,180,975,982,28,393,435,1046,0,532,447,1029,350,983,472,442,1320,35,614,270,518,433,315,459,1202,448,138,514
648,780,1259,1058,862,66,857,879,104,1265,1270,203,541,853,877,1246,1371,1210,592,861,846,823,607,60,860,852,875,1258,1262,650,952,816,1240,874,572,215,214,775,803,834,964,885,1245,63,776,872,863,1158,1235,761,827
1061,703,514,438,815,590,164,585,1050,973,411,36,795,425,116,1340,400,138,28,91,980,480,614,1291,136,18,1061,152,34,189,1326,1200,620,141,828,578,983,149,1314,1306,687,144,1303,296,742,416,9,1294,167,729,170
127,91,110,411,437,429,1226,15,489,514,1043,416,491,564,986,671,581,532,1168,704,389,617,557,1202,465,487,448,1336,439,30,267,758,38,452,147,677,87,482,65,401,197,425,381,402,435,697,1349,90,60,698,419
504,325,543,1352,758,47,824,491,1155,172,861,329,339,730,1171,762,281,1238,52,504,292,415,1217,503,568,750,923,176,825,827,1341,1102,1014,1030,275,609,1187,1312,550,420,1345,319,766,314,798,1355,233,966,1207,738,774
818,913,940,833,181,945,362,1160,1248,588,717,354,238,1361,1233,906,820,1360,1234,371,1363,761,1182,575,777,905,939,171,209,1117,1144,89,301,942,949,831,823,737,778,1278,827,864,946,961,1280,1265,849,178,1221,872,847
225,1286,703,616,468,510,412,1324,1292,463,1328,447,532,415,982,666,470,409,1050,268,274,429,1000,997,1026,394,1295,1342,440,1014,419,385,509,720,25,649,1090,315,255,0,403,680,141,980,38,261,390,1046,459,417,1041
1251,1152,1219,1238,575,329,866,497,54,504,823,930,58,869,202,193,523,1142,867,103,1022,551,197,289,840,841,175,1155,1265,582,1259,609,198,1235,205,1217,304,854,925,928,623,305,1221,1128,812,1167,1237,1140,319,60,570
283,445,1204,30,616,425,390,443,968,1293,119,518,1038,613,440,447,1046,442,628,28,1176,468,688,1318,438,16,429,1327,617,9,1026,1322,180,1202,270,725,258,614,590,417,1052,268,34,458,1070,532,220,20,412,117,649
653,522,1265,823,644,214,846,827,1270,1228,1210,583,654,853,551,1354,562,202,821,565,970,862,824,581,847,594,860,1219,879,836,964,866,818,776,312,151,741,930,257,547,511,215,1068,988,1100,221,70,575,842,1093,766
1304,88,848,935,1119,562,377,858,958,596,575,373,374,1142,808,199,823,882,1232,928,608,855,517,588,1182,1207,640,952,811,182,960,947,135,782,1210,818,1367,799,522,73,74,282,326,547,577,1248,914,950,190,911,853
660,784,1266,864,628,265,1249,266,1239,319,1146,205,202,1012,1355,944,523,828,67,1235,144,843,866,1122,846,415,714,206,819,438,329,1258,1321,1359,1014,970,862,841,597,351,566,1247,1048,58,1204,805,392,210,1371,836,1177
344,28,445,700,1202,1052,35,616,261,268,430,258,532,426,138,24,1161,977,17,1321,0,266,1204,655,975,442,385,378,514,687,16,985,25,350,140,412,381,679,136,20,590,1324,459,470,701,38,77,666,691,815,991
907,448,18,429,435,951,9,974,1204,405,918,1297,126,784,526,779,319,1303,795,327,1007,1063,164,389,680,743,158,649,459,140,1095,597,1318,421,558,270,793,40,683,996,25,998,93,1032,535,410,234,1042,12,392,1049
126,409,435,968,687,514,669,116,270,567,34,1008,429,381,108,118,400,433,411,401,1173,402,439,438,524,117,18,448,390,403,159,1310,1168,649,996,256,445,472,91,1197,698,24,141,295,489,1094,110,453,1023,446,365
923,522,435,1031,1063,1136,4,383,32,829,405,141,261,1311,968,279,1018,287,1332,1204,230,423,175,977,1187,705,296,590,1029,35,535,67,438,220,480,824,310,1238,973,172,649,1139,167,364,662,425,403,491,676,401,1102
628,50,454,480,317,168,668,1010,47,475,1254,281,495,202,230,82,58,1181,1022,1154,889,46,1111,172,655,732,734,762,1113,914,1142,306,1231,1131,883,1224,941,467,1196,729,262,200,837,759,282,1108,747,1199,49,1127,939
1215,687,387,977,445,385,518,1204,616,1322,996,1311,973,24,447,613,628,93,28,1292,1327,1310,394,406,1049,982,688,258,449,1342,143,0,417,1300,1046,397,1287,117,1324,425,463,997,399,1005,9,1070,16,1320,403,389,35
281,1342,1041,1286,1322,429,464,616,1082,159,261,447,1092,1091,1099,1050,380,1001,687,1300,427,385,1025,414,1172,174,149,785,1046,1026,17,732,1345,167,163,1312,274,99,38,1340,1045,590,703,141,1292,997,1090,532,766,1335,426
678,583,775,592,853,1022,317,584,487,305,205,329,60,194,328,867,1259,547,67,825,818,491,197,248,72,834,569,151,109,201,603,570,292,536,704,1267,1226,1141,522,110,863,482,890,524,604,791,1155,609,841,852,65
635,1022,753,655,1262,852,823,592,158,1228,534,335,780,853,66,106,72,1035,506,779,991,433,166,569,170,487,157,1258,575,464,863,1340,294,662,862,790,320,785,1243,846,136,109,568,816,1014,341,460,1127,104,353,68
53,28,613,1327,463,406,1049,430,688,17,220,141,35,426,533,31,616,258,99,1076,800,977,965,447,142,700,445,982,77,1003,397,1046,978,464,1322,628,679,274,1195,1342,720,684,253,125,652,1004,136,427,425,1286,385
791,1128,1050,1219,103,740,860,294,305,566,583,58,63,479,752,1191,1030,376,415,289,576,482,1009,1131,1270,64,216,1230,193,789,477,1162,1113,243,1036,341,1118,329,1099,721,1173,320,528,835,749,1314,1262,497,1228,565,105
992,507,389,416,403,968,544,557,558,617,997,391,472,14,399,419,386,653,1328,479,1315,1296,1287,390,1056,476,1289,65,1305,465,425,139,996,1093,329,276,364,804,762,551,320,896,921,1345,524,1312,532,274,250,1008,271
552,1209,1213,1255,1245,326,952,574,302,1241,1039,1055,554,802,366,321,864,206,59,589,547,591,308,1208,1,868,529,570,1100,1363,304,324,847,931,875,1210,207,1259,317,806,1147,104,310,777,930,522,337,368,803,307,105
1013,701,675,435,425,238,274,438,954,381,693,1082,742,705,1099,276,394,417,724,706,697,219,426,468,423,973,1119,469,267,783,725,716,649,480,1023,1286,1318,448,92,299,1094,739,87,93,1167,915,35,389,531,676,1092
341,425,24,253,700,442,449,445,1041,138,140,378,981,118,459,411,616,17,159,41,406,272,1038,427,261,20,164,149,435,673,666,34,1194,25,220,77,409,429,438,977,1023,1295,491,258,898,142,628,703,472,532,706
1095,383,405,425,149,440,141,703,258,1242,1007,472,25,4,687,986,1052,968,1332,389,662,378,1089,1176,0,1316,1162,159,411,136,401,393,412,532,1063,616,385,617,270,268,1295,1292,805,1115,87,381,649,557,835,441,263
970,149,330,997,394,516,255,999,478,425,471,905,157,33,220,731,1351,1286,1038,426,1023,230,387,743,170,1143,994,720,622,222,682,833,247,173,1229,1288,252,1253,188,1356,1108,404,674,1154,568,77,1028,273,225,440,27
954,785,419,453,703,141,1063,1038,437,864,148,581,618,87,1295,119,585,522,991,389,657,152,551,164,553,795,784,158,1366,468,1000,577,424,648,1095,429,1175,825,1025,92,1060,971,571,590,1120,768,1312,803,390,714,984
1021,1270,862,823,1208,592,1262,1371,846,852,536,1112,859,799,802,1259,816,1248,875,1266,775,741,847,1238,205,863,1226,864,857,584,207,834,840,1233,780,202,1154,65,67,575,1191,112,600,210,504,70,595,866,201,236,104
1059,768,220,308,725,1154,889,1111,1102,943,983,154,534,1014,1182,1184,852,976,208,301,1274,1098,1073,219,1053,1302,1162,866,225,739,1025,988,549,48,998,1270,939,1229,215,831,36,611,693,810,110,1016,539,343,922,1174,1175
695,439,268,245,784,824,270,918,997,750,287,28,117,701,143,1114,447,921,748,464,93,341,9,795,1136,507,1195,131,149,667,177,442,1082,934,1132,687,81,438,649,1050,1204,1107,351,1171,448,1345,243,160,1148,1092,141
1325,687,380,973,1026,1287,1292,1076,385,510,703,1327,614,119,1204,518,1296,1049,108,470,149,509,1312,261,117,417,965,968,717,1161,1050,997,447,1070,1174,389,32,1295,1019,1041,99,437,116,463,1018,655,994,720,106,454,1342
669,1014,258,1111,636,613,220,1118,1174,1038,219,837,57,975,1122,1258,1204,1175,1249,1083,1241,1102,751,577,276,1120,582,628,8,63,1229,1149,427,226,845,494,210,1070,1050,1077,463,1143,1320,198,876,682,1245,389,561,364,1169
70,890,281,596,343,1277,298,75,737,883,54,465,568,1117,179,952,1369,872,910,68,102,607,602,53,337,104,1257,874,338,891,285,899,317,587,1372,1240,930,334,873,1141,879,278,827,1079,892,1274,72,308,880,882,735
274,220,445,35,628,653,252,951,0,1018,243,257,954,752,447,25,829,406,533,364,315,110,977,448,141,1031,1049,965,1050,654,1318,675,378,1173,253,1316,426,714,143,454,28,429,590,984,1293,717,389,440,407,1321,1054
1282,261,1313,1049,406,447,412,1322,1327,700,616,1321,140,125,385,687,143,1038,93,425,145,17,28,1070,454,1041,149,1026,982,983,1025,1300,976,1287,1320,426,380,1018,532,965,680,220,30,387,1020,533,614,142,686,141,980
49,616,445,1292,425,385,1313,613,1161,387,1026,1052,381,996,1204,28,1300,1293,509,518,1327,628,32,1046,1320,258,1041,138,1061,720,968,442,0,634,426,994,417,516,409,463,145,430,982,1295,433,1286,1202,510,977,16,679
288,919,1342,17,140,687,700,973,270,32,141,455,378,445,430,118,1287,1314,980,252,106,315,1293,1321,815,350,91,514,1005,985,441,472,669,433,1194,1312,996,438,742,143,1029,447,655,425,1043,429,448,380,126,411,383
744,826,1259,302,312,304,1245,522,1239,201,551,570,1262,571,317,66,60,862,871,494,1241,1177,878,423,818,1053,864,714,1312,582,1265,1153,1247,823,1228,400,1131,775,866,861,1205,1068,536,863,795,633,620,1200,205,840,529
51,261,406,616,141,442,1026,613,125,1052,687,258,32,378,430,426,28,350,1041,447,449,459,984,38,30,628,454,975,684,1038,509,516,1042,142,387,973,143,138,1300,706,1061,77,977,1018,440,35,0,617,403,532,87
1024,522,758,775,1249,818,233,750,236,423,420,69,823,559,1373,611,1116,1312,104,952,803,287,1247,837,802,482,66,592,329,1259,853,1014,678,1114,81,593,1370,836,292,770,45,930,786,598,550,181,748,951,389,44,225
1039,1113,954,67,704,1211,416,784,1047,1254,62,583,852,864,514,405,741,1351,1304,871,92,87,1271,971,585,1258,862,448,714,383,1297,805,584,1318,233,1187,1177,176,1038,1056,468,1118,824,180,271,292,315,1022,1084,553,662
1062,253,142,454,36,426,1038,703,149,1018,16,442,261,445,260,141,1041,108,35,690,425,220,167,1321,29,1313,900,38,424,977,1023,405,1034,252,1328,752,430,697,693,126,516,475,234,406,611,449,255,378,1085,219,548
903,261,445,1204,411,93,438,35,1202,406,700,636,442,381,617,383,390,1176,403,427,30,975,518,1161,440,804,544,1139,24,1019,0,378,389,1318,20,725,351,25,996,1029,87,691,405,532,561,350,472,613,464,429,649
852,620,954,805,1022,87,383,144,429,133,1168,390,514,92,785,662,653,992,1336,1162,438,453,440,400,860,136,524,111,971,448,391,661,669,1226,1304,852,219,164,1340,643,1031,823,1259,378,159,1297,1060,621,1288,1127,996
240,583,1297,780,775,524,1259,1177,584,320,453,766,1200,557,825,201,1014,1051,531,1022,233,357,1312,852,15,803,289,164,1246,460,472,429,1097,834,329,22,714,292,104,1131,433,861,553,256,1058,585,993,1197,319,910,465
900,687,1293,1204,1026,1310,973,996,20,258,140,1161,518,445,381,1327,350,994,142,116,968,1287,1324,32,1292,454,1041,1313,532,440,119,628,680,447,143,634,977,470,438,1174,0,975,1311,613,1005,425,271,393,412,138,434
345,445,425,687,385,406,996,1292,28,1321,1026,409,616,977,447,0,613,1327,397,35,628,1046,976,380,1041,149,1019,141,430,614,140,1322,261,93,973,20,403,350,17,142,143,1029,472,1038,32,1324,896,965,381,814,532
870,252,997,463,688,385,403,965,1321,701,260,691,1042,538,1286,149,800,994,1195,693,1026,1148,397,1038,533,426,274,1052,445,686,1005,258,1018,1204,720,476,516,425,1324,1004,1045,1185,414,649,130,1003,616,220,145,459,17
296,1141,168,85,737,275,1130,772,1110,66,1113,1111,1084,733,1278,1127,1075,513,1270,736,738,1158,869,362,802,1076,1239,86,864,819,408,214,366,1333,1131,1151,1360,1262,1233,1260,650,1308,1200,744,1122,1341,1112,203,1353,196,496
599,1113,864,1239,1208,1056,66,62,592,825,1246,1177,852,1211,871,1238,203,857,233,583,581,1187,802,236,827,637,853,522,571,1022,863,325,1371,292,819,780,205,1140,1258,1266,326,210,1249,861,584,1237,1271,1228,878,846,319
719,1259,1270,1140,1219,847,211,824,329,197,176,834,391,1022,1248,1152,783,879,1265,1056,1372,320,523,289,1167,741,1354,175,553,858,1099,103,593,1336,490,522,504,865,854,1245,1141,1191,862,1211,810,435,204,583,756,429,1217
996,50,758,491,775,1341,158,611,522,34,648,278,784,597,110,47,1131,497,60,478,283,108,489,1228,565,535,821,853,1153,1290,43,433,604,507,510,585,1168,383,524,1259,289,439,825,496,409,984,498,402,126,1366,272
73,268,274,1171,1340,87,119,795,1141,1176,590,598,322,383,1330,405,378,992,1304,986,514,1050,1153,441,541,12,356,296,20,425,1067,898,180,91,341,561,422,1058,673,567,1242,522,391,118,90,545,250,440,1230,675,657
898,425,380,445,1070,1300,143,703,1175,350,1204,387,447,1320,468,641,1061,473,509,1293,470,919,464,439,465,616,32,1286,454,1322,1292,1305,1324,700,261,617,0,395,140,149,1202,974,1041,1049,412,449,443,1342,26,1071,1311
446,1340,1067,146,568,383,683,469,158,617,498,1335,447,965,766,1018,662,667,394,1341,649,476,973,396,1195,817,143,425,448,1153,437,826,1047,274,1136,633,561,268,1219,423,1242,724,641,1314,898,1321,257,244,25,325,818
1254,425,28,616,406,261,613,35,977,447,965,426,1041,385,141,1204,387,1292,1026,258,17,968,24,454,9,30,430,1061,1327,628,509,1012,252,32,459,143,149,383,688,350,220,315,1321,403,409,1139,397,1046,125,684,1202
662,1040,360,185,1250,622,735,1339,222,217,546,759,695,1338,889,218,1279,474,1006,537,731,123,893,404,1375,1185,182,932,548,1282,42,53,881,935,101,904,1199,961,1350,1374,363,1193,1182,640,1301,895,334,957,1203,1253,963
821,1128,312,522,862,1067,1236,991,1171,795,801,1068,60,790,583,741,620,1197,819,1239,233,1173,151,777,211,422,1242,774,46,133,176,1115,146,1340,1341,1113,1364,1248,328,102,585,815,166,1050,808,295,136,436,526,313,1139
587,585,67,36,62,689,1272,867,5,202,735,1219,575,681,110,670,320,749,1271,337,887,603,468,606,1137,74,824,547,1254,1182,487,1022,502,766,1273,328,594,1251,591,844,1179,1367,1169,1229,1153,216,312,205,680,500,1087
1126,429,24,704,543,1058,1017,118,327,239,1175,273,263,389,599,655,982,1171,976,433,1311,514,1202,649,391,482,1194,977,1092,557,464,250,172,315,553,1056,378,583,751,1174,1050,138,1022,653,1295,145,1318,399,532,1289,1067
149,628,125,385,141,720,1286,1292,16,1018,1052,445,1003,387,518,919,1321,379,965,402,686,411,254,997,28,476,535,405,449,394,100,512,117,143,110,384,980,220,613,616,442,463,514,487,617,32,693,1148,986,271,139
891,687,968,996,1292,403,531,433,381,276,1311,544,532,435,390,424,742,415,614,1287,447,416,385,91,1168,768,472,383,145,223,315,675,409,973,704,1300,1318,678,32,1050,982,1289,613,126,438,804,1342,18,1005,445,1000
1103,343,190,1117,517,1374,246,935,1126,336,1251,721,55,943,595,543,330,820,195,588,88,75,1280,917,848,961,1160,73,803,812,1033,215,1339,363,245,115,338,288,199,1369,212,314,329,309,508,154,522,520,292,1135,596
1027,535,570,860,862,1119,302,1271,67,575,827,1238,66,1270,236,202,842,650,692,59,203,878,504,1252,62,1259,861,866,960,373,869,964,1158,1155,966,741,1093,1263,1166,1133,103,525,829,852,847,1131,1254,366,775,1118,823
342,687,1038,28,1052,996,93,261,426,700,459,468,514,25,258,1026,1292,32,4,628,24,252,975,87,613,350,117,680,385,445,1139,984,34,440,140,20,409,136,389,1049,425,616,383,1327,390,153,406,800,149,77,0
367,425,620,273,1022,410,438,1202,779,986,391,624,411,327,118,1120,18,491,655,274,544,698,197,553,1168,590,1162,25,703,661,250,389,316,704,453,925,557,1306,225,341,429,766,405,1063,294,561,464,1173,599,416,1017
485,1236,317,1239,861,823,60,1022,1259,1371,570,522,205,1180,304,853,1246,854,1271,1366,581,803,970,950,1247,834,821,825,1270,197,583,1115,818,930,294,878,511,1249,198,846,1228,574,871,866,405,66,869,750,972,1067,856
335,613,425,616,387,687,430,965,617,125,1321,445,252,138,700,30,385,32,35,509,655,1204,463,1320,34,720,470,706,1324,1041,1292,514,516,628,383,982,397,426,1322,684,545,149,997,24,93,1043,1003,1345,701,261,440
151,16,387,425,459,1286,997,427,149,720,1322,136,616,1003,24,430,1202,397,395,1328,261,252,442,255,394,34,683,132,454,980,426,388,545,1168,1161,991,1018,1085,1052,412,1323,125,139,220,686,707,463,590,20,1051,634
269,1204,16,614,276,395,393,440,1335,784,697,986,1022,666,1038,1328,725,389,1042,390,532,691,92,437,758,28,977,381,680,628,983,4,433,655,220,626,518,45,451,25,270,258,146,706,1294,348,468,488,1011,1014,613
689,152,1092,703,139,805,274,266,415,470,1128,279,1292,430,445,43,32,492,611,141,785,261,468,425,1348,1041,395,974,1359,919,245,1057,1052,234,1217,616,1345,1342,1070,1113,1219,683,224,294,1102,617,1118,1194,38,465,315
131,425,1204,411,687,996,447,1052,315,1328,381,412,440,9,409,1292,152,544,510,1012,1310,464,476,261,994,426,1202,965,1026,91,514,1311,395,364,1342,742,1050,145,141,628,815,1313,393,1320,1089,1324,975,991,968,973,468
656,1143,1229,1149,913,331,780,879,778,892,1222,494,553,745,791,1111,80,1166,865,631,1252,941,279,988,1164,1056,1269,1265,484,179,1373,756,766,497,408,1223,826,482,725,768,263,1102,296,690,1125,301,302,1152,795,1234,939
882,425,518,617,390,315,1031,25,437,1318,687,725,443,1026,403,438,447,509,968,977,0,398,429,614,411,984,649,87,613,1161,108,1292,1014,476,683,9,669,514,506,442,975,976,378,981,417,996,784,440,142,448,385
1152,468,703,1049,1041,1052,1286,149,470,720,1292,268,1295,406,430,30,142,1003,261,538,463,28,387,683,427,729,1047,1042,1195,706,350,1076,973,32,99,464,17,459,442,141,148,271,38,687,701,1025,985,516,241,691,138
54,16,994,435,784,634,614,453,704,1173,141,409,433,1304,7,1020,1168,196,419,510,980,666,274,567,479,57,116,148,1292,968,416,551,1190,150,432,1032,965,429,800,1140,146,1241,631,1008,279,768,657,452,276,4,1105
825,832,862,1246,335,174,1132,341,874,1208,867,830,598,480,762,422,597,757,1022,853,829,576,819,875,740,194,233,331,1275,298,64,1141,86,1167,802,319,329,587,877,1024,705,841,253,306,60,1157,669,67,886,860,66
1250,487,518,705,341,1355,766,1031,1341,916,439,586,1200,99,172,923,420,50,609,1187,405,441,524,819,1014,402,438,1318,1022,107,1153,544,669,1012,533,1051,401,416,61,248,4,465,411,351,325,968,389,503,732,922,550
642,1058,1158,1112,1259,780,1266,1022,1011,620,482,198,1372,66,506,829,1177,1235,581,1247,1246,310,738,725,203,1142,819,1245,317,824,836,61,877,238,583,1236,864,582,1127,592,611,571,547,1208,826,525,1056,287,875,1264,543
1054,1270,841,852,862,1222,846,1261,869,1187,572,1037,203,221,1246,887,842,860,827,213,575,964,847,1048,1002,1118,1102,854,1084,168,873,1152,571,317,1111,821,86,1372,581,1266,329,500,67,843,839,64,595,942,49,66,1245
125,445,687,35,406,385,411,1052,700,261,628,141,1018,350,1286,447,509,442,613,1041,965,28,1046,472,1321,403,409,77,149,973,454,1050,32,30,17,143,977,1293,1204,397,426,464,383,0,1292,258,20,518,253,159,138
985,47,568,496,1147,1114,1207,551,1352,286,179,502,596,1108,1187,305,524,770,522,283,482,497,358,1373,787,189,1131,547,1022,450,1077,826,168,148,754,803,775,665,1150,611,789,1248,294,50,850,1100,1059,173,493,304,607
762,387,1049,28,125,270,100,613,17,655,380,447,99,628,1321,261,468,1004,1294,0,1124,616,268,463,430,426,440,729,1003,470,779,1204,425,258,25,34,1041,427,1018,274,975,1019,406,590,700,437,624,1038,641,136,145
503,1177,810,1241,1236,421,1152,859,775,233,1348,329,543,565,469,741,290,1344,583,795,292,827,1211,1097,423,1027,1340,1094,302,801,164,561,1208,1249,1099,331,44,1266,480,1083,871,308,1091,1235,70,824,1270,1136,1017,553,264
797,881,1117,149,1250,1253,640,1184,1279,695,735,363,546,23,280,847,217,173,831,719,1078,171,404,866,955,63,1375,1199,792,605,22,904,114,334,638,212,796,230,1339,288,1189,1229,537,220,207,1367,191,739,517,959,849
180,9,28,616,1026,613,20,270,1046,996,378,35,403,518,32,532,30,1324,390,1310,397,24,614,1052,87,429,617,1318,448,25,380,701,975,470,91,442,982,590,393,973,965,509,1311,412,0,381,649,815,1320,1161,700
939,1141,1058,268,1259,391,1143,1187,273,592,1171,826,1245,66,701,1056,819,534,478,863,1022,233,158,1090,110,698,1262,742,61,3,341,1200,1168,67,862,775,1217,1213,599,302,1131,971,590,724,70,292,669,15,491,1341,825
1074,233,583,1135,1056,1058,775,859,1141,1068,1248,714,585,273,320,863,292,1084,971,1210,855,211,1223,1143,469,310,1236,825,570,1332,823,1131,194,1140,1155,606,744,308,853,1258,1277,72,1238,568,172,871,514,66,202,1022,482
853,1202,276,24,1287,1304,1063,452,429,364,557,518,641,1044,1316,1312,437,590,87,393,440,315,434,136,25,390,1037,951,805,616,417,4,405,268,975,1332,507,329,561,653,392,1351,1173,637,965,558,618,35,141,21,689
1096,780,1259,802,1263,305,69,1371,203,911,1363,290,210,86,934,1158,757,927,1056,877,337,208,857,826,1337,781,551,292,317,803,777,213,582,486,733,313,1058,1246,308,291,358,931,1271,1247,178,860,1368,1156,195,46,885
967,784,140,1000,1049,1044,93,1327,28,17,470,287,142,1003,271,36,1101,983,533,1289,732,1326,1048,918,459,1313,1296,720,444,1038,734,495,706,119,526,680,779,260,1303,590,919,268,449,234,99,1041,1345,985,1025,807,465
781,867,1270,859,1208,591,575,213,596,899,836,924,202,875,368,215,1362,874,854,857,886,332,966,846,1257,799,1240,868,104,1233,72,883,1278,839,52,199,911,1277,879,961,820,861,796,371,823,1254,1133,375,194,1249,964
713,666,1139,553,795,561,571,774,498,1304,641,296,275,425,317,1143,768,219,477,1244,286,102,700,290,802,1141,1247,1050,1177,1200,230,762,975,432,409,798,1153,1152,454,1191,838,542,1068,752,423,1122,113,922,1273,302,149
47,28,616,385,1052,425,1202,628,687,1313,454,997,138,125,35,93,252,1322,387,445,16,426,617,1026,397,11,996,700,0,977,351,518,220,30,1345,459,447,965,655,34,613,1038,688,143,1311,974,266,24,149,10,409
1028,846,852,835,853,777,66,827,1258,862,203,1239,803,885,1246,842,581,317,1146,1247,1270,650,1261,799,1236,1266,1112,769,849,1180,572,238,210,1208,819,867,670,206,1209,930,1371,834,823,589,864,523,863,1263,1211,302,1235
512,758,366,823,289,862,791,170,803,775,69,65,765,557,210,1217,497,1241,846,1373,1210,489,356,376,197,305,287,1371,104,849,66,611,598,810,867,1366,45,743,313,357,1180,504,923,1155,870,248,1211,522,592,1233,559
809,1047,729,266,742,1351,805,35,1038,1048,364,425,271,533,1194,41,1177,118,261,620,245,469,1287,1107,616,985,230,1049,141,389,567,447,648,1023,454,561,409,255,167,1204,675,1293,1340,468,1095,506,825,139,405,146,279
732,60,329,852,1247,1238,1056,1177,585,570,292,774,203,862,584,1239,522,775,592,1022,524,317,305,1120,854,1236,998,887,864,853,1270,845,834,61,205,1219,954,233,214,861,871,832,296,1235,828,866,1187,846,1171,1359,294
113,1154,304,920,1241,1141,1244,1236,571,1247,21,197,585,950,923,921,319,840,916,70,816,842,864,1213,1143,506,1260,1245,821,290,823,112,522,581,641,1206,324,790,320,553,408,1177,493,1246,865,637,1312,505,296,925,487
469,620,1135,561,469,714,464,751,649,41,390,701,468,1341,1342,1129,383,991,1102,45,994,1175,570,1204,510,753,1297,233,1018,655,1241,425,1153,465,1131,391,1107,482,1091,286,1295,427,1101,611,681,403,447,491,1041,364,1148
382,616,426,1052,425,442,1204,261,141,445,687,1161,666,34,138,387,0,409,412,700,403,381,91,1026,424,24,30,435,1286,518,350,118,9,544,411,463,1168,429,93,1316,433,28,628,1310,636,590,1202,800,447,982,968
754,406,28,1059,703,701,143,107,270,149,447,687,268,0,463,400,1327,758,1204,691,1049,585,801,509,158,409,1052,440,918,470,533,514,166,468,426,975,997,824,1161,815,641,628,617,410,1025,1195,439,1286,516,1046,1045
606,571,1247,574,325,774,808,189,1177,828,582,522,803,1209,1141,802,69,586,726,835,799,1235,356,823,311,792,885,930,852,314,1154,494,1258,866,840,1228,458,536,1206,1237,927,1245,777,1180,826,1208,849,952,324,1211,1242
391,1029,425,390,445,389,440,434,385,968,982,532,429,424,412,1139,752,617,973,646,9,1304,996,459,1061,403,444,87,99,143,225,897,1311,315,234,1342,393,675,1056,980,380,1020,997,779,32,1320,509,437,25,1034,442
467,506,1091,1171,568,325,992,1127,1153,50,1131,33,1105,1190,898,1228,1014,148,317,1249,441,161,952,405,257,319,383,411,611,1312,1239,1352,378,758,41,1247,176,705,766,38,601,1135,409,1129,775,553,729,46,398,757,166
278,445,1052,687,613,385,1026,30,1204,468,800,616,977,430,1327,628,261,975,28,1320,1046,700,253,996,378,25,509,16,1038,442,636,350,255,1042,684,973,965,406,649,93,145,417,142,447,1027,409,518,397,34,387,273
671,1013,1249,351,1111,685,67,300,1262,1355,364,418,117,347,63,83,1052,1209,951,1255,969,1341,224,968,841,974,149,1237,1020,936,1142,1325,874,270,222,770,54,226,245,124,1045,228,805,142,976,1206,1247,958,1139,321,637
813,571,468,826,620,227,100,337,1228,864,274,1102,1241,1259,233,1246,66,1265,273,257,1222,1239,1177,491,451,482,1056,705,311,574,774,971,62,329,1022,60,583,1023,314,1263,1111,1032,823,1295,170,835,862,581,1135,1063,840
74,561,661,238,1104,1190,166,290,1213,944,1116,254,110,240,463,1141,856,804,21,219,923,1241,761,907,450,248,168,819,1012,495,125,109,1312,100,1200,803,621,325,296,1171,733,359,347,477,1003,554,972,632,1146,119,570
1185,589,73,235,1253,1055,1257,955,1280,759,893,1182,591,1374,334,519,924,1350,809,875,865,1279,957,113,940,1283,1271,208,764,622,889,297,970,883,1209,1282,318,588,781,735,75,56,1223,595,709,342,1039,1121,1193,1371,960
743,319,766,576,565,304,14,57,494,1304,441,771,845,197,60,4,586,15,1330,1219,1366,758,391,47,506,1146,671,320,865,296,1239,1270,1341,752,1247,1177,923,487,1056,302,617,604,1238,1067,823,1228,1351,803,571,987,275
1087,996,1005,1204,390,270,617,1202,1292,805,1311,991,628,1046,424,1173,1014,662,516,1026,152,1029,144,634,385,1168,389,440,425,403,256,430,437,417,518,976,145,510,729,977,973,1041,509,804,1340,261,691,1038,648,445,814
965,912,1067,47,1053,1114,552,60,522,1337,259,100,167,1093,485,910,1171,126,741,25,760,916,511,1115,263,319,139,665,1141,757,827,733,993,1187,491,715,749,464,654,197,473,441,1212,172,1094,713,1127,225,465,570,99
464,862,842,329,853,302,210,1228,803,1258,846,826,319,1270,930,1249,816,585,875,1236,775,325,201,581,854,536,1262,827,1141,1177,1248,1265,203,584,841,524,878,1238,1235,304,1241,834,1211,869,574,571,863,335,577,583,523
449,1341,1134,817,1236,176,487,1153,864,159,1230,823,506,704,1246,4,856,502,859,1234,1058,1340,762,233,470,1127,828,21,1190,1099,835,248,1168,469,1140,568,1310,1344,818,986,757,1022,585,1177,1239,495,910,1312,524,705,1115
1302,584,551,823,864,861,329,585,570,60,292,1238,1270,487,66,1265,504,557,592,583,842,824,524,1211,325,852,774,757,777,611,1062,1312,62,604,775,844,550,1171,494,1158,85,473,555,565,1151,1332,680,586,319,211,835
1011,1067,826,1058,383,1242,1191,862,1056,852,724,1211,692,1270,1158,633,790,918,1258,319,1295,1140,1271,1012,472,971,87,804,571,1246,1262,60,1190,675,570,92,1120,1247,774,522,491,302,544,1099,725,448,780,861,1238,703,435
200,425,28,1052,459,138,977,634,613,636,93,976,510,991,1202,982,687,2,1321,686,996,20,1204,255,445,380,454,385,679,117,720,440,387,1294,430,1038,11,684,463,1139,616,261,980,426,514,442,688,1310,409,77,1000
128,1204,649,425,403,440,445,968,390,491,687,447,411,412,514,532,116,433,159,315,996,381,1287,472,91,438,270,1342,437,564,994,24,669,385,982,383,1018,35,143,980,34,516,617,398,441,1029,590,701,691,977,714
1268,977,28,1204,445,687,406,1318,425,1321,965,616,30,1012,628,1005,426,518,514,261,779,34,258,417,410,509,1031,805,1327,684,1202,1293,768,1176,974,617,93,0,364,35,1161,141,253,1027,430,700,149,985,980,315,688
330,564,429,996,524,472,391,491,118,815,669,383,766,402,9,18,528,1162,576,705,785,435,378,270,1316,1287,257,567,1022,30,1168,1059,1242,1341,758,415,666,545,985,1010,176,379,585,1352,148,110,1062,15,511,714,1063
569,585,823,852,578,292,569,836,871,571,1266,887,603,1262,780,233,682,1371,864,863,1259,198,866,854,856,1177,1249,1258,840,849,210,214,650,1217,551,67,803,592,203,525,1247,320,577,692,1248,1063,1265,62,328,769,197
8,406,28,35,514,445,30,440,426,34,252,364,1139,628,700,706,613,693,1018,411,20,136,1321,138,437,1161,17,261,77,266,383,1204,1004,258,560,996,703,220,1316,691,9,1202,518,1287,1019,25,153,617,442,403,687
1065,93,701,641,259,954,312,41,176,487,1082,974,769,637,522,167,172,364,1304,1290,984,383,583,800,50,842,1247,447,468,824,543,391,1241,22,422,496,832,445,154,774,675,1226,752,35,991,560,821,1305,1059,489,621
1265,425,381,445,1014,35,634,429,1204,480,260,1292,438,703,532,544,416,680,234,516,243,983,518,968,768,495,141,378,440,507,1162,1005,415,732,1113,447,742,706,533,412,43,394,804,448,1099,1295,994,1089,1306,636,427
1017,1366,806,572,780,583,862,313,181,1120,493,842,1219,757,823,639,60,312,490,847,1131,1247,575,803,529,420,1144,1152,775,1039,1259,211,846,816,854,197,595,214,941,536,795,849,570,193,553,1217,1270,504,70,581,1245
676,1248,862,524,60,853,214,522,329,326,819,66,583,305,775,741,553,1371,1223,867,1242,757,950,826,1270,304,1246,233,1051,111,604,609,864,197,562,317,871,1265,603,1208,818,581,1239,211,837,1238,1236,1259,1210,834,780
1208,687,445,977,684,616,973,378,1204,447,613,1292,617,385,509,252,261,258,700,614,403,38,406,143,1202,1052,997,35,397,28,442,1018,411,449,108,965,975,1026,93,1322,30,315,417,691,77,976,381,24,454,260,532
404,28,417,1204,976,380,385,1322,1052,1293,387,470,965,125,1041,1324,406,430,1292,140,1038,977,997,258,985,1287,447,1124,152,119,0,1005,419,996,1018,655,720,32,1046,982,919,509,768,468,613,700,616,141,234,1012,1004
670,1177,1238,1056,60,862,1022,824,522,823,827,58,1058,276,1115,811,524,176,785,887,312,305,1084,552,704,57,1354,233,805,292,570,175,1236,1226,198,1010,1225,1141,817,319,1169,465,1099,357,197,230,438,671,502,61,469
195,325,981,1161,1067,649,983,585,1127,331,634,511,749,1249,412,691,82,762,1032,680,1168,441,1029,812,58,1058,1354,829,1091,980,1125,140,1019,590,569,1259,745,1027,127,60,339,559,220,126,349,439,1031,970,1102,875,470
823,1154,878,1246,1221,827,1211,581,641,823,842,783,860,866,571,310,329,862,201,1258,845,864,867,595,1012,240,802,582,846,323,70,206,870,1131,852,251,204,63,291,836,317,780,854,1270,72,1278,324,583,777,59,375
533,504,1238,863,1239,62,854,846,319,581,372,1235,63,862,569,59,1208,1241,525,864,1146,609,823,841,67,335,570,801,741,287,127,1248,1060,847,312,473,553,860,144,857,61,332,578,842,329,284,1113,324,774,1111,1312
932,614,392,270,351,976,1318,67,617,234,389,93,417,390,982,684,1056,977,143,381,1311,117,973,805,438,653,394,649,1045,60,119,800,203,71,991,514,437,1239,646,1315,984,852,1202,841,488,724,862,662,425,1235,448
326,425,274,687,1295,447,35,491,271,138,655,383,268,99,1286,465,701,430,378,100,729,136,968,1195,167,429,91,590,1102,805,267,973,1041,391,617,1050,732,25,387,1105,409,1019,526,270,260,469,261,509,403,445,514
829,864,1022,1067,1270,862,852,67,823,292,423,60,522,304,1242,66,1271,1247,583,1177,757,585,714,1263,604,1187,570,551,861,791,1217,1238,780,1246,541,524,802,581,553,233,535,1056,294,1058,1241,1248,1014,305,750,825,1208
616,329,233,66,861,1371,522,819,878,1115,1113,1245,823,837,777,1312,210,1263,583,871,319,1248,1241,553,1236,60,1131,864,862,854,856,305,524,323,592,863,1247,248,1022,825,774,842,1177,952,803,63,1146,1219,1228,1266,758
72,687,425,389,1293,0,1161,616,381,1327,445,32,613,614,973,996,666,119,385,1070,1324,968,977,390,443,440,143,1049,403,1174,397,1202,468,28,34,9,447,1318,350,1292,1328,35,429,459,142,145,532,1311,30,897,153
1166,1259,67,556,341,201,928,1336,551,1271,824,305,780,875,1056,522,874,553,582,233,854,329,576,103,1266,194,105,64,864,825,273,1263,750,837,581,1359,653,592,317,791,597,1081,871,829,221,866,1270,644,826,331,1354
1049,570,1236,1247,705,1259,1056,835,1373,1143,1175,571,66,1044,972,559,1258,60,1246,494,795,1263,765,203,1158,749,1248,583,392,214,1270,95,1154,552,827,864,522,33,780,233,1239,558,861,761,741,770,819,302,1222,979,1312
1296,568,394,395,1335,425,100,1195,655,460,99,518,1202,561,975,4,266,387,617,984,965,700,1134,1340,687,468,720,139,457,1190,923,987,1328,445,273,1320,447,180,1352,1018,145,773,244,26,590,1295,396,412,159,494,971
808,1175,279,1023,268,261,274,167,1173,1139,655,611,252,41,784,220,35,742,219,1063,1287,1018,616,93,1038,468,1048,734,800,533,620,266,287,1176,729,243,254,1352,38,743,1328,430,829,672,1124,146,349,127,224,294,153
586,1341,700,425,1059,1287,28,440,618,400,532,87,448,991,1026,1296,136,983,261,158,383,522,716,514,613,1202,1320,657,1197,119,429,779,140,465,1322,992,30,437,974,1018,398,1027,556,34,965,1004,451,159,1304,102,35
682,514,429,401,445,138,1204,968,1286,9,261,433,34,732,159,491,411,35,416,225,687,684,1018,136,440,381,984,1292,1342,1026,91,617,405,996,1297,38,614,270,1099,981,1007,532,99,666,1318,518,985,465,470,1202,1340
1178,852,570,584,319,487,529,860,329,238,1210,420,503,95,536,842,202,1208,504,211,575,1241,551,67,780,1235,1238,58,592,641,586,793,593,287,1141,535,233,275,559,113,923,615,925,922,1258,1213,870,817,1144,1053,1190
937,268,233,544,381,1204,1022,276,1175,543,1056,248,425,416,341,143,996,110,463,678,701,315,531,1092,518,1168,1129,991,916,1091,810,433,852,167,435,988,460,716,1304,675,742,989,267,561,1094,804,1058,1008,136,380,429
805,1041,440,406,442,261,412,17,234,982,983,138,700,1038,976,616,447,468,380,1292,532,1287,1320,30,1321,140,132,1299,28,636,364,1300,393,1314,1019,728,1305,613,378,425,143,142,687,742,1194,655,445,1322,703,426,996
1125,405,378,270,16,662,448,1292,445,143,440,752,1018,977,1300,688,126,805,437,119,965,552,250,1041,613,32,25,974,1293,535,1287,28,729,1320,697,1029,447,30,951,1067,263,679,641,991,315,1023,784,973,468,20,438
188,329,1204,852,403,411,825,793,1316,584,364,15,968,524,95,990,510,18,315,148,65,1318,980,415,1056,389,1304,1174,611,544,214,386,479,425,292,433,553,1315,1093,805,3,1175,1190,319,567,126,804,641,845,127,857
3,425,977,28,397,996,385,258,616,532,24,403,1026,35,447,387,30,9,976,1293,380,381,412,617,1161,261,1029,93,965,982,509,16,390,666,32,417,973,472,700,383,378,143,411,91,25,439,691,454,1310,628,315
1295,165,704,633,146,1175,1000,1191,116,1099,109,145,1091,326,1023,1168,44,1062,732,256,159,164,1060,1007,916,536,986,1022,817,1095,561,21,751,1325,433,703,1082,1177,1340,196,1140,271,1063,43,680,469,1158,197,532,1058,148
1053,182,222,397,406,1204,232,425,454,1339,1253,217,707,1019,683,185,881,258,1203,0,377,983,976,1026,1021,1184,1324,1327,417,459,735,477,1313,709,1356,346,957,344,2,610,387,1293,28,1051,288,1281,101,822,1301,963,1374
1131,445,1175,687,976,768,454,666,628,1042,438,447,87,395,680,518,532,468,1041,425,614,416,348,140,996,1029,315,1320,443,800,1327,394,380,983,442,1023,616,590,412,143,725,141,138,2,1026,35,381,1294,1070,1299,1318
475,438,1022,145,1359,972,655,620,1000,1058,1175,661,1067,149,505,439,1173,225,274,1127,230,675,674,253,694,988,910,980,734,36,1316,18,729,1319,712,750,673,1318,1023,649,1328,717,611,667,409,1114,666,824,164,689,705
466,655,234,1041,454,220,1314,752,364,119,954,704,1327,1294,725,700,453,412,261,149,389,779,140,153,1095,1120,378,1063,180,774,268,219,447,393,118,1023,487,996,784,28,1025,1071,273,705,561,440,675,1059,616,620,30
118,211,854,570,871,1371,60,1259,551,678,21,67,1270,1238,1168,1354,653,572,757,1228,860,669,741,312,878,290,248,1248,62,1271,69,319,105,147,875,528,1262,302,920,14,176,1265,766,594,857,1158,916,236,1140,637,1251
483,319,862,1187,203,66,581,827,582,304,769,853,487,852,290,846,392,1246,1141,571,1248,1239,60,1058,864,856,1053,584,1022,1242,1153,1222,1151,823,650,826,551,698,753,819,559,295,504,609,861,233,1241,197,585,780,1304
312,616,426,445,613,628,125,30,93,1321,17,387,385,430,1018,1322,16,141,687,997,965,1026,442,1204,691,35,701,77,409,1041,975,397,1095,1286,1038,703,514,1320,779,1202,1139,0,1324,1318,463,720,249,24,454,1292,1061
730,1354,913,850,969,945,1147,952,1363,374,967,1360,950,1332,1178,547,772,1251,905,588,818,760,935,524,283,840,1166,1368,346,1103,1278,958,730,1170,770,631,789,174,711,1182,812,1110,33,960,885,651,101,939,933,102,1353
573,749,1236,1022,1128,1238,972,1247,712,1177,1235,1000,592,1263,62,1191,665,862,524,505,197,1270,256,841,824,1023,835,287,1158,1127,1146,662,1354,792,1008,593,1089,705,768,236,1180,54,60,864,1099,289,1175,1014,1143,776,1228
749,429,1082,1175,274,9,85,564,18,148,419,994,403,447,507,649,1342,415,815,141,1099,425,1341,465,487,680,149,439,1026,657,783,1340,597,1297,164,973,276,983,319,166,701,383,704,491,480,468,543,1129,535,472,448
139,1204,518,1026,687,445,977,701,443,440,996,617,616,381,973,412,1322,1027,442,87,1161,649,383,997,24,92,258,143,438,9,1202,982,315,1070,447,385,1328,613,30,666,1318,398,180,1052,25,1046,411,276,1176,1038,976
338,445,409,34,430,406,980,1026,25,411,996,1204,143,447,703,28,1161,258,700,1041,1052,136,261,426,145,350,77,315,454,0,532,149,449,666,509,815,20,35,17,983,691,518,616,9,442,378,704,255,390,1061,429
541,762,795,191,229,1153,953,767,59,1111,370,923,764,619,66,866,1341,859,638,1183,301,369,1241,314,1104,849,566,1066,289,205,761,930,748,304,856,1233,574,1156,1155,168,840,1333,530,1036,1160,626,922,1112,927,321,275
851,1300,1324,385,996,1026,32,1292,117,463,614,1041,424,459,1311,447,628,1310,518,381,1327,433,417,973,510,258,145,1328,1076,125,1020,507,1322,1161,140,1204,445,425,997,4,153,116,443,17,1038,680,976,261,390,440,20
158,613,394,417,628,445,398,0,250,425,976,405,973,616,1032,1005,975,397,1174,378,977,390,443,126,1014,531,4,1293,261,981,1295,1012,1318,532,386,447,30,700,996,965,614,380,1052,688,389,673,997,276,327,403,83
1019,810,805,1292,1342,167,1345,152,415,616,576,43,400,378,717,1127,1082,724,662,176,543,305,1140,1165,1242,918,984,1177,1097,1046,464,1091,1314,551,1308,274,1341,198,1366,472,1316,1036,438,1219,817,1312,1105,1063,832,1175,657
922,1063,662,167,704,415,412,1286,768,778,1340,624,148,516,780,667,279,703,649,524,1197,1139,919,1107,18,389,423,557,170,401,468,810,705,1176,684,149,1303,750,1292,544,66,749,693,441,829,249,1014,514,491,1359,1023
511,1236,1235,1211,1271,233,1084,329,1246,504,1177,61,289,211,585,553,1270,559,689,1259,391,103,583,60,1094,762,305,1219,1167,581,1187,1238,841,1237,1022,584,819,570,824,857,67,617,829,1245,423,1248,604,1241,871,389,1239
9,687,390,649,996,973,381,411,0,406,975,87,1019,617,1202,32,9,380,1161,412,514,532,394,395,433,417,1320,613,138,994,509,1311,684,590,142,628,510,1139,416,116,1005,393,35,897,145,442,1012,1321,439,429,415
759,445,261,28,800,1041,252,703,965,406,1052,93,613,701,1018,616,1202,468,700,706,35,691,1292,143,1286,77,1321,409,973,1026,383,381,975,430,440,417,385,1293,141,977,426,641,315,390,447,459,518,393,32,1204,17
1288,1008,267,1204,464,281,482,1066,510,1097,1127,741,780,1167,233,256,276,1175,1058,1044,744,1025,65,553,287,1056,1120,391,429,211,1109,197,1194,791,1168,1141,1271,795,146,531,701,667,746,1152,1160,1140,1094,275,1342,775,268
1319,1236,574,761,1181,1263,835,1113,226,930,570,1013,1120,1146,308,1228,262,1111,749,875,827,1258,1076,321,325,86,1213,816,792,1239,233,1130,953,1270,167,819,70,839,1208,846,969,478,1231,207,1247,264,589,853,662,1245,484
1160,257,507,110,689,1336,378,320,250,448,87,391,604,1227,1090,1327,491,147,518,1037,974,553,749,315,599,394,24,395,451,789,25,714,524,516,1330,329,447,826,1162,33,778,802,1108,274,861,975,3,453,270,725,997
1066,28,425,815,613,514,700,965,1320,1321,426,1041,93,616,459,703,617,991,266,16,412,1052,252,1204,465,268,628,1291,87,430,387,440,378,693,470,261,364,1202,1043,752,464,174,447,561,90,1165,25,1314,697,30,350
741,331,1083,1024,798,859,1276,1110,184,768,583,338,1261,953,112,1118,1196,279,1206,171,1348,1059,1223,1211,799,819,1035,862,939,579,63,465,718,543,817,282,1254,1164,773,335,1128,948,912,1179,281,959,834,1246,211,67,780
111,741,1200,1262,826,803,1241,290,799,524,819,823,497,366,493,109,148,502,308,102,1217,922,21,228,775,1122,1248,806,189,825,197,1144,551,1260,313,61,782,571,307,1135,952,1245,592,816,305,110,774,770,840,1266,1259
1151,826,1263,571,1113,823,862,238,1246,299,541,1254,1056,1235,1211,1270,816,877,1146,1154,784,1039,1058,769,95,1143,839,67,86,1371,1141,582,1223,279,303,852,66,275,70,1262,819,1209,331,302,843,869,329,829,1177,749,736
153,613,452,510,620,225,1014,557,1038,1161,1173,531,1032,416,1044,258,649,1005,1174,261,1168,276,1175,678,683,18,136,1051,394,389,1026,152,1022,141,617,991,327,433,725,1095,245,1202,66,704,445,660,438,403,463,644,268
1193,1096,696,1363,213,998,1088,569,414,1142,1328,764,861,181,1089,1372,579,402,942,166,302,1270,1296,937,1093,949,1347,859,208,1207,86,877,806,663,933,796,301,946,1158,812,753,368,607,224,868,419,1064,353,1001,148,798
860,425,445,0,28,1322,982,125,514,258,136,1046,1321,691,697,1038,430,687,385,153,470,380,815,1313,1202,1320,1327,266,93,706,427,965,252,261,683,701,1195,1052,116,1029,1085,1288,1018,449,1139,1026,152,616,996,729,688
122,425,350,378,476,140,1322,1321,30,383,172,253,465,599,35,1037,257,983,1007,99,1026,898,692,706,1175,1352,1047,85,250,136,1018,180,666,87,271,487,538,34,676,126,427,977,439,38,98,703,266,1332,412,1071,142
13,28,406,700,1019,426,454,1052,35,617,77,140,261,981,679,442,25,430,1201,30,1321,93,616,1041,125,270,440,20,1161,1095,657,687,142,982,706,1314,138,703,445,132,1320,180,322,412,351,688,1101,954,728,1171,1071
914,253,687,703,255,459,442,261,18,426,1300,616,424,35,968,409,684,24,164,141,1292,429,817,1090,9,717,779,132,143,415,91,810,378,156,435,421,1310,1194,1107,1048,1089,800,1294,918,1027,138,815,118,230,447,1049
621,1056,862,1238,66,289,878,585,864,328,860,1223,329,1058,193,816,583,584,835,1228,1271,1141,214,1022,325,536,324,1265,1246,391,861,826,522,1236,863,1270,494,859,1219,986,839,332,104,553,575,790,1239,799,577,803,292
373,687,616,1052,1202,406,426,28,463,445,1286,409,149,258,1026,655,136,449,613,261,617,30,387,93,143,385,252,1292,270,430,1327,16,38,700,398,1195,1324,703,679,464,403,691,145,1322,77,720,35,1046,1293,973,965
1245,425,613,445,977,28,261,447,616,0,17,985,140,459,965,1202,252,77,30,984,440,1018,514,1293,1292,1204,954,560,411,1029,383,387,32,125,442,1061,982,729,1139,509,20,385,1300,561,25,997,679,266,1019,91,1287
521,1012,220,684,381,141,1320,397,620,655,426,1176,1295,784,145,628,110,390,409,968,1038,315,403,666,411,1161,717,425,929,383,495,258,1070,996,544,509,590,1020,432,768,973,468,613,701,1019,28,556,1324,535,1122,106
879,287,219,366,1241,1226,299,705,784,716,801,762,1235,824,1155,661,254,92,286,230,423,211,95,45,1,450,273,170,290,4,1022,592,1159,504,804,1248,223,755,498,473,3,870,44,768,557,233,292,641,1136,246,586
32,687,463,464,720,1070,1327,1005,153,470,617,996,28,387,706,1019,509,1003,1322,1293,1049,260,655,1175,1042,274,394,164,1202,425,1092,919,683,16,439,1041,1173,703,1025,447,255,982,1286,1168,136,1328,985,476,814,239,99
1248,405,433,510,465,1168,391,468,412,390,704,411,327,649,996,435,429,1007,176,1175,403,1023,18,487,1095,732,980,1342,470,270,703,784,381,383,514,1091,271,87,401,1351,441,599,766,1056,141,620,826,951,74,1173,532
858,720,1328,687,1327,125,149,142,11,784,1052,93,468,1038,1018,447,688,965,252,463,1321,984,430,255,141,459,1292,680,119,1041,1175,617,24,32,17,270,1095,518,261,454,655,145,4,996,977,440,1139,800,405,387,378
516,854,581,1228,329,60,1271,827,210,875,823,832,877,211,874,775,871,1239,1259,1262,861,312,67,194,1258,825,864,799,104,866,1277,863,777,858,592,105,1276,816,103,522,504,852,887,1270,890,575,869,1256,202,791,1265
1064,694,1045,1328,616,784,447,1341,1153,687,425,445,1175,1070,1018,403,100,1023,684,1082,750,649,351,99,17,725,290,498,815,675,657,1027,219,1004,1107,243,426,76,427,169,736,1052,261,1059,125,451,33,1241,77,168,172
1291,141,118,1113,287,423,620,294,172,491,274,35,1022,649,1023,667,1175,350,405,47,165,703,732,439,159,4,279,1116,1089,99,1162,1136,590,36,666,1173,779,1099,1187,253,996,533,327,429,729,460,1303,401,714,139,916
731,852,1270,641,860,864,331,1146,819,862,835,67,780,875,57,1249,1024,802,940,416,203,1113,565,319,86,1058,987,829,593,827,804,646,1166,853,1263,210,1266,854,824,1245,577,939,1271,857,1155,1221,1258,1247,856,1048,488
850,734,24,28,468,567,405,438,1107,149,1352,390,445,439,403,393,409,141,1286,624,350,411,996,968,254,383,1358,978,81,1082,666,1341,1108,1003,1316,420,691,710,220,384,429,397,426,661,700,649,378,743,148,1173,381
724,92,514,553,821,15,981,440,1161,975,320,46,317,581,823,1200,174,1249,25,4,585,319,929,815,604,1014,405,1273,758,576,348,378,1271,472,986,438,296,835,40,1330,584,522,804,411,60,74,444,714,1256,502,161
85,22,548,781,1064,21,1375,73,322,892,1142,336,333,933,1329,222,1186,156,96,280,168,1253,699,888,955,404,1117,640,588,1074,88,344,1302,291,213,290,537,605,944,68,1350,212,377,262,932,450,780,602,881,905,1290
477,795,1135,1248,70,1141,504,60,179,1233,827,780,816,1153,211,233,1131,777,585,571,775,469,1246,1259,823,328,408,1058,1156,757,861,857,930,754,1275,582,316,1344,863,570,170,1215,722,867,787,359,1210,856,329,197,834
1253,429,327,514,1297,1168,256,1204,1332,531,996,401,510,435,158,666,18,257,1032,389,165,138,159,349,1056,991,381,1063,390,411,164,412,403,1007,108,567,118,599,44,465,698,785,741,405,391,592,491,1310,691,611,669
664,801,1236,1209,1177,67,326,817,557,589,1180,1063,857,827,611,423,986,835,574,1022,841,322,583,211,572,834,1371,1144,1235,619,236,780,852,650,62,761,741,775,689,316,1055,12,1226,874,524,312,317,885,846,803,328
1308,395,1134,1013,139,800,458,1038,762,220,563,1320,140,1322,976,983,737,1151,965,412,1287,394,500,518,1313,443,392,100,306,1029,881,819,1157,628,441,1067,457,691,179,945,459,1372,954,1241,460,492,1341,298,717,744,733
474,1067,470,1058,99,1342,689,319,398,441,43,274,139,487,1335,400,403,1129,250,971,912,784,427,381,261,992,469,463,1056,987,923,1312,620,438,1099,425,732,233,460,1286,448,951,1049,742,973,395,1022,276,267,1303,1265
314,35,125,1052,687,459,1041,442,616,1321,350,138,426,252,706,701,1139,1286,253,143,628,1018,613,977,17,447,141,385,140,32,438,383,700,91,679,800,1202,1204,1327,1314,430,142,136,24,387,1038,532,1026,636,93,270
629,846,857,581,205,1239,803,1266,214,1209,863,862,575,847,1270,583,582,799,823,835,966,867,854,860,312,54,66,777,104,887,874,1228,203,207,332,1180,870,1238,71,504,827,875,1039,825,1223,877,317,304,67,1262,570
184,430,93,613,997,1293,800,445,1018,424,977,1313,516,980,28,35,509,655,1322,1003,1202,1321,1029,628,425,1012,405,260,616,426,897,1038,1052,252,982,9,1328,439,1324,1204,220,965,1291,1007,1042,1070,385,684,315,136,983
966,518,687,378,514,35,0,445,472,616,405,425,805,389,510,411,980,815,507,983,87,784,416,804,381,1173,666,28,1049,977,409,1038,1023,1321,447,140,315,1310,4,93,675,429,118,34,143,32,30,380,1000,1318,119
933,390,687,425,445,447,1293,973,439,406,1202,1029,440,394,383,28,403,385,9,270,617,996,518,982,32,381,1287,1129,977,1318,628,653,391,35,276,509,472,83,261,154,315,649,701,294,985,93,976,438,91,646,30
848,350,412,17,1041,1043,1320,427,700,532,445,429,454,704,691,649,30,440,411,1071,424,406,138,977,1089,447,732,708,703,1292,614,1324,896,679,1204,1026,510,815,159,442,20,1161,706,1047,430,381,1095,32,380,1310,996
647,72,1217,600,847,595,890,876,329,862,870,525,811,854,794,530,792,816,104,57,214,215,608,1241,1246,603,193,1373,810,307,1275,868,482,892,839,375,606,761,796,562,335,780,580,867,778,1208,1371,1143,1152,229,1263
1305,1211,1023,1107,139,271,778,1047,1173,1191,1152,200,127,349,230,1063,287,1195,749,310,1158,1120,3,674,780,1289,181,683,198,294,1058,1310,1113,50,864,1347,99,719,980,119,1024,1254,41,225,172,947,33,760,43,146,1099
722,518,25,381,411,553,315,91,438,687,380,996,445,532,180,0,383,1012,440,447,425,975,119,118,9,390,815,409,617,439,1176,1174,4,514,15,472,92,1175,18,653,393,1318,225,378,1204,700,415,433,405,980,968
1290,239,779,1050,1174,425,751,1293,36,1316,703,1239,470,590,350,228,845,294,814,768,391,1308,617,908,1118,1292,987,1206,1129,720,431,99,828,152,1048,327,251,494,387,176,1289,4,258,578,234,491,764,585,566,509,1219
833,260,706,724,795,1149,708,1059,954,1364,490,716,565,668,171,1118,693,1097,493,816,93,1206,1276,1264,778,1291,502,571,50,740,278,170,526,918,1092,365,184,734,1216,86,233,641,832,941,201,1200,1211,775,282,1243,1221
815,1152,1167,741,424,795,724,1344,1125,504,286,921,745,84,292,304,510,456,1159,1094,1114,1277,1197,1008,557,357,817,438,298,721,65,918,663,715,1100,275,1369,1275,18,497,154,1020,934,596,892,1223,447,1312,108,725,482
84,1210,514,818,429,111,166,1141,999,823,1259,81,491,795,177,159,438,524,1318,320,564,161,825,1260,326,1108,598,233,197,12,493,43,133,107,1246,593,1068,803,824,561,1051,887,490,422,741,392,1059,1296,618,790,1151
352,689,276,47,100,655,504,987,391,50,971,468,516,253,395,1022,364,1212,801,556,387,172,1190,492,1038,620,158,1271,319,1017,570,700,832,576,487,766,24,146,1081,383,1157,1287,1328,95,533,495,535,15,257,402,1327
468,60,775,257,551,1022,1152,1067,1131,733,852,1265,1270,705,1177,912,329,211,583,1366,522,317,819,233,282,754,823,198,491,570,1360,1271,1094,1212,1252,1372,1136,1211,103,584,596,197,311,761,310,1316,341,172,842,738,748
65,1321,145,136,1204,742,378,997,704,1342,464,729,1328,703,261,1287,720,996,1023,447,478,271,1202,1335,701,41,1286,390,38,268,590,463,383,273,276,465,965,491,152,400,533,683,532,1340,616,230,543,1038,470,148,916
394,205,852,585,803,1247,823,577,780,210,201,637,1235,541,846,1266,835,860,986,57,1258,875,302,332,908,324,842,21,304,582,392,621,226,857,1245,1056,523,862,845,319,1180,1238,1332,320,887,329,1246,96,331,121,44
1009,570,1205,1120,286,861,852,1274,724,911,50,958,748,596,287,922,1152,733,774,206,784,189,47,879,769,1077,472,496,890,543,503,1344,320,1258,1312,611,46,990,1167,557,314,310,795,828,366,1047,233,504,65,1241,966
687,28,406,703,35,17,138,700,449,261,1052,30,459,470,447,687,271,997,445,538,142,387,1061,464,350,985,409,706,655,1122,427,398,1026,1296,108,1322,143,784,426,628,973,140,1202,732,614,1095,32,93,1018,991,16
152,442,258,406,687,616,261,385,1313,1052,140,24,30,454,1026,977,509,700,35,125,613,17,142,1042,1041,468,397,426,703,1324,1139,378,1204,1320,1321,412,28,9,25,149,800,380,1061,138,532,32,447,1327,253,1029,34
265,628,687,1292,1046,445,425,258,675,25,616,1194,270,442,1139,814,1320,430,1038,378,514,700,613,468,768,440,977,138,119,454,1050,1083,417,261,143,982,701,703,784,268,93,350,965,406,35,253,1113,1319,1049,234,126
99,425,459,1321,1052,406,28,1139,149,447,445,997,468,274,965,720,779,141,700,687,409,691,1286,800,315,411,655,390,980,516,616,234,30,752,136,1322,387,271,159,403,1038,590,706,378,1351,99,426,252,41,427,701
502,550,491,1152,522,1259,52,823,214,1352,806,778,854,592,1056,47,861,233,317,986,758,479,1238,1226,1022,1155,606,676,584,1093,489,766,490,704,1219,172,639,107,151,989,1265,487,1190,420,964,133,524,175,611,609,1010
1113,1287,149,1286,1321,1092,464,1312,1341,143,245,32,400,248,268,1067,701,1148,1292,1105,463,294,918,125,38,167,141,258,1324,1132,1345,20,472,1195,469,465,1007,784,1095,249,766,748,510,18,276,447,1058,1047,997,693,449
471,50,429,1096,676,775,1171,1190,766,910,159,1101,1287,526,671,1134,233,522,292,1099,564,294,60,732,441,438,543,1097,817,1051,419,751,319,1341,852,648,196,536,1140,1242,584,604,460,1239,1094,1056,1226,583,470,172,154
472,655,1014,1083,1161,1352,550,265,506,315,1057,543,842,263,398,617,721,220,1144,616,510,1174,645,1134,459,245,1015,929,1025,264,364,126,1127,119,1300,1204,149,522,612,1322,399,1328,611,758,35,137,978,1132,1017,766,1176
968,286,423,1055,1270,609,1316,923,912,1187,1,294,62,1242,1094,1053,1249,842,14,312,1115,748,791,1022,500,1030,783,871,321,758,646,993,105,60,756,790,523,502,1114,921,556,1093,268,238,572,841,1239,317,1128,435,1190
1014,1265,1259,825,780,816,1177,469,571,61,1270,95,1245,1247,964,202,1312,1271,576,1248,1187,948,157,33,1102,823,305,66,198,208,1236,549,1366,325,776,485,766,12,1217,1058,203,273,862,522,302,730,175,1228,1275,586,423
559,1270,861,582,852,1245,571,585,777,66,570,329,67,1241,525,536,862,205,841,1219,866,305,211,747,806,1262,60,317,823,193,290,343,1238,824,1266,869,331,864,1252,529,1360,581,1200,302,1142,1186,871,733,868,1247,923
1307,1204,518,410,1318,315,1174,983,617,683,655,1175,768,535,1162,951,234,998,1096,1012,239,389,1031,982,852,1105,1312,250,980,611,725,919,779,614,1049,687,977,18,327,419,1217,1044,684,399,1000,558,263,1081,1113,1176,119
277,445,514,405,138,422,25,4,1023,1052,1063,1176,1202,700,258,984,24,249,468,714,35,93,270,406,266,180,970,701,1047,1032,478,628,779,561,768,1095,274,241,1038,263,287,1017,784,259,220,102,620,145,357,1059,322
790,507,60,482,279,1311,1226,1019,1093,993,592,973,689,1056,381,1032,1022,669,108,491,609,15,550,701,211,758,829,968,780,528,67,1010,1030,175,223,862,429,559,416,390,1330,985,570,824,544,1168,663,1034,600,305,678
376,661,803,583,853,1246,120,867,349,842,986,104,295,524,581,95,1031,818,1304,1236,316,327,324,804,328,111,341,453,1373,637,66,834,489,860,547,1315,718,644,214,389,618,1162,836,988,133,65,272,846,276,451,702
936,1175,700,1152,805,1095,1012,570,561,219,1351,841,590,1171,366,860,1304,1177,675,65,697,1258,1287,991,714,263,119,1237,768,924,14,801,1159,273,348,458,875,815,724,729,1321,1194,16,1047,852,1314,871,1266,206,657,312
536,549,179,949,588,363,904,182,1064,359,850,883,761,538,369,889,1218,1350,630,952,313,288,501,1154,1278,525,800,736,53,1375,414,998,1109,809,1279,461,1275,612,892,1150,1147,1011,1207,1338,856,280,171,541,640,73,229
515,1022,392,60,289,577,1168,524,803,671,823,148,621,197,581,689,1248,487,319,469,583,166,704,214,66,1129,853,423,1242,862,758,999,1051,558,92,1246,233,1341,304,1187,1239,468,775,787,564,170,268,1162,110,1219,650
494,99,43,498,683,100,1340,689,666,452,646,126,1114,1200,1171,667,158,743,223,633,148,290,554,785,423,1105,468,790,154,641,61,992,1201,715,287,1135,753,1303,639,714,971,1153,238,472,502,1211,599,294,245,1191,750
1058,287,1173,464,1092,274,447,292,543,667,1050,1099,649,919,510,256,741,91,804,748,1067,780,472,482,383,1056,310,1075,1270,533,784,783,826,1289,391,243,706,829,1140,1187,990,1238,14,1341,389,1131,12,1324,429,1211,172
384,1052,406,387,616,800,1139,454,442,1316,472,37,700,93,1038,1319,350,613,77,645,445,84,1145,430,245,261,743,220,425,1003,978,1292,4,260,1002,509,0,1015,87,1307,24,1065,685,1291,901,975,385,30,981,667,153
774,1113,1150,1120,1347,262,864,1127,749,587,475,1236,1222,1359,827,715,601,945,1099,694,1115,251,1191,558,717,350,1240,887,1003,856,1067,1211,522,322,1123,1009,1058,1246,1175,1093,1141,741,1238,917,50,1135,760,57,1104,632,1357
1075,1341,1345,745,923,1082,503,99,730,762,17,254,1343,1344,498,408,667,1037,1143,733,49,742,563,50,480,502,274,424,444,167,1027,1048,1322,415,287,35,308,26,1122,282,795,264,1035,393,770,1151,275,747,261,459,1178
1099,258,973,119,433,429,1005,4,971,514,996,389,256,387,1315,463,273,1032,20,472,399,440,0,434,1295,518,984,982,24,641,1022,1047,599,592,159,378,250,649,437,1161,257,180,1324,350,323,390,510,276,2,268,1031
746,766,1265,198,485,844,1366,630,167,1368,1101,952,223,1212,1076,1064,681,202,181,286,179,796,1001,1096,522,48,423,732,596,649,816,543,666,1091,439,1087,889,1144,353,907,152,164,1032,1057,845,1227,960,995,461,427,43
101,425,270,447,514,429,445,532,9,315,405,996,472,991,138,35,680,412,815,381,1292,38,438,805,383,980,437,470,143,164,1023,649,409,1204,703,975,433,617,732,126,704,977,675,657,983,616,93,984,1300,444,32
97,390,649,1202,514,1204,994,437,636,997,403,464,37,433,448,447,968,980,381,424,1322,405,409,701,136,616,276,412,383,510,32,270,1286,389,516,973,742,1327,785,2,666,241,1063,613,411,9,544,258,1019,1292,991
356,311,862,1236,494,823,522,433,66,571,583,1177,1235,845,1239,60,1067,1211,210,799,861,1143,1228,62,1269,835,111,1180,972,1245,197,312,1259,790,1332,816,749,971,1140,328,166,553,165,259,565,1265,741,1058,584,581,586
931,425,1023,459,688,125,136,1089,1019,180,1007,261,532,720,703,268,274,616,403,1321,455,138,426,149,36,1005,464,35,991,1027,440,1286,805,655,28,234,1003,411,1351,487,704,1038,118,463,657,137,153,17,700,897,978
1281,1049,1041,1322,234,261,387,430,982,149,1057,516,628,142,1013,468,241,117,140,1005,983,1038,1027,1345,752,720,31,688,680,1018,675,1310,1199,119,447,132,1076,1118,385,533,274,977,440,1125,1089,1313,253,620,634,1003,994
735,312,839,823,1226,1119,332,854,207,1238,860,178,962,1100,591,70,299,847,326,593,967,846,855,853,61,493,842,863,871,307,606,522,1208,1146,926,818,794,214,1236,665,368,862,135,857,105,1160,373,760,585,1235,55
832,1224,53,336,917,371,363,904,1280,884,695,947,1203,179,879,222,1350,1250,78,881,640,945,501,182,1257,546,73,288,1369,54,1279,961,115,375,339,707,1283,334,1216,837,1244,735,122,377,1360,235,1282,963,895,940,318
812,1241,1152,1266,561,423,316,1331,873,1222,586,922,205,795,596,798,953,102,966,523,816,846,1153,843,823,799,852,319,71,862,1157,530,790,1053,948,869,1247,331,177,1242,908,307,589,834,803,66,849,1236,842,1177,1264
725,186,847,867,1224,595,865,735,862,596,530,1223,1077,1156,171,1365,935,57,812,1147,1257,213,739,334,205,820,1356,716,809,376,1137,575,204,1371,207,1233,2,72,1040,1283,869,1096,1216,1261,215,173,582,932,580,874,650
961,445,281,279,1026,32,503,543,738,1344,140,141,1173,1139,815,1314,623,768,480,1148,495,1083,1140,996,1103,630,1332,1136,283,1116,258,1118,1155,672,804,433,1111,649,915,246,676,919,1152,290,420,812,1010,685,435,516,741
1266,429,425,91,531,666,447,910,669,9,714,817,1063,1008,433,667,141,968,491,143,689,381,912,1162,357,390,1022,1318,701,991,423,435,412,427,1340,465,1056,1096,1177,1129,704,403,197,1127,144,384,294,678,996,18,1027
1241,518,4,390,1168,389,383,687,1161,91,416,968,1050,996,400,391,1318,1287,409,35,567,411,661,119,268,315,751,618,176,1202,805,544,87,0,435,804,433,1300,971,381,453,1022,678,15,9,491,159,972,714,472,33
444,427,553,1047,419,233,552,620,452,429,986,1175,1022,1153,398,152,919,267,522,543,1099,689,738,1091,465,524,1127,416,225,1336,1010,647,551,1271,1312,159,681,728,151,1110,753,273,294,749,653,671,533,118,561,438,401
549,1236,304,66,1180,870,1247,950,842,818,574,325,835,205,236,986,60,741,1235,863,1239,585,826,827,802,871,1237,862,1263,817,803,801,1063,45,875,1244,67,836,1177,190,1246,780,846,823,857,113,62,421,322,206,885
953,703,1328,387,125,459,468,1041,253,720,380,447,1322,406,779,454,994,1003,687,1345,1292,1204,32,117,616,261,143,1286,1175,997,1324,139,350,683,385,142,1300,145,419,409,427,1004,28,1046,0,684,152,1052,1321,99,430
79,779,1076,1049,973,468,526,387,1328,976,145,657,1287,93,1335,137,234,141,274,703,1042,983,1038,1195,258,1322,1025,470,437,1343,1296,426,425,276,1003,1027,630,1052,241,119,364,74,720,1312,1043,680,590,1295,661,261,219
55,425,687,613,35,1321,136,405,700,977,703,138,412,25,984,1026,429,17,447,378,426,24,383,1292,1202,973,406,270,991,258,459,411,260,438,691,617,125,427,1324,385,470,1041,87,996,119,701,614,448,381,518,1204
37,910,923,920,400,197,1022,304,852,925,154,857,1171,586,827,1158,1239,203,705,993,1247,302,1190,47,61,1246,531,294,487,505,491,1270,1053,862,775,482,469,194,1331,867,823,1101,242,1155,1259,290,1011,551,319,854,95
673,1022,775,551,834,554,650,536,1191,1096,1128,633,1058,704,365,524,584,1162,661,66,912,776,862,863,391,1051,211,619,1152,148,194,564,567,197,104,1158,290,738,328,803,1272,923,1014,320,908,1093,1025,799,583,57,308
604,958,1282,937,1257,933,363,374,362,963,967,1244,1040,1039,1077,612,336,42,115,191,1216,80,484,51,589,782,366,53,288,759,950,911,1374,1178,939,904,588,56,1189,1209,1263,830,235,1250,1143,1078,413,546,622,1163,735
18,743,90,468,489,1321,639,149,201,1139,1079,1049,794,641,1021,699,791,1326,121,436,93,811,670,1229,81,1074,683,623,162,869,356,779,4,437,1314,626,1124,682,790,618,1028,387,471,1137,777,111,849,703,122,103,511
95,1204,258,412,440,136,973,613,425,406,390,996,380,514,270,30,138,1026,691,141,687,429,649,1292,1161,1052,732,389,9,983,1286,1310,426,980,261,327,28,507,417,381,20,32,518,991,463,4,516,411,666,180,1316
238,230,164,779,35,253,674,983,795,294,255,4,41,427,1127,219,1107,717,757,1174,274,442,535,378,1194,1074,611,980,994,139,1097,319,411,616,1316,478,920,126,729,690,1321,538,409,1214,715,1131,1003,1341,1049,98,47
918,687,805,9,1321,1049,463,680,1018,430,409,800,533,1052,634,1204,1300,1014,117,1038,426,472,402,965,143,448,977,378,518,617,234,142,270,982,417,1295,315,996,30,994,119,385,219,919,1341,1168,613,976,1081,951,411
607,304,1261,912,1239,1270,1208,854,856,197,1248,650,604,332,68,523,923,609,584,867,853,1331,846,863,852,827,205,864,1058,857,585,302,572,368,72,233,1275,1258,862,175,780,1053,575,803,791,823,469,871,756,581,1155
733,1120,970,1236,1113,696,1045,864,1075,768,1238,145,749,1260,1050,1070,1057,310,1067,1228,67,969,1211,1143,620,244,1332,202,219,1062,1118,394,965,774,1258,1056,1166,266,819,193,662,1102,174,1222,1171,66,327,435,71,746,982
1284,380,634,1026,1300,385,965,149,720,616,968,403,1322,510,1070,516,518,152,445,680,449,381,397,1286,443,470,1161,116,800,2,1148,507,454,997,703,142,32,1310,28,1061,918,1287,1293,260,350,1005,9,412,655,476,255
226,274,463,387,1005,464,655,470,1049,263,1003,509,1327,394,414,689,617,468,380,1324,590,1328,1342,533,1292,1124,1025,28,1090,1195,1202,973,398,166,276,469,1293,713,353,36,395,1096,1092,294,239,1168,389,982,987,11,766
1157,518,1310,472,1292,1000,996,1286,383,389,703,149,0,666,116,1342,1315,424,531,968,417,779,687,464,1328,1293,742,1090,1050,403,785,409,378,507,255,430,145,442,437,683,1048,141,1327,1041,1288,164,614,18,1295,387,706
300,425,1052,93,149,1041,628,470,616,1321,468,703,784,138,30,136,693,725,409,779,17,406,655,1000,35,1335,252,260,720,687,464,270,234,100,1286,729,800,701,378,1341,706,125,145,244,965,459,25,613,1005,263,1095
414,274,425,273,464,294,126,438,25,1067,491,429,448,698,1022,649,705,37,1342,1090,1168,143,141,38,118,465,1291,1032,434,701,421,544,532,148,687,439,463,590,660,381,405,469,1204,585,400,159,918,1047,276,266,518
1262,425,687,1204,258,649,590,968,385,403,141,1019,395,268,315,1063,390,261,532,516,994,32,405,455,985,465,1052,599,514,1292,1310,701,140,975,439,510,118,18,394,614,1161,406,9,544,143,1032,427,424,996,38,1129
1035,1014,1113,1127,662,784,620,141,1205,478,170,148,704,1175,1038,703,991,1095,164,167,779,408,430,1044,18,415,1032,1239,510,423,1168,1241,1012,819,233,687,561,383,1057,1120,1063,1131,970,800,919,661,230,100,4,1005,533
1016,319,1056,1261,954,1238,234,1039,1239,317,1022,860,1146,783,966,824,592,1246,292,1115,1113,665,1187,906,1328,1242,86,1270,1262,203,739,312,803,541,1057,126,789,1256,1083,757,1127,553,1208,597,964,1128,302,576,1266,1036,181
711,1058,749,802,770,1130,826,1263,1222,1270,1151,66,1131,1111,1141,1143,317,1125,170,1259,1014,852,574,1246,665,571,184,861,1112,877,308,761,354,299,834,1207,738,496,286,1245,819,790,780,864,1127,554,818,1154,1266,1215,208
989,271,590,1023,1022,268,538,139,287,274,164,1175,1200,633,732,1090,38,273,689,147,423,412,491,1195,592,980,469,180,684,1226,724,245,146,1354,611,742,452,167,92,1315,391,439,599,1264,1061,795,1286,470,141,165,698
764,1004,1152,779,1000,17,261,28,389,230,996,165,561,706,141,1321,725,159,411,440,795,729,1195,703,918,655,680,1306,732,391,614,1324,274,400,518,1102,641,1050,1101,153,973,381,667,41,167,136,1296,705,526,1022,784
148,93,28,425,16,514,427,445,132,35,636,387,661,1321,1202,412,983,1194,25,219,977,693,982,1107,383,270,1000,41,815,136,691,616,1294,1292,954,613,220,657,679,638,712,138,626,1171,1089,620,634,1004,77,704,1351
1020,585,823,319,60,1228,863,583,1236,592,504,887,824,1022,864,871,1262,854,522,866,1187,1238,1056,836,553,846,524,329,582,861,569,571,835,196,852,803,840,845,233,856,575,1246,878,67,203,609,205,551,859,1235,604
1277,912,920,925,197,922,304,505,908,775,487,762,165,1122,61,1200,1022,852,1230,154,795,1053,857,1277,570,420,319,491,341,862,1304,757,801,302,859,823,205,112,469,554,998,423,305,111,275,535,842,564,1270,286,1337
35,1321,261,99,383,973,1292,438,172,1340,25,641,447,687,766,1342,43,118,1139,491,1341,1314,141,706,675,968,526,590,260,1063,617,167,1171,1018,518,1031,918,473,561,441,552,1291,1287,1067,422,91,476,785,701,522,648
699,429,472,1173,815,327,1310,136,732,649,391,412,1047,1022,1292,544,491,411,1175,381,624,1089,991,1082,165,378,564,487,1342,401,159,514,440,435,427,268,405,25,464,510,518,425,982,257,41,1168,666,274,916,985,729
1143,1038,768,445,261,628,143,425,703,141,1026,119,220,442,391,516,800,700,532,1351,440,1161,1314,25,1204,616,1304,409,1294,35,1090,138,1041,973,385,30,395,381,145,675,996,729,1032,459,1202,1299,234,655,975,16,509
666,1222,1209,1183,833,369,287,61,661,547,1106,1144,288,820,780,589,81,66,284,699,953,190,870,869,915,67,776,940,238,962,1278,1215,595,1207,718,160,354,943,927,792,291,1274,299,1211,408,764,803,1367,970,1192,483
523,1177,198,1239,582,1235,423,844,1175,164,1230,1247,705,505,4,828,1236,12,689,1208,276,200,1179,468,863,817,1241,1158,61,650,58,1194,1136,1248,845,57,595,583,758,784,236,1058,1212,775,1218,524,823,835,864,136,296
56,425,445,394,725,620,701,978,1005,1048,714,152,1063,599,1328,1125,648,406,975,532,1041,997,706,405,1168,1162,982,1013,691,261,1057,703,1201,533,108,590,784,234,166,315,287,224,430,1083,1321,1322,219,133,167,138,417
964,703,136,729,43,815,1300,991,614,982,158,1070,973,133,624,1005,261,38,438,426,107,1335,400,1202,125,1287,1046,470,17,954,725,464,687,425,93,996,509,805,159,267,717,691,1286,1018,533,999,984,391,1022,800,463
707,487,1187,1141,1341,748,148,677,233,1058,126,357,524,564,992,585,676,639,60,795,295,66,491,1135,819,1153,738,480,783,448,1348,647,609,780,1127,862,1205,172,43,671,766,791,551,181,427,319,583,141,757,400,335
703,1063,219,653,422,649,425,871,287,472,65,1201,384,531,999,553,698,266,1168,383,829,197,557,411,1316,753,503,270,795,824,390,438,87,111,624,378,405,581,452,389,243,514,279,329,775,256,1241,583,423,203,561
1292,703,701,264,1041,1125,1111,722,1048,141,1005,1206,1099,771,1067,274,163,1130,1027,696,1089,1328,234,749,261,1083,1056,1306,1252,706,480,620,260,138,1118,99,784,691,430,747,1136,421,253,795,865,1154,1060,738,425,172,1097
856,403,1204,429,412,1297,390,701,704,1168,1005,973,315,491,1129,398,441,1032,325,996,292,239,1342,677,172,1066,617,1083,532,327,465,159,982,1134,386,1095,1022,1295,561,1153,681,628,991,1202,1345,738,18,746,233,1155,1340
550,197,133,491,166,775,585,1153,319,419,159,561,522,604,1312,111,151,1168,1219,1340,502,757,815,1056,823,609,714,411,194,1141,795,568,863,1200,676,211,862,158,470,854,986,391,827,762,1243,1171,1172,296,565,15,618
212,425,700,1041,35,28,261,445,1322,703,973,965,1076,397,140,976,590,613,616,274,93,141,426,387,1061,1321,393,1038,430,1049,687,720,655,1095,440,1037,142,465,1194,385,395,1026,977,1327,447,149,1202,1324,1027,768,125
665,1225,891,811,71,603,1154,926,823,1367,571,592,57,931,862,1275,818,816,858,844,305,878,1260,1272,734,1120,202,853,1228,1268,578,631,1221,801,175,787,210,689,523,765,1238,949,1271,755,1337,1110,1269,1251,1373,1217,827
1316,268,387,35,1089,1101,616,353,703,655,427,4,455,99,136,464,720,1327,1015,647,1092,412,441,1090,612,1004,93,630,732,487,978,543,1106,271,1019,140,43,449,267,645,398,350,994,689,590,41,510,224,1230,153,617
1036,518,1114,315,968,1063,1019,1020,1051,510,1032,993,398,1091,654,1008,223,1175,644,983,531,965,1161,1116,416,1204,219,381,1038,768,350,447,516,18,666,725,445,253,1173,1015,455,107,1188,419,533,386,452,87,394,1025,1313
929,1204,274,720,1023,1327,1049,261,980,1174,1047,149,1000,697,1025,973,784,749,1048,459,734,1058,1211,502,1322,425,0,1092,139,482,380,267,116,315,134,276,417,18,1173,452,255,36,532,250,1191,1321,983,919,703,143,1096
235,547,700,1153,565,111,624,1031,158,1312,494,410,1340,1134,133,66,487,264,1165,261,1320,662,810,766,451,557,1243,166,561,558,819,1171,818,1271,1050,815,1236,775,1371,620,757,752,1304,975,1219,159,140,817,172,984,954
949,425,448,405,406,258,1318,1204,701,975,1168,700,1063,25,383,514,968,87,395,620,1161,1202,1029,999,1314,140,1173,1139,0,805,9,544,649,532,1321,815,1007,447,32,30,279,315,438,1287,1018,784,364,435,887,666,560
208,703,99,590,491,468,253,425,41,1101,1099,389,378,47,1321,464,1296,139,1102,28,951,706,1107,480,447,510,689,1023,17,487,470,172,43,153,729,465,454,126,1038,294,1295,167,267,4,260,159,463,430,405,230,270
453,841,60,67,303,1010,62,740,604,625,609,752,96,319,284,1247,539,1084,597,1231,1098,276,1273,488,1365,801,59,581,1022,113,852,63,1004,1256,876,68,541,699,61,880,312,342,1364,467,874,1133,306,489,372,1152,758
204,28,703,440,406,30,35,973,20,442,261,268,17,430,445,0,136,24,687,270,1052,411,16,34,700,77,628,514,1324,616,381,274,409,666,4,1019,143,729,981,138,613,1202,991,614,1041,509,141,459,532,1204,447
456,1099,43,918,810,469,267,1058,281,1097,533,775,1105,1071,158,1096,448,126,1127,233,1345,1075,815,662,655,465,703,1120,510,1175,746,1089,1171,1342,1118,724,1043,624,864,257,1335,532,66,550,421,1217,159,795,1113,167,425
921,1175,1202,1000,87,590,1014,230,689,533,395,800,220,1295,1102,35,463,662,261,1176,655,1162,276,532,452,225,1205,219,768,445,621,620,706,1286,616,405,424,91,253,1051,419,29,451,389,779,383,33,1045,260,155,252
1002,28,393,452,766,992,1320,1134,289,4,694,1201,683,563,480,815,470,1171,1043,410,248,750,1314,616,91,422,977,111,714,514,100,617,1027,295,274,558,118,1340,1079,243,954,364,965,1287,1103,701,468,561,785,1316,1352
1269,553,556,439,1240,562,928,576,384,1226,594,154,1340,758,1022,577,500,592,585,609,604,197,993,871,312,329,1169,60,292,867,463,504,1249,201,419,102,663,678,335,803,633,615,400,824,50,1093,1319,797,547,872,58
1162,153,1175,655,704,164,1058,464,465,274,992,734,45,268,712,1023,470,463,1004,98,38,951,1091,260,469,491,239,648,425,1101,983,94,1129,706,1022,827,687,630,703,533,106,1043,722,325,165,93,526,1153,978,1135,405
4,425,968,315,617,87,389,1318,1316,390,669,15,472,544,398,994,491,465,381,419,1012,678,429,532,435,553,453,400,666,996,557,447,1168,126,445,268,524,405,1315,1287,1174,1051,1019,409,507,415,448,378,1286,516,683
717,1108,1261,1155,741,310,1058,262,1236,583,827,1277,841,1270,853,309,552,1113,178,1238,86,205,1310,1311,1271,233,592,1258,888,1152,570,1275,891,1208,12,236,198,1267,1206,609,1031,606,52,200,571,989,858,780,962,1106,917
1263,11,385,252,1287,140,266,687,1341,240,514,991,1328,679,1322,634,141,533,463,152,613,406,1134,1032,38,108,660,975,805,535,405,10,276,16,470,411,13,412,997,648,1026,445,688,662,315,34,166,655,507,260,138
827,214,862,847,1238,846,869,523,741,1208,1177,302,593,1146,571,1235,823,504,864,575,806,497,206,1258,207,1247,1265,825,596,570,469,1039,790,215,1056,307,1219,1221,866,753,368,572,852,70,1211,1360,1266,1058,1223,839,854
513,823,504,1371,522,803,574,570,596,1156,1252,879,1247,761,371,1248,60,1177,553,575,777,211,856,555,1228,1213,775,927,1259,1261,861,1238,1237,1152,853,290,966,1236,818,329,858,321,871,1266,1277,1258,1232,62,583,236,1275
46,380,459,28,1038,1313,996,616,1049,385,141,779,815,93,406,425,261,655,30,447,518,533,1286,1204,965,116,445,468,32,430,145,1076,258,684,1324,409,149,412,164,378,1091,255,997,1043,991,703,387,994,980,1300,1004
1189,329,854,1238,834,841,1270,867,211,583,823,65,425,103,775,1330,386,194,159,780,1123,391,544,678,175,1228,376,846,757,1311,176,1204,921,847,202,855,572,371,776,1243,575,860,1304,312,60,714,1008,920,214,824,328
41,445,1204,982,977,616,996,1070,385,1295,1049,1046,1026,1175,28,261,449,380,390,518,700,617,514,38,1327,1293,141,1202,779,77,252,1291,1005,378,447,387,691,136,438,403,628,425,1089,919,590,138,649,32,16,965,260
1132,1204,99,1173,532,1019,425,683,1063,387,997,91,447,1321,641,251,1049,403,1018,50,1292,245,700,954,140,980,613,1099,1319,544,1139,1291,463,434,315,35,1031,576,533,276,445,25,1316,426,973,734,502,1271,1287,429,1038
438,1264,281,862,1235,841,1241,870,1141,824,874,1208,1155,583,1066,238,211,741,853,324,867,714,718,292,834,328,287,795,1238,860,1223,1176,1354,1270,175,67,233,332,1246,61,791,1144,823,45,817,307,1209,44,793,522,1058
605,571,1259,524,585,522,1354,553,864,1270,551,860,852,819,823,803,592,862,863,866,581,1236,1219,317,1113,201,854,1258,341,1058,66,194,314,859,70,836,1143,609,1238,867,211,1225,63,1260,529,203,1246,86,577,775,964
108,996,1292,385,680,614,1286,1204,1327,1293,1061,509,258,1300,445,634,447,415,1052,143,412,17,649,470,1313,270,968,425,1342,628,32,1041,9,1046,1038,516,468,1320,149,1324,0,255,108,1316,616,977,982,683,617,117,393
236,729,139,1300,984,140,655,459,168,487,1337,919,965,350,4,1038,1335,1321,1004,978,1070,1327,1041,641,463,1152,271,252,261,427,1061,1287,1165,150,455,142,1095,997,1286,1344,1195,353,116,691,1306,449,1027,20,611,1292,561
527,319,524,305,1248,1200,282,1239,320,289,1099,823,1221,795,1217,287,58,775,609,817,487,1219,592,1256,832,777,295,845,292,3,50,60,331,1177,1262,816,586,653,498,639,871,214,551,294,1242,650,1234,861,47,577,1083
842,406,700,616,261,17,1052,1322,77,445,430,35,1041,442,28,138,1327,703,1202,426,1026,30,1320,385,617,1071,720,1286,32,427,977,38,93,687,470,447,454,143,149,258,628,1313,1004,140,141,997,975,350,1324,421,613
878,704,1149,435,996,427,391,146,433,592,4,631,1316,1311,443,672,258,248,390,567,818,1175,1314,1204,1173,176,200,32,1249,136,6,973,434,389,380,1050,276,1211,1341,1202,256,1236,1129,1162,1045,908,746,705,1168,383,1289
680,1041,703,427,1004,919,459,387,28,973,35,425,17,1003,350,1292,383,616,385,220,406,108,442,0,1050,454,1327,1139,270,430,395,516,1324,411,445,638,116,1286,1305,996,1148,614,252,437,1308,1049,140,814,480,472,315
26,328,846,320,60,803,583,585,1247,816,522,853,593,536,847,193,1243,835,66,780,1258,1208,827,1248,1223,1259,852,70,335,553,596,1236,875,1260,839,324,214,1239,570,1371,867,1235,859,1246,104,63,1180,1158,203,870,551
20,687,258,403,1026,425,996,1316,406,968,616,442,447,897,982,1029,666,25,1300,315,136,1161,20,544,617,386,381,1139,1292,532,412,143,383,32,1174,9,507,1052,261,649,1202,34,276,476,87,973,1310,1005,429,411,634
402,1259,305,203,319,1241,1022,791,1191,1239,1247,1246,864,66,853,845,1242,1223,1152,799,584,860,1276,582,1190,211,790,553,863,780,1235,1354,57,846,823,329,44,67,834,335,1187,95,1266,583,842,536,1058,375,1217,827,239
884,445,28,965,387,425,613,385,397,616,442,1042,687,1026,700,220,430,141,628,30,977,350,1313,1029,1321,16,32,720,35,1061,252,1322,0,997,996,1038,688,380,463,125,77,93,138,590,266,426,1202,394,518,140,17
572,1207,976,1079,88,954,1262,525,583,1111,1048,329,926,769,1227,784,1245,1175,969,1142,89,1360,190,974,1152,477,265,207,648,808,375,603,578,745,221,1045,387,716,377,1096,213,1225,71,286,742,841,500,100,612,542,577
597,585,680,1113,1247,1136,1263,824,747,1013,491,66,1111,576,1370,574,1032,725,841,991,780,835,1304,1038,44,67,774,600,453,749,819,1265,1349,562,1254,164,1067,1245,786,970,1063,662,768,69,12,802,743,1205,236,116,746
194,28,613,417,628,387,1052,975,1321,463,680,700,430,141,729,34,1320,406,616,425,397,1038,1042,260,636,693,142,180,77,4,409,800,1004,545,445,230,691,426,1059,17,687,977,679,270,125,0,695,249,548,25,614
720,50,341,705,150,1155,177,287,168,306,167,762,1175,1153,724,482,734,261,1333,543,784,294,243,673,268,275,1066,748,292,1136,1131,923,817,1132,274,47,918,473,611,464,1107,1022,1047,1147,750,439,423,829,557,305,542
317,613,425,378,729,266,514,447,261,641,230,1050,263,700,1351,725,1018,440,405,1202,1291,136,250,984,532,784,257,406,445,703,954,93,243,430,590,687,138,815,125,132,403,470,438,99,648,805,464,1057,158,684,1139
470,522,529,329,1270,1238,1155,864,862,826,302,571,1222,1096,1158,570,1223,1152,66,1058,1265,1219,852,1239,324,1248,60,1247,802,536,328,1236,1131,543,816,57,525,861,835,1187,319,603,806,1269,290,305,196,842,964,1241,912
679,1067,852,543,1262,1051,272,487,609,310,1012,522,1131,47,762,829,791,65,1022,1304,860,491,748,214,1246,194,525,329,1217,669,1068,1270,465,834,482,819,328,383,305,511,72,304,592,61,518,3,890,495,583,416,581
57,1052,720,628,430,442,800,387,1327,706,406,613,93,445,16,1049,687,977,425,125,274,35,417,447,138,1038,32,1345,997,518,1029,1321,252,394,220,1322,459,1194,1018,380,1003,1286,703,590,1311,253,468,1293,149,996,533
920,261,687,459,445,406,447,28,138,997,1026,142,412,616,442,35,1202,977,430,440,1327,703,258,17,700,516,454,385,1322,614,973,143,394,1324,1018,30,706,752,1052,982,1029,77,1019,464,463,468,976,1046,617,1038,350
291,1052,1327,459,982,406,532,1049,1322,1076,426,720,617,616,425,1089,977,1321,1041,430,145,447,613,99,1342,1324,997,16,688,687,157,1204,533,263,679,380,1287,465,1313,974,385,17,742,706,397,918,518,590,655,684,11
490,281,502,766,771,1152,639,1341,496,497,183,503,305,795,758,1352,923,806,312,1241,307,339,798,489,47,596,770,1200,911,773,1238,1213,1153,1156,570,1265,907,181,1143,832,308,179,879,1020,601,1201,783,733,1100,1147,1059
1081,1249,317,205,803,856,175,310,878,59,122,1276,307,837,946,1353,834,211,949,299,75,743,1247,915,944,872,56,849,336,1280,343,54,861,890,1261,557,869,1364,240,883,74,755,623,562,1133,699,842,501,846,939,127
778,1117,266,1147,1001,1175,995,1195,43,1338,1106,734,461,72,889,630,294,822,279,222,1040,245,672,1274,1109,1092,1217,705,177,191,162,915,336,848,1154,174,903,281,726,115,1082,268,167,1048,366,543,537,1072,813,748,1250
15,425,687,1204,1029,447,25,1026,429,691,649,666,261,982,9,996,1012,435,394,390,440,1286,381,617,514,315,701,675,20,532,383,426,258,1304,34,459,700,378,416,138,32,448,270,1310,977,145,1292,136,1161,616,1342
359,35,140,406,381,614,30,32,1052,590,447,1293,141,1321,449,442,703,617,1204,411,142,514,706,1026,385,28,1202,1292,613,616,403,136,440,701,732,666,518,405,20,38,649,636,454,687,378,984,1029,24,9,1139,1007
1206,365,1312,543,491,65,151,1341,698,274,998,784,230,281,1141,469,552,85,176,751,568,1058,1342,197,910,1097,99,248,435,172,464,18,916,597,498,1099,1297,434,441,569,487,1101,1187,61,1344,551,1030,341,675,267,535
1133,655,1049,510,11,683,987,459,1023,119,139,1014,641,583,482,234,387,768,402,464,1132,341,1005,487,353,1092,1300,994,724,468,145,380,576,507,3,1038,1124,864,472,263,245,18,315,274,463,752,1292,974,1105,476,447
838,166,429,1153,1140,427,815,1099,419,151,714,1144,365,775,248,163,762,1337,1312,649,400,1082,1296,669,992,453,469,491,1297,9,170,553,172,1233,722,923,698,158,1345,292,1291,421,730,164,522,44,701,197,859,1191,1132
385,423,543,1217,233,164,827,1211,289,1236,1187,421,582,966,784,780,1102,824,1099,620,1366,168,757,1248,329,795,1270,469,66,783,741,1058,1246,1239,236,1060,1022,1241,1259,846,198,875,43,876,44,523,862,172,714,170,1312
869,800,17,261,406,688,454,28,1049,142,425,1038,1041,252,1313,93,1327,720,145,1018,1321,426,1023,1052,616,380,255,701,984,1095,149,258,687,996,965,385,77,140,445,1286,1322,1026,449,387,468,138,991,1292,768,779,417
124,445,613,1204,687,425,514,1321,28,1052,616,387,982,397,385,1018,691,30,509,684,1029,383,1161,1026,24,34,997,688,32,442,258,403,142,965,976,1327,138,390,617,1293,91,968,417,379,0,447,1046,364,13,1311,700
661,1233,104,913,952,46,935,1093,789,215,861,917,939,665,1270,1374,811,102,1110,872,283,823,307,86,941,214,305,314,554,217,211,967,522,601,1363,68,72,942,288,209,59,933,798,888,471,934,882,609,1221,534,596
348,766,34,464,425,136,409,411,47,36,703,779,506,1153,378,274,353,26,487,286,271,35,980,992,752,268,491,1043,1340,468,441,383,1175,470,498,732,430,15,1099,426,1295,257,145,478,1041,1316,1312,624,1129,1151,495
1121,687,149,680,430,768,1042,1328,1175,1049,613,616,447,784,409,1294,141,997,1026,253,1052,980,274,16,1327,1122,261,1061,1313,1292,720,1041,805,266,415,152,1047,994,509,1038,1095,1351,1324,636,387,919,641,17,1062,1003,1322
663,905,962,53,124,1339,1370,1182,545,548,1253,23,1108,1326,1121,731,182,914,1279,283,115,889,1193,508,961,931,517,1016,1188,93,474,1374,123,1184,759,101,735,737,355,340,945,1358,336,1142,1368,144,142,1178,970,1133,789
579,1096,785,812,71,1058,1228,862,1359,1217,502,1259,1251,864,1022,1265,74,1354,1115,494,964,1312,907,391,816,570,181,1152,970,724,60,1000,1345,1260,583,948,239,799,210,582,329,738,119,1179,1223,750,840,1242,845,835,1303
1037,406,35,447,25,28,1052,261,1139,468,442,440,977,700,616,219,253,687,514,472,411,617,87,1176,397,405,350,1018,378,590,448,703,390,24,1202,965,393,403,387,30,91,613,706,684,478,394,1322,149,1204,364,455
1303,1270,583,60,524,864,317,862,1058,203,1191,609,777,790,1222,867,329,596,775,1260,1271,233,753,795,482,262,1223,522,1251,1248,1246,912,211,1247,948,1236,799,1130,1140,1259,741,305,178,1014,1084,571,762,66,1110,1254,1277
123,317,261,472,1099,1143,741,1131,1068,1008,465,730,201,323,1056,296,675,1037,1058,99,1023,1112,1039,320,383,661,1330,834,378,1346,719,1041,698,164,1235,1344,172,574,583,256,87,292,1247,817,251,1258,715,637,1067,553,126
969,1293,1292,919,425,1202,684,142,982,1324,614,514,701,526,1204,445,447,687,897,1019,1291,703,138,1058,140,1027,985,617,1029,476,20,976,636,1295,1004,38,440,6,613,1101,390,417,34,1321,270,1014,17,100,260,1313,1017
1090,862,324,1238,1365,823,593,878,1179,1264,817,1152,790,780,536,60,1228,835,595,329,1208,1243,201,171,1206,596,854,841,1156,69,1177,196,816,761,583,832,1235,1223,104,584,264,1252,214,70,619,338,1232,633,592,842,1354
192,687,152,617,1048,142,613,1327,463,976,982,387,1202,1026,385,1049,380,1292,430,1052,688,261,997,616,683,437,965,977,1174,417,398,1076,518,268,28,476,628,445,394,1293,978,1061,655,315,274,1025,464,919,1321,1046,425
771,425,1204,1292,1052,613,464,1327,447,996,28,518,472,412,1041,985,268,1286,378,532,742,982,590,403,145,136,394,126,1342,720,1293,139,973,442,616,703,1175,430,398,433,35,470,655,350,138,1202,1287,143,980,706,700
86,801,910,620,1014,1316,248,411,859,757,864,795,823,110,491,819,524,1341,661,304,1022,1190,197,296,250,61,826,829,1270,705,653,233,391,1155,583,15,861,302,828,341,112,460,176,852,194,1314,609,817,775,1115,503
1300,445,442,613,687,35,628,24,385,387,406,1026,141,28,430,1041,977,509,973,425,616,380,996,397,814,614,417,1321,463,117,1204,261,518,350,424,968,706,258,454,32,93,768,590,1046,427,1076,720,976,896,260,16
1129,687,425,1204,406,28,973,518,385,472,383,996,397,514,25,1029,447,390,32,613,442,1139,977,91,968,1202,145,509,1293,0,350,276,701,455,1026,394,666,1042,239,9,1310,982,976,897,440,6,118,381,403,1052,30
688,143,380,1204,381,1026,784,996,518,385,258,20,447,93,1300,973,141,140,516,1046,1292,445,116,1293,649,1041,412,509,425,255,454,965,688,616,270,1313,634,732,532,968,1286,145,691,142,138,1161,977,1321,1005,440,439
114,518,1311,445,691,1204,968,406,636,516,666,686,403,688,507,687,11,380,220,385,442,997,532,1328,251,1286,697,245,742,389,393,424,261,1036,252,407,613,31,533,1005,468,1329,839,91,978,435,678,813,558,1345,1292
350,445,425,628,454,28,1052,141,20,1139,433,261,687,442,35,409,24,459,93,1292,463,136,383,0,381,138,1168,700,1029,1320,691,255,258,1204,1038,252,350,1041,1316,16,405,424,704,7,364,666,25,996,965,91,1311
1110,1052,687,258,700,28,616,613,385,965,1204,430,1026,1018,1202,32,17,77,977,266,1161,30,459,426,35,0,1029,509,138,252,261,427,701,141,470,140,447,1041,442,449,1322,1007,9,975,628,350,125,1320,514,454,143
681,425,617,691,35,472,445,1202,383,1029,544,1292,261,687,538,1007,1311,9,1161,381,12,996,438,416,514,25,403,159,18,435,118,390,439,1316,424,980,136,532,973,405,815,351,440,433,518,1286,448,0,20,1067,166
451,553,559,1241,611,1373,248,92,550,522,1217,148,585,771,1259,304,617,1200,774,791,251,766,4,211,1312,842,1143,803,1288,823,390,801,50,175,110,317,514,557,775,592,1262,90,795,826,302,1053,1240,1139,879,1341,565
794,803,650,859,857,359,1233,1141,770,208,758,1245,714,179,761,499,846,1222,868,801,1159,335,819,408,799,796,847,775,596,773,486,302,456,826,823,871,68,733,366,798,316,1290,314,102,529,830,1255,1116,1044,794,598
329,1341,429,1099,815,448,975,472,411,732,383,680,87,747,810,487,1082,166,817,32,1286,705,1083,1345,996,148,1312,1092,470,116,647,1136,1168,491,1300,1090,460,390,163,176,400,533,676,524,864,12,1047,1340,9,1348,47
419,1322,424,30,442,1076,445,1313,1052,425,1026,687,1038,426,532,25,1310,37,406,983,720,1324,394,393,1172,387,616,458,258,385,409,241,77,686,1004,315,977,974,982,381,149,26,1071,430,166,16,17,1057,414,1054,28
316,476,445,125,1286,252,965,385,1023,1287,590,271,1313,258,998,649,616,628,994,168,1124,350,1070,425,465,447,152,412,617,1003,32,276,996,784,1204,717,516,691,968,1344,464,1322,136,141,273,973,641,394,1029,379,1038
674,758,1143,257,1352,107,1248,1022,158,550,514,585,522,305,1223,766,102,599,524,1151,1059,790,233,312,948,60,583,307,1373,1259,317,1265,146,1141,823,553,564,468,46,1126,801,90,313,853,503,211,592,302,826,1053,133
831,47,175,918,819,856,669,315,654,495,133,570,1230,804,421,844,94,623,319,585,296,835,741,582,61,717,423,52,497,4,644,1012,1116,233,395,584,807,887,345,999,923,518,670,95,1132,1331,1141,224,1024,458,912
168,425,268,992,159,405,35,1292,438,1316,996,667,703,617,116,655,411,1099,170,1007,141,1022,1311,1082,1168,465,378,400,491,704,165,1340,429,706,514,1202,544,391,815,267,1153,389,561,705,470,1286,669,732,18,1342,1319
11,1176,109,983,545,795,1340,1346,119,286,1065,661,910,418,793,443,413,383,977,111,976,621,944,1074,1303,554,598,35,165,296,68,561,121,40,1355,284,321,104,356,392,325,395,1246,930,743,803,1213,683,98,583,1051
1289,510,805,364,319,383,968,15,1315,460,1012,110,315,416,544,0,518,567,1093,411,487,453,18,511,698,604,405,433,753,420,752,126,432,506,1297,92,403,67,390,507,998,448,990,9,435,1341,852,996,624,491,378
866,149,261,141,28,145,409,687,425,468,426,99,1175,1321,1340,1052,470,271,274,387,383,464,136,655,693,459,159,1089,252,25,1327,158,445,350,148,984,1041,691,996,667,980,91,918,1139,152,35,219,391,616,1286,1090
308,689,274,41,470,628,1022,701,425,273,703,100,93,136,268,1202,1136,1342,991,17,464,1045,391,383,662,270,1311,514,984,145,1056,438,687,714,138,437,1041,463,1172,1090,779,750,1050,1286,158,67,729,655,387,1067,398
721,824,694,224,849,1328,801,823,1265,64,785,213,601,63,879,320,146,167,176,121,551,1288,816,181,782,1223,832,952,757,1240,1238,1157,317,556,376,847,771,1160,557,1360,913,565,821,783,1100,46,50,33,864,750,964
461,1022,704,172,487,738,1202,268,391,1171,202,273,341,1135,609,233,420,292,1095,624,1127,564,66,295,272,826,532,47,1014,1312,585,1093,570,201,592,665,611,748,1043,705,1168,649,1304,317,1008,41,287,562,669,325,533
1271,425,261,143,687,429,315,507,616,9,1175,433,510,683,532,1026,649,1300,142,516,968,126,1018,465,145,919,445,701,424,403,452,684,427,448,1019,106,518,149,982,398,116,980,613,996,983,412,1041,1321,784,1174,385
899,749,167,611,1099,266,1175,568,620,778,841,703,1085,273,366,774,1048,1017,1107,675,784,583,1023,328,581,571,271,717,62,864,954,1128,825,665,1222,590,1262,834,1022,647,752,43,259,485,1247,1211,264,547,1153,866,641
496,47,491,490,565,1120,832,1127,601,1153,778,497,1131,493,312,1219,795,775,1056,536,785,479,494,550,331,810,821,86,576,752,1213,689,1270,511,639,475,992,283,1115,806,1228,1238,175,14,713,216,60,990,71,593,487
810,20,1202,32,383,1330,1294,1321,815,1029,378,1315,418,449,795,121,159,510,170,919,612,1326,351,1176,1300,1366,440,980,741,1020,459,690,1345,1305,810,9,1024,275,636,1206,259,1150,415,35,448,1337,1039,974,17,97,1291
1315,463,687,975,1328,997,385,1204,613,1287,1070,1050,1026,518,468,1300,1005,447,403,389,1327,393,996,684,100,768,616,973,628,784,232,1049,417,1122,383,1079,1018,266,380,1031,143,152,478,437,1041,1321,415,785,409,286,1307
351,1049,1327,616,1041,139,380,459,655,997,430,510,994,703,1322,125,447,1089,1321,463,99,252,28,613,1052,532,261,468,149,706,965,1204,987,1070,1165,2,385,406,1018,700,1328,1076,687,1286,403,142,1295,1124,1038,1300,11
1108,278,1115,1208,1152,1239,1236,1153,1266,233,1359,1136,302,871,1219,304,1186,522,43,523,329,356,1179,783,1235,167,490,421,284,1242,319,801,1344,236,1141,176,676,1246,423,604,526,328,170,741,66,845,1209,585,1238,292,1127
578,1247,823,325,1228,604,565,1238,1364,553,808,861,950,845,571,324,730,574,1236,844,1225,503,1068,60,581,842,855,104,840,584,46,578,1276,583,1243,87,559,329,312,175,1273,818,504,522,494,292,391,166,1241,599,835
890,1204,445,1321,703,977,253,697,1327,1041,387,1048,1019,976,1322,919,35,406,28,973,430,261,720,1175,1320,234,459,271,447,683,800,138,1052,1202,590,429,258,613,417,412,1310,1311,1174,403,16,691,91,1194,617,427,725
535,543,357,325,1177,233,308,824,557,1058,583,825,420,197,245,793,774,482,1099,1127,1191,1236,861,44,852,1246,1144,507,1155,1211,211,320,1238,386,570,1264,1107,1226,584,762,834,585,1344,472,46,465,503,45,496,1241,61
789,419,381,491,415,680,43,992,677,1051,164,50,524,225,803,994,551,746,1140,1352,639,47,1241,636,398,669,453,196,103,1110,106,738,1014,1286,223,550,457,233,582,810,44,92,1091,794,564,409,493,775,264,172,488
177,1265,513,879,68,892,375,1277,1164,371,1223,1373,832,890,572,376,606,1261,213,1275,942,1243,229,214,205,581,1339,847,600,1224,883,215,70,1370,823,866,882,1125,1343,168,334,1279,1329,949,872,884,134,202,596,575,486
577,785,305,1219,825,644,1022,553,1190,583,1217,58,864,646,203,856,1115,860,571,295,60,66,1177,1262,592,1271,577,1247,103,777,966,3,854,597,824,1259,964,1014,1242,61,1191,783,294,803,1336,238,887,416,1354,928,570
593,842,504,66,603,733,310,1120,214,320,1262,1373,860,1156,1205,808,861,104,846,950,849,863,61,335,338,308,862,63,554,1213,529,852,581,1100,1263,1269,866,840,194,927,867,816,879,302,304,585,871,210,215,133,65
614,781,869,541,1371,857,846,852,842,284,210,862,205,853,1278,1180,827,262,877,1120,73,870,580,839,237,1256,582,1367,204,213,593,699,206,874,591,1252,72,214,519,1237,523,803,1231,179,588,581,297,802,575,207,56
69,1052,1041,445,1202,703,470,613,700,17,628,965,385,616,468,261,447,138,977,514,93,409,464,143,1314,383,655,1327,406,532,1324,440,996,684,1026,145,518,729,32,706,24,679,509,35,417,1293,449,438,397,119,430
1183,1263,1247,1207,1208,1246,802,1249,1186,1262,1113,308,871,911,61,852,197,304,65,54,874,859,592,775,825,1270,950,770,863,866,799,828,305,1143,947,792,967,1274,749,1259,877,1354,67,72,504,846,803,317,853,876,793
410,1341,703,252,445,1292,50,706,32,675,425,1316,28,617,35,421,143,319,918,447,751,1083,261,487,1202,383,691,704,1139,274,671,1059,815,1348,491,345,1296,364,1346,91,896,543,305,1052,919,1092,771,1085,468,742,824
701,464,655,463,380,425,274,465,1342,1027,118,38,1168,509,426,470,154,230,1076,732,24,468,424,616,729,1061,1341,225,1324,271,990,706,1090,391,2,1091,687,35,1124,1085,434,166,49,725,1059,419,1202,138,1082,1000,132
1225,258,700,1026,784,445,800,687,425,417,965,613,143,677,984,93,1161,378,977,381,1052,1295,1032,403,518,468,405,1038,180,1046,1320,385,649,234,657,614,439,1292,701,0,412,437,203,24,315,463,616,973,453,1252,981
627,862,575,841,1270,312,60,210,103,59,1228,581,193,592,823,863,799,816,371,1273,583,1241,871,1262,777,878,847,712,205,1249,1261,1152,368,1276,66,1223,1248,331,63,834,869,839,536,866,845,1272,1254,1256,757,1210,584
1120,1313,687,800,997,445,965,1320,1041,1046,1328,982,258,425,406,261,380,1003,125,430,509,152,1172,1134,459,518,1018,720,1195,385,1293,1327,616,145,17,449,904,1300,403,900,975,100,1005,691,142,29,976,613,134,136,1348
337,445,385,258,1292,613,616,142,977,976,125,1300,996,973,997,518,1293,968,1046,143,425,617,9,417,628,261,1202,406,1324,1026,117,463,688,982,403,270,509,1005,315,447,1311,28,394,32,1313,380,442,1018,141,440,149
183,425,440,422,1202,405,411,1052,274,406,617,985,25,93,729,655,982,590,470,351,616,700,400,706,1067,378,1007,20,463,991,701,657,455,448,984,464,438,383,472,1340,679,1047,977,430,143,1287,703,34,649,687,41
1244,28,385,700,17,397,77,258,445,459,426,125,965,252,387,687,138,616,442,1202,1004,1026,454,1322,350,997,449,1324,93,30,684,430,20,1041,693,977,149,982,1061,37,613,1327,538,220,266,32,691,140,709,1204,996
221,1052,445,25,919,687,350,385,261,1327,142,258,140,430,1324,700,406,35,613,1061,442,616,20,28,459,32,973,1041,965,703,977,1004,1313,1286,779,0,252,1202,125,447,387,1322,1320,427,975,1292,1049,254,411,509,1018
1230,445,1204,973,442,687,1161,614,142,1019,518,976,258,1293,617,613,1027,397,261,1327,532,688,447,117,1026,1292,385,390,616,380,417,387,1174,250,399,394,393,1041,35,87,1310,1321,636,138,350,253,438,800,1029,20,700
1164,1292,1050,1316,973,1293,1344,108,1083,380,117,37,585,406,556,1128,1122,143,488,617,256,783,141,509,319,1029,1308,1239,320,1139,1300,471,1249,1129,427,400,1194,828,91,435,1291,39,433,1138,1345,228,771,94,628,1190,1068
434,1204,22,479,258,419,141,1025,1312,1008,23,1327,780,265,668,653,1161,1182,1110,20,380,551,1119,264,508,1062,329,148,117,562,509,740,1169,156,222,926,433,121,960,891,416,824,116,890,303,204,1280,892,1188,273,746
1212,389,1310,996,1049,394,403,666,274,143,687,590,968,616,417,507,509,532,276,390,447,387,412,1286,544,261,468,24,1293,378,419,99,429,152,1322,464,994,381,395,393,1287,415,147,973,976,987,1091,1168,383,516,997
591,1247,862,1228,670,1249,60,1246,878,582,1271,87,845,803,823,319,861,576,320,1177,1354,494,201,852,583,856,864,57,834,1245,66,1263,328,205,604,1222,67,1232,637,1154,1223,780,238,562,522,1143,764,329,1366,858,854
355,859,329,214,823,596,846,863,598,777,795,871,583,866,570,1141,592,733,834,60,194,879,1270,827,854,757,586,930,1262,847,312,1200,575,522,584,332,761,966,787,853,317,603,754,581,878,1238,780,551,524,482,1022
1136,590,268,1048,141,784,445,1202,700,1176,701,684,405,538,560,1018,35,274,260,703,438,258,294,38,568,167,1067,378,36,1195,509,225,533,469,1003,1295,468,1022,287,620,599,1113,28,1321,139,422,1061,77,406,403,1052
945,1175,774,662,1205,125,987,706,561,1287,141,1095,1344,693,1000,1321,272,998,800,704,127,1177,276,549,1063,140,1263,641,219,716,146,426,582,1258,775,585,136,278,487,148,459,1296,30,452,1371,308,1351,655,1134,570,454
650,50,1270,1238,70,823,482,1093,839,65,609,1051,14,871,491,806,312,1120,790,795,624,122,1261,596,766,1056,1171,66,522,60,862,63,307,827,103,211,595,870,854,594,1346,292,497,338,1053,551,1239,849,107,887,479
1264,230,54,201,860,584,1272,1155,1371,755,858,842,366,877,1262,1255,119,875,619,1177,335,627,536,211,205,676,1330,853,168,805,420,571,862,927,874,948,1288,1082,869,74,878,1266,197,557,1022,487,371,375,789,1254,287
868,426,1321,1018,1327,982,1049,252,140,996,687,447,387,445,1070,1313,136,412,28,149,17,141,918,985,1300,406,385,1052,425,400,688,459,470,1089,973,440,1328,260,270,403,691,1026,616,1041,0,449,152,463,1005,1204,93
799,140,445,1042,459,167,23,287,1334,1136,119,117,336,422,350,716,1026,896,1040,1072,17,262,1301,477,127,1159,768,1167,28,256,245,1063,397,282,93,1195,526,664,1092,474,977,160,241,327,786,1175,1132,614,357,1052,212
416,1175,1099,1105,274,142,267,724,667,864,268,984,1113,145,729,749,1047,683,703,1058,136,649,1067,310,245,200,655,712,1132,533,662,464,617,146,784,281,168,507,349,423,1090,1022,568,270,294,826,916,689,459,1211,1286
1191,571,1208,332,304,61,1239,823,862,1131,760,842,741,1167,1247,908,891,1238,1127,790,818,853,887,854,68,536,524,214,586,1269,910,168,1153,319,1223,912,923,302,817,1360,864,95,1143,870,1058,1236,869,609,233,328,1246
643,75,332,606,1187,179,867,834,869,827,1277,375,70,587,665,591,1141,861,839,1255,854,178,1261,215,575,341,1150,305,1152,339,306,819,820,811,847,523,872,1181,844,930,1110,328,853,1131,288,1275,1232,823,1278,761,59
784,60,853,862,319,582,841,835,1022,852,1187,856,581,105,775,858,1262,1219,854,1228,986,1247,1248,631,864,317,553,329,233,1246,964,198,375,1271,524,305,544,836,1242,609,863,1236,784,866,325,570,592,1208,783,205,827
372,406,385,1204,1293,445,381,425,613,1026,1327,518,616,454,509,93,30,409,417,1292,0,9,28,1161,996,24,261,350,449,32,442,614,973,977,1041,258,1052,666,463,1300,145,447,1318,1320,984,141,138,20,412,252,965
245,429,389,614,440,138,687,433,118,996,590,472,706,667,532,703,1342,649,270,1089,491,1204,516,951,624,393,447,518,140,403,405,438,725,132,1292,91,805,99,636,1027,544,41,1017,390,679,975,918,416,531,4,752
230,448,919,653,470,266,447,700,522,1083,17,951,405,784,766,807,271,455,1171,1320,643,117,1201,732,1003,1063,1195,126,440,1004,421,1031,142,680,480,26,124,400,430,1332,1050,46,1287,1296,614,1074,378,1321,657,965,1048
1258,406,1321,1313,394,412,1041,397,982,1185,425,1049,385,465,532,380,315,261,616,687,388,976,145,900,387,1042,507,16,1036,399,1311,613,509,447,720,28,994,1175,518,1327,463,1310,1070,516,445,459,1300,253,977,1045,533
1124,464,1327,463,720,1003,394,1195,689,145,655,1340,717,533,99,1052,28,1335,703,468,100,136,701,1342,1295,1090,1076,1171,166,267,1328,400,742,616,921,470,276,992,31,1089,1222,447,1230,472,489,706,469,1168,1075,766,1092
205,617,445,687,1204,403,518,270,701,143,1173,463,1311,438,448,675,425,435,1314,387,261,409,378,800,276,982,691,1045,984,680,973,1321,506,968,99,380,399,9,1293,1139,1023,814,35,28,684,274,468,985,977,472,1327
796,225,837,717,173,220,707,406,1042,765,261,1154,499,51,1049,1353,997,1218,1152,616,831,191,253,1117,1224,182,963,763,1077,568,1245,561,795,1070,1098,273,229,838,277,1141,1333,1079,27,1018,1127,947,932,222,1160,149,285
323,425,409,146,616,378,645,442,394,141,364,910,557,87,10,700,77,509,281,219,1059,628,411,445,270,268,1221,130,1052,252,447,426,999,704,1038,1292,1197,92,381,165,613,93,800,432,28,435,898,430,459,448,276
618,862,1208,864,1247,1270,854,62,1248,1146,1236,863,205,846,595,1256,575,741,853,581,847,210,966,816,214,801,875,1241,1228,834,1141,1056,869,324,196,193,845,866,841,1223,860,871,329,861,1058,802,591,799,1273,870,819
1100,1026,965,720,975,394,124,660,243,725,1204,1316,653,397,234,997,445,1032,270,35,1045,518,381,1029,460,981,30,1322,37,439,429,1162,2,17,265,399,506,425,994,20,700,1019,403,1061,1132,434,87,1044,673,126,386
50,703,1202,406,445,464,700,0,687,350,1139,613,1292,691,617,532,260,975,440,1316,28,403,411,378,383,641,1041,426,447,271,1295,1324,138,429,514,315,1018,973,1050,38,159,463,701,427,509,1007,815,409,1286,544,1067
505,1153,47,795,491,705,465,287,439,435,221,714,597,233,441,282,810,302,524,828,498,590,260,381,43,1115,1128,176,611,1238,570,1177,596,829,275,480,1268,826,724,1226,1077,61,1344,784,141,475,1152,716,1131,1291,170
285,425,687,385,445,1019,142,1052,397,518,613,0,406,1293,24,440,1202,614,532,412,706,996,1026,34,9,616,17,514,985,509,380,138,1295,679,1292,1311,982,628,381,968,1321,261,35,140,617,447,32,1327,239,1029,1174
1205,360,53,115,900,1203,1253,546,217,695,1216,735,904,1283,548,759,1339,833,1375,1284,1282,1224,185,895,707,1356,731,537,881,894,123,501,1250,182,640,1040,1257,893,1301,932,902,627,1178,959,222,961,1078,114,344,1280,333
398,261,729,768,662,391,1092,557,617,389,464,687,700,425,24,1292,725,1114,141,41,751,167,611,666,1105,1204,1314,1139,1067,1324,829,438,25,1342,1136,1195,469,613,675,93,982,1340,655,28,518,973,616,704,750,1312,1316
257,258,687,447,425,385,406,977,1322,973,1327,1046,449,1052,380,616,424,613,30,24,976,518,1041,996,442,1026,1292,140,982,1321,1310,1324,968,465,614,509,134,253,409,350,93,463,394,145,141,649,32,34,261,9,28
147,445,387,28,687,1041,138,977,406,430,258,532,35,17,800,1202,1322,1026,616,385,720,1003,613,16,442,397,617,417,703,459,380,628,93,394,412,261,996,454,350,997,1286,509,1019,424,108,1324,142,24,136,463,141
253,274,704,389,507,1328,729,463,464,1023,429,276,245,991,557,391,510,476,453,532,1287,749,1295,1168,655,146,1202,38,1000,703,1060,971,1342,158,469,689,1315,470,152,294,518,996,1082,1312,164,390,287,58,118,327,1008
766,60,551,741,504,1213,312,775,1219,498,842,819,596,437,1238,1131,197,871,1152,1277,585,63,493,133,715,522,583,864,524,1141,922,930,345,214,923,1270,852,66,554,1245,392,1205,1266,529,661,1146,806,226,777,58,321
417,465,233,1341,1304,248,974,561,553,704,87,419,317,825,1153,1048,769,1140,421,742,281,491,810,230,543,1129,1083,366,1345,1134,1312,1296,266,824,675,817,648,916,714,172,196,1014,791,329,429,151,1287,871,617,650,1082
294,241,140,315,495,1351,655,32,687,700,1048,1026,220,1062,106,395,90,919,17,1029,1320,124,1103,358,87,139,1070,36,258,30,974,408,396,263,119,1314,1201,807,454,1041,1224,348,1045,1202,53,458,470,1042,455,622,1338
1101,447,687,1026,1204,141,977,616,425,1320,700,1327,976,24,996,590,261,140,426,1041,315,17,613,649,1029,119,28,628,1046,1295,395,138,1063,35,32,800,234,385,440,982,973,412,532,1161,387,30,380,0,143,1322,1318
182,445,28,1204,518,616,1046,1052,1327,385,397,406,613,447,617,1293,1324,270,1027,514,684,9,449,509,1322,24,32,442,378,117,691,1023,138,1202,701,982,252,443,973,142,430,417,628,1041,784,1005,426,448,261,93,1029
615,823,862,1246,780,522,67,585,60,553,875,861,1259,325,835,1248,329,1222,104,504,570,871,1223,1371,1228,816,854,845,1270,320,842,1238,175,494,791,210,824,1236,867,603,66,864,202,1179,565,689,1245,846,1258,852,70
292,425,780,779,133,1312,149,1172,166,469,920,1286,148,795,1340,706,1200,391,910,538,775,732,923,766,825,1059,110,274,4,966,1248,535,921,219,460,411,561,908,136,252,1097,817,159,164,100,778,197,296,662,1296,862
318,425,514,315,1043,704,459,470,480,252,445,655,140,159,17,1314,706,815,667,87,687,1095,35,447,405,703,138,491,616,30,438,1041,465,146,533,705,440,268,532,1071,430,1094,270,725,1105,448,1026,381,263,91,427
424,425,401,558,412,431,732,470,653,433,416,455,717,411,511,700,1099,327,331,15,116,444,1063,1271,614,524,1342,506,1332,361,17,429,1259,438,615,985,118,1007,1102,9,651,1103,440,916,1300,487,1144,453,1031,422,41
439,211,867,104,823,1265,853,861,862,609,197,1248,304,66,857,214,872,650,1093,581,1372,757,325,522,1238,65,69,849,559,329,604,482,846,930,871,777,1259,854,70,529,357,803,324,596,1223,847,950,295,375,320,859
231,1041,1342,445,274,464,261,1092,425,1050,141,1324,628,43,143,28,447,1061,703,25,1091,973,1293,779,142,616,655,26,241,270,468,1046,1322,1101,919,1023,1340,729,268,385,1076,1204,100,258,164,463,896,700,1314,397,1286
729,734,1200,1245,1157,1114,828,741,69,494,244,549,475,689,737,773,50,526,1076,157,1135,61,736,213,757,864,744,137,1171,571,1348,1190,816,1260,165,541,771,400,1102,312,154,1086,1335,1158,1075,672,795,698,1353,845,1058
141,315,1287,437,532,617,980,613,108,390,425,378,403,447,411,558,219,87,1292,1318,389,984,973,364,410,137,968,476,977,487,1014,448,126,259,815,557,251,393,440,662,1293,805,110,1289,1173,1204,510,535,757,4,584
639,233,887,571,581,582,825,836,1236,823,577,827,1246,1217,1258,966,562,1366,316,583,1180,835,1259,319,553,57,525,986,869,205,826,236,1228,592,842,1249,575,778,524,201,715,844,871,595,522,1371,71,852,1239,1177,854
1092,243,1173,557,329,1312,477,1162,245,1332,289,129,1037,451,720,136,518,1107,1294,1008,965,341,24,268,1286,415,1057,509,39,1316,661,379,385,457,655,152,1306,1177,1063,158,266,1175,9,276,1003,403,398,400,1197,327,251
428,18,1022,167,703,1127,438,464,732,750,662,491,319,274,1292,544,391,824,268,197,1099,1000,854,35,415,1319,1092,423,511,510,1259,1316,1175,1342,469,729,439,973,411,357,966,159,1056,669,524,993,666,98,1129,671,1107
1158,951,1153,824,689,1222,268,1341,1154,590,825,818,1187,1113,749,715,391,585,325,319,302,60,304,99,234,1248,795,1219,296,1340,1213,1149,35,826,682,1067,506,469,1056,535,472,1228,750,81,511,1143,491,100,971,353,571
622,816,1271,1246,1236,581,1209,243,863,1208,325,12,1263,1266,67,337,1179,289,875,61,233,1055,66,1113,95,1177,799,877,574,802,202,1259,583,1275,992,206,871,1265,310,565,57,835,1102,862,1269,1228,876,1141,592,1235,1241
588,871,67,61,236,1236,1039,576,1241,287,530,863,1235,966,582,583,826,799,1266,1209,862,825,314,1147,1022,289,1008,423,45,1242,1247,577,295,66,570,71,633,233,841,1177,524,1207,174,819,331,1110,803,551,592,828,591
1207,1177,58,817,1312,650,581,862,1140,863,585,741,469,775,583,12,1208,1022,329,61,1116,685,824,65,823,1238,1270,871,1277,194,603,971,1200,618,586,584,269,795,923,846,598,233,391,92,119,324,366,878,954,211,1136
500,320,795,583,319,470,201,491,617,292,503,708,1312,233,440,648,854,175,564,1172,1225,400,1171,987,1236,861,425,669,176,1239,1238,1152,480,402,1140,1191,463,365,427,1025,1153,558,296,841,984,437,863,1099,785,1259,954
102,616,1321,430,406,965,253,720,252,425,445,16,1327,397,700,1322,394,687,77,398,779,249,684,1049,1005,509,1018,703,447,688,1041,468,1059,93,31,1061,1204,514,378,997,1324,141,142,0,35,693,260,17,315,395,270
21,24,518,968,445,143,447,380,261,532,613,378,425,412,1046,472,417,149,463,1324,509,25,996,965,315,666,1019,1300,116,35,255,1005,403,141,385,28,1318,975,1295,145,409,1342,464,406,507,649,1018,976,34,1292,815
1298,854,698,1303,644,756,535,1330,671,353,440,1310,1359,748,1030,1101,960,421,1289,569,1129,389,1242,329,1093,676,57,871,973,1060,105,992,757,416,20,1342,1169,986,861,1187,646,1112,248,1306,401,551,32,1296,559,780,4
179,1204,34,791,389,507,1310,239,1063,116,968,1000,691,611,1008,225,108,256,1214,614,9,509,516,540,416,824,1194,438,18,412,36,99,12,1259,118,865,260,429,970,1076,585,1354,680,117,1319,996,1349,982,227,1107,890
137,687,9,634,24,1310,141,445,380,417,1292,1049,614,1204,463,0,649,409,16,389,1052,454,1139,510,406,996,1029,403,20,965,613,472,261,1046,968,982,800,977,518,449,1050,32,509,116,680,805,438,567,258,429,768
979,445,1092,1041,17,1321,261,1023,687,93,172,473,729,509,1049,1175,41,1314,1099,918,1057,447,784,1292,1322,1293,252,465,1042,675,984,29,475,32,1139,901,281,260,35,322,1194,611,896,1311,496,253,282,50,345,717,259
948,997,425,687,390,261,720,28,1049,1202,385,1313,445,11,1018,982,388,394,1287,430,617,1327,125,1321,590,24,1052,1029,459,397,383,387,424,442,1293,32,1085,31,38,93,1168,1070,965,20,463,1139,634,35,152,380,255
718,1173,433,389,435,1168,391,398,405,1161,1336,409,1316,460,390,411,524,661,327,364,805,804,714,268,166,1341,349,1162,453,1315,544,971,233,276,465,672,21,1050,1176,790,176,392,272,531,118,87,383,1351,273,479,103
450,684,167,1271,1342,99,41,139,1204,1127,1063,1287,463,985,752,400,1107,724,641,984,403,464,1175,701,576,757,551,270,257,543,977,616,611,1101,244,447,617,353,1202,706,387,230,271,1034,91,742,243,315,437,319,1312
425,852,1211,864,433,1173,4,87,1162,226,551,460,1316,572,675,972,522,14,383,145,391,1238,557,577,9,1190,646,319,769,823,523,1290,1297,1114,631,292,915,749,304,1242,694,1304,923,1119,400,604,558,534,536,121,584
227,616,1327,687,613,93,445,1052,406,28,387,1292,977,253,258,1046,125,628,142,447,149,16,412,261,385,9,425,463,996,143,30,380,1322,1286,378,417,430,684,426,440,397,982,614,255,1018,459,0,984,145,449,655
459,585,569,823,571,148,879,1243,201,862,867,60,1240,854,522,775,1228,494,1238,1058,845,861,1056,320,214,1143,70,151,592,324,835,570,1247,1271,203,581,376,1259,1223,606,504,1260,818,864,175,536,785,1239,551,489,559
739,826,310,583,790,694,1256,1247,524,1068,1191,1263,863,329,750,777,335,61,328,1213,1262,1269,1239,70,279,835,866,774,834,1241,66,862,1236,853,816,661,1120,1211,332,825,823,842,337,554,972,60,287,871,837,569,1259
562,592,60,862,583,1238,609,570,853,823,1056,1259,1022,491,854,1223,871,1217,780,1248,829,840,705,202,503,67,776,860,292,502,295,66,1187,1141,1236,279,576,524,790,964,194,197,1180,420,785,551,841,1219,816,1239,328
623,603,214,104,534,846,803,927,308,870,326,911,818,551,1337,1297,939,392,562,592,1068,420,522,967,72,600,486,304,878,857,859,549,998,619,111,633,61,593,950,70,1246,793,568,826,589,823,295,863,1210,702,1
328,425,977,406,459,17,984,1321,1041,445,436,394,16,691,142,1311,1052,985,1018,35,1202,687,613,700,260,77,981,30,157,697,254,686,496,93,703,426,1095,1293,438,1326,25,973,628,617,252,514,449,706,684,1019,36
702,225,977,970,654,707,1017,226,232,1201,760,900,1002,445,42,1279,788,706,944,1013,93,78,943,914,896,286,625,76,339,727,955,220,901,1293,1204,34,406,143,1281,508,613,1325,474,379,1305,546,1027,518,610,449,359
651,570,890,329,202,846,194,870,862,823,523,584,853,319,592,1262,1246,887,1270,966,214,847,205,575,593,529,1266,827,869,197,317,816,572,855,104,583,275,803,861,839,867,70,211,780,215,1241,71,201,864,863,66
772,472,968,445,425,447,532,703,427,965,1052,403,1293,675,617,274,1321,261,350,271,389,0,1204,387,616,1019,708,1174,980,412,380,118,666,590,409,1014,430,1316,442,383,687,381,35,996,24,984,250,438,143,464,805
156,1019,276,1204,518,1014,315,614,134,419,1289,1025,1063,649,636,482,1197,1161,559,250,410,15,558,417,1168,1314,743,704,110,973,510,1032,91,982,980,706,447,143,148,468,463,1310,968,684,34,348,437,1316,349,453,507
206,445,616,1292,425,509,258,1204,1327,417,613,442,977,1321,968,518,16,141,1046,385,1293,688,1027,143,9,142,700,1026,409,28,149,403,975,617,459,628,973,1328,675,1139,119,1052,25,390,1049,412,1324,1019,447,1300,976
433,469,550,611,1022,1372,1058,1171,853,167,543,1248,170,1141,891,482,211,824,438,305,50,274,1056,1342,491,268,329,279,1277,1075,671,325,181,810,341,639,85,1341,829,993,524,992,1127,795,1025,1360,1335,473,214,791,823
1105,994,720,1292,387,28,225,1062,712,980,91,409,252,51,177,997,31,1173,406,516,1049,116,965,533,1000,424,687,695,1313,1026,0,98,768,1319,141,667,613,385,1161,380,996,1008,261,1147,30,1021,439,11,17,700,430
366,445,1351,516,32,234,175,981,1311,261,965,1173,20,1017,406,24,999,1344,1304,390,219,251,918,922,315,687,468,447,90,968,364,110,12,141,1018,1038,977,23,432,1044,1212,552,771,774,1321,497,348,585,442,127,146
94,91,411,666,383,687,381,518,1316,1204,1318,364,34,435,514,968,28,390,0,429,510,454,403,447,472,468,389,341,996,815,1315,636,416,15,1161,1341,410,20,437,1012,400,524,1050,980,116,87,32,1287,992,425,395
1070,819,238,1211,583,310,1258,1206,1231,734,1152,1222,1132,920,741,287,859,1236,1210,1130,281,834,887,715,1047,1104,206,842,948,570,1221,1035,970,586,1144,619,1331,777,1141,1254,765,1125,878,1191,595,840,1159,169,1150,493,795
959,445,425,687,784,385,688,1042,1052,141,984,397,768,965,1046,381,261,270,1026,93,800,403,138,438,143,649,9,1018,273,616,422,142,454,991,977,1321,136,159,409,30,613,125,1204,636,700,145,701,684,1029,614,896
697,592,1056,1211,67,875,585,583,1270,329,473,1271,1238,57,551,287,1241,1247,1058,871,1262,565,780,862,1102,845,63,1113,66,854,611,582,852,864,320,211,335,1266,325,210,841,1022,1217,302,823,1048,1205,1265,304,504,571
1314,149,447,1328,143,387,1292,253,1124,628,459,1076,1204,32,141,380,675,1287,973,468,142,1175,261,385,454,703,1041,241,153,976,1322,720,680,28,687,1046,430,1038,1004,542,509,1345,99,117,1018,463,779,996,252,1314,125
709,320,674,1327,1210,659,1103,422,818,1025,1023,651,712,263,984,1269,730,850,444,965,499,1139,1077,926,145,516,822,612,199,807,1312,125,966,249,835,1004,358,569,153,1111,886,640,1050,1029,1059,732,1057,455,1046,1160,501
1246,425,266,714,509,965,33,390,219,641,95,108,687,83,392,507,447,1018,126,315,437,1312,916,273,448,1187,1300,383,1020,399,488,476,130,975,203,973,715,250,1005,637,568,259,52,1143,929,506,1318,971,649,398,453
976,1248,1067,1130,714,694,750,248,1239,423,233,1259,274,66,819,1318,663,482,1223,865,238,1108,583,1022,761,646,650,771,58,438,621,67,648,1242,1260,749,95,1210,823,1095,392,671,862,331,325,738,1032,812,988,226,741
1249,669,620,1014,1056,860,469,803,795,411,1022,1318,522,514,992,852,592,585,1025,553,570,1332,133,1312,524,988,785,986,87,328,429,818,624,381,989,400,861,415,806,705,583,738,66,357,829,194,1131,1050,233,991,242
788,976,1175,145,233,768,274,268,167,139,1049,784,1005,417,253,616,143,438,463,141,742,234,506,1293,700,1102,412,1124,416,429,751,518,805,142,720,973,425,276,279,24,1287,1194,1292,997,996,126,266,1129,613,447,1295
297,463,260,729,153,464,244,100,1337,125,1175,1063,1099,1092,1076,274,526,965,466,387,268,1004,99,426,136,1107,656,142,1007,708,400,352,1086,732,1200,1067,667,1102,710,1070,719,158,277,1124,800,1011,77,271,613,139,1113
501,463,1321,125,146,1041,414,99,274,766,419,1335,43,1322,1049,296,543,427,465,896,701,1118,720,271,742,824,391,771,507,655,1328,535,498,100,1202,138,1195,406,1287,252,693,918,1109,1296,1066,260,1292,17,31,1352,388
934,585,507,148,149,528,1019,378,1296,1068,784,448,25,411,250,1191,1007,975,703,1204,669,1324,1022,1174,568,399,87,158,824,655,419,1091,1067,657,108,985,239,415,1176,30,335,1118,1304,533,464,426,268,653,973,166,315
